# WaveFront *.obj file (generated by Autodesk ATF)

mtllib P1.mtl

g Body1

v -3.644889 5.271823 -1.450000
v -3.644889 5.271823 -1.225000
v -3.650000 5.233000 -1.450000
v -3.650000 5.233000 -1.225000
v -3.644889 5.194177 -1.450000
v -3.644889 5.194177 -1.225000
v -3.629904 5.158000 -1.450000
v -3.629904 5.158000 -1.225000
v -3.606066 5.126934 -1.450000
v -3.606066 5.126934 -1.225000
v -3.575000 5.103096 -1.450000
v -3.575000 5.103096 -1.225000
v -3.538823 5.088111 -1.450000
v -3.538823 5.088111 -1.225000
v -3.500000 5.083000 -1.450000
v -3.500000 5.083000 -1.225000
v -3.461177 5.088111 -1.450000
v -3.461177 5.088111 -1.225000
v -3.425000 5.103096 -1.450000
v -3.425000 5.103096 -1.225000
v -3.393934 5.126934 -1.450000
v -3.393934 5.126934 -1.225000
v -3.370096 5.158000 -1.450000
v -3.370096 5.158000 -1.225000
v -3.355111 5.194177 -1.450000
v -3.355111 5.194177 -1.225000
v -3.350000 5.233000 -1.450000
v -3.350000 5.233000 -1.225000
v -3.355111 5.271823 -1.450000
v -3.355111 5.271823 -1.225000
v -3.370096 5.308000 -1.450000
v -3.370096 5.308000 -1.225000
v -3.393934 5.339066 -1.450000
v -3.393934 5.339066 -1.225000
v -3.425000 5.362904 -1.450000
v -3.425000 5.362904 -1.225000
v -3.461177 5.377889 -1.450000
v -3.461177 5.377889 -1.225000
v -3.500000 5.383000 -1.450000
v -3.500000 5.383000 -1.225000
v -3.538823 5.377889 -1.450000
v -3.538823 5.377889 -1.225000
v -3.575000 5.362904 -1.450000
v -3.575000 5.362904 -1.225000
v -3.606066 5.339066 -1.450000
v -3.606066 5.339066 -1.225000
v -3.629904 5.308000 -1.450000
v -3.629904 5.308000 -1.225000
v -3.644889 5.194177 1.450000
v -3.644889 5.194177 1.225000
v -3.650000 5.233000 1.450000
v -3.650000 5.233000 1.225000
v -3.644889 5.271823 1.450000
v -3.644889 5.271823 1.225000
v -3.629904 5.308000 1.450000
v -3.629904 5.308000 1.225000
v -3.606066 5.339066 1.450000
v -3.606066 5.339066 1.225000
v -3.575000 5.362904 1.450000
v -3.575000 5.362904 1.225000
v -3.538823 5.377889 1.450000
v -3.538823 5.377889 1.225000
v -3.500000 5.383000 1.450000
v -3.500000 5.383000 1.225000
v -3.461177 5.377889 1.450000
v -3.461177 5.377889 1.225000
v -3.425000 5.362904 1.450000
v -3.425000 5.362904 1.225000
v -3.393934 5.339066 1.450000
v -3.393934 5.339066 1.225000
v -3.370096 5.308000 1.450000
v -3.370096 5.308000 1.225000
v -3.355111 5.271823 1.450000
v -3.355111 5.271823 1.225000
v -3.350000 5.233000 1.450000
v -3.350000 5.233000 1.225000
v -3.355111 5.194177 1.450000
v -3.355111 5.194177 1.225000
v -3.370096 5.158000 1.450000
v -3.370096 5.158000 1.225000
v -3.393934 5.126934 1.450000
v -3.393934 5.126934 1.225000
v -3.425000 5.103096 1.450000
v -3.425000 5.103096 1.225000
v -3.461177 5.088111 1.450000
v -3.461177 5.088111 1.225000
v -3.500000 5.083000 1.450000
v -3.500000 5.083000 1.225000
v -3.538823 5.088111 1.450000
v -3.538823 5.088111 1.225000
v -3.575000 5.103096 1.450000
v -3.575000 5.103096 1.225000
v -3.606066 5.126934 1.450000
v -3.606066 5.126934 1.225000
v -3.629904 5.158000 1.450000
v -3.629904 5.158000 1.225000
v -0.386370 4.626528 -1.450000
v -0.386370 4.626528 -1.225000
v -0.400000 4.523000 -1.450000
v -0.400000 4.523000 -1.225000
v -0.386370 4.419472 -1.450000
v -0.386370 4.419472 -1.225000
v -0.346410 4.323000 -1.450000
v -0.346410 4.323000 -1.225000
v -0.282843 4.240157 -1.450000
v -0.282843 4.240157 -1.225000
v -0.200000 4.176590 -1.450000
v -0.200000 4.176590 -1.225000
v -0.103528 4.136630 -1.450000
v -0.103528 4.136630 -1.225000
v 0.000000 4.123000 -1.450000
v 0.000000 4.123000 -1.225000
v 0.103528 4.136630 -1.450000
v 0.103528 4.136630 -1.225000
v 0.200000 4.176590 -1.450000
v 0.200000 4.176590 -1.225000
v 0.282843 4.240157 -1.450000
v 0.282843 4.240157 -1.225000
v 0.346410 4.323000 -1.450000
v 0.346410 4.323000 -1.225000
v 0.386370 4.419472 -1.450000
v 0.386370 4.419472 -1.225000
v 0.400000 4.523000 -1.450000
v 0.400000 4.523000 -1.225000
v 0.386370 4.626528 -1.450000
v 0.386370 4.626528 -1.225000
v 0.346410 4.723000 -1.450000
v 0.346410 4.723000 -1.225000
v 0.282843 4.805843 -1.450000
v 0.282843 4.805843 -1.225000
v 0.200000 4.869410 -1.450000
v 0.200000 4.869410 -1.225000
v 0.103528 4.909370 -1.450000
v 0.103528 4.909370 -1.225000
v 0.000000 4.923000 -1.450000
v 0.000000 4.923000 -1.225000
v -0.103528 4.909370 -1.450000
v -0.103528 4.909370 -1.225000
v -0.200000 4.869410 -1.450000
v -0.200000 4.869410 -1.225000
v -0.282843 4.805843 -1.450000
v -0.282843 4.805843 -1.225000
v -0.346410 4.723000 -1.450000
v -0.346410 4.723000 -1.225000
v -0.386370 4.419472 1.450000
v -0.386370 4.419472 1.225000
v -0.400000 4.523000 1.450000
v -0.400000 4.523000 1.225000
v -0.386370 4.626528 1.450000
v -0.386370 4.626528 1.225000
v -0.346410 4.723000 1.450000
v -0.346410 4.723000 1.225000
v -0.282843 4.805843 1.450000
v -0.282843 4.805843 1.225000
v -0.200000 4.869410 1.450000
v -0.200000 4.869410 1.225000
v -0.103528 4.909370 1.450000
v -0.103528 4.909370 1.225000
v 0.000000 4.923000 1.450000
v 0.000000 4.923000 1.225000
v 0.103528 4.909370 1.450000
v 0.103528 4.909370 1.225000
v 0.200000 4.869410 1.450000
v 0.200000 4.869410 1.225000
v 0.282843 4.805843 1.450000
v 0.282843 4.805843 1.225000
v 0.346410 4.723000 1.450000
v 0.346410 4.723000 1.225000
v 0.386370 4.626528 1.450000
v 0.386370 4.626528 1.225000
v 0.400000 4.523000 1.450000
v 0.400000 4.523000 1.225000
v 0.386370 4.419472 1.450000
v 0.386370 4.419472 1.225000
v 0.346410 4.323000 1.450000
v 0.346410 4.323000 1.225000
v 0.282843 4.240157 1.450000
v 0.282843 4.240157 1.225000
v 0.200000 4.176590 1.450000
v 0.200000 4.176590 1.225000
v 0.103528 4.136630 1.450000
v 0.103528 4.136630 1.225000
v 0.000000 4.123000 1.450000
v 0.000000 4.123000 1.225000
v -0.103528 4.136630 1.450000
v -0.103528 4.136630 1.225000
v -0.200000 4.176590 1.450000
v -0.200000 4.176590 1.225000
v -0.282843 4.240157 1.450000
v -0.282843 4.240157 1.225000
v -0.346410 4.323000 1.450000
v -0.346410 4.323000 1.225000
v 3.355111 3.851823 -1.450000
v 3.355111 3.851823 -1.225000
v 3.350000 3.813000 -1.450000
v 3.350000 3.813000 -1.225000
v 3.355111 3.774177 -1.450000
v 3.355111 3.774177 -1.225000
v 3.370096 3.738000 -1.450000
v 3.370096 3.738000 -1.225000
v 3.393934 3.706934 -1.450000
v 3.393934 3.706934 -1.225000
v 3.425000 3.683096 -1.450000
v 3.425000 3.683096 -1.225000
v 3.461177 3.668111 -1.450000
v 3.461177 3.668111 -1.225000
v 3.500000 3.663000 -1.450000
v 3.500000 3.663000 -1.225000
v 3.538823 3.668111 -1.450000
v 3.538823 3.668111 -1.225000
v 3.575000 3.683096 -1.450000
v 3.575000 3.683096 -1.225000
v 3.606066 3.706934 -1.450000
v 3.606066 3.706934 -1.225000
v 3.629904 3.738000 -1.450000
v 3.629904 3.738000 -1.225000
v 3.644889 3.774177 -1.450000
v 3.644889 3.774177 -1.225000
v 3.650000 3.813000 -1.450000
v 3.650000 3.813000 -1.225000
v 3.644889 3.851823 -1.450000
v 3.644889 3.851823 -1.225000
v 3.629904 3.888000 -1.450000
v 3.629904 3.888000 -1.225000
v 3.606066 3.919066 -1.450000
v 3.606066 3.919066 -1.225000
v 3.575000 3.942904 -1.450000
v 3.575000 3.942904 -1.225000
v 3.538823 3.957889 -1.450000
v 3.538823 3.957889 -1.225000
v 3.500000 3.963000 -1.450000
v 3.500000 3.963000 -1.225000
v 3.461177 3.957889 -1.450000
v 3.461177 3.957889 -1.225000
v 3.425000 3.942904 -1.450000
v 3.425000 3.942904 -1.225000
v 3.393934 3.919066 -1.450000
v 3.393934 3.919066 -1.225000
v 3.370096 3.888000 -1.450000
v 3.370096 3.888000 -1.225000
v 3.355111 3.774177 1.450000
v 3.355111 3.774177 1.225000
v 3.350000 3.813000 1.450000
v 3.350000 3.813000 1.225000
v 3.355111 3.851823 1.450000
v 3.355111 3.851823 1.225000
v 3.370096 3.888000 1.450000
v 3.370096 3.888000 1.225000
v 3.393934 3.919066 1.450000
v 3.393934 3.919066 1.225000
v 3.425000 3.942904 1.450000
v 3.425000 3.942904 1.225000
v 3.461177 3.957889 1.450000
v 3.461177 3.957889 1.225000
v 3.500000 3.963000 1.450000
v 3.500000 3.963000 1.225000
v 3.538823 3.957889 1.450000
v 3.538823 3.957889 1.225000
v 3.575000 3.942904 1.450000
v 3.575000 3.942904 1.225000
v 3.606066 3.919066 1.450000
v 3.606066 3.919066 1.225000
v 3.629904 3.888000 1.450000
v 3.629904 3.888000 1.225000
v 3.644889 3.851823 1.450000
v 3.644889 3.851823 1.225000
v 3.650000 3.813000 1.450000
v 3.650000 3.813000 1.225000
v 3.644889 3.774177 1.450000
v 3.644889 3.774177 1.225000
v 3.629904 3.738000 1.450000
v 3.629904 3.738000 1.225000
v 3.606066 3.706934 1.450000
v 3.606066 3.706934 1.225000
v 3.575000 3.683096 1.450000
v 3.575000 3.683096 1.225000
v 3.538823 3.668111 1.450000
v 3.538823 3.668111 1.225000
v 3.500000 3.663000 1.450000
v 3.500000 3.663000 1.225000
v 3.461177 3.668111 1.450000
v 3.461177 3.668111 1.225000
v 3.425000 3.683096 1.450000
v 3.425000 3.683096 1.225000
v 3.393934 3.706934 1.450000
v 3.393934 3.706934 1.225000
v 3.370096 3.738000 1.450000
v 3.370096 3.738000 1.225000
v 3.355111 5.271823 -1.450000
v 3.355111 5.271823 -1.225000
v 3.350000 5.233000 -1.450000
v 3.350000 5.233000 -1.225000
v 3.355111 5.194177 -1.450000
v 3.355111 5.194177 -1.225000
v 3.370096 5.158000 -1.450000
v 3.370096 5.158000 -1.225000
v 3.393934 5.126934 -1.450000
v 3.393934 5.126934 -1.225000
v 3.425000 5.103096 -1.450000
v 3.425000 5.103096 -1.225000
v 3.461177 5.088111 -1.450000
v 3.461177 5.088111 -1.225000
v 3.500000 5.083000 -1.450000
v 3.500000 5.083000 -1.225000
v 3.538823 5.088111 -1.450000
v 3.538823 5.088111 -1.225000
v 3.575000 5.103096 -1.450000
v 3.575000 5.103096 -1.225000
v 3.606066 5.126934 -1.450000
v 3.606066 5.126934 -1.225000
v 3.629904 5.158000 -1.450000
v 3.629904 5.158000 -1.225000
v 3.644889 5.194177 -1.450000
v 3.644889 5.194177 -1.225000
v 3.650000 5.233000 -1.450000
v 3.650000 5.233000 -1.225000
v 3.644889 5.271823 -1.450000
v 3.644889 5.271823 -1.225000
v 3.629904 5.308000 -1.450000
v 3.629904 5.308000 -1.225000
v 3.606066 5.339066 -1.450000
v 3.606066 5.339066 -1.225000
v 3.575000 5.362904 -1.450000
v 3.575000 5.362904 -1.225000
v 3.538823 5.377889 -1.450000
v 3.538823 5.377889 -1.225000
v 3.500000 5.383000 -1.450000
v 3.500000 5.383000 -1.225000
v 3.461177 5.377889 -1.450000
v 3.461177 5.377889 -1.225000
v 3.425000 5.362904 -1.450000
v 3.425000 5.362904 -1.225000
v 3.393934 5.339066 -1.450000
v 3.393934 5.339066 -1.225000
v 3.370096 5.308000 -1.450000
v 3.370096 5.308000 -1.225000
v 3.355111 5.194177 1.450000
v 3.355111 5.194177 1.225000
v 3.350000 5.233000 1.450000
v 3.350000 5.233000 1.225000
v 3.355111 5.271823 1.450000
v 3.355111 5.271823 1.225000
v 3.370096 5.308000 1.450000
v 3.370096 5.308000 1.225000
v 3.393934 5.339066 1.450000
v 3.393934 5.339066 1.225000
v 3.425000 5.362904 1.450000
v 3.425000 5.362904 1.225000
v 3.461177 5.377889 1.450000
v 3.461177 5.377889 1.225000
v 3.500000 5.383000 1.450000
v 3.500000 5.383000 1.225000
v 3.538823 5.377889 1.450000
v 3.538823 5.377889 1.225000
v 3.575000 5.362904 1.450000
v 3.575000 5.362904 1.225000
v 3.606066 5.339066 1.450000
v 3.606066 5.339066 1.225000
v 3.629904 5.308000 1.450000
v 3.629904 5.308000 1.225000
v 3.644889 5.271823 1.450000
v 3.644889 5.271823 1.225000
v 3.650000 5.233000 1.450000
v 3.650000 5.233000 1.225000
v 3.644889 5.194177 1.450000
v 3.644889 5.194177 1.225000
v 3.629904 5.158000 1.450000
v 3.629904 5.158000 1.225000
v 3.606066 5.126934 1.450000
v 3.606066 5.126934 1.225000
v 3.575000 5.103096 1.450000
v 3.575000 5.103096 1.225000
v 3.538823 5.088111 1.450000
v 3.538823 5.088111 1.225000
v 3.500000 5.083000 1.450000
v 3.500000 5.083000 1.225000
v 3.461177 5.088111 1.450000
v 3.461177 5.088111 1.225000
v 3.425000 5.103096 1.450000
v 3.425000 5.103096 1.225000
v 3.393934 5.126934 1.450000
v 3.393934 5.126934 1.225000
v 3.370096 5.158000 1.450000
v 3.370096 5.158000 1.225000
v 2.645116 4.564465 -1.450000
v 2.645116 4.564465 -1.225000
v 2.640005 4.525642 -1.450000
v 2.640005 4.525642 -1.225000
v 2.645116 4.486819 -1.450000
v 2.645116 4.486819 -1.225000
v 2.660101 4.450642 -1.450000
v 2.660101 4.450642 -1.225000
v 2.683939 4.419576 -1.450000
v 2.683939 4.419576 -1.225000
v 2.715005 4.395738 -1.450000
v 2.715005 4.395738 -1.225000
v 2.751182 4.380753 -1.450000
v 2.751182 4.380753 -1.225000
v 2.790005 4.375642 -1.450000
v 2.790005 4.375642 -1.225000
v 2.828828 4.380753 -1.450000
v 2.828828 4.380753 -1.225000
v 2.865005 4.395738 -1.450000
v 2.865005 4.395738 -1.225000
v 2.896071 4.419576 -1.450000
v 2.896071 4.419576 -1.225000
v 2.919909 4.450642 -1.450000
v 2.919909 4.450642 -1.225000
v 2.934894 4.486819 -1.450000
v 2.934894 4.486819 -1.225000
v 2.940005 4.525642 -1.450000
v 2.940005 4.525642 -1.225000
v 2.934894 4.564465 -1.450000
v 2.934894 4.564465 -1.225000
v 2.919909 4.600642 -1.450000
v 2.919909 4.600642 -1.225000
v 2.896071 4.631708 -1.450000
v 2.896071 4.631708 -1.225000
v 2.865005 4.655546 -1.450000
v 2.865005 4.655546 -1.225000
v 2.828828 4.670531 -1.450000
v 2.828828 4.670531 -1.225000
v 2.790005 4.675642 -1.450000
v 2.790005 4.675642 -1.225000
v 2.751182 4.670531 -1.450000
v 2.751182 4.670531 -1.225000
v 2.715005 4.655546 -1.450000
v 2.715005 4.655546 -1.225000
v 2.683939 4.631708 -1.450000
v 2.683939 4.631708 -1.225000
v 2.660101 4.600642 -1.450000
v 2.660101 4.600642 -1.225000
v 2.645116 4.486819 1.450000
v 2.645116 4.486819 1.225000
v 2.640005 4.525642 1.450000
v 2.640005 4.525642 1.225000
v 2.645116 4.564465 1.450000
v 2.645116 4.564465 1.225000
v 2.660101 4.600642 1.450000
v 2.660101 4.600642 1.225000
v 2.683939 4.631708 1.450000
v 2.683939 4.631708 1.225000
v 2.715005 4.655546 1.450000
v 2.715005 4.655546 1.225000
v 2.751182 4.670531 1.450000
v 2.751182 4.670531 1.225000
v 2.790005 4.675642 1.450000
v 2.790005 4.675642 1.225000
v 2.828828 4.670531 1.450000
v 2.828828 4.670531 1.225000
v 2.865005 4.655546 1.450000
v 2.865005 4.655546 1.225000
v 2.896071 4.631708 1.450000
v 2.896071 4.631708 1.225000
v 2.919909 4.600642 1.450000
v 2.919909 4.600642 1.225000
v 2.934894 4.564465 1.450000
v 2.934894 4.564465 1.225000
v 2.940005 4.525642 1.450000
v 2.940005 4.525642 1.225000
v 2.934894 4.486819 1.450000
v 2.934894 4.486819 1.225000
v 2.919909 4.450642 1.450000
v 2.919909 4.450642 1.225000
v 2.896071 4.419576 1.450000
v 2.896071 4.419576 1.225000
v 2.865005 4.395738 1.450000
v 2.865005 4.395738 1.225000
v 2.828828 4.380753 1.450000
v 2.828828 4.380753 1.225000
v 2.790005 4.375642 1.450000
v 2.790005 4.375642 1.225000
v 2.751182 4.380753 1.450000
v 2.751182 4.380753 1.225000
v 2.715005 4.395738 1.450000
v 2.715005 4.395738 1.225000
v 2.683939 4.419576 1.450000
v 2.683939 4.419576 1.225000
v 2.660101 4.450642 1.450000
v 2.660101 4.450642 1.225000
v -0.144889 5.271823 -1.450000
v -0.144889 5.271823 -1.225000
v -0.150000 5.233000 -1.450000
v -0.150000 5.233000 -1.225000
v -0.144889 5.194177 -1.450000
v -0.144889 5.194177 -1.225000
v -0.129904 5.158000 -1.450000
v -0.129904 5.158000 -1.225000
v -0.106066 5.126934 -1.450000
v -0.106066 5.126934 -1.225000
v -0.075000 5.103096 -1.450000
v -0.075000 5.103096 -1.225000
v -0.038823 5.088111 -1.450000
v -0.038823 5.088111 -1.225000
v 0.000000 5.083000 -1.450000
v 0.000000 5.083000 -1.225000
v 0.038823 5.088111 -1.450000
v 0.038823 5.088111 -1.225000
v 0.075000 5.103096 -1.450000
v 0.075000 5.103096 -1.225000
v 0.106066 5.126934 -1.450000
v 0.106066 5.126934 -1.225000
v 0.129904 5.158000 -1.450000
v 0.129904 5.158000 -1.225000
v 0.144889 5.194177 -1.450000
v 0.144889 5.194177 -1.225000
v 0.150000 5.233000 -1.450000
v 0.150000 5.233000 -1.225000
v 0.144889 5.271823 -1.450000
v 0.144889 5.271823 -1.225000
v 0.129904 5.308000 -1.450000
v 0.129904 5.308000 -1.225000
v 0.106066 5.339066 -1.450000
v 0.106066 5.339066 -1.225000
v 0.075000 5.362904 -1.450000
v 0.075000 5.362904 -1.225000
v 0.038823 5.377889 -1.450000
v 0.038823 5.377889 -1.225000
v 0.000000 5.383000 -1.450000
v 0.000000 5.383000 -1.225000
v -0.038823 5.377889 -1.450000
v -0.038823 5.377889 -1.225000
v -0.075000 5.362904 -1.450000
v -0.075000 5.362904 -1.225000
v -0.106066 5.339066 -1.450000
v -0.106066 5.339066 -1.225000
v -0.129904 5.308000 -1.450000
v -0.129904 5.308000 -1.225000
v -0.144889 5.194177 1.450000
v -0.144889 5.194177 1.225000
v -0.150000 5.233000 1.450000
v -0.150000 5.233000 1.225000
v -0.144889 5.271823 1.450000
v -0.144889 5.271823 1.225000
v -0.129904 5.308000 1.450000
v -0.129904 5.308000 1.225000
v -0.106066 5.339066 1.450000
v -0.106066 5.339066 1.225000
v -0.075000 5.362904 1.450000
v -0.075000 5.362904 1.225000
v -0.038823 5.377889 1.450000
v -0.038823 5.377889 1.225000
v 0.000000 5.383000 1.450000
v 0.000000 5.383000 1.225000
v 0.038823 5.377889 1.450000
v 0.038823 5.377889 1.225000
v 0.075000 5.362904 1.450000
v 0.075000 5.362904 1.225000
v 0.106066 5.339066 1.450000
v 0.106066 5.339066 1.225000
v 0.129904 5.308000 1.450000
v 0.129904 5.308000 1.225000
v 0.144889 5.271823 1.450000
v 0.144889 5.271823 1.225000
v 0.150000 5.233000 1.450000
v 0.150000 5.233000 1.225000
v 0.144889 5.194177 1.450000
v 0.144889 5.194177 1.225000
v 0.129904 5.158000 1.450000
v 0.129904 5.158000 1.225000
v 0.106066 5.126934 1.450000
v 0.106066 5.126934 1.225000
v 0.075000 5.103096 1.450000
v 0.075000 5.103096 1.225000
v 0.038823 5.088111 1.450000
v 0.038823 5.088111 1.225000
v 0.000000 5.083000 1.450000
v 0.000000 5.083000 1.225000
v -0.038823 5.088111 1.450000
v -0.038823 5.088111 1.225000
v -0.075000 5.103096 1.450000
v -0.075000 5.103096 1.225000
v -0.106066 5.126934 1.450000
v -0.106066 5.126934 1.225000
v -0.129904 5.158000 1.450000
v -0.129904 5.158000 1.225000
v -4.354889 4.561883 -1.450000
v -4.354889 4.561883 -1.225000
v -4.360000 4.523060 -1.450000
v -4.360000 4.523060 -1.225000
v -4.354889 4.484237 -1.450000
v -4.354889 4.484237 -1.225000
v -4.339904 4.448060 -1.450000
v -4.339904 4.448060 -1.225000
v -4.316066 4.416994 -1.450000
v -4.316066 4.416994 -1.225000
v -4.285000 4.393156 -1.450000
v -4.285000 4.393156 -1.225000
v -4.248823 4.378171 -1.450000
v -4.248823 4.378171 -1.225000
v -4.210000 4.373060 -1.450000
v -4.210000 4.373060 -1.225000
v -4.171177 4.378171 -1.450000
v -4.171177 4.378171 -1.225000
v -4.135000 4.393156 -1.450000
v -4.135000 4.393156 -1.225000
v -4.103934 4.416994 -1.450000
v -4.103934 4.416994 -1.225000
v -4.080096 4.448060 -1.450000
v -4.080096 4.448060 -1.225000
v -4.065111 4.484237 -1.450000
v -4.065111 4.484237 -1.225000
v -4.060000 4.523060 -1.450000
v -4.060000 4.523060 -1.225000
v -4.065111 4.561883 -1.450000
v -4.065111 4.561883 -1.225000
v -4.080096 4.598060 -1.450000
v -4.080096 4.598060 -1.225000
v -4.103934 4.629126 -1.450000
v -4.103934 4.629126 -1.225000
v -4.135000 4.652963 -1.450000
v -4.135000 4.652963 -1.225000
v -4.171177 4.667949 -1.450000
v -4.171177 4.667949 -1.225000
v -4.210000 4.673060 -1.450000
v -4.210000 4.673060 -1.225000
v -4.248823 4.667949 -1.450000
v -4.248823 4.667949 -1.225000
v -4.285000 4.652963 -1.450000
v -4.285000 4.652963 -1.225000
v -4.316066 4.629126 -1.450000
v -4.316066 4.629126 -1.225000
v -4.339904 4.598060 -1.450000
v -4.339904 4.598060 -1.225000
v -4.354889 4.484237 1.450000
v -4.354889 4.484237 1.225000
v -4.360000 4.523060 1.450000
v -4.360000 4.523060 1.225000
v -4.354889 4.561883 1.450000
v -4.354889 4.561883 1.225000
v -4.339904 4.598060 1.450000
v -4.339904 4.598060 1.225000
v -4.316066 4.629126 1.450000
v -4.316066 4.629126 1.225000
v -4.285000 4.652963 1.450000
v -4.285000 4.652963 1.225000
v -4.248823 4.667949 1.450000
v -4.248823 4.667949 1.225000
v -4.210000 4.673060 1.450000
v -4.210000 4.673060 1.225000
v -4.171177 4.667949 1.450000
v -4.171177 4.667949 1.225000
v -4.135000 4.652963 1.450000
v -4.135000 4.652963 1.225000
v -4.103934 4.629126 1.450000
v -4.103934 4.629126 1.225000
v -4.080096 4.598060 1.450000
v -4.080096 4.598060 1.225000
v -4.065111 4.561883 1.450000
v -4.065111 4.561883 1.225000
v -4.060000 4.523060 1.450000
v -4.060000 4.523060 1.225000
v -4.065111 4.484237 1.450000
v -4.065111 4.484237 1.225000
v -4.080096 4.448060 1.450000
v -4.080096 4.448060 1.225000
v -4.103934 4.416994 1.450000
v -4.103934 4.416994 1.225000
v -4.135000 4.393156 1.450000
v -4.135000 4.393156 1.225000
v -4.171177 4.378171 1.450000
v -4.171177 4.378171 1.225000
v -4.210000 4.373060 1.450000
v -4.210000 4.373060 1.225000
v -4.248823 4.378171 1.450000
v -4.248823 4.378171 1.225000
v -4.285000 4.393156 1.450000
v -4.285000 4.393156 1.225000
v -4.316066 4.416994 1.450000
v -4.316066 4.416994 1.225000
v -4.339904 4.448060 1.450000
v -4.339904 4.448060 1.225000
v -3.886370 4.626528 -1.450000
v -3.886370 4.626528 -1.225000
v -3.900000 4.523000 -1.450000
v -3.900000 4.523000 -1.225000
v -3.886370 4.419472 -1.450000
v -3.886370 4.419472 -1.225000
v -3.846410 4.323000 -1.450000
v -3.846410 4.323000 -1.225000
v -3.782843 4.240157 -1.450000
v -3.782843 4.240157 -1.225000
v -3.700000 4.176590 -1.450000
v -3.700000 4.176590 -1.225000
v -3.603528 4.136630 -1.450000
v -3.603528 4.136630 -1.225000
v -3.500000 4.123000 -1.450000
v -3.500000 4.123000 -1.225000
v -3.396472 4.136630 -1.450000
v -3.396472 4.136630 -1.225000
v -3.300000 4.176590 -1.450000
v -3.300000 4.176590 -1.225000
v -3.217157 4.240157 -1.450000
v -3.217157 4.240157 -1.225000
v -3.153590 4.323000 -1.450000
v -3.153590 4.323000 -1.225000
v -3.113630 4.419472 -1.450000
v -3.113630 4.419472 -1.225000
v -3.100000 4.523000 -1.450000
v -3.100000 4.523000 -1.225000
v -3.113630 4.626528 -1.450000
v -3.113630 4.626528 -1.225000
v -3.153590 4.723000 -1.450000
v -3.153590 4.723000 -1.225000
v -3.217157 4.805843 -1.450000
v -3.217157 4.805843 -1.225000
v -3.300000 4.869410 -1.450000
v -3.300000 4.869410 -1.225000
v -3.396472 4.909370 -1.450000
v -3.396472 4.909370 -1.225000
v -3.500000 4.923000 -1.450000
v -3.500000 4.923000 -1.225000
v -3.603528 4.909370 -1.450000
v -3.603528 4.909370 -1.225000
v -3.700000 4.869410 -1.450000
v -3.700000 4.869410 -1.225000
v -3.782843 4.805843 -1.450000
v -3.782843 4.805843 -1.225000
v -3.846410 4.723000 -1.450000
v -3.846410 4.723000 -1.225000
v -3.886370 4.419472 1.450000
v -3.886370 4.419472 1.225000
v -3.900000 4.523000 1.450000
v -3.900000 4.523000 1.225000
v -3.886370 4.626528 1.450000
v -3.886370 4.626528 1.225000
v -3.846410 4.723000 1.450000
v -3.846410 4.723000 1.225000
v -3.782843 4.805843 1.450000
v -3.782843 4.805843 1.225000
v -3.700000 4.869410 1.450000
v -3.700000 4.869410 1.225000
v -3.603528 4.909370 1.450000
v -3.603528 4.909370 1.225000
v -3.500000 4.923000 1.450000
v -3.500000 4.923000 1.225000
v -3.396472 4.909370 1.450000
v -3.396472 4.909370 1.225000
v -3.300000 4.869410 1.450000
v -3.300000 4.869410 1.225000
v -3.217157 4.805843 1.450000
v -3.217157 4.805843 1.225000
v -3.153590 4.723000 1.450000
v -3.153590 4.723000 1.225000
v -3.113630 4.626528 1.450000
v -3.113630 4.626528 1.225000
v -3.100000 4.523000 1.450000
v -3.100000 4.523000 1.225000
v -3.113630 4.419472 1.450000
v -3.113630 4.419472 1.225000
v -3.153590 4.323000 1.450000
v -3.153590 4.323000 1.225000
v -3.217157 4.240157 1.450000
v -3.217157 4.240157 1.225000
v -3.300000 4.176590 1.450000
v -3.300000 4.176590 1.225000
v -3.396472 4.136630 1.450000
v -3.396472 4.136630 1.225000
v -3.500000 4.123000 1.450000
v -3.500000 4.123000 1.225000
v -3.603528 4.136630 1.450000
v -3.603528 4.136630 1.225000
v -3.700000 4.176590 1.450000
v -3.700000 4.176590 1.225000
v -3.782843 4.240157 1.450000
v -3.782843 4.240157 1.225000
v -3.846410 4.323000 1.450000
v -3.846410 4.323000 1.225000
v -0.144889 3.851823 -1.450000
v -0.144889 3.851823 -1.225000
v -0.150000 3.813000 -1.450000
v -0.150000 3.813000 -1.225000
v -0.144889 3.774177 -1.450000
v -0.144889 3.774177 -1.225000
v -0.129904 3.738000 -1.450000
v -0.129904 3.738000 -1.225000
v -0.106066 3.706934 -1.450000
v -0.106066 3.706934 -1.225000
v -0.075000 3.683096 -1.450000
v -0.075000 3.683096 -1.225000
v -0.038823 3.668111 -1.450000
v -0.038823 3.668111 -1.225000
v 0.000000 3.663000 -1.450000
v 0.000000 3.663000 -1.225000
v 0.038823 3.668111 -1.450000
v 0.038823 3.668111 -1.225000
v 0.075000 3.683096 -1.450000
v 0.075000 3.683096 -1.225000
v 0.106066 3.706934 -1.450000
v 0.106066 3.706934 -1.225000
v 0.129904 3.738000 -1.450000
v 0.129904 3.738000 -1.225000
v 0.144889 3.774177 -1.450000
v 0.144889 3.774177 -1.225000
v 0.150000 3.813000 -1.450000
v 0.150000 3.813000 -1.225000
v 0.144889 3.851823 -1.450000
v 0.144889 3.851823 -1.225000
v 0.129904 3.888000 -1.450000
v 0.129904 3.888000 -1.225000
v 0.106066 3.919066 -1.450000
v 0.106066 3.919066 -1.225000
v 0.075000 3.942904 -1.450000
v 0.075000 3.942904 -1.225000
v 0.038823 3.957889 -1.450000
v 0.038823 3.957889 -1.225000
v 0.000000 3.963000 -1.450000
v 0.000000 3.963000 -1.225000
v -0.038823 3.957889 -1.450000
v -0.038823 3.957889 -1.225000
v -0.075000 3.942904 -1.450000
v -0.075000 3.942904 -1.225000
v -0.106066 3.919066 -1.450000
v -0.106066 3.919066 -1.225000
v -0.129904 3.888000 -1.450000
v -0.129904 3.888000 -1.225000
v -0.144889 3.774177 1.450000
v -0.144889 3.774177 1.225000
v -0.150000 3.813000 1.450000
v -0.150000 3.813000 1.225000
v -0.144889 3.851823 1.450000
v -0.144889 3.851823 1.225000
v -0.129904 3.888000 1.450000
v -0.129904 3.888000 1.225000
v -0.106066 3.919066 1.450000
v -0.106066 3.919066 1.225000
v -0.075000 3.942904 1.450000
v -0.075000 3.942904 1.225000
v -0.038823 3.957889 1.450000
v -0.038823 3.957889 1.225000
v 0.000000 3.963000 1.450000
v 0.000000 3.963000 1.225000
v 0.038823 3.957889 1.450000
v 0.038823 3.957889 1.225000
v 0.075000 3.942904 1.450000
v 0.075000 3.942904 1.225000
v 0.106066 3.919066 1.450000
v 0.106066 3.919066 1.225000
v 0.129904 3.888000 1.450000
v 0.129904 3.888000 1.225000
v 0.144889 3.851823 1.450000
v 0.144889 3.851823 1.225000
v 0.150000 3.813000 1.450000
v 0.150000 3.813000 1.225000
v 0.144889 3.774177 1.450000
v 0.144889 3.774177 1.225000
v 0.129904 3.738000 1.450000
v 0.129904 3.738000 1.225000
v 0.106066 3.706934 1.450000
v 0.106066 3.706934 1.225000
v 0.075000 3.683096 1.450000
v 0.075000 3.683096 1.225000
v 0.038823 3.668111 1.450000
v 0.038823 3.668111 1.225000
v 0.000000 3.663000 1.450000
v 0.000000 3.663000 1.225000
v -0.038823 3.668111 1.450000
v -0.038823 3.668111 1.225000
v -0.075000 3.683096 1.450000
v -0.075000 3.683096 1.225000
v -0.106066 3.706934 1.450000
v -0.106066 3.706934 1.225000
v -0.129904 3.738000 1.450000
v -0.129904 3.738000 1.225000
v 0.565111 4.561935 -1.450000
v 0.565111 4.561935 -1.225000
v 0.560000 4.523112 -1.450000
v 0.560000 4.523112 -1.225000
v 0.565111 4.484289 -1.450000
v 0.565111 4.484289 -1.225000
v 0.580096 4.448112 -1.450000
v 0.580096 4.448112 -1.225000
v 0.603934 4.417046 -1.450000
v 0.603934 4.417046 -1.225000
v 0.635000 4.393208 -1.450000
v 0.635000 4.393208 -1.225000
v 0.671177 4.378223 -1.450000
v 0.671177 4.378223 -1.225000
v 0.710000 4.373112 -1.450000
v 0.710000 4.373112 -1.225000
v 0.748823 4.378223 -1.450000
v 0.748823 4.378223 -1.225000
v 0.785000 4.393208 -1.450000
v 0.785000 4.393208 -1.225000
v 0.816066 4.417046 -1.450000
v 0.816066 4.417046 -1.225000
v 0.839904 4.448112 -1.450000
v 0.839904 4.448112 -1.225000
v 0.854889 4.484289 -1.450000
v 0.854889 4.484289 -1.225000
v 0.860000 4.523112 -1.450000
v 0.860000 4.523112 -1.225000
v 0.854889 4.561935 -1.450000
v 0.854889 4.561935 -1.225000
v 0.839904 4.598112 -1.450000
v 0.839904 4.598112 -1.225000
v 0.816066 4.629178 -1.450000
v 0.816066 4.629178 -1.225000
v 0.785000 4.653016 -1.450000
v 0.785000 4.653016 -1.225000
v 0.748823 4.668001 -1.450000
v 0.748823 4.668001 -1.225000
v 0.710000 4.673112 -1.450000
v 0.710000 4.673112 -1.225000
v 0.671177 4.668001 -1.450000
v 0.671177 4.668001 -1.225000
v 0.635000 4.653016 -1.450000
v 0.635000 4.653016 -1.225000
v 0.603934 4.629178 -1.450000
v 0.603934 4.629178 -1.225000
v 0.580096 4.598112 -1.450000
v 0.580096 4.598112 -1.225000
v 0.565111 4.484289 1.450000
v 0.565111 4.484289 1.225000
v 0.560000 4.523112 1.450000
v 0.560000 4.523112 1.225000
v 0.565111 4.561935 1.450000
v 0.565111 4.561935 1.225000
v 0.580096 4.598112 1.450000
v 0.580096 4.598112 1.225000
v 0.603934 4.629178 1.450000
v 0.603934 4.629178 1.225000
v 0.635000 4.653016 1.450000
v 0.635000 4.653016 1.225000
v 0.671177 4.668001 1.450000
v 0.671177 4.668001 1.225000
v 0.710000 4.673112 1.450000
v 0.710000 4.673112 1.225000
v 0.748823 4.668001 1.450000
v 0.748823 4.668001 1.225000
v 0.785000 4.653016 1.450000
v 0.785000 4.653016 1.225000
v 0.816066 4.629178 1.450000
v 0.816066 4.629178 1.225000
v 0.839904 4.598112 1.450000
v 0.839904 4.598112 1.225000
v 0.854889 4.561935 1.450000
v 0.854889 4.561935 1.225000
v 0.860000 4.523112 1.450000
v 0.860000 4.523112 1.225000
v 0.854889 4.484289 1.450000
v 0.854889 4.484289 1.225000
v 0.839904 4.448112 1.450000
v 0.839904 4.448112 1.225000
v 0.816066 4.417046 1.450000
v 0.816066 4.417046 1.225000
v 0.785000 4.393208 1.450000
v 0.785000 4.393208 1.225000
v 0.748823 4.378223 1.450000
v 0.748823 4.378223 1.225000
v 0.710000 4.373112 1.450000
v 0.710000 4.373112 1.225000
v 0.671177 4.378223 1.450000
v 0.671177 4.378223 1.225000
v 0.635000 4.393208 1.450000
v 0.635000 4.393208 1.225000
v 0.603934 4.417046 1.450000
v 0.603934 4.417046 1.225000
v 0.580096 4.448112 1.450000
v 0.580096 4.448112 1.225000
v 3.113630 4.626528 -1.450000
v 3.113630 4.626528 -1.225000
v 3.100000 4.523000 -1.450000
v 3.100000 4.523000 -1.225000
v 3.113630 4.419472 -1.450000
v 3.113630 4.419472 -1.225000
v 3.153590 4.323000 -1.450000
v 3.153590 4.323000 -1.225000
v 3.217157 4.240157 -1.450000
v 3.217157 4.240157 -1.225000
v 3.300000 4.176590 -1.450000
v 3.300000 4.176590 -1.225000
v 3.396472 4.136630 -1.450000
v 3.396472 4.136630 -1.225000
v 3.500000 4.123000 -1.450000
v 3.500000 4.123000 -1.225000
v 3.603528 4.136630 -1.450000
v 3.603528 4.136630 -1.225000
v 3.700000 4.176590 -1.450000
v 3.700000 4.176590 -1.225000
v 3.782843 4.240157 -1.450000
v 3.782843 4.240157 -1.225000
v 3.846410 4.323000 -1.450000
v 3.846410 4.323000 -1.225000
v 3.886370 4.419472 -1.450000
v 3.886370 4.419472 -1.225000
v 3.900000 4.523000 -1.450000
v 3.900000 4.523000 -1.225000
v 3.886370 4.626528 -1.450000
v 3.886370 4.626528 -1.225000
v 3.846410 4.723000 -1.450000
v 3.846410 4.723000 -1.225000
v 3.782843 4.805843 -1.450000
v 3.782843 4.805843 -1.225000
v 3.700000 4.869410 -1.450000
v 3.700000 4.869410 -1.225000
v 3.603528 4.909370 -1.450000
v 3.603528 4.909370 -1.225000
v 3.500000 4.923000 -1.450000
v 3.500000 4.923000 -1.225000
v 3.396472 4.909370 -1.450000
v 3.396472 4.909370 -1.225000
v 3.300000 4.869410 -1.450000
v 3.300000 4.869410 -1.225000
v 3.217157 4.805843 -1.450000
v 3.217157 4.805843 -1.225000
v 3.153590 4.723000 -1.450000
v 3.153590 4.723000 -1.225000
v 3.113630 4.419472 1.450000
v 3.113630 4.419472 1.225000
v 3.100000 4.523000 1.450000
v 3.100000 4.523000 1.225000
v 3.113630 4.626528 1.450000
v 3.113630 4.626528 1.225000
v 3.153590 4.723000 1.450000
v 3.153590 4.723000 1.225000
v 3.217157 4.805843 1.450000
v 3.217157 4.805843 1.225000
v 3.300000 4.869410 1.450000
v 3.300000 4.869410 1.225000
v 3.396472 4.909370 1.450000
v 3.396472 4.909370 1.225000
v 3.500000 4.923000 1.450000
v 3.500000 4.923000 1.225000
v 3.603528 4.909370 1.450000
v 3.603528 4.909370 1.225000
v 3.700000 4.869410 1.450000
v 3.700000 4.869410 1.225000
v 3.782843 4.805843 1.450000
v 3.782843 4.805843 1.225000
v 3.846410 4.723000 1.450000
v 3.846410 4.723000 1.225000
v 3.886370 4.626528 1.450000
v 3.886370 4.626528 1.225000
v 3.900000 4.523000 1.450000
v 3.900000 4.523000 1.225000
v 3.886370 4.419472 1.450000
v 3.886370 4.419472 1.225000
v 3.846410 4.323000 1.450000
v 3.846410 4.323000 1.225000
v 3.782843 4.240157 1.450000
v 3.782843 4.240157 1.225000
v 3.700000 4.176590 1.450000
v 3.700000 4.176590 1.225000
v 3.603528 4.136630 1.450000
v 3.603528 4.136630 1.225000
v 3.500000 4.123000 1.450000
v 3.500000 4.123000 1.225000
v 3.396472 4.136630 1.450000
v 3.396472 4.136630 1.225000
v 3.300000 4.176590 1.450000
v 3.300000 4.176590 1.225000
v 3.217157 4.240157 1.450000
v 3.217157 4.240157 1.225000
v 3.153590 4.323000 1.450000
v 3.153590 4.323000 1.225000
v 4.065111 4.561823 -1.450000
v 4.065111 4.561823 -1.225000
v 4.060000 4.523000 -1.450000
v 4.060000 4.523000 -1.225000
v 4.065111 4.484177 -1.450000
v 4.065111 4.484177 -1.225000
v 4.080096 4.448000 -1.450000
v 4.080096 4.448000 -1.225000
v 4.103934 4.416934 -1.450000
v 4.103934 4.416934 -1.225000
v 4.135000 4.393096 -1.450000
v 4.135000 4.393096 -1.225000
v 4.171177 4.378111 -1.450000
v 4.171177 4.378111 -1.225000
v 4.210000 4.373000 -1.450000
v 4.210000 4.373000 -1.225000
v 4.248823 4.378111 -1.450000
v 4.248823 4.378111 -1.225000
v 4.285000 4.393096 -1.450000
v 4.285000 4.393096 -1.225000
v 4.316066 4.416934 -1.450000
v 4.316066 4.416934 -1.225000
v 4.339904 4.448000 -1.450000
v 4.339904 4.448000 -1.225000
v 4.354889 4.484177 -1.450000
v 4.354889 4.484177 -1.225000
v 4.360000 4.523000 -1.450000
v 4.360000 4.523000 -1.225000
v 4.354889 4.561823 -1.450000
v 4.354889 4.561823 -1.225000
v 4.339904 4.598000 -1.450000
v 4.339904 4.598000 -1.225000
v 4.316066 4.629066 -1.450000
v 4.316066 4.629066 -1.225000
v 4.285000 4.652904 -1.450000
v 4.285000 4.652904 -1.225000
v 4.248823 4.667889 -1.450000
v 4.248823 4.667889 -1.225000
v 4.210000 4.673000 -1.450000
v 4.210000 4.673000 -1.225000
v 4.171177 4.667889 -1.450000
v 4.171177 4.667889 -1.225000
v 4.135000 4.652904 -1.450000
v 4.135000 4.652904 -1.225000
v 4.103934 4.629066 -1.450000
v 4.103934 4.629066 -1.225000
v 4.080096 4.598000 -1.450000
v 4.080096 4.598000 -1.225000
v 4.065111 4.484177 1.450000
v 4.065111 4.484177 1.225000
v 4.060000 4.523000 1.450000
v 4.060000 4.523000 1.225000
v 4.065111 4.561823 1.450000
v 4.065111 4.561823 1.225000
v 4.080096 4.598000 1.450000
v 4.080096 4.598000 1.225000
v 4.103934 4.629066 1.450000
v 4.103934 4.629066 1.225000
v 4.135000 4.652904 1.450000
v 4.135000 4.652904 1.225000
v 4.171177 4.667889 1.450000
v 4.171177 4.667889 1.225000
v 4.210000 4.673000 1.450000
v 4.210000 4.673000 1.225000
v 4.248823 4.667889 1.450000
v 4.248823 4.667889 1.225000
v 4.285000 4.652904 1.450000
v 4.285000 4.652904 1.225000
v 4.316066 4.629066 1.450000
v 4.316066 4.629066 1.225000
v 4.339904 4.598000 1.450000
v 4.339904 4.598000 1.225000
v 4.354889 4.561823 1.450000
v 4.354889 4.561823 1.225000
v 4.360000 4.523000 1.450000
v 4.360000 4.523000 1.225000
v 4.354889 4.484177 1.450000
v 4.354889 4.484177 1.225000
v 4.339904 4.448000 1.450000
v 4.339904 4.448000 1.225000
v 4.316066 4.416934 1.450000
v 4.316066 4.416934 1.225000
v 4.285000 4.393096 1.450000
v 4.285000 4.393096 1.225000
v 4.248823 4.378111 1.450000
v 4.248823 4.378111 1.225000
v 4.210000 4.373000 1.450000
v 4.210000 4.373000 1.225000
v 4.171177 4.378111 1.450000
v 4.171177 4.378111 1.225000
v 4.135000 4.393096 1.450000
v 4.135000 4.393096 1.225000
v 4.103934 4.416934 1.450000
v 4.103934 4.416934 1.225000
v 4.080096 4.448000 1.450000
v 4.080096 4.448000 1.225000
v -0.854889 4.561206 -1.450000
v -0.854889 4.561206 -1.225000
v -0.860000 4.522383 -1.450000
v -0.860000 4.522383 -1.225000
v -0.854889 4.483560 -1.450000
v -0.854889 4.483560 -1.225000
v -0.839904 4.447383 -1.450000
v -0.839904 4.447383 -1.225000
v -0.816066 4.416317 -1.450000
v -0.816066 4.416317 -1.225000
v -0.785000 4.392479 -1.450000
v -0.785000 4.392479 -1.225000
v -0.748823 4.377494 -1.450000
v -0.748823 4.377494 -1.225000
v -0.710000 4.372383 -1.450000
v -0.710000 4.372383 -1.225000
v -0.671177 4.377494 -1.450000
v -0.671177 4.377494 -1.225000
v -0.635000 4.392479 -1.450000
v -0.635000 4.392479 -1.225000
v -0.603934 4.416317 -1.450000
v -0.603934 4.416317 -1.225000
v -0.580096 4.447383 -1.450000
v -0.580096 4.447383 -1.225000
v -0.565111 4.483560 -1.450000
v -0.565111 4.483560 -1.225000
v -0.560000 4.522383 -1.450000
v -0.560000 4.522383 -1.225000
v -0.565111 4.561206 -1.450000
v -0.565111 4.561206 -1.225000
v -0.580096 4.597383 -1.450000
v -0.580096 4.597383 -1.225000
v -0.603934 4.628449 -1.450000
v -0.603934 4.628449 -1.225000
v -0.635000 4.652287 -1.450000
v -0.635000 4.652287 -1.225000
v -0.671177 4.667272 -1.450000
v -0.671177 4.667272 -1.225000
v -0.710000 4.672383 -1.450000
v -0.710000 4.672383 -1.225000
v -0.748823 4.667272 -1.450000
v -0.748823 4.667272 -1.225000
v -0.785000 4.652287 -1.450000
v -0.785000 4.652287 -1.225000
v -0.816066 4.628449 -1.450000
v -0.816066 4.628449 -1.225000
v -0.839904 4.597383 -1.450000
v -0.839904 4.597383 -1.225000
v -0.854889 4.483560 1.450000
v -0.854889 4.483560 1.225000
v -0.860000 4.522383 1.450000
v -0.860000 4.522383 1.225000
v -0.854889 4.561206 1.450000
v -0.854889 4.561206 1.225000
v -0.839904 4.597383 1.450000
v -0.839904 4.597383 1.225000
v -0.816066 4.628449 1.450000
v -0.816066 4.628449 1.225000
v -0.785000 4.652287 1.450000
v -0.785000 4.652287 1.225000
v -0.748823 4.667272 1.450000
v -0.748823 4.667272 1.225000
v -0.710000 4.672383 1.450000
v -0.710000 4.672383 1.225000
v -0.671177 4.667272 1.450000
v -0.671177 4.667272 1.225000
v -0.635000 4.652287 1.450000
v -0.635000 4.652287 1.225000
v -0.603934 4.628449 1.450000
v -0.603934 4.628449 1.225000
v -0.580096 4.597383 1.450000
v -0.580096 4.597383 1.225000
v -0.565111 4.561206 1.450000
v -0.565111 4.561206 1.225000
v -0.560000 4.522383 1.450000
v -0.560000 4.522383 1.225000
v -0.565111 4.483560 1.450000
v -0.565111 4.483560 1.225000
v -0.580096 4.447383 1.450000
v -0.580096 4.447383 1.225000
v -0.603934 4.416317 1.450000
v -0.603934 4.416317 1.225000
v -0.635000 4.392479 1.450000
v -0.635000 4.392479 1.225000
v -0.671177 4.377494 1.450000
v -0.671177 4.377494 1.225000
v -0.710000 4.372383 1.450000
v -0.710000 4.372383 1.225000
v -0.748823 4.377494 1.450000
v -0.748823 4.377494 1.225000
v -0.785000 4.392479 1.450000
v -0.785000 4.392479 1.225000
v -0.816066 4.416317 1.450000
v -0.816066 4.416317 1.225000
v -0.839904 4.447383 1.450000
v -0.839904 4.447383 1.225000
v -2.934889 4.561801 -1.450000
v -2.934889 4.561801 -1.225000
v -2.940000 4.522978 -1.450000
v -2.940000 4.522978 -1.225000
v -2.934889 4.484155 -1.450000
v -2.934889 4.484155 -1.225000
v -2.919904 4.447978 -1.450000
v -2.919904 4.447978 -1.225000
v -2.896066 4.416912 -1.450000
v -2.896066 4.416912 -1.225000
v -2.865000 4.393074 -1.450000
v -2.865000 4.393074 -1.225000
v -2.828823 4.378089 -1.450000
v -2.828823 4.378089 -1.225000
v -2.790000 4.372978 -1.450000
v -2.790000 4.372978 -1.225000
v -2.751177 4.378089 -1.450000
v -2.751177 4.378089 -1.225000
v -2.715000 4.393074 -1.450000
v -2.715000 4.393074 -1.225000
v -2.683934 4.416912 -1.450000
v -2.683934 4.416912 -1.225000
v -2.660096 4.447978 -1.450000
v -2.660096 4.447978 -1.225000
v -2.645111 4.484155 -1.450000
v -2.645111 4.484155 -1.225000
v -2.640000 4.522978 -1.450000
v -2.640000 4.522978 -1.225000
v -2.645111 4.561801 -1.450000
v -2.645111 4.561801 -1.225000
v -2.660096 4.597978 -1.450000
v -2.660096 4.597978 -1.225000
v -2.683934 4.629044 -1.450000
v -2.683934 4.629044 -1.225000
v -2.715000 4.652882 -1.450000
v -2.715000 4.652882 -1.225000
v -2.751177 4.667867 -1.450000
v -2.751177 4.667867 -1.225000
v -2.790000 4.672978 -1.450000
v -2.790000 4.672978 -1.225000
v -2.828823 4.667867 -1.450000
v -2.828823 4.667867 -1.225000
v -2.865000 4.652882 -1.450000
v -2.865000 4.652882 -1.225000
v -2.896066 4.629044 -1.450000
v -2.896066 4.629044 -1.225000
v -2.919904 4.597978 -1.450000
v -2.919904 4.597978 -1.225000
v -2.934889 4.484155 1.450000
v -2.934889 4.484155 1.225000
v -2.940000 4.522978 1.450000
v -2.940000 4.522978 1.225000
v -2.934889 4.561801 1.450000
v -2.934889 4.561801 1.225000
v -2.919904 4.597978 1.450000
v -2.919904 4.597978 1.225000
v -2.896066 4.629044 1.450000
v -2.896066 4.629044 1.225000
v -2.865000 4.652882 1.450000
v -2.865000 4.652882 1.225000
v -2.828823 4.667867 1.450000
v -2.828823 4.667867 1.225000
v -2.790000 4.672978 1.450000
v -2.790000 4.672978 1.225000
v -2.751177 4.667867 1.450000
v -2.751177 4.667867 1.225000
v -2.715000 4.652882 1.450000
v -2.715000 4.652882 1.225000
v -2.683934 4.629044 1.450000
v -2.683934 4.629044 1.225000
v -2.660096 4.597978 1.450000
v -2.660096 4.597978 1.225000
v -2.645111 4.561801 1.450000
v -2.645111 4.561801 1.225000
v -2.640000 4.522978 1.450000
v -2.640000 4.522978 1.225000
v -2.645111 4.484155 1.450000
v -2.645111 4.484155 1.225000
v -2.660096 4.447978 1.450000
v -2.660096 4.447978 1.225000
v -2.683934 4.416912 1.450000
v -2.683934 4.416912 1.225000
v -2.715000 4.393074 1.450000
v -2.715000 4.393074 1.225000
v -2.751177 4.378089 1.450000
v -2.751177 4.378089 1.225000
v -2.790000 4.372978 1.450000
v -2.790000 4.372978 1.225000
v -2.828823 4.378089 1.450000
v -2.828823 4.378089 1.225000
v -2.865000 4.393074 1.450000
v -2.865000 4.393074 1.225000
v -2.896066 4.416912 1.450000
v -2.896066 4.416912 1.225000
v -2.919904 4.447978 1.450000
v -2.919904 4.447978 1.225000
v -3.644889 3.851823 -1.450000
v -3.644889 3.851823 -1.225000
v -3.650000 3.813000 -1.450000
v -3.650000 3.813000 -1.225000
v -3.644889 3.774177 -1.450000
v -3.644889 3.774177 -1.225000
v -3.629904 3.738000 -1.450000
v -3.629904 3.738000 -1.225000
v -3.606066 3.706934 -1.450000
v -3.606066 3.706934 -1.225000
v -3.575000 3.683096 -1.450000
v -3.575000 3.683096 -1.225000
v -3.538823 3.668111 -1.450000
v -3.538823 3.668111 -1.225000
v -3.500000 3.663000 -1.450000
v -3.500000 3.663000 -1.225000
v -3.461177 3.668111 -1.450000
v -3.461177 3.668111 -1.225000
v -3.425000 3.683096 -1.450000
v -3.425000 3.683096 -1.225000
v -3.393934 3.706934 -1.450000
v -3.393934 3.706934 -1.225000
v -3.370096 3.738000 -1.450000
v -3.370096 3.738000 -1.225000
v -3.355111 3.774177 -1.450000
v -3.355111 3.774177 -1.225000
v -3.350000 3.813000 -1.450000
v -3.350000 3.813000 -1.225000
v -3.355111 3.851823 -1.450000
v -3.355111 3.851823 -1.225000
v -3.370096 3.888000 -1.450000
v -3.370096 3.888000 -1.225000
v -3.393934 3.919066 -1.450000
v -3.393934 3.919066 -1.225000
v -3.425000 3.942904 -1.450000
v -3.425000 3.942904 -1.225000
v -3.461177 3.957889 -1.450000
v -3.461177 3.957889 -1.225000
v -3.500000 3.963000 -1.450000
v -3.500000 3.963000 -1.225000
v -3.538823 3.957889 -1.450000
v -3.538823 3.957889 -1.225000
v -3.575000 3.942904 -1.450000
v -3.575000 3.942904 -1.225000
v -3.606066 3.919066 -1.450000
v -3.606066 3.919066 -1.225000
v -3.629904 3.888000 -1.450000
v -3.629904 3.888000 -1.225000
v -3.644889 3.774177 1.450000
v -3.644889 3.774177 1.225000
v -3.650000 3.813000 1.450000
v -3.650000 3.813000 1.225000
v -3.644889 3.851823 1.450000
v -3.644889 3.851823 1.225000
v -3.629904 3.888000 1.450000
v -3.629904 3.888000 1.225000
v -3.606066 3.919066 1.450000
v -3.606066 3.919066 1.225000
v -3.575000 3.942904 1.450000
v -3.575000 3.942904 1.225000
v -3.538823 3.957889 1.450000
v -3.538823 3.957889 1.225000
v -3.500000 3.963000 1.450000
v -3.500000 3.963000 1.225000
v -3.461177 3.957889 1.450000
v -3.461177 3.957889 1.225000
v -3.425000 3.942904 1.450000
v -3.425000 3.942904 1.225000
v -3.393934 3.919066 1.450000
v -3.393934 3.919066 1.225000
v -3.370096 3.888000 1.450000
v -3.370096 3.888000 1.225000
v -3.355111 3.851823 1.450000
v -3.355111 3.851823 1.225000
v -3.350000 3.813000 1.450000
v -3.350000 3.813000 1.225000
v -3.355111 3.774177 1.450000
v -3.355111 3.774177 1.225000
v -3.370096 3.738000 1.450000
v -3.370096 3.738000 1.225000
v -3.393934 3.706934 1.450000
v -3.393934 3.706934 1.225000
v -3.425000 3.683096 1.450000
v -3.425000 3.683096 1.225000
v -3.461177 3.668111 1.450000
v -3.461177 3.668111 1.225000
v -3.500000 3.663000 1.450000
v -3.500000 3.663000 1.225000
v -3.538823 3.668111 1.450000
v -3.538823 3.668111 1.225000
v -3.575000 3.683096 1.450000
v -3.575000 3.683096 1.225000
v -3.606066 3.706934 1.450000
v -3.606066 3.706934 1.225000
v -3.629904 3.738000 1.450000
v -3.629904 3.738000 1.225000
v 4.344889 1.390000 0.038823
v 4.344889 1.615000 0.038823
v 4.350000 1.390000 0.000000
v 4.350000 1.615000 0.000000
v 4.344889 1.390000 -0.038823
v 4.344889 1.615000 -0.038823
v 4.329904 1.390000 -0.075000
v 4.329904 1.615000 -0.075000
v 4.306066 1.390000 -0.106066
v 4.306066 1.615000 -0.106066
v 4.275000 1.390000 -0.129904
v 4.275000 1.615000 -0.129904
v 4.238823 1.390000 -0.144889
v 4.238823 1.615000 -0.144889
v 4.200000 1.390000 -0.150000
v 4.200000 1.615000 -0.150000
v 4.161177 1.390000 -0.144889
v 4.161177 1.615000 -0.144889
v 4.125000 1.390000 -0.129904
v 4.125000 1.615000 -0.129904
v 4.093934 1.390000 -0.106066
v 4.093934 1.615000 -0.106066
v 4.070096 1.390000 -0.075000
v 4.070096 1.615000 -0.075000
v 4.055111 1.390000 -0.038823
v 4.055111 1.615000 -0.038823
v 4.050000 1.390000 0.000000
v 4.050000 1.615000 0.000000
v 4.055111 1.390000 0.038823
v 4.055111 1.615000 0.038823
v 4.070096 1.390000 0.075000
v 4.070096 1.615000 0.075000
v 4.093934 1.390000 0.106066
v 4.093934 1.615000 0.106066
v 4.125000 1.390000 0.129904
v 4.125000 1.615000 0.129904
v 4.161177 1.390000 0.144889
v 4.161177 1.615000 0.144889
v 4.200000 1.390000 0.150000
v 4.200000 1.615000 0.150000
v 4.238823 1.390000 0.144889
v 4.238823 1.615000 0.144889
v 4.275000 1.390000 0.129904
v 4.275000 1.615000 0.129904
v 4.306066 1.390000 0.106066
v 4.306066 1.615000 0.106066
v 4.329904 1.390000 0.075000
v 4.329904 1.615000 0.075000
v 0.844889 1.390000 0.038823
v 0.844889 1.615000 0.038823
v 0.850000 1.390000 0.000000
v 0.850000 1.615000 0.000000
v 0.844889 1.390000 -0.038823
v 0.844889 1.615000 -0.038823
v 0.829904 1.390000 -0.075000
v 0.829904 1.615000 -0.075000
v 0.806066 1.390000 -0.106066
v 0.806066 1.615000 -0.106066
v 0.775000 1.390000 -0.129904
v 0.775000 1.615000 -0.129904
v 0.738823 1.390000 -0.144889
v 0.738823 1.615000 -0.144889
v 0.700000 1.390000 -0.150000
v 0.700000 1.615000 -0.150000
v 0.661177 1.390000 -0.144889
v 0.661177 1.615000 -0.144889
v 0.625000 1.390000 -0.129904
v 0.625000 1.615000 -0.129904
v 0.593934 1.390000 -0.106066
v 0.593934 1.615000 -0.106066
v 0.570096 1.390000 -0.075000
v 0.570096 1.615000 -0.075000
v 0.555111 1.390000 -0.038823
v 0.555111 1.615000 -0.038823
v 0.550000 1.390000 0.000000
v 0.550000 1.615000 0.000000
v 0.555111 1.390000 0.038823
v 0.555111 1.615000 0.038823
v 0.570096 1.390000 0.075000
v 0.570096 1.615000 0.075000
v 0.593934 1.390000 0.106066
v 0.593934 1.615000 0.106066
v 0.625000 1.390000 0.129904
v 0.625000 1.615000 0.129904
v 0.661177 1.390000 0.144889
v 0.661177 1.615000 0.144889
v 0.700000 1.390000 0.150000
v 0.700000 1.615000 0.150000
v 0.738823 1.390000 0.144889
v 0.738823 1.615000 0.144889
v 0.775000 1.390000 0.129904
v 0.775000 1.615000 0.129904
v 0.806066 1.390000 0.106066
v 0.806066 1.615000 0.106066
v 0.829904 1.390000 0.075000
v 0.829904 1.615000 0.075000
v -2.655111 1.390000 0.038823
v -2.655111 1.615000 0.038823
v -2.650000 1.390000 0.000000
v -2.650000 1.615000 0.000000
v -2.655111 1.390000 -0.038823
v -2.655111 1.615000 -0.038823
v -2.670096 1.390000 -0.075000
v -2.670096 1.615000 -0.075000
v -2.693934 1.390000 -0.106066
v -2.693934 1.615000 -0.106066
v -2.725000 1.390000 -0.129904
v -2.725000 1.615000 -0.129904
v -2.761177 1.390000 -0.144889
v -2.761177 1.615000 -0.144889
v -2.800000 1.390000 -0.150000
v -2.800000 1.615000 -0.150000
v -2.838823 1.390000 -0.144889
v -2.838823 1.615000 -0.144889
v -2.875000 1.390000 -0.129904
v -2.875000 1.615000 -0.129904
v -2.906066 1.390000 -0.106066
v -2.906066 1.615000 -0.106066
v -2.929904 1.390000 -0.075000
v -2.929904 1.615000 -0.075000
v -2.944889 1.390000 -0.038823
v -2.944889 1.615000 -0.038823
v -2.950000 1.390000 0.000000
v -2.950000 1.615000 0.000000
v -2.944889 1.390000 0.038823
v -2.944889 1.615000 0.038823
v -2.929904 1.390000 0.075000
v -2.929904 1.615000 0.075000
v -2.906066 1.390000 0.106066
v -2.906066 1.615000 0.106066
v -2.875000 1.390000 0.129904
v -2.875000 1.615000 0.129904
v -2.838823 1.390000 0.144889
v -2.838823 1.615000 0.144889
v -2.800000 1.390000 0.150000
v -2.800000 1.615000 0.150000
v -2.761177 1.390000 0.144889
v -2.761177 1.615000 0.144889
v -2.725000 1.390000 0.129904
v -2.725000 1.615000 0.129904
v -2.693934 1.390000 0.106066
v -2.693934 1.615000 0.106066
v -2.670096 1.390000 0.075000
v -2.670096 1.615000 0.075000
v -3.113630 1.390000 0.103528
v -3.113630 1.615000 0.103528
v -3.100000 1.390000 0.000000
v -3.100000 1.615000 0.000000
v -3.113630 1.390000 -0.103528
v -3.113630 1.615000 -0.103528
v -3.153590 1.390000 -0.200000
v -3.153590 1.615000 -0.200000
v -3.217157 1.390000 -0.282843
v -3.217157 1.615000 -0.282843
v -3.300000 1.390000 -0.346410
v -3.300000 1.615000 -0.346410
v -3.396472 1.390000 -0.386370
v -3.396472 1.615000 -0.386370
v -3.500000 1.390000 -0.400000
v -3.500000 1.615000 -0.400000
v -3.603528 1.390000 -0.386370
v -3.603528 1.615000 -0.386370
v -3.700000 1.390000 -0.346410
v -3.700000 1.615000 -0.346410
v -3.782843 1.390000 -0.282843
v -3.782843 1.615000 -0.282843
v -3.846410 1.390000 -0.200000
v -3.846410 1.615000 -0.200000
v -3.886370 1.390000 -0.103528
v -3.886370 1.615000 -0.103528
v -3.900000 1.390000 0.000000
v -3.900000 1.615000 0.000000
v -3.886370 1.390000 0.103528
v -3.886370 1.615000 0.103528
v -3.846410 1.390000 0.200000
v -3.846410 1.615000 0.200000
v -3.782843 1.390000 0.282843
v -3.782843 1.615000 0.282843
v -3.700000 1.390000 0.346410
v -3.700000 1.615000 0.346410
v -3.603528 1.390000 0.386370
v -3.603528 1.615000 0.386370
v -3.500000 1.390000 0.400000
v -3.500000 1.615000 0.400000
v -3.396472 1.390000 0.386370
v -3.396472 1.615000 0.386370
v -3.300000 1.390000 0.346410
v -3.300000 1.615000 0.346410
v -3.217157 1.390000 0.282843
v -3.217157 1.615000 0.282843
v -3.153590 1.390000 0.200000
v -3.153590 1.615000 0.200000
v -3.355111 1.390000 -0.661177
v -3.355111 1.615000 -0.661177
v -3.350000 1.390000 -0.700000
v -3.350000 1.615000 -0.700000
v -3.355111 1.390000 -0.738823
v -3.355111 1.615000 -0.738823
v -3.370096 1.390000 -0.775000
v -3.370096 1.615000 -0.775000
v -3.393934 1.390000 -0.806066
v -3.393934 1.615000 -0.806066
v -3.425000 1.390000 -0.829904
v -3.425000 1.615000 -0.829904
v -3.461177 1.390000 -0.844889
v -3.461177 1.615000 -0.844889
v -3.500000 1.390000 -0.850000
v -3.500000 1.615000 -0.850000
v -3.538823 1.390000 -0.844889
v -3.538823 1.615000 -0.844889
v -3.575000 1.390000 -0.829904
v -3.575000 1.615000 -0.829904
v -3.606066 1.390000 -0.806066
v -3.606066 1.615000 -0.806066
v -3.629904 1.390000 -0.775000
v -3.629904 1.615000 -0.775000
v -3.644889 1.390000 -0.738823
v -3.644889 1.615000 -0.738823
v -3.650000 1.390000 -0.700000
v -3.650000 1.615000 -0.700000
v -3.644889 1.390000 -0.661177
v -3.644889 1.615000 -0.661177
v -3.629904 1.390000 -0.625000
v -3.629904 1.615000 -0.625000
v -3.606066 1.390000 -0.593934
v -3.606066 1.615000 -0.593934
v -3.575000 1.390000 -0.570096
v -3.575000 1.615000 -0.570096
v -3.538823 1.390000 -0.555111
v -3.538823 1.615000 -0.555111
v -3.500000 1.390000 -0.550000
v -3.500000 1.615000 -0.550000
v -3.461177 1.390000 -0.555111
v -3.461177 1.615000 -0.555111
v -3.425000 1.390000 -0.570096
v -3.425000 1.615000 -0.570096
v -3.393934 1.390000 -0.593934
v -3.393934 1.615000 -0.593934
v -3.370096 1.390000 -0.625000
v -3.370096 1.615000 -0.625000
v 0.386370 1.390000 0.103528
v 0.386370 1.615000 0.103528
v 0.400000 1.390000 0.000000
v 0.400000 1.615000 0.000000
v 0.386370 1.390000 -0.103528
v 0.386370 1.615000 -0.103528
v 0.346410 1.390000 -0.200000
v 0.346410 1.615000 -0.200000
v 0.282843 1.390000 -0.282843
v 0.282843 1.615000 -0.282843
v 0.200000 1.390000 -0.346410
v 0.200000 1.615000 -0.346410
v 0.103528 1.390000 -0.386370
v 0.103528 1.615000 -0.386370
v 0.000000 1.390000 -0.400000
v 0.000000 1.615000 -0.400000
v -0.103528 1.390000 -0.386370
v -0.103528 1.615000 -0.386370
v -0.200000 1.390000 -0.346410
v -0.200000 1.615000 -0.346410
v -0.282843 1.390000 -0.282843
v -0.282843 1.615000 -0.282843
v -0.346410 1.390000 -0.200000
v -0.346410 1.615000 -0.200000
v -0.386370 1.390000 -0.103528
v -0.386370 1.615000 -0.103528
v -0.400000 1.390000 0.000000
v -0.400000 1.615000 0.000000
v -0.386370 1.390000 0.103528
v -0.386370 1.615000 0.103528
v -0.346410 1.390000 0.200000
v -0.346410 1.615000 0.200000
v -0.282843 1.390000 0.282843
v -0.282843 1.615000 0.282843
v -0.200000 1.390000 0.346410
v -0.200000 1.615000 0.346410
v -0.103528 1.390000 0.386370
v -0.103528 1.615000 0.386370
v 0.000000 1.390000 0.400000
v 0.000000 1.615000 0.400000
v 0.103528 1.390000 0.386370
v 0.103528 1.615000 0.386370
v 0.200000 1.390000 0.346410
v 0.200000 1.615000 0.346410
v 0.282843 1.390000 0.282843
v 0.282843 1.615000 0.282843
v 0.346410 1.390000 0.200000
v 0.346410 1.615000 0.200000
v 3.644889 1.390000 0.738823
v 3.644889 1.615000 0.738823
v 3.650000 1.390000 0.700000
v 3.650000 1.615000 0.700000
v 3.644889 1.390000 0.661177
v 3.644889 1.615000 0.661177
v 3.629904 1.390000 0.625000
v 3.629904 1.615000 0.625000
v 3.606066 1.390000 0.593934
v 3.606066 1.615000 0.593934
v 3.575000 1.390000 0.570096
v 3.575000 1.615000 0.570096
v 3.538823 1.390000 0.555111
v 3.538823 1.615000 0.555111
v 3.500000 1.390000 0.550000
v 3.500000 1.615000 0.550000
v 3.461177 1.390000 0.555111
v 3.461177 1.615000 0.555111
v 3.425000 1.390000 0.570096
v 3.425000 1.615000 0.570096
v 3.393934 1.390000 0.593934
v 3.393934 1.615000 0.593934
v 3.370096 1.390000 0.625000
v 3.370096 1.615000 0.625000
v 3.355111 1.390000 0.661177
v 3.355111 1.615000 0.661177
v 3.350000 1.390000 0.700000
v 3.350000 1.615000 0.700000
v 3.355111 1.390000 0.738823
v 3.355111 1.615000 0.738823
v 3.370096 1.390000 0.775000
v 3.370096 1.615000 0.775000
v 3.393934 1.390000 0.806066
v 3.393934 1.615000 0.806066
v 3.425000 1.390000 0.829904
v 3.425000 1.615000 0.829904
v 3.461177 1.390000 0.844889
v 3.461177 1.615000 0.844889
v 3.500000 1.390000 0.850000
v 3.500000 1.615000 0.850000
v 3.538823 1.390000 0.844889
v 3.538823 1.615000 0.844889
v 3.575000 1.390000 0.829904
v 3.575000 1.615000 0.829904
v 3.606066 1.390000 0.806066
v 3.606066 1.615000 0.806066
v 3.629904 1.390000 0.775000
v 3.629904 1.615000 0.775000
v 3.644889 1.390000 -0.661177
v 3.644889 1.615000 -0.661177
v 3.650000 1.390000 -0.700000
v 3.650000 1.615000 -0.700000
v 3.644889 1.390000 -0.738823
v 3.644889 1.615000 -0.738823
v 3.629904 1.390000 -0.775000
v 3.629904 1.615000 -0.775000
v 3.606066 1.390000 -0.806066
v 3.606066 1.615000 -0.806066
v 3.575000 1.390000 -0.829904
v 3.575000 1.615000 -0.829904
v 3.538823 1.390000 -0.844889
v 3.538823 1.615000 -0.844889
v 3.500000 1.390000 -0.850000
v 3.500000 1.615000 -0.850000
v 3.461177 1.390000 -0.844889
v 3.461177 1.615000 -0.844889
v 3.425000 1.390000 -0.829904
v 3.425000 1.615000 -0.829904
v 3.393934 1.390000 -0.806066
v 3.393934 1.615000 -0.806066
v 3.370096 1.390000 -0.775000
v 3.370096 1.615000 -0.775000
v 3.355111 1.390000 -0.738823
v 3.355111 1.615000 -0.738823
v 3.350000 1.390000 -0.700000
v 3.350000 1.615000 -0.700000
v 3.355111 1.390000 -0.661177
v 3.355111 1.615000 -0.661177
v 3.370096 1.390000 -0.625000
v 3.370096 1.615000 -0.625000
v 3.393934 1.390000 -0.593934
v 3.393934 1.615000 -0.593934
v 3.425000 1.390000 -0.570096
v 3.425000 1.615000 -0.570096
v 3.461177 1.390000 -0.555111
v 3.461177 1.615000 -0.555111
v 3.500000 1.390000 -0.550000
v 3.500000 1.615000 -0.550000
v 3.538823 1.390000 -0.555111
v 3.538823 1.615000 -0.555111
v 3.575000 1.390000 -0.570096
v 3.575000 1.615000 -0.570096
v 3.606066 1.390000 -0.593934
v 3.606066 1.615000 -0.593934
v 3.629904 1.390000 -0.625000
v 3.629904 1.615000 -0.625000
v 0.144889 1.390000 -0.661177
v 0.144889 1.615000 -0.661177
v 0.150000 1.390000 -0.700000
v 0.150000 1.615000 -0.700000
v 0.144889 1.390000 -0.738823
v 0.144889 1.615000 -0.738823
v 0.129904 1.390000 -0.775000
v 0.129904 1.615000 -0.775000
v 0.106066 1.390000 -0.806066
v 0.106066 1.615000 -0.806066
v 0.075000 1.390000 -0.829904
v 0.075000 1.615000 -0.829904
v 0.038823 1.390000 -0.844889
v 0.038823 1.615000 -0.844889
v 0.000000 1.390000 -0.850000
v 0.000000 1.615000 -0.850000
v -0.038823 1.390000 -0.844889
v -0.038823 1.615000 -0.844889
v -0.075000 1.390000 -0.829904
v -0.075000 1.615000 -0.829904
v -0.106066 1.390000 -0.806066
v -0.106066 1.615000 -0.806066
v -0.129904 1.390000 -0.775000
v -0.129904 1.615000 -0.775000
v -0.144889 1.390000 -0.738823
v -0.144889 1.615000 -0.738823
v -0.150000 1.390000 -0.700000
v -0.150000 1.615000 -0.700000
v -0.144889 1.390000 -0.661177
v -0.144889 1.615000 -0.661177
v -0.129904 1.390000 -0.625000
v -0.129904 1.615000 -0.625000
v -0.106066 1.390000 -0.593934
v -0.106066 1.615000 -0.593934
v -0.075000 1.390000 -0.570096
v -0.075000 1.615000 -0.570096
v -0.038823 1.390000 -0.555111
v -0.038823 1.615000 -0.555111
v 0.000000 1.390000 -0.550000
v 0.000000 1.615000 -0.550000
v 0.038823 1.390000 -0.555111
v 0.038823 1.615000 -0.555111
v 0.075000 1.390000 -0.570096
v 0.075000 1.615000 -0.570096
v 0.106066 1.390000 -0.593934
v 0.106066 1.615000 -0.593934
v 0.129904 1.390000 -0.625000
v 0.129904 1.615000 -0.625000
v -0.555111 1.390000 0.038823
v -0.555111 1.615000 0.038823
v -0.550000 1.390000 0.000000
v -0.550000 1.615000 0.000000
v -0.555111 1.390000 -0.038823
v -0.555111 1.615000 -0.038823
v -0.570096 1.390000 -0.075000
v -0.570096 1.615000 -0.075000
v -0.593934 1.390000 -0.106066
v -0.593934 1.615000 -0.106066
v -0.625000 1.390000 -0.129904
v -0.625000 1.615000 -0.129904
v -0.661177 1.390000 -0.144889
v -0.661177 1.615000 -0.144889
v -0.700000 1.390000 -0.150000
v -0.700000 1.615000 -0.150000
v -0.738823 1.390000 -0.144889
v -0.738823 1.615000 -0.144889
v -0.775000 1.390000 -0.129904
v -0.775000 1.615000 -0.129904
v -0.806066 1.390000 -0.106066
v -0.806066 1.615000 -0.106066
v -0.829904 1.390000 -0.075000
v -0.829904 1.615000 -0.075000
v -0.844889 1.390000 -0.038823
v -0.844889 1.615000 -0.038823
v -0.850000 1.390000 0.000000
v -0.850000 1.615000 0.000000
v -0.844889 1.390000 0.038823
v -0.844889 1.615000 0.038823
v -0.829904 1.390000 0.075000
v -0.829904 1.615000 0.075000
v -0.806066 1.390000 0.106066
v -0.806066 1.615000 0.106066
v -0.775000 1.390000 0.129904
v -0.775000 1.615000 0.129904
v -0.738823 1.390000 0.144889
v -0.738823 1.615000 0.144889
v -0.700000 1.390000 0.150000
v -0.700000 1.615000 0.150000
v -0.661177 1.390000 0.144889
v -0.661177 1.615000 0.144889
v -0.625000 1.390000 0.129904
v -0.625000 1.615000 0.129904
v -0.593934 1.390000 0.106066
v -0.593934 1.615000 0.106066
v -0.570096 1.390000 0.075000
v -0.570096 1.615000 0.075000
v -3.355111 1.390000 0.738823
v -3.355111 1.615000 0.738823
v -3.350000 1.390000 0.700000
v -3.350000 1.615000 0.700000
v -3.355111 1.390000 0.661177
v -3.355111 1.615000 0.661177
v -3.370096 1.390000 0.625000
v -3.370096 1.615000 0.625000
v -3.393934 1.390000 0.593934
v -3.393934 1.615000 0.593934
v -3.425000 1.390000 0.570096
v -3.425000 1.615000 0.570096
v -3.461177 1.390000 0.555111
v -3.461177 1.615000 0.555111
v -3.500000 1.390000 0.550000
v -3.500000 1.615000 0.550000
v -3.538823 1.390000 0.555111
v -3.538823 1.615000 0.555111
v -3.575000 1.390000 0.570096
v -3.575000 1.615000 0.570096
v -3.606066 1.390000 0.593934
v -3.606066 1.615000 0.593934
v -3.629904 1.390000 0.625000
v -3.629904 1.615000 0.625000
v -3.644889 1.390000 0.661177
v -3.644889 1.615000 0.661177
v -3.650000 1.390000 0.700000
v -3.650000 1.615000 0.700000
v -3.644889 1.390000 0.738823
v -3.644889 1.615000 0.738823
v -3.629904 1.390000 0.775000
v -3.629904 1.615000 0.775000
v -3.606066 1.390000 0.806066
v -3.606066 1.615000 0.806066
v -3.575000 1.390000 0.829904
v -3.575000 1.615000 0.829904
v -3.538823 1.390000 0.844889
v -3.538823 1.615000 0.844889
v -3.500000 1.390000 0.850000
v -3.500000 1.615000 0.850000
v -3.461177 1.390000 0.844889
v -3.461177 1.615000 0.844889
v -3.425000 1.390000 0.829904
v -3.425000 1.615000 0.829904
v -3.393934 1.390000 0.806066
v -3.393934 1.615000 0.806066
v -3.370096 1.390000 0.775000
v -3.370096 1.615000 0.775000
v -4.055111 1.390000 0.038823
v -4.055111 1.615000 0.038823
v -4.050000 1.390000 0.000000
v -4.050000 1.615000 0.000000
v -4.055111 1.390000 -0.038823
v -4.055111 1.615000 -0.038823
v -4.070096 1.390000 -0.075000
v -4.070096 1.615000 -0.075000
v -4.093934 1.390000 -0.106066
v -4.093934 1.615000 -0.106066
v -4.125000 1.390000 -0.129904
v -4.125000 1.615000 -0.129904
v -4.161177 1.390000 -0.144889
v -4.161177 1.615000 -0.144889
v -4.200000 1.390000 -0.150000
v -4.200000 1.615000 -0.150000
v -4.238823 1.390000 -0.144889
v -4.238823 1.615000 -0.144889
v -4.275000 1.390000 -0.129904
v -4.275000 1.615000 -0.129904
v -4.306066 1.390000 -0.106066
v -4.306066 1.615000 -0.106066
v -4.329904 1.390000 -0.075000
v -4.329904 1.615000 -0.075000
v -4.344889 1.390000 -0.038823
v -4.344889 1.615000 -0.038823
v -4.350000 1.390000 0.000000
v -4.350000 1.615000 0.000000
v -4.344889 1.390000 0.038823
v -4.344889 1.615000 0.038823
v -4.329904 1.390000 0.075000
v -4.329904 1.615000 0.075000
v -4.306066 1.390000 0.106066
v -4.306066 1.615000 0.106066
v -4.275000 1.390000 0.129904
v -4.275000 1.615000 0.129904
v -4.238823 1.390000 0.144889
v -4.238823 1.615000 0.144889
v -4.200000 1.390000 0.150000
v -4.200000 1.615000 0.150000
v -4.161177 1.390000 0.144889
v -4.161177 1.615000 0.144889
v -4.125000 1.390000 0.129904
v -4.125000 1.615000 0.129904
v -4.093934 1.390000 0.106066
v -4.093934 1.615000 0.106066
v -4.070096 1.390000 0.075000
v -4.070096 1.615000 0.075000
v 0.144889 1.390000 0.738823
v 0.144889 1.615000 0.738823
v 0.150000 1.390000 0.700000
v 0.150000 1.615000 0.700000
v 0.144889 1.390000 0.661177
v 0.144889 1.615000 0.661177
v 0.129904 1.390000 0.625000
v 0.129904 1.615000 0.625000
v 0.106066 1.390000 0.593934
v 0.106066 1.615000 0.593934
v 0.075000 1.390000 0.570096
v 0.075000 1.615000 0.570096
v 0.038823 1.390000 0.555111
v 0.038823 1.615000 0.555111
v 0.000000 1.390000 0.550000
v 0.000000 1.615000 0.550000
v -0.038823 1.390000 0.555111
v -0.038823 1.615000 0.555111
v -0.075000 1.390000 0.570096
v -0.075000 1.615000 0.570096
v -0.106066 1.390000 0.593934
v -0.106066 1.615000 0.593934
v -0.129904 1.390000 0.625000
v -0.129904 1.615000 0.625000
v -0.144889 1.390000 0.661177
v -0.144889 1.615000 0.661177
v -0.150000 1.390000 0.700000
v -0.150000 1.615000 0.700000
v -0.144889 1.390000 0.738823
v -0.144889 1.615000 0.738823
v -0.129904 1.390000 0.775000
v -0.129904 1.615000 0.775000
v -0.106066 1.390000 0.806066
v -0.106066 1.615000 0.806066
v -0.075000 1.390000 0.829904
v -0.075000 1.615000 0.829904
v -0.038823 1.390000 0.844889
v -0.038823 1.615000 0.844889
v 0.000000 1.390000 0.850000
v 0.000000 1.615000 0.850000
v 0.038823 1.390000 0.844889
v 0.038823 1.615000 0.844889
v 0.075000 1.390000 0.829904
v 0.075000 1.615000 0.829904
v 0.106066 1.390000 0.806066
v 0.106066 1.615000 0.806066
v 0.129904 1.390000 0.775000
v 0.129904 1.615000 0.775000
v 2.944889 1.390000 0.038823
v 2.944889 1.615000 0.038823
v 2.950000 1.390000 0.000000
v 2.950000 1.615000 0.000000
v 2.944889 1.390000 -0.038823
v 2.944889 1.615000 -0.038823
v 2.929904 1.390000 -0.075000
v 2.929904 1.615000 -0.075000
v 2.906066 1.390000 -0.106066
v 2.906066 1.615000 -0.106066
v 2.875000 1.390000 -0.129904
v 2.875000 1.615000 -0.129904
v 2.838823 1.390000 -0.144889
v 2.838823 1.615000 -0.144889
v 2.800000 1.390000 -0.150000
v 2.800000 1.615000 -0.150000
v 2.761177 1.390000 -0.144889
v 2.761177 1.615000 -0.144889
v 2.725000 1.390000 -0.129904
v 2.725000 1.615000 -0.129904
v 2.693934 1.390000 -0.106066
v 2.693934 1.615000 -0.106066
v 2.670096 1.390000 -0.075000
v 2.670096 1.615000 -0.075000
v 2.655111 1.390000 -0.038823
v 2.655111 1.615000 -0.038823
v 2.650000 1.390000 0.000000
v 2.650000 1.615000 0.000000
v 2.655111 1.390000 0.038823
v 2.655111 1.615000 0.038823
v 2.670096 1.390000 0.075000
v 2.670096 1.615000 0.075000
v 2.693934 1.390000 0.106066
v 2.693934 1.615000 0.106066
v 2.725000 1.390000 0.129904
v 2.725000 1.615000 0.129904
v 2.761177 1.390000 0.144889
v 2.761177 1.615000 0.144889
v 2.800000 1.390000 0.150000
v 2.800000 1.615000 0.150000
v 2.838823 1.390000 0.144889
v 2.838823 1.615000 0.144889
v 2.875000 1.390000 0.129904
v 2.875000 1.615000 0.129904
v 2.906066 1.390000 0.106066
v 2.906066 1.615000 0.106066
v 2.929904 1.390000 0.075000
v 2.929904 1.615000 0.075000
v 3.886370 1.390000 0.103528
v 3.886370 1.615000 0.103528
v 3.900000 1.390000 0.000000
v 3.900000 1.615000 0.000000
v 3.886370 1.390000 -0.103528
v 3.886370 1.615000 -0.103528
v 3.846410 1.390000 -0.200000
v 3.846410 1.615000 -0.200000
v 3.782843 1.390000 -0.282843
v 3.782843 1.615000 -0.282843
v 3.700000 1.390000 -0.346410
v 3.700000 1.615000 -0.346410
v 3.603528 1.390000 -0.386370
v 3.603528 1.615000 -0.386370
v 3.500000 1.390000 -0.400000
v 3.500000 1.615000 -0.400000
v 3.396472 1.390000 -0.386370
v 3.396472 1.615000 -0.386370
v 3.300000 1.390000 -0.346410
v 3.300000 1.615000 -0.346410
v 3.217157 1.390000 -0.282843
v 3.217157 1.615000 -0.282843
v 3.153590 1.390000 -0.200000
v 3.153590 1.615000 -0.200000
v 3.113630 1.390000 -0.103528
v 3.113630 1.615000 -0.103528
v 3.100000 1.390000 0.000000
v 3.100000 1.615000 0.000000
v 3.113630 1.390000 0.103528
v 3.113630 1.615000 0.103528
v 3.153590 1.390000 0.200000
v 3.153590 1.615000 0.200000
v 3.217157 1.390000 0.282843
v 3.217157 1.615000 0.282843
v 3.300000 1.390000 0.346410
v 3.300000 1.615000 0.346410
v 3.396472 1.390000 0.386370
v 3.396472 1.615000 0.386370
v 3.500000 1.390000 0.400000
v 3.500000 1.615000 0.400000
v 3.603528 1.390000 0.386370
v 3.603528 1.615000 0.386370
v 3.700000 1.390000 0.346410
v 3.700000 1.615000 0.346410
v 3.782843 1.390000 0.282843
v 3.782843 1.615000 0.282843
v 3.846410 1.390000 0.200000
v 3.846410 1.615000 0.200000
v -4.500000 1.396815 -1.301764
v -3.375000 1.396815 -1.301764
v -4.500000 1.390000 -1.250000
v -2.250000 1.396815 -1.301764
v -1.125000 1.396815 -1.301764
v -1.125000 1.416795 -1.350000
v 0.000000 1.416795 -1.350000
v 0.000000 1.448579 -1.391421
v 1.125000 1.448579 -1.391421
v 1.125000 1.490000 -1.423205
v 2.250000 1.490000 -1.423205
v 2.250000 1.538236 -1.443185
v 3.375000 1.538236 -1.443185
v 4.500000 1.590000 -1.450000
v 4.500000 1.538236 -1.443185
v -3.375000 1.416795 -1.350000
v -4.500000 1.416795 -1.350000
v -3.375000 1.448579 -1.391421
v -4.500000 1.448579 -1.391421
v -3.375000 1.490000 -1.423205
v -4.500000 1.490000 -1.423205
v -3.375000 1.538236 -1.443185
v -4.500000 1.538236 -1.443185
v -4.500000 1.590000 -1.450000
v 0.000000 1.538236 -1.443185
v -1.125000 1.538236 -1.443185
v -2.250000 1.538236 -1.443185
v -2.250000 1.490000 -1.423205
v 3.375000 1.490000 -1.423205
v 4.500000 1.490000 -1.423205
v 3.375000 1.448579 -1.391421
v 4.500000 1.448579 -1.391421
v 3.375000 1.416795 -1.350000
v 4.500000 1.416795 -1.350000
v 3.375000 1.396815 -1.301764
v 4.500000 1.396815 -1.301764
v 4.500000 1.390000 -1.250000
v 0.000000 1.396815 -1.301764
v 1.125000 1.396815 -1.301764
v 2.250000 1.396815 -1.301764
v 2.250000 1.416795 -1.350000
v -2.250000 1.416795 -1.350000
v -2.250000 1.448579 -1.391421
v 1.125000 1.416795 -1.350000
v -1.125000 1.448579 -1.391421
v 0.000000 1.490000 -1.423205
v 1.125000 1.538236 -1.443185
v 2.250000 1.448579 -1.391421
v -1.125000 1.490000 -1.423205
v -4.500000 1.390000 1.250000
v 4.500000 1.390000 1.250000
v 4.500000 1.615000 -1.225000
v 4.500000 5.190000 -1.450000
v 4.500000 5.190000 -1.225000
v 4.500000 1.615000 1.225000
v 4.500000 1.396815 1.301764
v 4.500000 1.416795 1.350000
v 4.500000 1.448579 1.391421
v 4.500000 1.490000 1.423205
v 4.500000 1.538236 1.443185
v 4.500000 1.590000 1.450000
v 4.500000 5.190000 1.450000
v 4.500000 5.190000 1.225000
v -4.500000 1.538236 1.443185
v -3.375000 1.538236 1.443185
v -4.500000 1.590000 1.450000
v -2.250000 1.538236 1.443185
v -1.125000 1.538236 1.443185
v -1.125000 1.490000 1.423205
v 0.000000 1.490000 1.423205
v 0.000000 1.448579 1.391421
v 1.125000 1.448579 1.391421
v 1.125000 1.416795 1.350000
v 2.250000 1.416795 1.350000
v 2.250000 1.396815 1.301764
v 3.375000 1.396815 1.301764
v -3.375000 1.490000 1.423205
v -4.500000 1.490000 1.423205
v -3.375000 1.448579 1.391421
v -4.500000 1.448579 1.391421
v -3.375000 1.416795 1.350000
v -4.500000 1.416795 1.350000
v -3.375000 1.396815 1.301764
v -4.500000 1.396815 1.301764
v 0.000000 1.396815 1.301764
v -1.125000 1.396815 1.301764
v -2.250000 1.396815 1.301764
v -2.250000 1.416795 1.350000
v 3.375000 1.416795 1.350000
v 3.375000 1.448579 1.391421
v 3.375000 1.490000 1.423205
v 3.375000 1.538236 1.443185
v 0.000000 1.538236 1.443185
v 1.125000 1.538236 1.443185
v 2.250000 1.538236 1.443185
v 2.250000 1.490000 1.423205
v -2.250000 1.490000 1.423205
v -2.250000 1.448579 1.391421
v 1.125000 1.490000 1.423205
v -1.125000 1.448579 1.391421
v 0.000000 1.416795 1.350000
v 1.125000 1.396815 1.301764
v 2.250000 1.448579 1.391421
v -1.125000 1.416795 1.350000
v 4.479555 5.345291 1.450000
v 4.419615 5.490000 1.450000
v 4.324264 5.614264 1.450000
v 4.200000 5.709615 1.450000
v 4.055291 5.769555 1.450000
v 3.900000 5.790000 1.450000
v -3.900000 5.790000 1.450000
v -4.055291 5.769555 1.450000
v -4.200000 5.709615 1.450000
v -4.324264 5.614264 1.450000
v -4.419615 5.490000 1.450000
v -4.479555 5.345291 1.450000
v -4.500000 5.190000 1.450000
v -4.500000 5.190000 1.225000
v -4.479555 5.345291 1.225000
v -4.419615 5.490000 1.225000
v -4.324264 5.614264 1.225000
v -4.200000 5.709615 1.225000
v -4.055291 5.769555 1.225000
v -3.900000 5.790000 1.225000
v -4.500000 1.615000 1.225000
v 3.900000 5.790000 1.225000
v 4.055291 5.769555 1.225000
v 4.200000 5.709615 1.225000
v 4.324264 5.614264 1.225000
v 4.419615 5.490000 1.225000
v 4.479555 5.345291 1.225000
v -3.900000 5.790000 -1.225000
v -3.900000 5.790000 -1.450000
v -4.055291 5.769555 -1.225000
v -4.055291 5.769555 -1.450000
v -4.200000 5.709615 -1.225000
v -4.200000 5.709615 -1.450000
v -4.324264 5.614264 -1.225000
v -4.324264 5.614264 -1.450000
v -4.419615 5.490000 -1.225000
v -4.419615 5.490000 -1.450000
v -4.479555 5.345291 -1.225000
v -4.479555 5.345291 -1.450000
v -4.500000 5.190000 -1.225000
v -4.500000 5.190000 -1.450000
v 3.900000 5.790000 -1.450000
v 4.055291 5.769555 -1.450000
v 4.200000 5.709615 -1.450000
v 4.324264 5.614264 -1.450000
v 4.419615 5.490000 -1.450000
v 4.479555 5.345291 -1.450000
v 3.900000 5.790000 -1.225000
v 4.479555 5.345291 -1.225000
v 4.419615 5.490000 -1.225000
v 4.324264 5.614264 -1.225000
v 4.200000 5.709615 -1.225000
v 4.055291 5.769555 -1.225000
v -4.500000 1.615000 -1.225000
usemtl Steel_-_Satin
f 1 2 3
f 3 2 4
f 3 4 5
f 5 4 6
f 5 6 7
f 7 6 8
f 7 8 9
f 9 8 10
f 9 10 11
f 11 10 12
f 11 12 13
f 13 12 14
f 13 14 15
f 15 14 16
f 15 16 17
f 17 16 18
f 17 18 19
f 19 18 20
f 19 20 21
f 21 20 22
f 21 22 23
f 23 22 24
f 23 24 25
f 25 24 26
f 25 26 27
f 27 26 28
f 27 28 29
f 29 28 30
f 29 30 31
f 31 30 32
f 31 32 33
f 33 32 34
f 33 34 35
f 35 34 36
f 35 36 37
f 37 36 38
f 37 38 39
f 39 38 40
f 39 40 41
f 41 40 42
f 41 42 43
f 43 42 44
f 43 44 45
f 45 44 46
f 45 46 47
f 47 46 48
f 47 48 1
f 1 48 2
f 49 50 51
f 51 50 52
f 51 52 53
f 53 52 54
f 53 54 55
f 55 54 56
f 55 56 57
f 57 56 58
f 57 58 59
f 59 58 60
f 59 60 61
f 61 60 62
f 61 62 63
f 63 62 64
f 63 64 65
f 65 64 66
f 65 66 67
f 67 66 68
f 67 68 69
f 69 68 70
f 69 70 71
f 71 70 72
f 71 72 73
f 73 72 74
f 73 74 75
f 75 74 76
f 75 76 77
f 77 76 78
f 77 78 79
f 79 78 80
f 79 80 81
f 81 80 82
f 81 82 83
f 83 82 84
f 83 84 85
f 85 84 86
f 85 86 87
f 87 86 88
f 87 88 89
f 89 88 90
f 89 90 91
f 91 90 92
f 91 92 93
f 93 92 94
f 93 94 95
f 95 94 96
f 95 96 49
f 49 96 50
f 97 98 99
f 99 98 100
f 99 100 101
f 101 100 102
f 101 102 103
f 103 102 104
f 103 104 105
f 105 104 106
f 105 106 107
f 107 106 108
f 107 108 109
f 109 108 110
f 109 110 111
f 111 110 112
f 111 112 113
f 113 112 114
f 113 114 115
f 115 114 116
f 115 116 117
f 117 116 118
f 117 118 119
f 119 118 120
f 119 120 121
f 121 120 122
f 121 122 123
f 123 122 124
f 123 124 125
f 125 124 126
f 125 126 127
f 127 126 128
f 127 128 129
f 129 128 130
f 129 130 131
f 131 130 132
f 131 132 133
f 133 132 134
f 133 134 135
f 135 134 136
f 135 136 137
f 137 136 138
f 137 138 139
f 139 138 140
f 139 140 141
f 141 140 142
f 141 142 143
f 143 142 144
f 143 144 97
f 97 144 98
f 145 146 147
f 147 146 148
f 147 148 149
f 149 148 150
f 149 150 151
f 151 150 152
f 151 152 153
f 153 152 154
f 153 154 155
f 155 154 156
f 155 156 157
f 157 156 158
f 157 158 159
f 159 158 160
f 159 160 161
f 161 160 162
f 161 162 163
f 163 162 164
f 163 164 165
f 165 164 166
f 165 166 167
f 167 166 168
f 167 168 169
f 169 168 170
f 169 170 171
f 171 170 172
f 171 172 173
f 173 172 174
f 173 174 175
f 175 174 176
f 175 176 177
f 177 176 178
f 177 178 179
f 179 178 180
f 179 180 181
f 181 180 182
f 181 182 183
f 183 182 184
f 183 184 185
f 185 184 186
f 185 186 187
f 187 186 188
f 187 188 189
f 189 188 190
f 189 190 191
f 191 190 192
f 191 192 145
f 145 192 146
f 193 194 195
f 195 194 196
f 195 196 197
f 197 196 198
f 197 198 199
f 199 198 200
f 199 200 201
f 201 200 202
f 201 202 203
f 203 202 204
f 203 204 205
f 205 204 206
f 205 206 207
f 207 206 208
f 207 208 209
f 209 208 210
f 209 210 211
f 211 210 212
f 211 212 213
f 213 212 214
f 213 214 215
f 215 214 216
f 215 216 217
f 217 216 218
f 217 218 219
f 219 218 220
f 219 220 221
f 221 220 222
f 221 222 223
f 223 222 224
f 223 224 225
f 225 224 226
f 225 226 227
f 227 226 228
f 227 228 229
f 229 228 230
f 229 230 231
f 231 230 232
f 231 232 233
f 233 232 234
f 233 234 235
f 235 234 236
f 235 236 237
f 237 236 238
f 237 238 239
f 239 238 240
f 239 240 193
f 193 240 194
f 241 242 243
f 243 242 244
f 243 244 245
f 245 244 246
f 245 246 247
f 247 246 248
f 247 248 249
f 249 248 250
f 249 250 251
f 251 250 252
f 251 252 253
f 253 252 254
f 253 254 255
f 255 254 256
f 255 256 257
f 257 256 258
f 257 258 259
f 259 258 260
f 259 260 261
f 261 260 262
f 261 262 263
f 263 262 264
f 263 264 265
f 265 264 266
f 265 266 267
f 267 266 268
f 267 268 269
f 269 268 270
f 269 270 271
f 271 270 272
f 271 272 273
f 273 272 274
f 273 274 275
f 275 274 276
f 275 276 277
f 277 276 278
f 277 278 279
f 279 278 280
f 279 280 281
f 281 280 282
f 281 282 283
f 283 282 284
f 283 284 285
f 285 284 286
f 285 286 287
f 287 286 288
f 287 288 241
f 241 288 242
f 289 290 291
f 291 290 292
f 291 292 293
f 293 292 294
f 293 294 295
f 295 294 296
f 295 296 297
f 297 296 298
f 297 298 299
f 299 298 300
f 299 300 301
f 301 300 302
f 301 302 303
f 303 302 304
f 303 304 305
f 305 304 306
f 305 306 307
f 307 306 308
f 307 308 309
f 309 308 310
f 309 310 311
f 311 310 312
f 311 312 313
f 313 312 314
f 313 314 315
f 315 314 316
f 315 316 317
f 317 316 318
f 317 318 319
f 319 318 320
f 319 320 321
f 321 320 322
f 321 322 323
f 323 322 324
f 323 324 325
f 325 324 326
f 325 326 327
f 327 326 328
f 327 328 329
f 329 328 330
f 329 330 331
f 331 330 332
f 331 332 333
f 333 332 334
f 333 334 335
f 335 334 336
f 335 336 289
f 289 336 290
f 337 338 339
f 339 338 340
f 339 340 341
f 341 340 342
f 341 342 343
f 343 342 344
f 343 344 345
f 345 344 346
f 345 346 347
f 347 346 348
f 347 348 349
f 349 348 350
f 349 350 351
f 351 350 352
f 351 352 353
f 353 352 354
f 353 354 355
f 355 354 356
f 355 356 357
f 357 356 358
f 357 358 359
f 359 358 360
f 359 360 361
f 361 360 362
f 361 362 363
f 363 362 364
f 363 364 365
f 365 364 366
f 365 366 367
f 367 366 368
f 367 368 369
f 369 368 370
f 369 370 371
f 371 370 372
f 371 372 373
f 373 372 374
f 373 374 375
f 375 374 376
f 375 376 377
f 377 376 378
f 377 378 379
f 379 378 380
f 379 380 381
f 381 380 382
f 381 382 383
f 383 382 384
f 383 384 337
f 337 384 338
f 385 386 387
f 387 386 388
f 387 388 389
f 389 388 390
f 389 390 391
f 391 390 392
f 391 392 393
f 393 392 394
f 393 394 395
f 395 394 396
f 395 396 397
f 397 396 398
f 397 398 399
f 399 398 400
f 399 400 401
f 401 400 402
f 401 402 403
f 403 402 404
f 403 404 405
f 405 404 406
f 405 406 407
f 407 406 408
f 407 408 409
f 409 408 410
f 409 410 411
f 411 410 412
f 411 412 413
f 413 412 414
f 413 414 415
f 415 414 416
f 415 416 417
f 417 416 418
f 417 418 419
f 419 418 420
f 419 420 421
f 421 420 422
f 421 422 423
f 423 422 424
f 423 424 425
f 425 424 426
f 425 426 427
f 427 426 428
f 427 428 429
f 429 428 430
f 429 430 431
f 431 430 432
f 431 432 385
f 385 432 386
f 433 434 435
f 435 434 436
f 435 436 437
f 437 436 438
f 437 438 439
f 439 438 440
f 439 440 441
f 441 440 442
f 441 442 443
f 443 442 444
f 443 444 445
f 445 444 446
f 445 446 447
f 447 446 448
f 447 448 449
f 449 448 450
f 449 450 451
f 451 450 452
f 451 452 453
f 453 452 454
f 453 454 455
f 455 454 456
f 455 456 457
f 457 456 458
f 457 458 459
f 459 458 460
f 459 460 461
f 461 460 462
f 461 462 463
f 463 462 464
f 463 464 465
f 465 464 466
f 465 466 467
f 467 466 468
f 467 468 469
f 469 468 470
f 469 470 471
f 471 470 472
f 471 472 473
f 473 472 474
f 473 474 475
f 475 474 476
f 475 476 477
f 477 476 478
f 477 478 479
f 479 478 480
f 479 480 433
f 433 480 434
f 481 482 483
f 483 482 484
f 483 484 485
f 485 484 486
f 485 486 487
f 487 486 488
f 487 488 489
f 489 488 490
f 489 490 491
f 491 490 492
f 491 492 493
f 493 492 494
f 493 494 495
f 495 494 496
f 495 496 497
f 497 496 498
f 497 498 499
f 499 498 500
f 499 500 501
f 501 500 502
f 501 502 503
f 503 502 504
f 503 504 505
f 505 504 506
f 505 506 507
f 507 506 508
f 507 508 509
f 509 508 510
f 509 510 511
f 511 510 512
f 511 512 513
f 513 512 514
f 513 514 515
f 515 514 516
f 515 516 517
f 517 516 518
f 517 518 519
f 519 518 520
f 519 520 521
f 521 520 522
f 521 522 523
f 523 522 524
f 523 524 525
f 525 524 526
f 525 526 527
f 527 526 528
f 527 528 481
f 481 528 482
f 529 530 531
f 531 530 532
f 531 532 533
f 533 532 534
f 533 534 535
f 535 534 536
f 535 536 537
f 537 536 538
f 537 538 539
f 539 538 540
f 539 540 541
f 541 540 542
f 541 542 543
f 543 542 544
f 543 544 545
f 545 544 546
f 545 546 547
f 547 546 548
f 547 548 549
f 549 548 550
f 549 550 551
f 551 550 552
f 551 552 553
f 553 552 554
f 553 554 555
f 555 554 556
f 555 556 557
f 557 556 558
f 557 558 559
f 559 558 560
f 559 560 561
f 561 560 562
f 561 562 563
f 563 562 564
f 563 564 565
f 565 564 566
f 565 566 567
f 567 566 568
f 567 568 569
f 569 568 570
f 569 570 571
f 571 570 572
f 571 572 573
f 573 572 574
f 573 574 575
f 575 574 576
f 575 576 529
f 529 576 530
f 577 578 579
f 579 578 580
f 579 580 581
f 581 580 582
f 581 582 583
f 583 582 584
f 583 584 585
f 585 584 586
f 585 586 587
f 587 586 588
f 587 588 589
f 589 588 590
f 589 590 591
f 591 590 592
f 591 592 593
f 593 592 594
f 593 594 595
f 595 594 596
f 595 596 597
f 597 596 598
f 597 598 599
f 599 598 600
f 599 600 601
f 601 600 602
f 601 602 603
f 603 602 604
f 603 604 605
f 605 604 606
f 605 606 607
f 607 606 608
f 607 608 609
f 609 608 610
f 609 610 611
f 611 610 612
f 611 612 613
f 613 612 614
f 613 614 615
f 615 614 616
f 615 616 617
f 617 616 618
f 617 618 619
f 619 618 620
f 619 620 621
f 621 620 622
f 621 622 623
f 623 622 624
f 623 624 577
f 577 624 578
f 625 626 627
f 627 626 628
f 627 628 629
f 629 628 630
f 629 630 631
f 631 630 632
f 631 632 633
f 633 632 634
f 633 634 635
f 635 634 636
f 635 636 637
f 637 636 638
f 637 638 639
f 639 638 640
f 639 640 641
f 641 640 642
f 641 642 643
f 643 642 644
f 643 644 645
f 645 644 646
f 645 646 647
f 647 646 648
f 647 648 649
f 649 648 650
f 649 650 651
f 651 650 652
f 651 652 653
f 653 652 654
f 653 654 655
f 655 654 656
f 655 656 657
f 657 656 658
f 657 658 659
f 659 658 660
f 659 660 661
f 661 660 662
f 661 662 663
f 663 662 664
f 663 664 665
f 665 664 666
f 665 666 667
f 667 666 668
f 667 668 669
f 669 668 670
f 669 670 671
f 671 670 672
f 671 672 625
f 625 672 626
f 673 674 675
f 675 674 676
f 675 676 677
f 677 676 678
f 677 678 679
f 679 678 680
f 679 680 681
f 681 680 682
f 681 682 683
f 683 682 684
f 683 684 685
f 685 684 686
f 685 686 687
f 687 686 688
f 687 688 689
f 689 688 690
f 689 690 691
f 691 690 692
f 691 692 693
f 693 692 694
f 693 694 695
f 695 694 696
f 695 696 697
f 697 696 698
f 697 698 699
f 699 698 700
f 699 700 701
f 701 700 702
f 701 702 703
f 703 702 704
f 703 704 705
f 705 704 706
f 705 706 707
f 707 706 708
f 707 708 709
f 709 708 710
f 709 710 711
f 711 710 712
f 711 712 713
f 713 712 714
f 713 714 715
f 715 714 716
f 715 716 717
f 717 716 718
f 717 718 719
f 719 718 720
f 719 720 673
f 673 720 674
f 721 722 723
f 723 722 724
f 723 724 725
f 725 724 726
f 725 726 727
f 727 726 728
f 727 728 729
f 729 728 730
f 729 730 731
f 731 730 732
f 731 732 733
f 733 732 734
f 733 734 735
f 735 734 736
f 735 736 737
f 737 736 738
f 737 738 739
f 739 738 740
f 739 740 741
f 741 740 742
f 741 742 743
f 743 742 744
f 743 744 745
f 745 744 746
f 745 746 747
f 747 746 748
f 747 748 749
f 749 748 750
f 749 750 751
f 751 750 752
f 751 752 753
f 753 752 754
f 753 754 755
f 755 754 756
f 755 756 757
f 757 756 758
f 757 758 759
f 759 758 760
f 759 760 761
f 761 760 762
f 761 762 763
f 763 762 764
f 763 764 765
f 765 764 766
f 765 766 767
f 767 766 768
f 767 768 721
f 721 768 722
f 769 770 771
f 771 770 772
f 771 772 773
f 773 772 774
f 773 774 775
f 775 774 776
f 775 776 777
f 777 776 778
f 777 778 779
f 779 778 780
f 779 780 781
f 781 780 782
f 781 782 783
f 783 782 784
f 783 784 785
f 785 784 786
f 785 786 787
f 787 786 788
f 787 788 789
f 789 788 790
f 789 790 791
f 791 790 792
f 791 792 793
f 793 792 794
f 793 794 795
f 795 794 796
f 795 796 797
f 797 796 798
f 797 798 799
f 799 798 800
f 799 800 801
f 801 800 802
f 801 802 803
f 803 802 804
f 803 804 805
f 805 804 806
f 805 806 807
f 807 806 808
f 807 808 809
f 809 808 810
f 809 810 811
f 811 810 812
f 811 812 813
f 813 812 814
f 813 814 815
f 815 814 816
f 815 816 769
f 769 816 770
f 817 818 819
f 819 818 820
f 819 820 821
f 821 820 822
f 821 822 823
f 823 822 824
f 823 824 825
f 825 824 826
f 825 826 827
f 827 826 828
f 827 828 829
f 829 828 830
f 829 830 831
f 831 830 832
f 831 832 833
f 833 832 834
f 833 834 835
f 835 834 836
f 835 836 837
f 837 836 838
f 837 838 839
f 839 838 840
f 839 840 841
f 841 840 842
f 841 842 843
f 843 842 844
f 843 844 845
f 845 844 846
f 845 846 847
f 847 846 848
f 847 848 849
f 849 848 850
f 849 850 851
f 851 850 852
f 851 852 853
f 853 852 854
f 853 854 855
f 855 854 856
f 855 856 857
f 857 856 858
f 857 858 859
f 859 858 860
f 859 860 861
f 861 860 862
f 861 862 863
f 863 862 864
f 863 864 817
f 817 864 818
f 865 866 867
f 867 866 868
f 867 868 869
f 869 868 870
f 869 870 871
f 871 870 872
f 871 872 873
f 873 872 874
f 873 874 875
f 875 874 876
f 875 876 877
f 877 876 878
f 877 878 879
f 879 878 880
f 879 880 881
f 881 880 882
f 881 882 883
f 883 882 884
f 883 884 885
f 885 884 886
f 885 886 887
f 887 886 888
f 887 888 889
f 889 888 890
f 889 890 891
f 891 890 892
f 891 892 893
f 893 892 894
f 893 894 895
f 895 894 896
f 895 896 897
f 897 896 898
f 897 898 899
f 899 898 900
f 899 900 901
f 901 900 902
f 901 902 903
f 903 902 904
f 903 904 905
f 905 904 906
f 905 906 907
f 907 906 908
f 907 908 909
f 909 908 910
f 909 910 911
f 911 910 912
f 911 912 865
f 865 912 866
f 913 914 915
f 915 914 916
f 915 916 917
f 917 916 918
f 917 918 919
f 919 918 920
f 919 920 921
f 921 920 922
f 921 922 923
f 923 922 924
f 923 924 925
f 925 924 926
f 925 926 927
f 927 926 928
f 927 928 929
f 929 928 930
f 929 930 931
f 931 930 932
f 931 932 933
f 933 932 934
f 933 934 935
f 935 934 936
f 935 936 937
f 937 936 938
f 937 938 939
f 939 938 940
f 939 940 941
f 941 940 942
f 941 942 943
f 943 942 944
f 943 944 945
f 945 944 946
f 945 946 947
f 947 946 948
f 947 948 949
f 949 948 950
f 949 950 951
f 951 950 952
f 951 952 953
f 953 952 954
f 953 954 955
f 955 954 956
f 955 956 957
f 957 956 958
f 957 958 959
f 959 958 960
f 959 960 913
f 913 960 914
f 961 962 963
f 963 962 964
f 963 964 965
f 965 964 966
f 965 966 967
f 967 966 968
f 967 968 969
f 969 968 970
f 969 970 971
f 971 970 972
f 971 972 973
f 973 972 974
f 973 974 975
f 975 974 976
f 975 976 977
f 977 976 978
f 977 978 979
f 979 978 980
f 979 980 981
f 981 980 982
f 981 982 983
f 983 982 984
f 983 984 985
f 985 984 986
f 985 986 987
f 987 986 988
f 987 988 989
f 989 988 990
f 989 990 991
f 991 990 992
f 991 992 993
f 993 992 994
f 993 994 995
f 995 994 996
f 995 996 997
f 997 996 998
f 997 998 999
f 999 998 1000
f 999 1000 1001
f 1001 1000 1002
f 1001 1002 1003
f 1003 1002 1004
f 1003 1004 1005
f 1005 1004 1006
f 1005 1006 1007
f 1007 1006 1008
f 1007 1008 961
f 961 1008 962
f 1009 1010 1011
f 1011 1010 1012
f 1011 1012 1013
f 1013 1012 1014
f 1013 1014 1015
f 1015 1014 1016
f 1015 1016 1017
f 1017 1016 1018
f 1017 1018 1019
f 1019 1018 1020
f 1019 1020 1021
f 1021 1020 1022
f 1021 1022 1023
f 1023 1022 1024
f 1023 1024 1025
f 1025 1024 1026
f 1025 1026 1027
f 1027 1026 1028
f 1027 1028 1029
f 1029 1028 1030
f 1029 1030 1031
f 1031 1030 1032
f 1031 1032 1033
f 1033 1032 1034
f 1033 1034 1035
f 1035 1034 1036
f 1035 1036 1037
f 1037 1036 1038
f 1037 1038 1039
f 1039 1038 1040
f 1039 1040 1041
f 1041 1040 1042
f 1041 1042 1043
f 1043 1042 1044
f 1043 1044 1045
f 1045 1044 1046
f 1045 1046 1047
f 1047 1046 1048
f 1047 1048 1049
f 1049 1048 1050
f 1049 1050 1051
f 1051 1050 1052
f 1051 1052 1053
f 1053 1052 1054
f 1053 1054 1055
f 1055 1054 1056
f 1055 1056 1009
f 1009 1056 1010
f 1057 1058 1059
f 1059 1058 1060
f 1059 1060 1061
f 1061 1060 1062
f 1061 1062 1063
f 1063 1062 1064
f 1063 1064 1065
f 1065 1064 1066
f 1065 1066 1067
f 1067 1066 1068
f 1067 1068 1069
f 1069 1068 1070
f 1069 1070 1071
f 1071 1070 1072
f 1071 1072 1073
f 1073 1072 1074
f 1073 1074 1075
f 1075 1074 1076
f 1075 1076 1077
f 1077 1076 1078
f 1077 1078 1079
f 1079 1078 1080
f 1079 1080 1081
f 1081 1080 1082
f 1081 1082 1083
f 1083 1082 1084
f 1083 1084 1085
f 1085 1084 1086
f 1085 1086 1087
f 1087 1086 1088
f 1087 1088 1089
f 1089 1088 1090
f 1089 1090 1091
f 1091 1090 1092
f 1091 1092 1093
f 1093 1092 1094
f 1093 1094 1095
f 1095 1094 1096
f 1095 1096 1097
f 1097 1096 1098
f 1097 1098 1099
f 1099 1098 1100
f 1099 1100 1101
f 1101 1100 1102
f 1101 1102 1103
f 1103 1102 1104
f 1103 1104 1057
f 1057 1104 1058
f 1105 1106 1107
f 1107 1106 1108
f 1107 1108 1109
f 1109 1108 1110
f 1109 1110 1111
f 1111 1110 1112
f 1111 1112 1113
f 1113 1112 1114
f 1113 1114 1115
f 1115 1114 1116
f 1115 1116 1117
f 1117 1116 1118
f 1117 1118 1119
f 1119 1118 1120
f 1119 1120 1121
f 1121 1120 1122
f 1121 1122 1123
f 1123 1122 1124
f 1123 1124 1125
f 1125 1124 1126
f 1125 1126 1127
f 1127 1126 1128
f 1127 1128 1129
f 1129 1128 1130
f 1129 1130 1131
f 1131 1130 1132
f 1131 1132 1133
f 1133 1132 1134
f 1133 1134 1135
f 1135 1134 1136
f 1135 1136 1137
f 1137 1136 1138
f 1137 1138 1139
f 1139 1138 1140
f 1139 1140 1141
f 1141 1140 1142
f 1141 1142 1143
f 1143 1142 1144
f 1143 1144 1145
f 1145 1144 1146
f 1145 1146 1147
f 1147 1146 1148
f 1147 1148 1149
f 1149 1148 1150
f 1149 1150 1151
f 1151 1150 1152
f 1151 1152 1105
f 1105 1152 1106
f 1153 1154 1155
f 1155 1154 1156
f 1155 1156 1157
f 1157 1156 1158
f 1157 1158 1159
f 1159 1158 1160
f 1159 1160 1161
f 1161 1160 1162
f 1161 1162 1163
f 1163 1162 1164
f 1163 1164 1165
f 1165 1164 1166
f 1165 1166 1167
f 1167 1166 1168
f 1167 1168 1169
f 1169 1168 1170
f 1169 1170 1171
f 1171 1170 1172
f 1171 1172 1173
f 1173 1172 1174
f 1173 1174 1175
f 1175 1174 1176
f 1175 1176 1177
f 1177 1176 1178
f 1177 1178 1179
f 1179 1178 1180
f 1179 1180 1181
f 1181 1180 1182
f 1181 1182 1183
f 1183 1182 1184
f 1183 1184 1185
f 1185 1184 1186
f 1185 1186 1187
f 1187 1186 1188
f 1187 1188 1189
f 1189 1188 1190
f 1189 1190 1191
f 1191 1190 1192
f 1191 1192 1193
f 1193 1192 1194
f 1193 1194 1195
f 1195 1194 1196
f 1195 1196 1197
f 1197 1196 1198
f 1197 1198 1199
f 1199 1198 1200
f 1199 1200 1153
f 1153 1200 1154
f 1201 1202 1203
f 1203 1202 1204
f 1203 1204 1205
f 1205 1204 1206
f 1205 1206 1207
f 1207 1206 1208
f 1207 1208 1209
f 1209 1208 1210
f 1209 1210 1211
f 1211 1210 1212
f 1211 1212 1213
f 1213 1212 1214
f 1213 1214 1215
f 1215 1214 1216
f 1215 1216 1217
f 1217 1216 1218
f 1217 1218 1219
f 1219 1218 1220
f 1219 1220 1221
f 1221 1220 1222
f 1221 1222 1223
f 1223 1222 1224
f 1223 1224 1225
f 1225 1224 1226
f 1225 1226 1227
f 1227 1226 1228
f 1227 1228 1229
f 1229 1228 1230
f 1229 1230 1231
f 1231 1230 1232
f 1231 1232 1233
f 1233 1232 1234
f 1233 1234 1235
f 1235 1234 1236
f 1235 1236 1237
f 1237 1236 1238
f 1237 1238 1239
f 1239 1238 1240
f 1239 1240 1241
f 1241 1240 1242
f 1241 1242 1243
f 1243 1242 1244
f 1243 1244 1245
f 1245 1244 1246
f 1245 1246 1247
f 1247 1246 1248
f 1247 1248 1201
f 1201 1248 1202
f 1249 1250 1251
f 1251 1250 1252
f 1251 1252 1253
f 1253 1252 1254
f 1253 1254 1255
f 1255 1254 1256
f 1255 1256 1257
f 1257 1256 1258
f 1257 1258 1259
f 1259 1258 1260
f 1259 1260 1261
f 1261 1260 1262
f 1261 1262 1263
f 1263 1262 1264
f 1263 1264 1265
f 1265 1264 1266
f 1265 1266 1267
f 1267 1266 1268
f 1267 1268 1269
f 1269 1268 1270
f 1269 1270 1271
f 1271 1270 1272
f 1271 1272 1273
f 1273 1272 1274
f 1273 1274 1275
f 1275 1274 1276
f 1275 1276 1277
f 1277 1276 1278
f 1277 1278 1279
f 1279 1278 1280
f 1279 1280 1281
f 1281 1280 1282
f 1281 1282 1283
f 1283 1282 1284
f 1283 1284 1285
f 1285 1284 1286
f 1285 1286 1287
f 1287 1286 1288
f 1287 1288 1289
f 1289 1288 1290
f 1289 1290 1291
f 1291 1290 1292
f 1291 1292 1293
f 1293 1292 1294
f 1293 1294 1295
f 1295 1294 1296
f 1295 1296 1249
f 1249 1296 1250
f 1297 1298 1299
f 1299 1298 1300
f 1299 1300 1301
f 1301 1300 1302
f 1301 1302 1303
f 1303 1302 1304
f 1303 1304 1305
f 1305 1304 1306
f 1305 1306 1307
f 1307 1306 1308
f 1307 1308 1309
f 1309 1308 1310
f 1309 1310 1311
f 1311 1310 1312
f 1311 1312 1313
f 1313 1312 1314
f 1313 1314 1315
f 1315 1314 1316
f 1315 1316 1317
f 1317 1316 1318
f 1317 1318 1319
f 1319 1318 1320
f 1319 1320 1321
f 1321 1320 1322
f 1321 1322 1323
f 1323 1322 1324
f 1323 1324 1325
f 1325 1324 1326
f 1325 1326 1327
f 1327 1326 1328
f 1327 1328 1329
f 1329 1328 1330
f 1329 1330 1331
f 1331 1330 1332
f 1331 1332 1333
f 1333 1332 1334
f 1333 1334 1335
f 1335 1334 1336
f 1335 1336 1337
f 1337 1336 1338
f 1337 1338 1339
f 1339 1338 1340
f 1339 1340 1341
f 1341 1340 1342
f 1341 1342 1343
f 1343 1342 1344
f 1343 1344 1297
f 1297 1344 1298
f 1345 1346 1347
f 1347 1346 1348
f 1347 1348 1349
f 1349 1348 1350
f 1349 1350 1351
f 1351 1350 1352
f 1351 1352 1353
f 1353 1352 1354
f 1353 1354 1355
f 1355 1354 1356
f 1355 1356 1357
f 1357 1356 1358
f 1357 1358 1359
f 1359 1358 1360
f 1359 1360 1361
f 1361 1360 1362
f 1361 1362 1363
f 1363 1362 1364
f 1363 1364 1365
f 1365 1364 1366
f 1365 1366 1367
f 1367 1366 1368
f 1367 1368 1369
f 1369 1368 1370
f 1369 1370 1371
f 1371 1370 1372
f 1371 1372 1373
f 1373 1372 1374
f 1373 1374 1375
f 1375 1374 1376
f 1375 1376 1377
f 1377 1376 1378
f 1377 1378 1379
f 1379 1378 1380
f 1379 1380 1381
f 1381 1380 1382
f 1381 1382 1383
f 1383 1382 1384
f 1383 1384 1385
f 1385 1384 1386
f 1385 1386 1387
f 1387 1386 1388
f 1387 1388 1389
f 1389 1388 1390
f 1389 1390 1391
f 1391 1390 1392
f 1391 1392 1345
f 1345 1392 1346
f 1393 1394 1395
f 1395 1394 1396
f 1395 1396 1397
f 1397 1396 1398
f 1397 1398 1399
f 1399 1398 1400
f 1399 1400 1401
f 1401 1400 1402
f 1401 1402 1403
f 1403 1402 1404
f 1403 1404 1405
f 1405 1404 1406
f 1405 1406 1407
f 1407 1406 1408
f 1407 1408 1409
f 1409 1408 1410
f 1409 1410 1411
f 1411 1410 1412
f 1411 1412 1413
f 1413 1412 1414
f 1413 1414 1415
f 1415 1414 1416
f 1415 1416 1417
f 1417 1416 1418
f 1417 1418 1419
f 1419 1418 1420
f 1419 1420 1421
f 1421 1420 1422
f 1421 1422 1423
f 1423 1422 1424
f 1423 1424 1425
f 1425 1424 1426
f 1425 1426 1427
f 1427 1426 1428
f 1427 1428 1429
f 1429 1428 1430
f 1429 1430 1431
f 1431 1430 1432
f 1431 1432 1433
f 1433 1432 1434
f 1433 1434 1435
f 1435 1434 1436
f 1435 1436 1437
f 1437 1436 1438
f 1437 1438 1439
f 1439 1438 1440
f 1439 1440 1393
f 1393 1440 1394
f 1441 1442 1443
f 1443 1442 1444
f 1443 1444 1445
f 1445 1444 1446
f 1445 1446 1447
f 1447 1446 1448
f 1447 1448 1449
f 1449 1448 1450
f 1449 1450 1451
f 1451 1450 1452
f 1451 1452 1453
f 1453 1452 1454
f 1453 1454 1455
f 1455 1454 1456
f 1455 1456 1457
f 1457 1456 1458
f 1457 1458 1459
f 1459 1458 1460
f 1459 1460 1461
f 1461 1460 1462
f 1461 1462 1463
f 1463 1462 1464
f 1463 1464 1465
f 1465 1464 1466
f 1465 1466 1467
f 1467 1466 1468
f 1467 1468 1469
f 1469 1468 1470
f 1469 1470 1471
f 1471 1470 1472
f 1471 1472 1473
f 1473 1472 1474
f 1473 1474 1475
f 1475 1474 1476
f 1475 1476 1477
f 1477 1476 1478
f 1477 1478 1479
f 1479 1478 1480
f 1479 1480 1481
f 1481 1480 1482
f 1481 1482 1483
f 1483 1482 1484
f 1483 1484 1485
f 1485 1484 1486
f 1485 1486 1487
f 1487 1486 1488
f 1487 1488 1441
f 1441 1488 1442
f 1489 1490 1491
f 1491 1490 1492
f 1491 1492 1493
f 1493 1492 1494
f 1493 1494 1495
f 1495 1494 1496
f 1495 1496 1497
f 1497 1496 1498
f 1497 1498 1499
f 1499 1498 1500
f 1499 1500 1501
f 1501 1500 1502
f 1501 1502 1503
f 1503 1502 1504
f 1503 1504 1505
f 1505 1504 1506
f 1505 1506 1507
f 1507 1506 1508
f 1507 1508 1509
f 1509 1508 1510
f 1509 1510 1511
f 1511 1510 1512
f 1511 1512 1513
f 1513 1512 1514
f 1513 1514 1515
f 1515 1514 1516
f 1515 1516 1517
f 1517 1516 1518
f 1517 1518 1519
f 1519 1518 1520
f 1519 1520 1521
f 1521 1520 1522
f 1521 1522 1523
f 1523 1522 1524
f 1523 1524 1525
f 1525 1524 1526
f 1525 1526 1527
f 1527 1526 1528
f 1527 1528 1529
f 1529 1528 1530
f 1529 1530 1531
f 1531 1530 1532
f 1531 1532 1533
f 1533 1532 1534
f 1533 1534 1535
f 1535 1534 1536
f 1535 1536 1489
f 1489 1536 1490
f 1537 1538 1539
f 1539 1538 1540
f 1539 1540 1541
f 1541 1540 1542
f 1541 1542 1543
f 1543 1542 1544
f 1543 1544 1545
f 1545 1544 1546
f 1545 1546 1547
f 1547 1546 1548
f 1547 1548 1549
f 1549 1548 1550
f 1549 1550 1551
f 1551 1550 1552
f 1551 1552 1553
f 1553 1552 1554
f 1553 1554 1555
f 1555 1554 1556
f 1555 1556 1557
f 1557 1556 1558
f 1557 1558 1559
f 1559 1558 1560
f 1559 1560 1561
f 1561 1560 1562
f 1561 1562 1563
f 1563 1562 1564
f 1563 1564 1565
f 1565 1564 1566
f 1565 1566 1567
f 1567 1566 1568
f 1567 1568 1569
f 1569 1568 1570
f 1569 1570 1571
f 1571 1570 1572
f 1571 1572 1573
f 1573 1572 1574
f 1573 1574 1575
f 1575 1574 1576
f 1575 1576 1577
f 1577 1576 1578
f 1577 1578 1579
f 1579 1578 1580
f 1579 1580 1581
f 1581 1580 1582
f 1581 1582 1583
f 1583 1582 1584
f 1583 1584 1537
f 1537 1584 1538
f 1585 1586 1587
f 1587 1586 1588
f 1587 1588 1589
f 1589 1588 1590
f 1589 1590 1591
f 1591 1590 1592
f 1591 1592 1593
f 1593 1592 1594
f 1593 1594 1595
f 1595 1594 1596
f 1595 1596 1597
f 1597 1596 1598
f 1597 1598 1599
f 1599 1598 1600
f 1599 1600 1601
f 1601 1600 1602
f 1601 1602 1603
f 1603 1602 1604
f 1603 1604 1605
f 1605 1604 1606
f 1605 1606 1607
f 1607 1606 1608
f 1607 1608 1609
f 1609 1608 1610
f 1609 1610 1611
f 1611 1610 1612
f 1611 1612 1613
f 1613 1612 1614
f 1613 1614 1615
f 1615 1614 1616
f 1615 1616 1617
f 1617 1616 1618
f 1617 1618 1619
f 1619 1618 1620
f 1619 1620 1621
f 1621 1620 1622
f 1621 1622 1623
f 1623 1622 1624
f 1623 1624 1625
f 1625 1624 1626
f 1625 1626 1627
f 1627 1626 1628
f 1627 1628 1629
f 1629 1628 1630
f 1629 1630 1631
f 1631 1630 1632
f 1631 1632 1585
f 1585 1632 1586
f 1633 1634 1635
f 1635 1634 1636
f 1635 1636 1637
f 1637 1636 1638
f 1637 1638 1639
f 1639 1638 1640
f 1639 1640 1641
f 1641 1640 1642
f 1641 1642 1643
f 1643 1642 1644
f 1643 1644 1645
f 1645 1644 1646
f 1645 1646 1647
f 1647 1646 1648
f 1647 1648 1649
f 1649 1648 1650
f 1649 1650 1651
f 1651 1650 1652
f 1651 1652 1653
f 1653 1652 1654
f 1653 1654 1655
f 1655 1654 1656
f 1655 1656 1657
f 1657 1656 1658
f 1657 1658 1659
f 1659 1658 1660
f 1659 1660 1661
f 1661 1660 1662
f 1661 1662 1663
f 1663 1662 1664
f 1663 1664 1665
f 1665 1664 1666
f 1665 1666 1667
f 1667 1666 1668
f 1667 1668 1669
f 1669 1668 1670
f 1669 1670 1671
f 1671 1670 1672
f 1671 1672 1673
f 1673 1672 1674
f 1673 1674 1675
f 1675 1674 1676
f 1675 1676 1677
f 1677 1676 1678
f 1677 1678 1679
f 1679 1678 1680
f 1679 1680 1633
f 1633 1680 1634
f 1681 1682 1683
f 1683 1682 1684
f 1683 1684 1685
f 1685 1684 1686
f 1685 1686 1687
f 1687 1686 1688
f 1687 1688 1689
f 1689 1688 1690
f 1689 1690 1691
f 1691 1690 1692
f 1691 1692 1693
f 1693 1692 1694
f 1693 1694 1695
f 1695 1694 1696
f 1695 1696 1697
f 1697 1696 1698
f 1697 1698 1699
f 1699 1698 1700
f 1699 1700 1701
f 1701 1700 1702
f 1701 1702 1703
f 1703 1702 1704
f 1703 1704 1705
f 1705 1704 1706
f 1705 1706 1707
f 1707 1706 1708
f 1707 1708 1709
f 1709 1708 1710
f 1709 1710 1711
f 1711 1710 1712
f 1711 1712 1713
f 1713 1712 1714
f 1713 1714 1715
f 1715 1714 1716
f 1715 1716 1717
f 1717 1716 1718
f 1717 1718 1719
f 1719 1718 1720
f 1719 1720 1721
f 1721 1720 1722
f 1721 1722 1723
f 1723 1722 1724
f 1723 1724 1725
f 1725 1724 1726
f 1725 1726 1727
f 1727 1726 1728
f 1727 1728 1681
f 1681 1728 1682
f 1729 1730 1731
f 1731 1730 1732
f 1731 1732 1733
f 1733 1732 1734
f 1733 1734 1735
f 1735 1734 1736
f 1735 1736 1737
f 1737 1736 1738
f 1737 1738 1739
f 1739 1738 1740
f 1739 1740 1741
f 1741 1740 1742
f 1741 1742 1743
f 1743 1742 1744
f 1743 1744 1745
f 1745 1744 1746
f 1745 1746 1747
f 1747 1746 1748
f 1747 1748 1749
f 1749 1748 1750
f 1749 1750 1751
f 1751 1750 1752
f 1751 1752 1753
f 1753 1752 1754
f 1753 1754 1755
f 1755 1754 1756
f 1755 1756 1757
f 1757 1756 1758
f 1757 1758 1759
f 1759 1758 1760
f 1759 1760 1761
f 1761 1760 1762
f 1761 1762 1763
f 1763 1762 1764
f 1763 1764 1765
f 1765 1764 1766
f 1765 1766 1767
f 1767 1766 1768
f 1767 1768 1769
f 1769 1768 1770
f 1769 1770 1771
f 1771 1770 1772
f 1771 1772 1773
f 1773 1772 1774
f 1773 1774 1775
f 1775 1774 1776
f 1775 1776 1729
f 1729 1776 1730
f 1777 1778 1779
f 1779 1778 1780
f 1779 1780 1781
f 1781 1780 1782
f 1781 1782 1783
f 1783 1782 1784
f 1783 1784 1785
f 1785 1784 1786
f 1785 1786 1787
f 1787 1786 1788
f 1787 1788 1789
f 1789 1788 1790
f 1789 1790 1791
f 1791 1790 1792
f 1791 1792 1793
f 1793 1792 1794
f 1793 1794 1795
f 1795 1794 1796
f 1795 1796 1797
f 1797 1796 1798
f 1797 1798 1799
f 1799 1798 1800
f 1799 1800 1801
f 1801 1800 1802
f 1801 1802 1803
f 1803 1802 1804
f 1803 1804 1805
f 1805 1804 1806
f 1805 1806 1807
f 1807 1806 1808
f 1807 1808 1809
f 1809 1808 1810
f 1809 1810 1811
f 1811 1810 1812
f 1811 1812 1813
f 1813 1812 1814
f 1813 1814 1815
f 1815 1814 1816
f 1815 1816 1817
f 1817 1816 1818
f 1817 1818 1819
f 1819 1818 1820
f 1819 1820 1821
f 1821 1820 1822
f 1821 1822 1823
f 1823 1822 1824
f 1823 1824 1777
f 1777 1824 1778
f 1825 1826 1827
f 1827 1826 1828
f 1827 1828 1829
f 1829 1828 1830
f 1829 1830 1831
f 1831 1830 1832
f 1831 1832 1833
f 1833 1832 1834
f 1833 1834 1835
f 1835 1834 1836
f 1835 1836 1837
f 1837 1836 1838
f 1837 1838 1839
f 1839 1838 1840
f 1839 1840 1841
f 1841 1840 1842
f 1841 1842 1843
f 1843 1842 1844
f 1843 1844 1845
f 1845 1844 1846
f 1845 1846 1847
f 1847 1846 1848
f 1847 1848 1849
f 1849 1848 1850
f 1849 1850 1851
f 1851 1850 1852
f 1851 1852 1853
f 1853 1852 1854
f 1853 1854 1855
f 1855 1854 1856
f 1855 1856 1857
f 1857 1856 1858
f 1857 1858 1859
f 1859 1858 1860
f 1859 1860 1861
f 1861 1860 1862
f 1861 1862 1863
f 1863 1862 1864
f 1863 1864 1865
f 1865 1864 1866
f 1865 1866 1867
f 1867 1866 1868
f 1867 1868 1869
f 1869 1868 1870
f 1869 1870 1871
f 1871 1870 1872
f 1871 1872 1825
f 1825 1872 1826
f 1873 1874 1875
f 1875 1874 1876
f 1875 1876 1877
f 1877 1876 1878
f 1877 1878 1879
f 1879 1878 1880
f 1879 1880 1881
f 1881 1880 1882
f 1881 1882 1883
f 1883 1882 1884
f 1883 1884 1885
f 1885 1884 1886
f 1885 1886 1887
f 1887 1886 1888
f 1887 1888 1889
f 1889 1888 1890
f 1889 1890 1891
f 1891 1890 1892
f 1891 1892 1893
f 1893 1892 1894
f 1893 1894 1895
f 1895 1894 1896
f 1895 1896 1897
f 1897 1896 1898
f 1897 1898 1899
f 1899 1898 1900
f 1899 1900 1901
f 1901 1900 1902
f 1901 1902 1903
f 1903 1902 1904
f 1903 1904 1905
f 1905 1904 1906
f 1905 1906 1907
f 1907 1906 1908
f 1907 1908 1909
f 1909 1908 1910
f 1909 1910 1911
f 1911 1910 1912
f 1911 1912 1913
f 1913 1912 1914
f 1913 1914 1915
f 1915 1914 1916
f 1915 1916 1917
f 1917 1916 1918
f 1917 1918 1919
f 1919 1918 1920
f 1919 1920 1873
f 1873 1920 1874
f 1921 1922 1923
f 1923 1922 1924
f 1923 1924 1925
f 1925 1924 1926
f 1925 1926 1927
f 1927 1926 1928
f 1927 1928 1929
f 1929 1928 1930
f 1929 1930 1931
f 1931 1930 1932
f 1931 1932 1933
f 1933 1932 1934
f 1933 1934 1935
f 1935 1934 1936
f 1935 1936 1937
f 1937 1936 1938
f 1937 1938 1939
f 1939 1938 1940
f 1939 1940 1941
f 1941 1940 1942
f 1941 1942 1943
f 1943 1942 1944
f 1943 1944 1945
f 1945 1944 1946
f 1945 1946 1947
f 1947 1946 1948
f 1947 1948 1949
f 1949 1948 1950
f 1949 1950 1951
f 1951 1950 1952
f 1951 1952 1953
f 1953 1952 1954
f 1953 1954 1955
f 1955 1954 1956
f 1955 1956 1957
f 1957 1956 1958
f 1957 1958 1959
f 1959 1958 1960
f 1959 1960 1961
f 1961 1960 1962
f 1961 1962 1963
f 1963 1962 1964
f 1963 1964 1965
f 1965 1964 1966
f 1965 1966 1967
f 1967 1966 1968
f 1967 1968 1921
f 1921 1968 1922
f 1969 1970 1971
f 1971 1970 1972
f 1971 1972 1973
f 1973 1972 1974
f 1973 1974 1975
f 1975 1974 1976
f 1975 1976 1977
f 1977 1976 1978
f 1977 1978 1979
f 1979 1978 1980
f 1979 1980 1981
f 1981 1980 1982
f 1981 1982 1983
f 1983 1982 1984
f 1983 1984 1985
f 1985 1984 1986
f 1985 1986 1987
f 1987 1986 1988
f 1987 1988 1989
f 1989 1988 1990
f 1989 1990 1991
f 1991 1990 1992
f 1991 1992 1993
f 1993 1992 1994
f 1993 1994 1995
f 1995 1994 1996
f 1995 1996 1997
f 1997 1996 1998
f 1997 1998 1999
f 1999 1998 2000
f 1999 2000 2001
f 2001 2000 2002
f 2001 2002 2003
f 2003 2002 2004
f 2003 2004 2005
f 2005 2004 2006
f 2005 2006 2007
f 2007 2006 2008
f 2007 2008 2009
f 2009 2008 2010
f 2009 2010 2011
f 2011 2010 2012
f 2011 2012 2013
f 2013 2012 2014
f 2013 2014 2015
f 2015 2014 2016
f 2015 2016 1969
f 1969 2016 1970
f 2017 2018 2019
f 2019 2018 2020
f 2019 2020 2021
f 2021 2020 2022
f 2021 2022 2023
f 2023 2022 2024
f 2023 2024 2025
f 2025 2024 2026
f 2025 2026 2027
f 2027 2026 2028
f 2027 2028 2029
f 2029 2028 2030
f 2029 2030 2031
f 2031 2030 2032
f 2031 2032 2033
f 2033 2032 2034
f 2033 2034 2035
f 2035 2034 2036
f 2035 2036 2037
f 2037 2036 2038
f 2037 2038 2039
f 2039 2038 2040
f 2039 2040 2041
f 2041 2040 2042
f 2041 2042 2043
f 2043 2042 2044
f 2043 2044 2045
f 2045 2044 2046
f 2045 2046 2047
f 2047 2046 2048
f 2047 2048 2049
f 2049 2048 2050
f 2049 2050 2051
f 2051 2050 2052
f 2051 2052 2053
f 2053 2052 2054
f 2053 2054 2055
f 2055 2054 2056
f 2055 2056 2057
f 2057 2056 2058
f 2057 2058 2059
f 2059 2058 2060
f 2059 2060 2061
f 2061 2060 2062
f 2061 2062 2063
f 2063 2062 2064
f 2063 2064 2017
f 2017 2064 2018
f 2065 2066 2067
f 2067 2066 2068
f 2067 2068 2069
f 2069 2068 2070
f 2069 2070 2071
f 2071 2070 2072
f 2071 2072 2073
f 2073 2072 2074
f 2073 2074 2075
f 2075 2074 2076
f 2075 2076 2077
f 2077 2076 2078
f 2077 2078 2079
f 2079 2078 2080
f 2079 2080 2081
f 2081 2080 2082
f 2081 2082 2083
f 2083 2082 2084
f 2083 2084 2085
f 2085 2084 2086
f 2085 2086 2087
f 2087 2086 2088
f 2087 2088 2089
f 2089 2088 2090
f 2089 2090 2091
f 2091 2090 2092
f 2091 2092 2093
f 2093 2092 2094
f 2093 2094 2095
f 2095 2094 2096
f 2095 2096 2097
f 2097 2096 2098
f 2097 2098 2099
f 2099 2098 2100
f 2099 2100 2101
f 2101 2100 2102
f 2101 2102 2103
f 2103 2102 2104
f 2103 2104 2105
f 2105 2104 2106
f 2105 2106 2107
f 2107 2106 2108
f 2107 2108 2109
f 2109 2108 2110
f 2109 2110 2111
f 2111 2110 2112
f 2111 2112 2065
f 2065 2112 2066
f 2113 2114 2115
f 2115 2114 2116
f 2115 2116 2117
f 2117 2116 2118
f 2117 2118 2119
f 2119 2118 2120
f 2119 2120 2121
f 2121 2120 2122
f 2121 2122 2123
f 2123 2122 2124
f 2123 2124 2125
f 2125 2124 2126
f 2125 2126 2127
f 2127 2126 2128
f 2127 2128 2129
f 2129 2128 2130
f 2129 2130 2131
f 2131 2130 2132
f 2131 2132 2133
f 2133 2132 2134
f 2133 2134 2135
f 2135 2134 2136
f 2135 2136 2137
f 2137 2136 2138
f 2137 2138 2139
f 2139 2138 2140
f 2139 2140 2141
f 2141 2140 2142
f 2141 2142 2143
f 2143 2142 2144
f 2143 2144 2145
f 2145 2144 2146
f 2145 2146 2147
f 2147 2146 2148
f 2147 2148 2149
f 2149 2148 2150
f 2149 2150 2151
f 2151 2150 2152
f 2151 2152 2153
f 2153 2152 2154
f 2153 2154 2155
f 2155 2154 2156
f 2155 2156 2157
f 2157 2156 2158
f 2157 2158 2159
f 2159 2158 2160
f 2159 2160 2113
f 2113 2160 2114
f 2161 2162 2163
f 2163 2162 2164
f 2163 2164 2165
f 2165 2164 2166
f 2165 2166 2167
f 2167 2166 2168
f 2167 2168 2169
f 2169 2168 2170
f 2169 2170 2171
f 2171 2170 2172
f 2171 2172 2173
f 2173 2172 2174
f 2173 2174 2175
f 2162 2161 2176
f 2176 2161 2177
f 2176 2177 2178
f 2178 2177 2179
f 2178 2179 2180
f 2180 2179 2181
f 2180 2181 2182
f 2182 2181 2183
f 2182 2183 2184
f 2174 2185 2184
f 2184 2185 2186
f 2184 2186 2187
f 2187 2186 2188
f 2187 2188 2180
f 2180 2188 2178
f 2173 2175 2189
f 2189 2175 2190
f 2189 2190 2191
f 2191 2190 2192
f 2191 2192 2193
f 2193 2192 2194
f 2193 2194 2195
f 2195 2194 2196
f 2195 2196 2197
f 2163 2198 2197
f 2197 2198 2199
f 2197 2199 2200
f 2200 2199 2201
f 2200 2201 2193
f 2193 2201 2191
f 2198 2163 2165
f 2164 2162 2202
f 2202 2162 2176
f 2202 2176 2203
f 2203 2176 2178
f 2203 2178 2188
f 2165 2167 2198
f 2198 2167 2204
f 2198 2204 2199
f 2199 2204 2201
f 2195 2197 2200
f 2193 2195 2200
f 2164 2202 2166
f 2166 2202 2205
f 2166 2205 2168
f 2168 2205 2206
f 2168 2206 2170
f 2170 2206 2207
f 2170 2207 2172
f 2172 2207 2174
f 2205 2202 2203
f 2167 2169 2204
f 2204 2169 2208
f 2204 2208 2201
f 2201 2208 2191
f 2205 2203 2209
f 2209 2203 2188
f 2209 2188 2186
f 2189 2191 2208
f 2189 2208 2171
f 2171 2208 2169
f 2187 2180 2182
f 2205 2209 2206
f 2206 2209 2185
f 2206 2185 2207
f 2207 2185 2174
f 2185 2209 2186
f 2173 2189 2171
f 2184 2187 2182
f 2197 1839 2163
f 2163 1839 1841
f 2163 1841 1645
f 1645 1841 1643
f 1643 1841 1843
f 1643 1843 1641
f 1641 1843 1845
f 1641 1845 1639
f 1639 1845 1847
f 1639 1847 1637
f 1637 1847 1849
f 1637 1849 1635
f 1635 1849 1851
f 1635 1851 1633
f 1633 1851 1853
f 1633 1853 1679
f 1679 1853 1855
f 1679 1855 1595
f 1595 1855 1699
f 1595 1699 1889
f 1889 1699 1701
f 1889 1701 1887
f 1887 1701 1703
f 1887 1703 1885
f 1885 1703 1883
f 1883 1703 1705
f 1883 1705 1881
f 1881 1705 1879
f 1879 1705 1877
f 1877 1705 1707
f 1877 1707 1875
f 1875 1707 1873
f 1873 1707 1709
f 1873 1709 1919
f 1919 1709 1917
f 1917 1709 1915
f 1915 1709 1711
f 1915 1711 1913
f 1913 1711 1911
f 1911 1711 1713
f 1911 1713 1909
f 1909 1713 1715
f 1909 1715 1927
f 1927 1715 2039
f 1927 2039 1925
f 1925 2039 2041
f 1925 2041 1923
f 1923 2041 2043
f 1923 2043 1921
f 1921 2043 2045
f 1921 2045 1967
f 1967 2045 2047
f 1967 2047 1965
f 1965 2047 2049
f 1965 2049 1963
f 1963 2049 2051
f 1963 2051 1961
f 1961 2051 2053
f 1961 2053 2210
f 2210 2053 2055
f 2210 2055 2211
f 2211 2055 2057
f 2211 2057 1765
f 1765 2057 1763
f 1763 2057 2059
f 1763 2059 1761
f 1761 2059 2061
f 1761 2061 1759
f 1759 2061 2063
f 1759 2063 1757
f 1757 2063 2017
f 1757 2017 1755
f 1755 2017 2019
f 1755 2019 1753
f 1753 2019 2021
f 1753 2021 1751
f 1751 2021 2023
f 1751 2023 2147
f 2147 2023 1723
f 2147 1723 1529
f 1529 1723 1725
f 1529 1725 1527
f 1527 1725 1727
f 1527 1727 1525
f 1525 1727 1523
f 1523 1727 1681
f 1523 1681 1521
f 1521 1681 1519
f 1519 1681 1517
f 1517 1681 1683
f 1517 1683 1515
f 1515 1683 1513
f 1513 1683 1685
f 1513 1685 1511
f 1511 1685 1509
f 1509 1685 1507
f 1507 1685 1687
f 1507 1687 1505
f 1505 1687 1503
f 1503 1687 1689
f 1503 1689 1501
f 1501 1689 1691
f 1501 1691 1807
f 1807 1691 1871
f 1807 1871 1805
f 1805 1871 1825
f 1805 1825 1803
f 1803 1825 1827
f 1803 1827 1801
f 1801 1827 1829
f 1801 1829 1799
f 1799 1829 1831
f 1799 1831 1797
f 1797 1831 1833
f 1797 1833 1795
f 1795 1833 1835
f 1795 1835 1793
f 1793 1835 1837
f 1793 1837 2197
f 2197 1837 1839
f 2211 1443 2197
f 2197 1443 1445
f 2197 1445 1447
f 2163 1995 2210
f 2210 1995 1997
f 2210 1997 1999
f 2117 1465 2115
f 2115 1465 1467
f 2115 1467 1469
f 2119 1459 2117
f 2117 1459 1461
f 2117 1461 1463
f 2121 1455 2119
f 2119 1455 1457
f 2119 1457 1459
f 1455 2121 1453
f 1453 2121 2123
f 1453 2123 1823
f 1823 2123 1821
f 1821 2123 1819
f 1819 2123 2125
f 1819 2125 1817
f 1817 2125 2127
f 1817 2127 1815
f 1815 2127 1813
f 1813 2127 2129
f 1813 2129 1811
f 1811 2129 2131
f 1811 2131 1809
f 1809 2131 1807
f 1807 2131 1501
f 1501 2131 2081
f 2081 2131 2133
f 2081 2133 2079
f 2079 2133 2135
f 2079 2135 2077
f 2077 2135 2075
f 2075 2135 2137
f 2075 2137 2073
f 2073 2137 2071
f 2071 2137 2069
f 2069 2137 2139
f 2069 2139 2067
f 2067 2139 2065
f 2065 2139 2141
f 2065 2141 2111
f 2111 2141 2109
f 2109 2141 2107
f 2107 2141 2143
f 2107 2143 2105
f 2105 2143 2103
f 2103 2143 2145
f 2103 2145 2101
f 2101 2145 2147
f 2101 2147 1529
f 2149 1747 2147
f 2147 1747 1749
f 2147 1749 1751
f 1747 2149 1745
f 1745 2149 2151
f 1745 2151 1743
f 1743 2151 1741
f 1741 2151 2153
f 1741 2153 1739
f 1739 2153 2155
f 1739 2155 1737
f 1737 2155 1735
f 1735 2155 1481
f 1735 1481 1733
f 1733 1481 1731
f 1731 1481 2211
f 1731 2211 1729
f 1729 2211 1775
f 1775 2211 1773
f 1773 2211 1771
f 1771 2211 1769
f 1769 2211 1767
f 1767 2211 1765
f 2155 2157 1481
f 1481 2157 1479
f 1479 2157 2159
f 1479 2159 1477
f 1477 2159 1475
f 1475 2159 2113
f 1475 2113 1473
f 1473 2113 1471
f 1471 2113 1469
f 1469 2113 2115
f 1501 2081 1499
f 1499 2081 2083
f 1499 2083 1497
f 1497 2083 2085
f 1497 2085 1495
f 1495 2085 2087
f 1495 2087 1493
f 1493 2087 2089
f 1493 2089 1491
f 1491 2089 2091
f 1491 2091 1489
f 1489 2091 2093
f 1489 2093 1535
f 1535 2093 2095
f 1535 2095 1533
f 1533 2095 2097
f 1533 2097 1531
f 1531 2097 2099
f 1531 2099 1529
f 1529 2099 2101
f 2023 2025 1723
f 1723 2025 2027
f 1723 2027 1721
f 1721 2027 2029
f 1721 2029 1719
f 1719 2029 2031
f 1719 2031 2033
f 1719 2033 1717
f 1717 2033 2035
f 1717 2035 1715
f 1715 2035 2037
f 1715 2037 2039
f 1969 1971 1611
f 1611 1971 1973
f 1611 1973 1609
f 1609 1973 1975
f 1609 1975 1977
f 1977 1979 1609
f 1609 1979 1607
f 1607 1979 1981
f 1607 1981 1983
f 1607 1983 1605
f 1605 1983 1985
f 1605 1985 1603
f 1603 1985 1663
f 1603 1663 1665
f 1987 2163 1985
f 1985 2163 1659
f 1985 1659 1661
f 1987 1989 2163
f 2163 1989 1991
f 2163 1991 1993
f 1993 1995 2163
f 1999 2001 2210
f 2210 2001 2003
f 2210 2003 2005
f 2007 1617 2005
f 2005 1617 1619
f 2005 1619 1943
f 1943 1619 1941
f 1941 1619 1939
f 1939 1619 1621
f 1939 1621 1937
f 1937 1621 1623
f 1937 1623 1935
f 1935 1623 1933
f 1933 1623 1625
f 1933 1625 1931
f 1931 1625 1627
f 1931 1627 1929
f 1929 1627 1927
f 1927 1627 1909
f 1617 2007 1615
f 1615 2007 2009
f 1615 2009 2011
f 1615 2011 1613
f 1613 2011 2013
f 1613 2013 2015
f 2015 1969 1613
f 1613 1969 1611
f 1943 1945 2005
f 2005 1945 1947
f 2005 1947 2210
f 2210 1947 1949
f 2210 1949 1951
f 1951 1953 2210
f 2210 1953 1955
f 2210 1955 1957
f 1957 1959 2210
f 2210 1959 1961
f 1891 1547 1889
f 1889 1547 1549
f 1889 1549 1595
f 1595 1549 1593
f 1593 1549 1551
f 1593 1551 1591
f 1591 1551 1553
f 1591 1553 1555
f 1547 1891 1545
f 1545 1891 1893
f 1545 1893 1543
f 1543 1893 1895
f 1543 1895 1541
f 1541 1895 1897
f 1541 1897 1539
f 1539 1897 1899
f 1539 1899 1537
f 1537 1899 1901
f 1537 1901 1583
f 1583 1901 1903
f 1583 1903 1581
f 1581 1903 1905
f 1581 1905 1579
f 1579 1905 1907
f 1579 1907 1577
f 1577 1907 1909
f 1577 1909 1627
f 1855 1857 1699
f 1699 1857 1859
f 1699 1859 1697
f 1697 1859 1861
f 1697 1861 1695
f 1695 1861 1863
f 1695 1863 1865
f 1695 1865 1693
f 1693 1865 1867
f 1693 1867 1691
f 1691 1867 1869
f 1691 1869 1871
f 1781 2197 1779
f 1779 2197 1453
f 1779 1453 1777
f 1777 1453 1823
f 1781 1783 2197
f 2197 1783 1785
f 2197 1785 1787
f 1787 1789 2197
f 2197 1789 1791
f 2197 1791 1793
f 1645 1647 2163
f 2163 1647 1649
f 2163 1649 1651
f 1651 1653 2163
f 2163 1653 1655
f 2163 1655 1657
f 1657 1659 2163
f 1661 1663 1985
f 1665 1667 1603
f 1603 1667 1601
f 1601 1667 1669
f 1601 1669 1599
f 1599 1669 1671
f 1599 1671 1673
f 1599 1673 1597
f 1597 1673 1675
f 1597 1675 1595
f 1595 1675 1677
f 1595 1677 1679
f 1589 1561 1587
f 1587 1561 1563
f 1587 1563 1565
f 1591 1555 1589
f 1589 1555 1557
f 1589 1557 1559
f 1627 1629 1577
f 1577 1629 1575
f 1575 1629 1631
f 1575 1631 1573
f 1573 1631 1571
f 1571 1631 1585
f 1571 1585 1569
f 1569 1585 1567
f 1567 1585 1565
f 1565 1585 1587
f 1559 1561 1589
f 1447 1449 2197
f 2197 1449 1451
f 2197 1451 1453
f 1463 1465 2117
f 1481 1483 2211
f 2211 1483 1485
f 2211 1485 1487
f 1487 1441 2211
f 2211 1441 1443
f 2211 2197 2212
f 2212 2197 2196
f 2212 2196 2194
f 2194 2192 2212
f 2212 2192 2190
f 2212 2190 2175
f 2175 2174 2212
f 2212 2174 2213
f 2212 2213 2214
f 2212 2215 2211
f 2211 2215 2216
f 2216 2215 2217
f 2217 2215 2218
f 2218 2215 2219
f 2219 2215 2220
f 2220 2215 2221
f 2221 2215 2222
f 2222 2215 2223
f 2224 2225 2226
f 2226 2225 2227
f 2226 2227 2228
f 2228 2227 2229
f 2228 2229 2230
f 2230 2229 2231
f 2230 2231 2232
f 2232 2231 2233
f 2232 2233 2234
f 2234 2233 2235
f 2234 2235 2236
f 2236 2235 2211
f 2236 2211 2216
f 2225 2224 2237
f 2237 2224 2238
f 2237 2238 2239
f 2239 2238 2240
f 2239 2240 2241
f 2241 2240 2242
f 2241 2242 2243
f 2243 2242 2244
f 2243 2244 2210
f 2211 2245 2210
f 2210 2245 2246
f 2210 2246 2247
f 2247 2246 2248
f 2247 2248 2241
f 2241 2248 2239
f 2236 2216 2249
f 2249 2216 2217
f 2249 2217 2250
f 2250 2217 2218
f 2250 2218 2251
f 2251 2218 2219
f 2251 2219 2252
f 2252 2219 2220
f 2252 2220 2221
f 2226 2253 2221
f 2221 2253 2254
f 2221 2254 2255
f 2255 2254 2256
f 2255 2256 2251
f 2251 2256 2250
f 2253 2226 2228
f 2227 2225 2257
f 2257 2225 2237
f 2257 2237 2258
f 2258 2237 2239
f 2258 2239 2248
f 2228 2230 2253
f 2253 2230 2259
f 2253 2259 2254
f 2254 2259 2256
f 2252 2221 2255
f 2251 2252 2255
f 2227 2257 2229
f 2229 2257 2260
f 2229 2260 2231
f 2231 2260 2261
f 2231 2261 2233
f 2233 2261 2262
f 2233 2262 2235
f 2235 2262 2211
f 2260 2257 2258
f 2230 2232 2259
f 2259 2232 2263
f 2259 2263 2256
f 2256 2263 2250
f 2260 2258 2264
f 2264 2258 2248
f 2264 2248 2246
f 2249 2250 2263
f 2249 2263 2234
f 2234 2263 2232
f 2247 2241 2243
f 2260 2264 2261
f 2261 2264 2245
f 2261 2245 2262
f 2262 2245 2211
f 2245 2264 2246
f 2236 2249 2234
f 2210 2247 2243
f 2221 855 2226
f 2226 855 857
f 2226 857 1429
f 1429 857 1427
f 1427 857 859
f 1427 859 1425
f 1425 859 861
f 1425 861 1423
f 1423 861 863
f 1423 863 1421
f 1421 863 817
f 1421 817 1419
f 1419 817 819
f 1419 819 1241
f 1241 819 821
f 1241 821 823
f 2222 1133 2221
f 2221 1133 1135
f 2221 1135 1137
f 2265 363 2222
f 2222 363 365
f 2222 365 367
f 2266 359 2265
f 2265 359 361
f 2265 361 363
f 2267 355 2266
f 2266 355 357
f 2266 357 359
f 355 2267 353
f 353 2267 2268
f 353 2268 2269
f 2269 2270 353
f 353 2270 351
f 351 2270 349
f 349 2270 347
f 347 2270 547
f 347 547 345
f 345 547 549
f 345 549 343
f 343 549 551
f 343 551 341
f 341 551 553
f 341 553 339
f 339 553 555
f 339 555 445
f 445 555 929
f 445 929 443
f 443 929 931
f 443 931 441
f 441 931 933
f 441 933 439
f 439 933 935
f 439 935 437
f 437 935 937
f 437 937 435
f 435 937 939
f 435 939 433
f 433 939 941
f 433 941 479
f 479 941 943
f 479 943 477
f 477 943 945
f 477 945 475
f 475 945 947
f 475 947 473
f 473 947 949
f 473 949 243
f 243 949 843
f 243 843 241
f 241 843 845
f 241 845 287
f 287 845 847
f 287 847 285
f 285 847 849
f 285 849 283
f 283 849 851
f 283 851 281
f 281 851 853
f 281 853 2221
f 2221 853 855
f 2271 543 2270
f 2270 543 545
f 2270 545 547
f 2272 61 2271
f 2271 61 63
f 2271 63 65
f 2272 2273 61
f 61 2273 2274
f 61 2274 59
f 59 2274 2275
f 59 2275 57
f 57 2275 55
f 55 2275 2276
f 55 2276 53
f 53 2276 51
f 51 2276 2277
f 51 2277 49
f 49 2277 95
f 95 2277 93
f 93 2277 731
f 93 731 91
f 91 731 733
f 91 733 89
f 89 733 735
f 89 735 87
f 87 735 85
f 85 735 737
f 85 737 83
f 83 737 739
f 83 739 81
f 81 739 79
f 79 739 1311
f 79 1311 1313
f 2226 625 2277
f 2277 625 627
f 2277 627 629
f 1393 1395 665
f 665 1395 1397
f 665 1397 1399
f 1401 763 1399
f 1399 763 663
f 1399 663 665
f 1401 1403 763
f 763 1403 761
f 761 1403 1405
f 761 1405 759
f 759 1405 1407
f 759 1407 1409
f 759 1409 757
f 757 1409 1411
f 757 1411 755
f 755 1411 1413
f 755 1413 1415
f 1417 1333 1415
f 1415 1333 1335
f 1415 1335 755
f 755 1335 753
f 753 1335 1337
f 753 1337 751
f 751 1337 1339
f 751 1339 749
f 749 1339 1341
f 749 1341 1343
f 1417 1419 1333
f 1333 1419 1241
f 1333 1241 1243
f 1429 1431 2226
f 2226 1431 1433
f 2226 1433 1435
f 1435 1437 2226
f 2226 1437 1439
f 2226 1439 667
f 667 1439 1393
f 667 1393 665
f 1297 1299 747
f 747 1299 1301
f 747 1301 745
f 745 1301 1303
f 745 1303 1305
f 1305 1307 745
f 745 1307 743
f 743 1307 1309
f 743 1309 741
f 741 1309 1311
f 741 1311 739
f 1315 1213 1313
f 1313 1213 531
f 1313 531 75
f 75 531 73
f 73 531 533
f 73 533 71
f 71 533 535
f 71 535 69
f 69 535 537
f 69 537 67
f 67 537 539
f 67 539 2271
f 2271 539 541
f 2271 541 543
f 1213 1315 1211
f 1211 1315 1317
f 1211 1317 1209
f 1209 1317 1319
f 1209 1319 1207
f 1207 1319 1321
f 1207 1321 1205
f 1205 1321 1323
f 1205 1323 1203
f 1203 1323 1325
f 1203 1325 1201
f 1201 1325 1327
f 1201 1327 1247
f 1247 1327 1329
f 1247 1329 1245
f 1245 1329 1331
f 1245 1331 1243
f 1243 1331 1333
f 1343 1297 749
f 749 1297 747
f 1215 575 1213
f 1213 575 529
f 1213 529 531
f 1217 153 1215
f 1215 153 155
f 1215 155 575
f 575 155 573
f 573 155 571
f 571 155 157
f 571 157 569
f 569 157 159
f 569 159 567
f 567 159 565
f 565 159 161
f 565 161 563
f 563 161 163
f 563 163 561
f 561 163 559
f 559 163 927
f 559 927 929
f 153 1217 151
f 151 1217 1219
f 151 1219 149
f 149 1219 1221
f 149 1221 1223
f 1223 1225 149
f 149 1225 147
f 147 1225 1227
f 147 1227 1229
f 147 1229 145
f 145 1229 1231
f 145 1231 1233
f 1233 1235 145
f 145 1235 191
f 191 1235 1237
f 191 1237 189
f 189 1237 1239
f 189 1239 187
f 187 1239 823
f 187 823 825
f 1239 1241 823
f 1105 1107 1035
f 1035 1107 1109
f 1035 1109 1033
f 1033 1109 1111
f 1033 1111 1113
f 1113 1115 1033
f 1033 1115 1031
f 1031 1115 1117
f 1031 1117 1029
f 1029 1117 1119
f 1029 1119 2222
f 2222 1119 1121
f 2222 1121 1123
f 1123 1125 2222
f 2222 1125 1127
f 2222 1127 1129
f 1129 1131 2222
f 2222 1131 1133
f 1137 1139 2221
f 2221 1139 271
f 2221 271 273
f 271 1139 269
f 269 1139 1141
f 269 1141 267
f 267 1141 265
f 265 1141 263
f 263 1141 1143
f 263 1143 1043
f 1043 1143 1041
f 1041 1143 1145
f 1041 1145 1039
f 1039 1145 1147
f 1039 1147 1037
f 1037 1147 1149
f 1037 1149 1151
f 1151 1105 1037
f 1037 1105 1035
f 1013 457 1011
f 1011 457 459
f 1011 459 461
f 1015 451 1013
f 1013 451 453
f 1013 453 455
f 451 1015 449
f 449 1015 1017
f 449 1017 447
f 447 1017 1019
f 447 1019 383
f 383 1019 381
f 381 1019 379
f 379 1019 1021
f 379 1021 377
f 377 1021 1023
f 377 1023 375
f 375 1023 373
f 373 1023 1025
f 373 1025 371
f 371 1025 1027
f 371 1027 369
f 369 1027 2222
f 369 2222 367
f 1027 1029 2222
f 1045 259 1043
f 1043 259 261
f 1043 261 263
f 259 1045 257
f 257 1045 1047
f 257 1047 255
f 255 1047 253
f 253 1047 1049
f 253 1049 251
f 251 1049 1051
f 251 1051 249
f 249 1051 247
f 247 1051 473
f 247 473 245
f 245 473 243
f 473 1051 471
f 471 1051 1053
f 471 1053 1055
f 1009 467 1055
f 1055 467 469
f 1055 469 471
f 1011 461 1009
f 1009 461 463
f 1009 463 465
f 913 915 171
f 171 915 917
f 171 917 169
f 169 917 919
f 169 919 921
f 921 923 169
f 169 923 167
f 167 923 925
f 167 925 165
f 165 925 927
f 165 927 163
f 951 839 949
f 949 839 841
f 949 841 843
f 953 177 951
f 951 177 179
f 951 179 839
f 839 179 837
f 837 179 835
f 835 179 181
f 835 181 833
f 833 181 183
f 833 183 831
f 831 183 829
f 829 183 185
f 829 185 827
f 827 185 187
f 827 187 825
f 177 953 175
f 175 953 955
f 175 955 173
f 173 955 957
f 173 957 959
f 959 913 173
f 173 913 171
f 725 649 723
f 723 649 651
f 723 651 653
f 727 643 725
f 725 643 645
f 725 645 647
f 643 727 641
f 641 727 729
f 641 729 639
f 639 729 2277
f 639 2277 637
f 637 2277 635
f 635 2277 633
f 633 2277 631
f 631 2277 629
f 729 731 2277
f 763 765 663
f 663 765 661
f 661 765 767
f 661 767 659
f 659 767 721
f 659 721 657
f 657 721 655
f 655 721 653
f 653 721 723
f 647 649 725
f 667 669 2226
f 2226 669 671
f 2226 671 625
f 555 557 929
f 929 557 559
f 447 383 445
f 445 383 337
f 445 337 339
f 455 457 1013
f 465 467 1009
f 273 275 2221
f 2221 275 277
f 2221 277 279
f 279 281 2221
f 65 67 2271
f 75 77 1313
f 1313 77 79
f 2278 2277 2279
f 2279 2277 2276
f 2279 2276 2280
f 2280 2276 2275
f 2280 2275 2281
f 2281 2275 2274
f 2281 2274 2282
f 2282 2274 2273
f 2282 2273 2283
f 2283 2273 2272
f 2283 2272 2284
f 2284 2272 2271
f 2279 52 2278
f 2278 52 50
f 2278 50 96
f 2280 56 2279
f 2279 56 54
f 2279 54 52
f 2281 60 2280
f 2280 60 58
f 2280 58 56
f 60 2281 62
f 62 2281 2282
f 62 2282 2283
f 2283 2284 62
f 62 2284 64
f 64 2284 66
f 66 2284 68
f 68 2284 540
f 68 540 70
f 70 540 538
f 70 538 72
f 72 538 536
f 72 536 74
f 74 536 534
f 74 534 76
f 76 534 532
f 76 532 1314
f 1314 532 1214
f 1314 1214 1316
f 1316 1214 1212
f 1316 1212 1318
f 1318 1212 1210
f 1318 1210 1320
f 1320 1210 1208
f 1320 1208 1322
f 1322 1208 1206
f 1322 1206 1324
f 1324 1206 1204
f 1324 1204 1326
f 1326 1204 1202
f 1326 1202 1328
f 1328 1202 1248
f 1328 1248 1330
f 1330 1248 1246
f 1330 1246 1332
f 1332 1246 1244
f 1332 1244 1334
f 1334 1244 1242
f 1334 1242 1420
f 1420 1242 820
f 1420 820 1422
f 1422 820 818
f 1422 818 1424
f 1424 818 864
f 1424 864 1426
f 1426 864 862
f 1426 862 1428
f 1428 862 860
f 1428 860 1430
f 1430 860 858
f 1430 858 2285
f 2285 858 856
f 2285 856 2215
f 2215 856 854
f 2215 854 282
f 282 854 284
f 284 854 852
f 284 852 286
f 286 852 850
f 286 850 288
f 288 850 848
f 288 848 242
f 242 848 846
f 242 846 244
f 244 846 844
f 244 844 950
f 950 844 842
f 950 842 840
f 2286 544 2284
f 2284 544 542
f 2284 542 540
f 2287 354 2286
f 2286 354 352
f 2286 352 350
f 2287 2288 354
f 354 2288 2289
f 354 2289 356
f 356 2289 2290
f 356 2290 358
f 358 2290 360
f 360 2290 2291
f 360 2291 362
f 362 2291 364
f 364 2291 2223
f 364 2223 366
f 366 2223 368
f 368 2223 370
f 370 2223 1028
f 370 1028 372
f 372 1028 1026
f 372 1026 374
f 374 1026 1024
f 374 1024 376
f 376 1024 378
f 378 1024 1022
f 378 1022 380
f 380 1022 1020
f 380 1020 382
f 382 1020 384
f 384 1020 448
f 384 448 446
f 2215 1134 2223
f 2223 1134 1132
f 2223 1132 1130
f 2278 626 2285
f 2285 626 672
f 2285 672 670
f 1398 1396 666
f 666 1396 1394
f 666 1394 668
f 668 1394 1440
f 668 1440 2285
f 2285 1440 1438
f 2285 1438 1436
f 1436 1434 2285
f 2285 1434 1432
f 2285 1432 1430
f 1420 1418 1334
f 1334 1418 1416
f 1334 1416 1336
f 1336 1416 756
f 1336 756 754
f 1416 1414 756
f 756 1414 1412
f 756 1412 758
f 758 1412 1410
f 758 1410 760
f 760 1410 1408
f 760 1408 1406
f 760 1406 762
f 762 1406 1404
f 762 1404 764
f 764 1404 1402
f 764 1402 1400
f 1398 666 1400
f 1400 666 664
f 1400 664 764
f 764 664 766
f 766 664 662
f 766 662 768
f 768 662 660
f 768 660 722
f 722 660 658
f 722 658 656
f 1302 1300 748
f 748 1300 1298
f 748 1298 750
f 750 1298 1344
f 750 1344 1342
f 1342 1340 750
f 750 1340 752
f 752 1340 1338
f 752 1338 754
f 754 1338 1336
f 1312 80 1314
f 1314 80 78
f 1314 78 76
f 1310 742 1312
f 1312 742 740
f 1312 740 80
f 80 740 82
f 82 740 84
f 84 740 738
f 84 738 86
f 86 738 736
f 86 736 88
f 88 736 90
f 90 736 734
f 90 734 92
f 92 734 732
f 92 732 94
f 94 732 2278
f 94 2278 96
f 742 1310 744
f 744 1310 1308
f 744 1308 746
f 746 1308 1306
f 746 1306 1304
f 1304 1302 746
f 746 1302 748
f 1240 824 1242
f 1242 824 822
f 1242 822 820
f 1238 190 1240
f 1240 190 188
f 1240 188 824
f 824 188 826
f 826 188 828
f 828 188 186
f 828 186 830
f 830 186 184
f 830 184 832
f 832 184 834
f 834 184 182
f 834 182 836
f 836 182 180
f 836 180 838
f 838 180 840
f 840 180 952
f 840 952 950
f 190 1238 192
f 192 1238 1236
f 192 1236 146
f 146 1236 1234
f 146 1234 1232
f 1232 1230 146
f 146 1230 148
f 148 1230 1228
f 148 1228 1226
f 148 1226 150
f 150 1226 1224
f 150 1224 1222
f 1222 1220 150
f 150 1220 152
f 152 1220 1218
f 152 1218 154
f 154 1218 1216
f 154 1216 156
f 156 1216 576
f 156 576 574
f 1216 1214 576
f 576 1214 530
f 530 1214 532
f 1110 1108 1036
f 1036 1108 1106
f 1036 1106 1038
f 1038 1106 1152
f 1038 1152 1150
f 1150 1148 1038
f 1038 1148 1040
f 1040 1148 1146
f 1040 1146 1042
f 1042 1146 1144
f 1042 1144 1044
f 1044 1144 264
f 1044 264 262
f 1144 1142 264
f 264 1142 266
f 266 1142 268
f 268 1142 270
f 270 1142 1140
f 270 1140 272
f 272 1140 2215
f 272 2215 274
f 274 2215 276
f 276 2215 278
f 278 2215 280
f 280 2215 282
f 1140 1138 2215
f 2215 1138 1136
f 2215 1136 1134
f 1130 1128 2223
f 2223 1128 1126
f 2223 1126 1124
f 1124 1122 2223
f 2223 1122 1120
f 2223 1120 1030
f 1030 1120 1118
f 1030 1118 1032
f 1032 1118 1116
f 1032 1116 1034
f 1034 1116 1114
f 1034 1114 1112
f 1112 1110 1034
f 1034 1110 1036
f 1010 462 1012
f 1012 462 460
f 1012 460 458
f 1056 468 1010
f 1010 468 466
f 1010 466 464
f 1054 472 1056
f 1056 472 470
f 1056 470 468
f 1054 1052 472
f 472 1052 474
f 474 1052 248
f 474 248 246
f 1050 252 1052
f 1052 252 250
f 1052 250 248
f 252 1050 254
f 254 1050 1048
f 254 1048 256
f 256 1048 258
f 258 1048 1046
f 258 1046 260
f 260 1046 1044
f 260 1044 262
f 1030 1028 2223
f 1020 1018 448
f 448 1018 450
f 450 1018 1016
f 450 1016 452
f 452 1016 1014
f 452 1014 454
f 454 1014 456
f 456 1014 458
f 458 1014 1012
f 918 916 172
f 172 916 914
f 172 914 174
f 174 914 960
f 174 960 958
f 958 956 174
f 174 956 176
f 176 956 954
f 176 954 178
f 178 954 952
f 178 952 180
f 244 950 474
f 474 950 948
f 474 948 476
f 476 948 946
f 476 946 478
f 478 946 944
f 478 944 480
f 480 944 942
f 480 942 434
f 434 942 940
f 434 940 436
f 436 940 938
f 436 938 438
f 438 938 936
f 438 936 440
f 440 936 934
f 440 934 442
f 442 934 932
f 442 932 444
f 444 932 930
f 444 930 446
f 446 930 556
f 446 556 340
f 340 556 342
f 342 556 554
f 342 554 344
f 344 554 552
f 344 552 346
f 346 552 550
f 346 550 348
f 348 550 548
f 348 548 2286
f 2286 548 546
f 2286 546 544
f 928 560 930
f 930 560 558
f 930 558 556
f 926 166 928
f 928 166 164
f 928 164 560
f 560 164 562
f 562 164 564
f 564 164 162
f 564 162 566
f 566 162 160
f 566 160 568
f 568 160 570
f 570 160 158
f 570 158 572
f 572 158 156
f 572 156 574
f 166 926 168
f 168 926 924
f 168 924 170
f 170 924 922
f 170 922 920
f 920 918 170
f 170 918 172
f 722 654 724
f 724 654 652
f 724 652 650
f 732 730 2278
f 2278 730 640
f 2278 640 638
f 640 730 642
f 642 730 728
f 642 728 644
f 644 728 726
f 644 726 646
f 646 726 648
f 648 726 650
f 650 726 724
f 630 628 2278
f 2278 628 626
f 670 668 2285
f 656 654 722
f 638 636 2278
f 2278 636 634
f 2278 634 632
f 632 630 2278
f 464 462 1010
f 340 338 446
f 446 338 384
f 350 348 2286
f 246 244 474
f 2284 2271 2286
f 2286 2271 2270
f 2292 2293 2294
f 2294 2293 2295
f 2294 2295 2296
f 2296 2295 2297
f 2296 2297 2298
f 2298 2297 2299
f 2298 2299 2300
f 2300 2299 2301
f 2300 2301 2302
f 2302 2301 2303
f 2302 2303 2304
f 2304 2303 2305
f 2184 783 2174
f 2174 783 785
f 2174 785 205
f 205 785 203
f 203 785 787
f 203 787 201
f 201 787 789
f 201 789 199
f 199 789 791
f 199 791 197
f 197 791 793
f 197 793 195
f 195 793 795
f 195 795 881
f 881 795 797
f 881 797 799
f 2305 581 2184
f 2184 581 583
f 2184 583 585
f 2303 3 2305
f 2305 3 5
f 2305 5 7
f 2301 47 2303
f 2303 47 1
f 2303 1 3
f 2299 43 2301
f 2301 43 45
f 2301 45 47
f 43 2299 41
f 41 2299 2297
f 41 2297 2295
f 2295 2293 41
f 41 2293 39
f 39 2293 37
f 37 2293 35
f 35 2293 523
f 35 523 33
f 33 523 525
f 33 525 31
f 31 525 527
f 31 527 29
f 29 527 481
f 29 481 27
f 27 481 483
f 27 483 1285
f 1285 483 1193
f 1285 1193 1283
f 1283 1193 1195
f 1283 1195 1281
f 1281 1195 1197
f 1281 1197 1279
f 1279 1197 1199
f 1279 1199 1277
f 1277 1199 1153
f 1277 1153 1275
f 1275 1153 1155
f 1275 1155 1273
f 1273 1155 1157
f 1273 1157 1271
f 1271 1157 1159
f 1271 1159 1269
f 1269 1159 1161
f 1269 1161 1267
f 1267 1161 1163
f 1267 1163 1265
f 1265 1163 1165
f 1265 1165 1371
f 1371 1165 771
f 1371 771 1369
f 1369 771 773
f 1369 773 1367
f 1367 773 775
f 1367 775 1365
f 1365 775 777
f 1365 777 1363
f 1363 777 779
f 1363 779 1361
f 1361 779 781
f 1361 781 2184
f 2184 781 783
f 2306 519 2293
f 2293 519 521
f 2293 521 523
f 2307 325 2306
f 2306 325 327
f 2306 327 329
f 2307 2308 325
f 325 2308 2309
f 325 2309 323
f 323 2309 2310
f 323 2310 321
f 321 2310 319
f 319 2310 2311
f 319 2311 317
f 317 2311 315
f 315 2311 2213
f 315 2213 313
f 313 2213 311
f 311 2213 309
f 309 2213 995
f 309 995 307
f 307 995 997
f 307 997 305
f 305 997 999
f 305 999 303
f 303 999 301
f 301 999 1001
f 301 1001 299
f 299 1001 1003
f 299 1003 297
f 297 1003 295
f 295 1003 423
f 295 423 425
f 2174 1081 2213
f 2213 1081 1083
f 2213 1083 1085
f 1345 1347 589
f 589 1347 1349
f 589 1349 587
f 587 1349 1351
f 587 1351 2184
f 2184 1351 1353
f 2184 1353 1355
f 1355 1357 2184
f 2184 1357 1359
f 2184 1359 1361
f 1371 1373 1265
f 1265 1373 1375
f 1265 1375 1263
f 1263 1375 691
f 1263 691 693
f 1375 1377 691
f 691 1377 1379
f 691 1379 689
f 689 1379 1381
f 689 1381 687
f 687 1381 1383
f 687 1383 1385
f 687 1385 685
f 685 1385 1387
f 685 1387 683
f 683 1387 1389
f 683 1389 1391
f 1345 589 1391
f 1391 589 591
f 1391 591 683
f 683 591 681
f 681 591 593
f 681 593 679
f 679 593 595
f 679 595 677
f 677 595 597
f 677 597 599
f 1249 1251 699
f 699 1251 1253
f 699 1253 697
f 697 1253 1255
f 697 1255 1257
f 1257 1259 697
f 697 1259 695
f 695 1259 1261
f 695 1261 693
f 693 1261 1263
f 1287 23 1285
f 1285 23 25
f 1285 25 27
f 1289 705 1287
f 1287 705 707
f 1287 707 23
f 23 707 21
f 21 707 19
f 19 707 709
f 19 709 17
f 17 709 711
f 17 711 15
f 15 711 13
f 13 711 713
f 13 713 11
f 11 713 715
f 11 715 9
f 9 715 2305
f 9 2305 7
f 705 1289 703
f 703 1289 1291
f 703 1291 701
f 701 1291 1293
f 701 1293 1295
f 1295 1249 701
f 701 1249 699
f 1167 815 1165
f 1165 815 769
f 1165 769 771
f 1169 105 1167
f 1167 105 107
f 1167 107 815
f 815 107 813
f 813 107 811
f 811 107 109
f 811 109 809
f 809 109 111
f 809 111 807
f 807 111 805
f 805 111 113
f 805 113 803
f 803 113 115
f 803 115 801
f 801 115 799
f 799 115 879
f 799 879 881
f 105 1169 103
f 103 1169 1171
f 103 1171 101
f 101 1171 1173
f 101 1173 1175
f 1175 1177 101
f 101 1177 99
f 99 1177 1179
f 99 1179 1181
f 99 1181 97
f 97 1181 1183
f 97 1183 1185
f 1185 1187 97
f 97 1187 143
f 143 1187 1189
f 143 1189 141
f 141 1189 1191
f 141 1191 139
f 139 1191 487
f 139 487 489
f 1191 1193 487
f 487 1193 485
f 485 1193 483
f 1057 1059 987
f 987 1059 1061
f 987 1061 985
f 985 1061 1063
f 985 1063 1065
f 1065 1067 985
f 985 1067 983
f 983 1067 1069
f 983 1069 981
f 981 1069 1071
f 981 1071 979
f 979 1071 223
f 979 223 225
f 1071 1073 223
f 223 1073 221
f 221 1073 219
f 219 1073 217
f 217 1073 1075
f 217 1075 215
f 215 1075 2174
f 215 2174 213
f 213 2174 211
f 211 2174 209
f 209 2174 207
f 207 2174 205
f 1075 1077 2174
f 2174 1077 1079
f 2174 1079 1081
f 1085 1087 2213
f 2213 1087 1089
f 2213 1089 1091
f 1091 1093 2213
f 2213 1093 1095
f 2213 1095 993
f 993 1095 1097
f 993 1097 991
f 991 1097 1099
f 991 1099 989
f 989 1099 1101
f 989 1101 1103
f 1103 1057 989
f 989 1057 987
f 965 409 963
f 963 409 411
f 963 411 413
f 967 403 965
f 965 403 405
f 965 405 407
f 969 399 967
f 967 399 401
f 967 401 403
f 969 971 399
f 399 971 397
f 397 971 239
f 397 239 193
f 973 235 971
f 971 235 237
f 971 237 239
f 235 973 233
f 233 973 975
f 233 975 231
f 231 975 229
f 229 975 977
f 229 977 227
f 227 977 979
f 227 979 225
f 993 995 2213
f 1003 1005 423
f 423 1005 421
f 421 1005 1007
f 421 1007 419
f 419 1007 961
f 419 961 417
f 417 961 415
f 415 961 413
f 413 961 963
f 865 867 123
f 123 867 869
f 123 869 121
f 121 869 871
f 121 871 873
f 873 875 121
f 121 875 119
f 119 875 877
f 119 877 117
f 117 877 879
f 117 879 115
f 195 881 397
f 397 881 883
f 397 883 395
f 395 883 885
f 395 885 393
f 393 885 887
f 393 887 391
f 391 887 889
f 391 889 389
f 389 889 891
f 389 891 387
f 387 891 893
f 387 893 385
f 385 893 895
f 385 895 431
f 431 895 897
f 431 897 429
f 429 897 899
f 429 899 427
f 427 899 901
f 427 901 425
f 425 901 507
f 425 507 291
f 291 507 289
f 289 507 509
f 289 509 335
f 335 509 511
f 335 511 333
f 333 511 513
f 333 513 331
f 331 513 515
f 331 515 2306
f 2306 515 517
f 2306 517 519
f 903 503 901
f 901 503 505
f 901 505 507
f 905 129 903
f 903 129 131
f 903 131 503
f 503 131 501
f 501 131 499
f 499 131 133
f 499 133 497
f 497 133 135
f 497 135 495
f 495 135 493
f 493 135 137
f 493 137 491
f 491 137 139
f 491 139 489
f 129 905 127
f 127 905 907
f 127 907 125
f 125 907 909
f 125 909 911
f 911 865 125
f 125 865 123
f 677 601 675
f 675 601 603
f 675 603 605
f 715 717 2305
f 2305 717 615
f 2305 615 617
f 615 717 613
f 613 717 719
f 613 719 611
f 611 719 673
f 611 673 609
f 609 673 607
f 607 673 605
f 605 673 675
f 577 579 2305
f 2305 579 581
f 585 587 2184
f 599 601 677
f 617 619 2305
f 2305 619 621
f 2305 621 623
f 623 577 2305
f 407 409 965
f 291 293 425
f 425 293 295
f 329 331 2306
f 193 195 397
f 2293 2292 2306
f 2306 2292 2312
f 2286 2270 2287
f 2287 2270 2269
f 2287 2269 2288
f 2288 2269 2268
f 2288 2268 2289
f 2289 2268 2267
f 2289 2267 2290
f 2290 2267 2266
f 2290 2266 2291
f 2291 2266 2265
f 2291 2265 2223
f 2223 2265 2222
f 2214 2213 2313
f 2313 2213 2311
f 2313 2311 2314
f 2314 2311 2310
f 2314 2310 2315
f 2315 2310 2309
f 2315 2309 2316
f 2316 2309 2308
f 2316 2308 2317
f 2317 2308 2307
f 2317 2307 2312
f 2312 2307 2306
f 2318 1840 2212
f 2212 1840 1838
f 2212 1838 1794
f 1794 1838 1796
f 1796 1838 1836
f 1796 1836 1798
f 1798 1836 1834
f 1798 1834 1800
f 1800 1834 1832
f 1800 1832 1802
f 1802 1832 1830
f 1802 1830 1804
f 1804 1830 1828
f 1804 1828 1826
f 2285 1996 2318
f 2318 1996 1994
f 2318 1994 1992
f 2215 2056 2285
f 2285 2056 2054
f 2285 2054 1962
f 1962 2054 2052
f 1962 2052 1964
f 1964 2052 2050
f 1964 2050 1966
f 1966 2050 2048
f 1966 2048 1968
f 1968 2048 2046
f 1968 2046 1922
f 1922 2046 2044
f 1922 2044 1924
f 1924 2044 1926
f 1926 2044 2042
f 1926 2042 1928
f 1928 2042 2040
f 1928 2040 2038
f 2212 1444 2215
f 2215 1444 1442
f 2215 1442 1488
f 2114 1470 2116
f 2116 1470 1468
f 2116 1468 1466
f 2160 1476 2114
f 2114 1476 1474
f 2114 1474 1472
f 2158 1480 2160
f 2160 1480 1478
f 2160 1478 1476
f 1480 2158 1482
f 1482 2158 2156
f 1482 2156 1736
f 1736 2156 1738
f 1738 2156 1740
f 1740 2156 2154
f 1740 2154 1742
f 1742 2154 2152
f 1742 2152 1744
f 1744 2152 1746
f 1746 2152 2150
f 1746 2150 1748
f 1748 2150 2148
f 1748 2148 1750
f 1750 2148 2026
f 1750 2026 2024
f 2146 2102 2148
f 2148 2102 1530
f 2148 1530 1724
f 1724 1530 1726
f 1726 1530 1528
f 1726 1528 1728
f 1728 1528 1526
f 1728 1526 1524
f 2102 2146 2104
f 2104 2146 2144
f 2104 2144 2106
f 2106 2144 2108
f 2108 2144 2142
f 2108 2142 2110
f 2110 2142 2112
f 2112 2142 2066
f 2066 2142 2140
f 2066 2140 2068
f 2068 2140 2070
f 2070 2140 2138
f 2070 2138 2072
f 2072 2138 2074
f 2074 2138 2076
f 2076 2138 2136
f 2076 2136 2078
f 2078 2136 2080
f 2080 2136 2134
f 2080 2134 2082
f 2082 2134 2132
f 2082 2132 1502
f 1502 2132 1692
f 1502 1692 1690
f 2130 1812 2132
f 2132 1812 1810
f 2132 1810 1870
f 1870 1810 1808
f 1870 1808 1872
f 1872 1808 1806
f 1872 1806 1826
f 1826 1806 1804
f 1812 2130 1814
f 1814 2130 2128
f 1814 2128 1816
f 1816 2128 1818
f 1818 2128 2126
f 1818 2126 1820
f 1820 2126 2124
f 1820 2124 1822
f 1822 2124 1824
f 1824 2124 1454
f 1824 1454 1778
f 1778 1454 2212
f 1778 2212 1780
f 1780 2212 1782
f 1782 2212 1784
f 1784 2212 1786
f 1786 2212 1788
f 1788 2212 1790
f 1790 2212 1792
f 1792 2212 1794
f 2124 2122 1454
f 1454 2122 1456
f 1456 2122 2120
f 1456 2120 1458
f 1458 2120 1460
f 1460 2120 2118
f 1460 2118 1462
f 1462 2118 1464
f 1464 2118 1466
f 1466 2118 2116
f 1530 2102 1532
f 1532 2102 2100
f 1532 2100 1534
f 1534 2100 2098
f 1534 2098 2096
f 1534 2096 1536
f 1536 2096 2094
f 1536 2094 1490
f 1490 2094 2092
f 1490 2092 1492
f 1492 2092 1494
f 1494 2092 2090
f 1494 2090 1496
f 1496 2090 2088
f 1496 2088 1498
f 1498 2088 2086
f 1498 2086 2084
f 1498 2084 1500
f 1500 2084 2082
f 1500 2082 1502
f 2022 2020 1756
f 1756 2020 2018
f 1756 2018 1758
f 1758 2018 2064
f 1758 2064 1760
f 1760 2064 2062
f 1760 2062 1762
f 1762 2062 2060
f 1762 2060 1764
f 1764 2060 2058
f 1764 2058 1766
f 1766 2058 2215
f 1766 2215 1768
f 1768 2215 1770
f 1770 2215 1772
f 1772 2215 1774
f 1774 2215 1776
f 1776 2215 1730
f 1730 2215 1732
f 1732 2215 1734
f 1734 2215 1482
f 1734 1482 1736
f 2058 2056 2215
f 2036 1716 2038
f 2038 1716 1628
f 2038 1628 1930
f 1930 1628 1932
f 1932 1628 1626
f 1932 1626 1934
f 1934 1626 1624
f 1934 1624 1936
f 1936 1624 1938
f 1938 1624 1622
f 1938 1622 1940
f 1940 1622 1620
f 1940 1620 1942
f 1942 1620 1944
f 1944 1620 2006
f 1944 2006 1946
f 1946 2006 2285
f 1946 2285 1948
f 1948 2285 1950
f 1950 2285 1952
f 1952 2285 1954
f 1954 2285 1956
f 1956 2285 1958
f 1958 2285 1960
f 1960 2285 1962
f 1716 2036 1718
f 1718 2036 2034
f 1718 2034 1720
f 1720 2034 2032
f 1720 2032 2030
f 1720 2030 1722
f 1722 2030 2028
f 1722 2028 1724
f 1724 2028 2026
f 1724 2026 2148
f 2022 1754 2024
f 2024 1754 1752
f 2024 1752 1750
f 1754 2022 1756
f 1974 1972 1612
f 1612 1972 1970
f 1612 1970 1614
f 1614 1970 2016
f 1614 2016 2014
f 2014 2012 1614
f 1614 2012 1616
f 1616 2012 2010
f 1616 2010 2008
f 1616 2008 1618
f 1618 2008 2006
f 1618 2006 1620
f 2006 2004 2285
f 2285 2004 2002
f 2285 2002 2000
f 2000 1998 2285
f 2285 1998 1996
f 1992 1990 2318
f 2318 1990 1988
f 2318 1988 1986
f 1984 1606 1986
f 1986 1606 1604
f 1986 1604 1664
f 1664 1604 1666
f 1666 1604 1668
f 1668 1604 1602
f 1668 1602 1670
f 1670 1602 1600
f 1670 1600 1672
f 1672 1600 1674
f 1674 1600 1598
f 1674 1598 1676
f 1676 1598 1596
f 1676 1596 1678
f 1678 1596 1858
f 1678 1858 1856
f 1606 1984 1608
f 1608 1984 1982
f 1608 1982 1980
f 1608 1980 1610
f 1610 1980 1978
f 1610 1978 1976
f 1976 1974 1610
f 1610 1974 1612
f 1930 1928 2038
f 1878 1876 1708
f 1708 1876 1874
f 1708 1874 1710
f 1710 1874 1920
f 1710 1920 1918
f 1918 1916 1710
f 1710 1916 1712
f 1712 1916 1914
f 1712 1914 1912
f 1712 1912 1714
f 1714 1912 1910
f 1714 1910 1716
f 1716 1910 1628
f 1908 1580 1910
f 1910 1580 1578
f 1910 1578 1628
f 1628 1578 1630
f 1630 1578 1576
f 1630 1576 1632
f 1632 1576 1574
f 1632 1574 1572
f 1580 1908 1582
f 1582 1908 1906
f 1582 1906 1904
f 1582 1904 1584
f 1584 1904 1902
f 1584 1902 1538
f 1538 1902 1900
f 1538 1900 1540
f 1540 1900 1542
f 1542 1900 1898
f 1542 1898 1544
f 1544 1898 1896
f 1544 1896 1546
f 1546 1896 1894
f 1546 1894 1892
f 1546 1892 1548
f 1548 1892 1890
f 1548 1890 1550
f 1550 1890 1596
f 1550 1596 1594
f 1888 1702 1890
f 1890 1702 1700
f 1890 1700 1596
f 1596 1700 1858
f 1702 1888 1704
f 1704 1888 1886
f 1704 1886 1884
f 1704 1884 1706
f 1706 1884 1882
f 1706 1882 1880
f 1880 1878 1706
f 1706 1878 1708
f 2132 1870 1692
f 1692 1870 1868
f 1692 1868 1694
f 1694 1868 1866
f 1694 1866 1696
f 1696 1866 1864
f 1696 1864 1862
f 1696 1862 1698
f 1698 1862 1860
f 1698 1860 1700
f 1700 1860 1858
f 1678 1856 1680
f 1680 1856 1854
f 1680 1854 1634
f 1634 1854 1852
f 1634 1852 1636
f 1636 1852 1638
f 1638 1852 1850
f 1638 1850 1640
f 1640 1850 1848
f 1640 1848 1642
f 1642 1848 1846
f 1642 1846 1644
f 1644 1846 1844
f 1644 1844 1646
f 1646 1844 1842
f 1646 1842 2318
f 2318 1842 1840
f 1682 1518 1684
f 1684 1518 1516
f 1684 1516 1514
f 1728 1524 1682
f 1682 1524 1522
f 1682 1522 1520
f 1502 1690 1504
f 1504 1690 1688
f 1504 1688 1506
f 1506 1688 1508
f 1508 1688 1686
f 1508 1686 1510
f 1510 1686 1512
f 1512 1686 1514
f 1514 1686 1684
f 1664 1662 1986
f 1986 1662 2318
f 1662 1660 2318
f 2318 1660 1658
f 2318 1658 1656
f 1656 1654 2318
f 2318 1654 1652
f 2318 1652 1650
f 1650 1648 2318
f 2318 1648 1646
f 1586 1566 1588
f 1588 1566 1564
f 1588 1564 1562
f 1632 1572 1586
f 1586 1572 1570
f 1586 1570 1568
f 1550 1594 1552
f 1552 1594 1592
f 1552 1592 1554
f 1554 1592 1556
f 1556 1592 1590
f 1556 1590 1558
f 1558 1590 1560
f 1560 1590 1562
f 1562 1590 1588
f 1568 1566 1586
f 1520 1518 1682
f 1488 1486 2215
f 2215 1486 1484
f 2215 1484 1482
f 1472 1470 2114
f 1454 1452 2212
f 2212 1452 1450
f 2212 1450 1448
f 1448 1446 2212
f 2212 1446 1444
f 2294 42 2292
f 2292 42 40
f 2292 40 38
f 2294 2296 42
f 42 2296 2298
f 42 2298 44
f 44 2298 2300
f 44 2300 46
f 46 2300 48
f 48 2300 2302
f 48 2302 2
f 2 2302 4
f 4 2302 2304
f 4 2304 6
f 6 2304 8
f 8 2304 10
f 10 2304 716
f 10 716 12
f 12 716 714
f 12 714 14
f 14 714 712
f 14 712 16
f 16 712 18
f 18 712 710
f 18 710 20
f 20 710 708
f 20 708 22
f 22 708 24
f 24 708 1288
f 24 1288 1286
f 2318 582 2304
f 2304 582 580
f 2304 580 578
f 2212 784 2318
f 2318 784 782
f 2318 782 1362
f 1362 782 1364
f 1364 782 780
f 1364 780 1366
f 1366 780 778
f 1366 778 1368
f 1368 778 776
f 1368 776 1370
f 1370 776 774
f 1370 774 1372
f 1372 774 772
f 1372 772 1166
f 1166 772 770
f 1166 770 816
f 2214 1082 2212
f 2212 1082 1080
f 2212 1080 1078
f 2313 316 2214
f 2214 316 314
f 2214 314 312
f 2314 320 2313
f 2313 320 318
f 2313 318 316
f 2315 324 2314
f 2314 324 322
f 2314 322 320
f 324 2315 326
f 326 2315 2316
f 326 2316 2317
f 2317 2312 326
f 326 2312 328
f 328 2312 330
f 330 2312 332
f 332 2312 516
f 332 516 334
f 334 516 514
f 334 514 336
f 336 514 512
f 336 512 290
f 290 512 510
f 290 510 292
f 292 510 508
f 292 508 426
f 426 508 902
f 426 902 428
f 428 902 900
f 428 900 430
f 430 900 898
f 430 898 432
f 432 898 896
f 432 896 386
f 386 896 894
f 386 894 388
f 388 894 892
f 388 892 390
f 390 892 890
f 390 890 392
f 392 890 888
f 392 888 394
f 394 888 886
f 394 886 396
f 396 886 884
f 396 884 398
f 398 884 882
f 398 882 196
f 196 882 796
f 196 796 198
f 198 796 794
f 198 794 200
f 200 794 792
f 200 792 202
f 202 792 790
f 202 790 204
f 204 790 788
f 204 788 206
f 206 788 786
f 206 786 2212
f 2212 786 784
f 2292 520 2312
f 2312 520 518
f 2312 518 516
f 1350 1348 590
f 590 1348 1346
f 590 1346 1392
f 1390 684 1392
f 1392 684 592
f 1392 592 590
f 1390 1388 684
f 684 1388 686
f 686 1388 1386
f 686 1386 688
f 688 1386 1384
f 688 1384 1382
f 688 1382 690
f 690 1382 1380
f 690 1380 692
f 692 1380 1378
f 692 1378 1376
f 1374 1266 1376
f 1376 1266 1264
f 1376 1264 692
f 692 1264 694
f 694 1264 1262
f 694 1262 696
f 696 1262 1260
f 696 1260 698
f 698 1260 1258
f 698 1258 1256
f 1374 1372 1266
f 1266 1372 1166
f 1266 1166 1164
f 1362 1360 2318
f 2318 1360 1358
f 2318 1358 1356
f 1356 1354 2318
f 2318 1354 1352
f 2318 1352 588
f 588 1352 1350
f 588 1350 590
f 1254 1252 700
f 700 1252 1250
f 700 1250 702
f 702 1250 1296
f 702 1296 1294
f 1294 1292 702
f 702 1292 704
f 704 1292 1290
f 704 1290 706
f 706 1290 1288
f 706 1288 708
f 1284 1194 1286
f 1286 1194 484
f 1286 484 28
f 28 484 30
f 30 484 482
f 30 482 32
f 32 482 528
f 32 528 34
f 34 528 526
f 34 526 36
f 36 526 524
f 36 524 2292
f 2292 524 522
f 2292 522 520
f 1194 1284 1196
f 1196 1284 1282
f 1196 1282 1198
f 1198 1282 1280
f 1198 1280 1200
f 1200 1280 1278
f 1200 1278 1154
f 1154 1278 1276
f 1154 1276 1156
f 1156 1276 1274
f 1156 1274 1158
f 1158 1274 1272
f 1158 1272 1160
f 1160 1272 1270
f 1160 1270 1162
f 1162 1270 1268
f 1162 1268 1164
f 1164 1268 1266
f 1256 1254 698
f 698 1254 700
f 1192 488 1194
f 1194 488 486
f 1194 486 484
f 1190 142 1192
f 1192 142 140
f 1192 140 488
f 488 140 490
f 490 140 492
f 492 140 138
f 492 138 494
f 494 138 136
f 494 136 496
f 496 136 498
f 498 136 134
f 498 134 500
f 500 134 132
f 500 132 502
f 502 132 504
f 504 132 904
f 504 904 902
f 142 1190 144
f 144 1190 1188
f 144 1188 98
f 98 1188 1186
f 98 1186 1184
f 1184 1182 98
f 98 1182 100
f 100 1182 1180
f 100 1180 1178
f 100 1178 102
f 102 1178 1176
f 102 1176 1174
f 1174 1172 102
f 102 1172 104
f 104 1172 1170
f 104 1170 106
f 106 1170 1168
f 106 1168 108
f 108 1168 816
f 108 816 814
f 1168 1166 816
f 1062 1060 988
f 988 1060 1058
f 988 1058 990
f 990 1058 1104
f 990 1104 1102
f 1102 1100 990
f 990 1100 992
f 992 1100 1098
f 992 1098 994
f 994 1098 1096
f 994 1096 2214
f 2214 1096 1094
f 2214 1094 1092
f 1092 1090 2214
f 2214 1090 1088
f 2214 1088 1086
f 1086 1084 2214
f 2214 1084 1082
f 1078 1076 2212
f 2212 1076 216
f 2212 216 214
f 216 1076 218
f 218 1076 1074
f 218 1074 220
f 220 1074 222
f 222 1074 224
f 224 1074 1072
f 224 1072 980
f 980 1072 982
f 982 1072 1070
f 982 1070 984
f 984 1070 1068
f 984 1068 986
f 986 1068 1066
f 986 1066 1064
f 1064 1062 986
f 986 1062 988
f 962 414 964
f 964 414 412
f 964 412 410
f 1008 420 962
f 962 420 418
f 962 418 416
f 420 1008 422
f 422 1008 1006
f 422 1006 424
f 424 1006 1004
f 424 1004 296
f 296 1004 298
f 298 1004 300
f 300 1004 1002
f 300 1002 302
f 302 1002 1000
f 302 1000 304
f 304 1000 306
f 306 1000 998
f 306 998 308
f 308 998 996
f 308 996 310
f 310 996 2214
f 310 2214 312
f 996 994 2214
f 978 228 980
f 980 228 226
f 980 226 224
f 228 978 230
f 230 978 976
f 230 976 232
f 232 976 234
f 234 976 974
f 234 974 236
f 236 974 972
f 236 972 238
f 238 972 240
f 240 972 398
f 240 398 194
f 194 398 196
f 398 972 400
f 400 972 970
f 400 970 968
f 966 404 968
f 968 404 402
f 968 402 400
f 964 410 966
f 966 410 408
f 966 408 406
f 870 868 124
f 124 868 866
f 124 866 126
f 126 866 912
f 126 912 910
f 910 908 126
f 126 908 128
f 128 908 906
f 128 906 130
f 130 906 904
f 130 904 132
f 880 800 882
f 882 800 798
f 882 798 796
f 878 118 880
f 880 118 116
f 880 116 800
f 800 116 802
f 802 116 804
f 804 116 114
f 804 114 806
f 806 114 112
f 806 112 808
f 808 112 810
f 810 112 110
f 810 110 812
f 812 110 108
f 812 108 814
f 118 878 120
f 120 878 876
f 120 876 122
f 122 876 874
f 122 874 872
f 872 870 122
f 122 870 124
f 674 606 676
f 676 606 604
f 676 604 602
f 720 612 674
f 674 612 610
f 674 610 608
f 612 720 614
f 614 720 718
f 614 718 616
f 616 718 2304
f 616 2304 618
f 618 2304 620
f 620 2304 622
f 622 2304 624
f 624 2304 578
f 718 716 2304
f 684 682 592
f 592 682 594
f 594 682 680
f 594 680 596
f 596 680 678
f 596 678 598
f 598 678 600
f 600 678 602
f 602 678 676
f 608 606 674
f 588 586 2318
f 2318 586 584
f 2318 584 582
f 508 506 902
f 902 506 504
f 424 296 426
f 426 296 294
f 426 294 292
f 416 414 962
f 406 404 966
f 214 212 2212
f 2212 212 210
f 2212 210 208
f 208 206 2212
f 38 36 2292
f 28 26 1286
f 1286 26 24
f 2305 2184 2318
f 2318 2184 2183
f 2318 2183 2181
f 2181 2179 2318
f 2318 2179 2177
f 2318 2177 2161
f 2161 2163 2318
f 2318 2163 2210
f 2318 2210 2285
f 2285 2210 2244
f 2285 2244 2242
f 2242 2240 2285
f 2285 2240 2238
f 2285 2238 2224
f 2224 2226 2285
f 2285 2226 2277
f 2285 2277 2278
f 2318 2304 2305
g 1

v 3.644889 -2.491245 -1.450000
v 3.644889 -2.491245 -1.225000
v 3.650000 -2.452422 -1.450000
v 3.650000 -2.452422 -1.225000
v 3.644889 -2.413599 -1.450000
v 3.644889 -2.413599 -1.225000
v 3.629904 -2.377422 -1.450000
v 3.629904 -2.377422 -1.225000
v 3.606066 -2.346356 -1.450000
v 3.606066 -2.346356 -1.225000
v 3.575000 -2.322518 -1.450000
v 3.575000 -2.322518 -1.225000
v 3.538823 -2.307533 -1.450000
v 3.538823 -2.307533 -1.225000
v 3.500000 -2.302422 -1.450000
v 3.500000 -2.302422 -1.225000
v 3.461177 -2.307533 -1.450000
v 3.461177 -2.307533 -1.225000
v 3.425000 -2.322518 -1.450000
v 3.425000 -2.322518 -1.225000
v 3.393934 -2.346356 -1.450000
v 3.393934 -2.346356 -1.225000
v 3.370096 -2.377422 -1.450000
v 3.370096 -2.377422 -1.225000
v 3.355111 -2.413599 -1.450000
v 3.355111 -2.413599 -1.225000
v 3.350000 -2.452422 -1.450000
v 3.350000 -2.452422 -1.225000
v 3.355111 -2.491245 -1.450000
v 3.355111 -2.491245 -1.225000
v 3.370096 -2.527422 -1.450000
v 3.370096 -2.527422 -1.225000
v 3.393934 -2.558488 -1.450000
v 3.393934 -2.558488 -1.225000
v 3.425000 -2.582326 -1.450000
v 3.425000 -2.582326 -1.225000
v 3.461177 -2.597311 -1.450000
v 3.461177 -2.597311 -1.225000
v 3.500000 -2.602422 -1.450000
v 3.500000 -2.602422 -1.225000
v 3.538823 -2.597311 -1.450000
v 3.538823 -2.597311 -1.225000
v 3.575000 -2.582326 -1.450000
v 3.575000 -2.582326 -1.225000
v 3.606066 -2.558488 -1.450000
v 3.606066 -2.558488 -1.225000
v 3.629904 -2.527422 -1.450000
v 3.629904 -2.527422 -1.225000
v 3.644889 -2.413599 1.450000
v 3.644889 -2.413599 1.225000
v 3.650000 -2.452422 1.450000
v 3.650000 -2.452422 1.225000
v 3.644889 -2.491245 1.450000
v 3.644889 -2.491245 1.225000
v 3.629904 -2.527422 1.450000
v 3.629904 -2.527422 1.225000
v 3.606066 -2.558488 1.450000
v 3.606066 -2.558488 1.225000
v 3.575000 -2.582326 1.450000
v 3.575000 -2.582326 1.225000
v 3.538823 -2.597311 1.450000
v 3.538823 -2.597311 1.225000
v 3.500000 -2.602422 1.450000
v 3.500000 -2.602422 1.225000
v 3.461177 -2.597311 1.450000
v 3.461177 -2.597311 1.225000
v 3.425000 -2.582326 1.450000
v 3.425000 -2.582326 1.225000
v 3.393934 -2.558488 1.450000
v 3.393934 -2.558488 1.225000
v 3.370096 -2.527422 1.450000
v 3.370096 -2.527422 1.225000
v 3.355111 -2.491245 1.450000
v 3.355111 -2.491245 1.225000
v 3.350000 -2.452422 1.450000
v 3.350000 -2.452422 1.225000
v 3.355111 -2.413599 1.450000
v 3.355111 -2.413599 1.225000
v 3.370096 -2.377422 1.450000
v 3.370096 -2.377422 1.225000
v 3.393934 -2.346356 1.450000
v 3.393934 -2.346356 1.225000
v 3.425000 -2.322518 1.450000
v 3.425000 -2.322518 1.225000
v 3.461177 -2.307533 1.450000
v 3.461177 -2.307533 1.225000
v 3.500000 -2.302422 1.450000
v 3.500000 -2.302422 1.225000
v 3.538823 -2.307533 1.450000
v 3.538823 -2.307533 1.225000
v 3.575000 -2.322518 1.450000
v 3.575000 -2.322518 1.225000
v 3.606066 -2.346356 1.450000
v 3.606066 -2.346356 1.225000
v 3.629904 -2.377422 1.450000
v 3.629904 -2.377422 1.225000
v 0.386370 -1.845950 -1.450000
v 0.386370 -1.845950 -1.225000
v 0.400000 -1.742422 -1.450000
v 0.400000 -1.742422 -1.225000
v 0.386370 -1.638894 -1.450000
v 0.386370 -1.638894 -1.225000
v 0.346410 -1.542422 -1.450000
v 0.346410 -1.542422 -1.225000
v 0.282843 -1.459579 -1.450000
v 0.282843 -1.459579 -1.225000
v 0.200000 -1.396012 -1.450000
v 0.200000 -1.396012 -1.225000
v 0.103528 -1.356052 -1.450000
v 0.103528 -1.356052 -1.225000
v 0.000000 -1.342422 -1.450000
v 0.000000 -1.342422 -1.225000
v -0.103528 -1.356052 -1.450000
v -0.103528 -1.356052 -1.225000
v -0.200000 -1.396012 -1.450000
v -0.200000 -1.396012 -1.225000
v -0.282843 -1.459579 -1.450000
v -0.282843 -1.459579 -1.225000
v -0.346410 -1.542422 -1.450000
v -0.346410 -1.542422 -1.225000
v -0.386370 -1.638894 -1.450000
v -0.386370 -1.638894 -1.225000
v -0.400000 -1.742422 -1.450000
v -0.400000 -1.742422 -1.225000
v -0.386370 -1.845950 -1.450000
v -0.386370 -1.845950 -1.225000
v -0.346410 -1.942422 -1.450000
v -0.346410 -1.942422 -1.225000
v -0.282843 -2.025265 -1.450000
v -0.282843 -2.025265 -1.225000
v -0.200000 -2.088832 -1.450000
v -0.200000 -2.088832 -1.225000
v -0.103528 -2.128792 -1.450000
v -0.103528 -2.128792 -1.225000
v 0.000000 -2.142422 -1.450000
v 0.000000 -2.142422 -1.225000
v 0.103528 -2.128792 -1.450000
v 0.103528 -2.128792 -1.225000
v 0.200000 -2.088832 -1.450000
v 0.200000 -2.088832 -1.225000
v 0.282843 -2.025265 -1.450000
v 0.282843 -2.025265 -1.225000
v 0.346410 -1.942422 -1.450000
v 0.346410 -1.942422 -1.225000
v 0.386370 -1.638894 1.450000
v 0.386370 -1.638894 1.225000
v 0.400000 -1.742422 1.450000
v 0.400000 -1.742422 1.225000
v 0.386370 -1.845950 1.450000
v 0.386370 -1.845950 1.225000
v 0.346410 -1.942422 1.450000
v 0.346410 -1.942422 1.225000
v 0.282843 -2.025265 1.450000
v 0.282843 -2.025265 1.225000
v 0.200000 -2.088832 1.450000
v 0.200000 -2.088832 1.225000
v 0.103528 -2.128792 1.450000
v 0.103528 -2.128792 1.225000
v 0.000000 -2.142422 1.450000
v 0.000000 -2.142422 1.225000
v -0.103528 -2.128792 1.450000
v -0.103528 -2.128792 1.225000
v -0.200000 -2.088832 1.450000
v -0.200000 -2.088832 1.225000
v -0.282843 -2.025265 1.450000
v -0.282843 -2.025265 1.225000
v -0.346410 -1.942422 1.450000
v -0.346410 -1.942422 1.225000
v -0.386370 -1.845950 1.450000
v -0.386370 -1.845950 1.225000
v -0.400000 -1.742422 1.450000
v -0.400000 -1.742422 1.225000
v -0.386370 -1.638894 1.450000
v -0.386370 -1.638894 1.225000
v -0.346410 -1.542422 1.450000
v -0.346410 -1.542422 1.225000
v -0.282843 -1.459579 1.450000
v -0.282843 -1.459579 1.225000
v -0.200000 -1.396012 1.450000
v -0.200000 -1.396012 1.225000
v -0.103528 -1.356052 1.450000
v -0.103528 -1.356052 1.225000
v 0.000000 -1.342422 1.450000
v 0.000000 -1.342422 1.225000
v 0.103528 -1.356052 1.450000
v 0.103528 -1.356052 1.225000
v 0.200000 -1.396012 1.450000
v 0.200000 -1.396012 1.225000
v 0.282843 -1.459579 1.450000
v 0.282843 -1.459579 1.225000
v 0.346410 -1.542422 1.450000
v 0.346410 -1.542422 1.225000
v -3.355111 -1.071245 -1.450000
v -3.355111 -1.071245 -1.225000
v -3.350000 -1.032422 -1.450000
v -3.350000 -1.032422 -1.225000
v -3.355111 -0.993599 -1.450000
v -3.355111 -0.993599 -1.225000
v -3.370096 -0.957422 -1.450000
v -3.370096 -0.957422 -1.225000
v -3.393934 -0.926356 -1.450000
v -3.393934 -0.926356 -1.225000
v -3.425000 -0.902518 -1.450000
v -3.425000 -0.902518 -1.225000
v -3.461177 -0.887533 -1.450000
v -3.461177 -0.887533 -1.225000
v -3.500000 -0.882422 -1.450000
v -3.500000 -0.882422 -1.225000
v -3.538823 -0.887533 -1.450000
v -3.538823 -0.887533 -1.225000
v -3.575000 -0.902518 -1.450000
v -3.575000 -0.902518 -1.225000
v -3.606066 -0.926356 -1.450000
v -3.606066 -0.926356 -1.225000
v -3.629904 -0.957422 -1.450000
v -3.629904 -0.957422 -1.225000
v -3.644889 -0.993599 -1.450000
v -3.644889 -0.993599 -1.225000
v -3.650000 -1.032422 -1.450000
v -3.650000 -1.032422 -1.225000
v -3.644889 -1.071245 -1.450000
v -3.644889 -1.071245 -1.225000
v -3.629904 -1.107422 -1.450000
v -3.629904 -1.107422 -1.225000
v -3.606066 -1.138488 -1.450000
v -3.606066 -1.138488 -1.225000
v -3.575000 -1.162326 -1.450000
v -3.575000 -1.162326 -1.225000
v -3.538823 -1.177311 -1.450000
v -3.538823 -1.177311 -1.225000
v -3.500000 -1.182422 -1.450000
v -3.500000 -1.182422 -1.225000
v -3.461177 -1.177311 -1.450000
v -3.461177 -1.177311 -1.225000
v -3.425000 -1.162326 -1.450000
v -3.425000 -1.162326 -1.225000
v -3.393934 -1.138488 -1.450000
v -3.393934 -1.138488 -1.225000
v -3.370096 -1.107422 -1.450000
v -3.370096 -1.107422 -1.225000
v -3.355111 -0.993599 1.450000
v -3.355111 -0.993599 1.225000
v -3.350000 -1.032422 1.450000
v -3.350000 -1.032422 1.225000
v -3.355111 -1.071245 1.450000
v -3.355111 -1.071245 1.225000
v -3.370096 -1.107422 1.450000
v -3.370096 -1.107422 1.225000
v -3.393934 -1.138488 1.450000
v -3.393934 -1.138488 1.225000
v -3.425000 -1.162326 1.450000
v -3.425000 -1.162326 1.225000
v -3.461177 -1.177311 1.450000
v -3.461177 -1.177311 1.225000
v -3.500000 -1.182422 1.450000
v -3.500000 -1.182422 1.225000
v -3.538823 -1.177311 1.450000
v -3.538823 -1.177311 1.225000
v -3.575000 -1.162326 1.450000
v -3.575000 -1.162326 1.225000
v -3.606066 -1.138488 1.450000
v -3.606066 -1.138488 1.225000
v -3.629904 -1.107422 1.450000
v -3.629904 -1.107422 1.225000
v -3.644889 -1.071245 1.450000
v -3.644889 -1.071245 1.225000
v -3.650000 -1.032422 1.450000
v -3.650000 -1.032422 1.225000
v -3.644889 -0.993599 1.450000
v -3.644889 -0.993599 1.225000
v -3.629904 -0.957422 1.450000
v -3.629904 -0.957422 1.225000
v -3.606066 -0.926356 1.450000
v -3.606066 -0.926356 1.225000
v -3.575000 -0.902518 1.450000
v -3.575000 -0.902518 1.225000
v -3.538823 -0.887533 1.450000
v -3.538823 -0.887533 1.225000
v -3.500000 -0.882422 1.450000
v -3.500000 -0.882422 1.225000
v -3.461177 -0.887533 1.450000
v -3.461177 -0.887533 1.225000
v -3.425000 -0.902518 1.450000
v -3.425000 -0.902518 1.225000
v -3.393934 -0.926356 1.450000
v -3.393934 -0.926356 1.225000
v -3.370096 -0.957422 1.450000
v -3.370096 -0.957422 1.225000
v -3.355111 -2.491245 -1.450000
v -3.355111 -2.491245 -1.225000
v -3.350000 -2.452422 -1.450000
v -3.350000 -2.452422 -1.225000
v -3.355111 -2.413599 -1.450000
v -3.355111 -2.413599 -1.225000
v -3.370096 -2.377422 -1.450000
v -3.370096 -2.377422 -1.225000
v -3.393934 -2.346356 -1.450000
v -3.393934 -2.346356 -1.225000
v -3.425000 -2.322518 -1.450000
v -3.425000 -2.322518 -1.225000
v -3.461177 -2.307533 -1.450000
v -3.461177 -2.307533 -1.225000
v -3.500000 -2.302422 -1.450000
v -3.500000 -2.302422 -1.225000
v -3.538823 -2.307533 -1.450000
v -3.538823 -2.307533 -1.225000
v -3.575000 -2.322518 -1.450000
v -3.575000 -2.322518 -1.225000
v -3.606066 -2.346356 -1.450000
v -3.606066 -2.346356 -1.225000
v -3.629904 -2.377422 -1.450000
v -3.629904 -2.377422 -1.225000
v -3.644889 -2.413599 -1.450000
v -3.644889 -2.413599 -1.225000
v -3.650000 -2.452422 -1.450000
v -3.650000 -2.452422 -1.225000
v -3.644889 -2.491245 -1.450000
v -3.644889 -2.491245 -1.225000
v -3.629904 -2.527422 -1.450000
v -3.629904 -2.527422 -1.225000
v -3.606066 -2.558488 -1.450000
v -3.606066 -2.558488 -1.225000
v -3.575000 -2.582326 -1.450000
v -3.575000 -2.582326 -1.225000
v -3.538823 -2.597311 -1.450000
v -3.538823 -2.597311 -1.225000
v -3.500000 -2.602422 -1.450000
v -3.500000 -2.602422 -1.225000
v -3.461177 -2.597311 -1.450000
v -3.461177 -2.597311 -1.225000
v -3.425000 -2.582326 -1.450000
v -3.425000 -2.582326 -1.225000
v -3.393934 -2.558488 -1.450000
v -3.393934 -2.558488 -1.225000
v -3.370096 -2.527422 -1.450000
v -3.370096 -2.527422 -1.225000
v -3.355111 -2.413599 1.450000
v -3.355111 -2.413599 1.225000
v -3.350000 -2.452422 1.450000
v -3.350000 -2.452422 1.225000
v -3.355111 -2.491245 1.450000
v -3.355111 -2.491245 1.225000
v -3.370096 -2.527422 1.450000
v -3.370096 -2.527422 1.225000
v -3.393934 -2.558488 1.450000
v -3.393934 -2.558488 1.225000
v -3.425000 -2.582326 1.450000
v -3.425000 -2.582326 1.225000
v -3.461177 -2.597311 1.450000
v -3.461177 -2.597311 1.225000
v -3.500000 -2.602422 1.450000
v -3.500000 -2.602422 1.225000
v -3.538823 -2.597311 1.450000
v -3.538823 -2.597311 1.225000
v -3.575000 -2.582326 1.450000
v -3.575000 -2.582326 1.225000
v -3.606066 -2.558488 1.450000
v -3.606066 -2.558488 1.225000
v -3.629904 -2.527422 1.450000
v -3.629904 -2.527422 1.225000
v -3.644889 -2.491245 1.450000
v -3.644889 -2.491245 1.225000
v -3.650000 -2.452422 1.450000
v -3.650000 -2.452422 1.225000
v -3.644889 -2.413599 1.450000
v -3.644889 -2.413599 1.225000
v -3.629904 -2.377422 1.450000
v -3.629904 -2.377422 1.225000
v -3.606066 -2.346356 1.450000
v -3.606066 -2.346356 1.225000
v -3.575000 -2.322518 1.450000
v -3.575000 -2.322518 1.225000
v -3.538823 -2.307533 1.450000
v -3.538823 -2.307533 1.225000
v -3.500000 -2.302422 1.450000
v -3.500000 -2.302422 1.225000
v -3.461177 -2.307533 1.450000
v -3.461177 -2.307533 1.225000
v -3.425000 -2.322518 1.450000
v -3.425000 -2.322518 1.225000
v -3.393934 -2.346356 1.450000
v -3.393934 -2.346356 1.225000
v -3.370096 -2.377422 1.450000
v -3.370096 -2.377422 1.225000
v -2.645116 -1.783887 -1.450000
v -2.645116 -1.783887 -1.225000
v -2.640005 -1.745064 -1.450000
v -2.640005 -1.745064 -1.225000
v -2.645116 -1.706241 -1.450000
v -2.645116 -1.706241 -1.225000
v -2.660101 -1.670064 -1.450000
v -2.660101 -1.670064 -1.225000
v -2.683939 -1.638998 -1.450000
v -2.683939 -1.638998 -1.225000
v -2.715005 -1.615160 -1.450000
v -2.715005 -1.615160 -1.225000
v -2.751182 -1.600175 -1.450000
v -2.751182 -1.600175 -1.225000
v -2.790005 -1.595064 -1.450000
v -2.790005 -1.595064 -1.225000
v -2.828828 -1.600175 -1.450000
v -2.828828 -1.600175 -1.225000
v -2.865005 -1.615160 -1.450000
v -2.865005 -1.615160 -1.225000
v -2.896071 -1.638998 -1.450000
v -2.896071 -1.638998 -1.225000
v -2.919909 -1.670064 -1.450000
v -2.919909 -1.670064 -1.225000
v -2.934894 -1.706241 -1.450000
v -2.934894 -1.706241 -1.225000
v -2.940005 -1.745064 -1.450000
v -2.940005 -1.745064 -1.225000
v -2.934894 -1.783887 -1.450000
v -2.934894 -1.783887 -1.225000
v -2.919909 -1.820064 -1.450000
v -2.919909 -1.820064 -1.225000
v -2.896071 -1.851130 -1.450000
v -2.896071 -1.851130 -1.225000
v -2.865005 -1.874968 -1.450000
v -2.865005 -1.874968 -1.225000
v -2.828828 -1.889953 -1.450000
v -2.828828 -1.889953 -1.225000
v -2.790005 -1.895064 -1.450000
v -2.790005 -1.895064 -1.225000
v -2.751182 -1.889953 -1.450000
v -2.751182 -1.889953 -1.225000
v -2.715005 -1.874968 -1.450000
v -2.715005 -1.874968 -1.225000
v -2.683939 -1.851130 -1.450000
v -2.683939 -1.851130 -1.225000
v -2.660101 -1.820064 -1.450000
v -2.660101 -1.820064 -1.225000
v -2.645116 -1.706241 1.450000
v -2.645116 -1.706241 1.225000
v -2.640005 -1.745064 1.450000
v -2.640005 -1.745064 1.225000
v -2.645116 -1.783887 1.450000
v -2.645116 -1.783887 1.225000
v -2.660101 -1.820064 1.450000
v -2.660101 -1.820064 1.225000
v -2.683939 -1.851130 1.450000
v -2.683939 -1.851130 1.225000
v -2.715005 -1.874968 1.450000
v -2.715005 -1.874968 1.225000
v -2.751182 -1.889953 1.450000
v -2.751182 -1.889953 1.225000
v -2.790005 -1.895064 1.450000
v -2.790005 -1.895064 1.225000
v -2.828828 -1.889953 1.450000
v -2.828828 -1.889953 1.225000
v -2.865005 -1.874968 1.450000
v -2.865005 -1.874968 1.225000
v -2.896071 -1.851130 1.450000
v -2.896071 -1.851130 1.225000
v -2.919909 -1.820064 1.450000
v -2.919909 -1.820064 1.225000
v -2.934894 -1.783887 1.450000
v -2.934894 -1.783887 1.225000
v -2.940005 -1.745064 1.450000
v -2.940005 -1.745064 1.225000
v -2.934894 -1.706241 1.450000
v -2.934894 -1.706241 1.225000
v -2.919909 -1.670064 1.450000
v -2.919909 -1.670064 1.225000
v -2.896071 -1.638998 1.450000
v -2.896071 -1.638998 1.225000
v -2.865005 -1.615160 1.450000
v -2.865005 -1.615160 1.225000
v -2.828828 -1.600175 1.450000
v -2.828828 -1.600175 1.225000
v -2.790005 -1.595064 1.450000
v -2.790005 -1.595064 1.225000
v -2.751182 -1.600175 1.450000
v -2.751182 -1.600175 1.225000
v -2.715005 -1.615160 1.450000
v -2.715005 -1.615160 1.225000
v -2.683939 -1.638998 1.450000
v -2.683939 -1.638998 1.225000
v -2.660101 -1.670064 1.450000
v -2.660101 -1.670064 1.225000
v 0.144889 -2.491245 -1.450000
v 0.144889 -2.491245 -1.225000
v 0.150000 -2.452422 -1.450000
v 0.150000 -2.452422 -1.225000
v 0.144889 -2.413599 -1.450000
v 0.144889 -2.413599 -1.225000
v 0.129904 -2.377422 -1.450000
v 0.129904 -2.377422 -1.225000
v 0.106066 -2.346356 -1.450000
v 0.106066 -2.346356 -1.225000
v 0.075000 -2.322518 -1.450000
v 0.075000 -2.322518 -1.225000
v 0.038823 -2.307533 -1.450000
v 0.038823 -2.307533 -1.225000
v 0.000000 -2.302422 -1.450000
v 0.000000 -2.302422 -1.225000
v -0.038823 -2.307533 -1.450000
v -0.038823 -2.307533 -1.225000
v -0.075000 -2.322518 -1.450000
v -0.075000 -2.322518 -1.225000
v -0.106066 -2.346356 -1.450000
v -0.106066 -2.346356 -1.225000
v -0.129904 -2.377422 -1.450000
v -0.129904 -2.377422 -1.225000
v -0.144889 -2.413599 -1.450000
v -0.144889 -2.413599 -1.225000
v -0.150000 -2.452422 -1.450000
v -0.150000 -2.452422 -1.225000
v -0.144889 -2.491245 -1.450000
v -0.144889 -2.491245 -1.225000
v -0.129904 -2.527422 -1.450000
v -0.129904 -2.527422 -1.225000
v -0.106066 -2.558488 -1.450000
v -0.106066 -2.558488 -1.225000
v -0.075000 -2.582326 -1.450000
v -0.075000 -2.582326 -1.225000
v -0.038823 -2.597311 -1.450000
v -0.038823 -2.597311 -1.225000
v 0.000000 -2.602422 -1.450000
v 0.000000 -2.602422 -1.225000
v 0.038823 -2.597311 -1.450000
v 0.038823 -2.597311 -1.225000
v 0.075000 -2.582326 -1.450000
v 0.075000 -2.582326 -1.225000
v 0.106066 -2.558488 -1.450000
v 0.106066 -2.558488 -1.225000
v 0.129904 -2.527422 -1.450000
v 0.129904 -2.527422 -1.225000
v 0.144889 -2.413599 1.450000
v 0.144889 -2.413599 1.225000
v 0.150000 -2.452422 1.450000
v 0.150000 -2.452422 1.225000
v 0.144889 -2.491245 1.450000
v 0.144889 -2.491245 1.225000
v 0.129904 -2.527422 1.450000
v 0.129904 -2.527422 1.225000
v 0.106066 -2.558488 1.450000
v 0.106066 -2.558488 1.225000
v 0.075000 -2.582326 1.450000
v 0.075000 -2.582326 1.225000
v 0.038823 -2.597311 1.450000
v 0.038823 -2.597311 1.225000
v 0.000000 -2.602422 1.450000
v 0.000000 -2.602422 1.225000
v -0.038823 -2.597311 1.450000
v -0.038823 -2.597311 1.225000
v -0.075000 -2.582326 1.450000
v -0.075000 -2.582326 1.225000
v -0.106066 -2.558488 1.450000
v -0.106066 -2.558488 1.225000
v -0.129904 -2.527422 1.450000
v -0.129904 -2.527422 1.225000
v -0.144889 -2.491245 1.450000
v -0.144889 -2.491245 1.225000
v -0.150000 -2.452422 1.450000
v -0.150000 -2.452422 1.225000
v -0.144889 -2.413599 1.450000
v -0.144889 -2.413599 1.225000
v -0.129904 -2.377422 1.450000
v -0.129904 -2.377422 1.225000
v -0.106066 -2.346356 1.450000
v -0.106066 -2.346356 1.225000
v -0.075000 -2.322518 1.450000
v -0.075000 -2.322518 1.225000
v -0.038823 -2.307533 1.450000
v -0.038823 -2.307533 1.225000
v 0.000000 -2.302422 1.450000
v 0.000000 -2.302422 1.225000
v 0.038823 -2.307533 1.450000
v 0.038823 -2.307533 1.225000
v 0.075000 -2.322518 1.450000
v 0.075000 -2.322518 1.225000
v 0.106066 -2.346356 1.450000
v 0.106066 -2.346356 1.225000
v 0.129904 -2.377422 1.450000
v 0.129904 -2.377422 1.225000
v 4.354889 -1.781305 -1.450000
v 4.354889 -1.781305 -1.225000
v 4.360000 -1.742482 -1.450000
v 4.360000 -1.742482 -1.225000
v 4.354889 -1.703659 -1.450000
v 4.354889 -1.703659 -1.225000
v 4.339904 -1.667482 -1.450000
v 4.339904 -1.667482 -1.225000
v 4.316066 -1.636416 -1.450000
v 4.316066 -1.636416 -1.225000
v 4.285000 -1.612578 -1.450000
v 4.285000 -1.612578 -1.225000
v 4.248823 -1.597593 -1.450000
v 4.248823 -1.597593 -1.225000
v 4.210000 -1.592482 -1.450000
v 4.210000 -1.592482 -1.225000
v 4.171177 -1.597593 -1.450000
v 4.171177 -1.597593 -1.225000
v 4.135000 -1.612578 -1.450000
v 4.135000 -1.612578 -1.225000
v 4.103934 -1.636416 -1.450000
v 4.103934 -1.636416 -1.225000
v 4.080096 -1.667482 -1.450000
v 4.080096 -1.667482 -1.225000
v 4.065111 -1.703659 -1.450000
v 4.065111 -1.703659 -1.225000
v 4.060000 -1.742482 -1.450000
v 4.060000 -1.742482 -1.225000
v 4.065111 -1.781305 -1.450000
v 4.065111 -1.781305 -1.225000
v 4.080096 -1.817482 -1.450000
v 4.080096 -1.817482 -1.225000
v 4.103934 -1.848548 -1.450000
v 4.103934 -1.848548 -1.225000
v 4.135000 -1.872386 -1.450000
v 4.135000 -1.872386 -1.225000
v 4.171177 -1.887371 -1.450000
v 4.171177 -1.887371 -1.225000
v 4.210000 -1.892482 -1.450000
v 4.210000 -1.892482 -1.225000
v 4.248823 -1.887371 -1.450000
v 4.248823 -1.887371 -1.225000
v 4.285000 -1.872386 -1.450000
v 4.285000 -1.872386 -1.225000
v 4.316066 -1.848548 -1.450000
v 4.316066 -1.848548 -1.225000
v 4.339904 -1.817482 -1.450000
v 4.339904 -1.817482 -1.225000
v 4.354889 -1.703659 1.450000
v 4.354889 -1.703659 1.225000
v 4.360000 -1.742482 1.450000
v 4.360000 -1.742482 1.225000
v 4.354889 -1.781305 1.450000
v 4.354889 -1.781305 1.225000
v 4.339904 -1.817482 1.450000
v 4.339904 -1.817482 1.225000
v 4.316066 -1.848548 1.450000
v 4.316066 -1.848548 1.225000
v 4.285000 -1.872386 1.450000
v 4.285000 -1.872386 1.225000
v 4.248823 -1.887371 1.450000
v 4.248823 -1.887371 1.225000
v 4.210000 -1.892482 1.450000
v 4.210000 -1.892482 1.225000
v 4.171177 -1.887371 1.450000
v 4.171177 -1.887371 1.225000
v 4.135000 -1.872386 1.450000
v 4.135000 -1.872386 1.225000
v 4.103934 -1.848548 1.450000
v 4.103934 -1.848548 1.225000
v 4.080096 -1.817482 1.450000
v 4.080096 -1.817482 1.225000
v 4.065111 -1.781305 1.450000
v 4.065111 -1.781305 1.225000
v 4.060000 -1.742482 1.450000
v 4.060000 -1.742482 1.225000
v 4.065111 -1.703659 1.450000
v 4.065111 -1.703659 1.225000
v 4.080096 -1.667482 1.450000
v 4.080096 -1.667482 1.225000
v 4.103934 -1.636416 1.450000
v 4.103934 -1.636416 1.225000
v 4.135000 -1.612578 1.450000
v 4.135000 -1.612578 1.225000
v 4.171177 -1.597593 1.450000
v 4.171177 -1.597593 1.225000
v 4.210000 -1.592482 1.450000
v 4.210000 -1.592482 1.225000
v 4.248823 -1.597593 1.450000
v 4.248823 -1.597593 1.225000
v 4.285000 -1.612578 1.450000
v 4.285000 -1.612578 1.225000
v 4.316066 -1.636416 1.450000
v 4.316066 -1.636416 1.225000
v 4.339904 -1.667482 1.450000
v 4.339904 -1.667482 1.225000
v 3.886370 -1.845950 -1.450000
v 3.886370 -1.845950 -1.225000
v 3.900000 -1.742422 -1.450000
v 3.900000 -1.742422 -1.225000
v 3.886370 -1.638894 -1.450000
v 3.886370 -1.638894 -1.225000
v 3.846410 -1.542422 -1.450000
v 3.846410 -1.542422 -1.225000
v 3.782843 -1.459579 -1.450000
v 3.782843 -1.459579 -1.225000
v 3.700000 -1.396012 -1.450000
v 3.700000 -1.396012 -1.225000
v 3.603528 -1.356052 -1.450000
v 3.603528 -1.356052 -1.225000
v 3.500000 -1.342422 -1.450000
v 3.500000 -1.342422 -1.225000
v 3.396472 -1.356052 -1.450000
v 3.396472 -1.356052 -1.225000
v 3.300000 -1.396012 -1.450000
v 3.300000 -1.396012 -1.225000
v 3.217157 -1.459579 -1.450000
v 3.217157 -1.459579 -1.225000
v 3.153590 -1.542422 -1.450000
v 3.153590 -1.542422 -1.225000
v 3.113630 -1.638894 -1.450000
v 3.113630 -1.638894 -1.225000
v 3.100000 -1.742422 -1.450000
v 3.100000 -1.742422 -1.225000
v 3.113630 -1.845950 -1.450000
v 3.113630 -1.845950 -1.225000
v 3.153590 -1.942422 -1.450000
v 3.153590 -1.942422 -1.225000
v 3.217157 -2.025265 -1.450000
v 3.217157 -2.025265 -1.225000
v 3.300000 -2.088832 -1.450000
v 3.300000 -2.088832 -1.225000
v 3.396472 -2.128792 -1.450000
v 3.396472 -2.128792 -1.225000
v 3.500000 -2.142422 -1.450000
v 3.500000 -2.142422 -1.225000
v 3.603528 -2.128792 -1.450000
v 3.603528 -2.128792 -1.225000
v 3.700000 -2.088832 -1.450000
v 3.700000 -2.088832 -1.225000
v 3.782843 -2.025265 -1.450000
v 3.782843 -2.025265 -1.225000
v 3.846410 -1.942422 -1.450000
v 3.846410 -1.942422 -1.225000
v 3.886370 -1.638894 1.450000
v 3.886370 -1.638894 1.225000
v 3.900000 -1.742422 1.450000
v 3.900000 -1.742422 1.225000
v 3.886370 -1.845950 1.450000
v 3.886370 -1.845950 1.225000
v 3.846410 -1.942422 1.450000
v 3.846410 -1.942422 1.225000
v 3.782843 -2.025265 1.450000
v 3.782843 -2.025265 1.225000
v 3.700000 -2.088832 1.450000
v 3.700000 -2.088832 1.225000
v 3.603528 -2.128792 1.450000
v 3.603528 -2.128792 1.225000
v 3.500000 -2.142422 1.450000
v 3.500000 -2.142422 1.225000
v 3.396472 -2.128792 1.450000
v 3.396472 -2.128792 1.225000
v 3.300000 -2.088832 1.450000
v 3.300000 -2.088832 1.225000
v 3.217157 -2.025265 1.450000
v 3.217157 -2.025265 1.225000
v 3.153590 -1.942422 1.450000
v 3.153590 -1.942422 1.225000
v 3.113630 -1.845950 1.450000
v 3.113630 -1.845950 1.225000
v 3.100000 -1.742422 1.450000
v 3.100000 -1.742422 1.225000
v 3.113630 -1.638894 1.450000
v 3.113630 -1.638894 1.225000
v 3.153590 -1.542422 1.450000
v 3.153590 -1.542422 1.225000
v 3.217157 -1.459579 1.450000
v 3.217157 -1.459579 1.225000
v 3.300000 -1.396012 1.450000
v 3.300000 -1.396012 1.225000
v 3.396472 -1.356052 1.450000
v 3.396472 -1.356052 1.225000
v 3.500000 -1.342422 1.450000
v 3.500000 -1.342422 1.225000
v 3.603528 -1.356052 1.450000
v 3.603528 -1.356052 1.225000
v 3.700000 -1.396012 1.450000
v 3.700000 -1.396012 1.225000
v 3.782843 -1.459579 1.450000
v 3.782843 -1.459579 1.225000
v 3.846410 -1.542422 1.450000
v 3.846410 -1.542422 1.225000
v 0.144889 -1.071245 -1.450000
v 0.144889 -1.071245 -1.225000
v 0.150000 -1.032422 -1.450000
v 0.150000 -1.032422 -1.225000
v 0.144889 -0.993599 -1.450000
v 0.144889 -0.993599 -1.225000
v 0.129904 -0.957422 -1.450000
v 0.129904 -0.957422 -1.225000
v 0.106066 -0.926356 -1.450000
v 0.106066 -0.926356 -1.225000
v 0.075000 -0.902518 -1.450000
v 0.075000 -0.902518 -1.225000
v 0.038823 -0.887533 -1.450000
v 0.038823 -0.887533 -1.225000
v 0.000000 -0.882422 -1.450000
v 0.000000 -0.882422 -1.225000
v -0.038823 -0.887533 -1.450000
v -0.038823 -0.887533 -1.225000
v -0.075000 -0.902518 -1.450000
v -0.075000 -0.902518 -1.225000
v -0.106066 -0.926356 -1.450000
v -0.106066 -0.926356 -1.225000
v -0.129904 -0.957422 -1.450000
v -0.129904 -0.957422 -1.225000
v -0.144889 -0.993599 -1.450000
v -0.144889 -0.993599 -1.225000
v -0.150000 -1.032422 -1.450000
v -0.150000 -1.032422 -1.225000
v -0.144889 -1.071245 -1.450000
v -0.144889 -1.071245 -1.225000
v -0.129904 -1.107422 -1.450000
v -0.129904 -1.107422 -1.225000
v -0.106066 -1.138488 -1.450000
v -0.106066 -1.138488 -1.225000
v -0.075000 -1.162326 -1.450000
v -0.075000 -1.162326 -1.225000
v -0.038823 -1.177311 -1.450000
v -0.038823 -1.177311 -1.225000
v 0.000000 -1.182422 -1.450000
v 0.000000 -1.182422 -1.225000
v 0.038823 -1.177311 -1.450000
v 0.038823 -1.177311 -1.225000
v 0.075000 -1.162326 -1.450000
v 0.075000 -1.162326 -1.225000
v 0.106066 -1.138488 -1.450000
v 0.106066 -1.138488 -1.225000
v 0.129904 -1.107422 -1.450000
v 0.129904 -1.107422 -1.225000
v 0.144889 -0.993599 1.450000
v 0.144889 -0.993599 1.225000
v 0.150000 -1.032422 1.450000
v 0.150000 -1.032422 1.225000
v 0.144889 -1.071245 1.450000
v 0.144889 -1.071245 1.225000
v 0.129904 -1.107422 1.450000
v 0.129904 -1.107422 1.225000
v 0.106066 -1.138488 1.450000
v 0.106066 -1.138488 1.225000
v 0.075000 -1.162326 1.450000
v 0.075000 -1.162326 1.225000
v 0.038823 -1.177311 1.450000
v 0.038823 -1.177311 1.225000
v 0.000000 -1.182422 1.450000
v 0.000000 -1.182422 1.225000
v -0.038823 -1.177311 1.450000
v -0.038823 -1.177311 1.225000
v -0.075000 -1.162326 1.450000
v -0.075000 -1.162326 1.225000
v -0.106066 -1.138488 1.450000
v -0.106066 -1.138488 1.225000
v -0.129904 -1.107422 1.450000
v -0.129904 -1.107422 1.225000
v -0.144889 -1.071245 1.450000
v -0.144889 -1.071245 1.225000
v -0.150000 -1.032422 1.450000
v -0.150000 -1.032422 1.225000
v -0.144889 -0.993599 1.450000
v -0.144889 -0.993599 1.225000
v -0.129904 -0.957422 1.450000
v -0.129904 -0.957422 1.225000
v -0.106066 -0.926356 1.450000
v -0.106066 -0.926356 1.225000
v -0.075000 -0.902518 1.450000
v -0.075000 -0.902518 1.225000
v -0.038823 -0.887533 1.450000
v -0.038823 -0.887533 1.225000
v 0.000000 -0.882422 1.450000
v 0.000000 -0.882422 1.225000
v 0.038823 -0.887533 1.450000
v 0.038823 -0.887533 1.225000
v 0.075000 -0.902518 1.450000
v 0.075000 -0.902518 1.225000
v 0.106066 -0.926356 1.450000
v 0.106066 -0.926356 1.225000
v 0.129904 -0.957422 1.450000
v 0.129904 -0.957422 1.225000
v -0.565111 -1.781357 -1.450000
v -0.565111 -1.781357 -1.225000
v -0.560000 -1.742534 -1.450000
v -0.560000 -1.742534 -1.225000
v -0.565111 -1.703711 -1.450000
v -0.565111 -1.703711 -1.225000
v -0.580096 -1.667534 -1.450000
v -0.580096 -1.667534 -1.225000
v -0.603934 -1.636468 -1.450000
v -0.603934 -1.636468 -1.225000
v -0.635000 -1.612630 -1.450000
v -0.635000 -1.612630 -1.225000
v -0.671177 -1.597645 -1.450000
v -0.671177 -1.597645 -1.225000
v -0.710000 -1.592534 -1.450000
v -0.710000 -1.592534 -1.225000
v -0.748823 -1.597645 -1.450000
v -0.748823 -1.597645 -1.225000
v -0.785000 -1.612630 -1.450000
v -0.785000 -1.612630 -1.225000
v -0.816066 -1.636468 -1.450000
v -0.816066 -1.636468 -1.225000
v -0.839904 -1.667534 -1.450000
v -0.839904 -1.667534 -1.225000
v -0.854889 -1.703711 -1.450000
v -0.854889 -1.703711 -1.225000
v -0.860000 -1.742534 -1.450000
v -0.860000 -1.742534 -1.225000
v -0.854889 -1.781357 -1.450000
v -0.854889 -1.781357 -1.225000
v -0.839904 -1.817534 -1.450000
v -0.839904 -1.817534 -1.225000
v -0.816066 -1.848600 -1.450000
v -0.816066 -1.848600 -1.225000
v -0.785000 -1.872438 -1.450000
v -0.785000 -1.872438 -1.225000
v -0.748823 -1.887423 -1.450000
v -0.748823 -1.887423 -1.225000
v -0.710000 -1.892534 -1.450000
v -0.710000 -1.892534 -1.225000
v -0.671177 -1.887423 -1.450000
v -0.671177 -1.887423 -1.225000
v -0.635000 -1.872438 -1.450000
v -0.635000 -1.872438 -1.225000
v -0.603934 -1.848600 -1.450000
v -0.603934 -1.848600 -1.225000
v -0.580096 -1.817534 -1.450000
v -0.580096 -1.817534 -1.225000
v -0.565111 -1.703711 1.450000
v -0.565111 -1.703711 1.225000
v -0.560000 -1.742534 1.450000
v -0.560000 -1.742534 1.225000
v -0.565111 -1.781357 1.450000
v -0.565111 -1.781357 1.225000
v -0.580096 -1.817534 1.450000
v -0.580096 -1.817534 1.225000
v -0.603934 -1.848600 1.450000
v -0.603934 -1.848600 1.225000
v -0.635000 -1.872438 1.450000
v -0.635000 -1.872438 1.225000
v -0.671177 -1.887423 1.450000
v -0.671177 -1.887423 1.225000
v -0.710000 -1.892534 1.450000
v -0.710000 -1.892534 1.225000
v -0.748823 -1.887423 1.450000
v -0.748823 -1.887423 1.225000
v -0.785000 -1.872438 1.450000
v -0.785000 -1.872438 1.225000
v -0.816066 -1.848600 1.450000
v -0.816066 -1.848600 1.225000
v -0.839904 -1.817534 1.450000
v -0.839904 -1.817534 1.225000
v -0.854889 -1.781357 1.450000
v -0.854889 -1.781357 1.225000
v -0.860000 -1.742534 1.450000
v -0.860000 -1.742534 1.225000
v -0.854889 -1.703711 1.450000
v -0.854889 -1.703711 1.225000
v -0.839904 -1.667534 1.450000
v -0.839904 -1.667534 1.225000
v -0.816066 -1.636468 1.450000
v -0.816066 -1.636468 1.225000
v -0.785000 -1.612630 1.450000
v -0.785000 -1.612630 1.225000
v -0.748823 -1.597645 1.450000
v -0.748823 -1.597645 1.225000
v -0.710000 -1.592534 1.450000
v -0.710000 -1.592534 1.225000
v -0.671177 -1.597645 1.450000
v -0.671177 -1.597645 1.225000
v -0.635000 -1.612630 1.450000
v -0.635000 -1.612630 1.225000
v -0.603934 -1.636468 1.450000
v -0.603934 -1.636468 1.225000
v -0.580096 -1.667534 1.450000
v -0.580096 -1.667534 1.225000
v -3.113630 -1.845950 -1.450000
v -3.113630 -1.845950 -1.225000
v -3.100000 -1.742422 -1.450000
v -3.100000 -1.742422 -1.225000
v -3.113630 -1.638894 -1.450000
v -3.113630 -1.638894 -1.225000
v -3.153590 -1.542422 -1.450000
v -3.153590 -1.542422 -1.225000
v -3.217157 -1.459579 -1.450000
v -3.217157 -1.459579 -1.225000
v -3.300000 -1.396012 -1.450000
v -3.300000 -1.396012 -1.225000
v -3.396472 -1.356052 -1.450000
v -3.396472 -1.356052 -1.225000
v -3.500000 -1.342422 -1.450000
v -3.500000 -1.342422 -1.225000
v -3.603528 -1.356052 -1.450000
v -3.603528 -1.356052 -1.225000
v -3.700000 -1.396012 -1.450000
v -3.700000 -1.396012 -1.225000
v -3.782843 -1.459579 -1.450000
v -3.782843 -1.459579 -1.225000
v -3.846410 -1.542422 -1.450000
v -3.846410 -1.542422 -1.225000
v -3.886370 -1.638894 -1.450000
v -3.886370 -1.638894 -1.225000
v -3.900000 -1.742422 -1.450000
v -3.900000 -1.742422 -1.225000
v -3.886370 -1.845950 -1.450000
v -3.886370 -1.845950 -1.225000
v -3.846410 -1.942422 -1.450000
v -3.846410 -1.942422 -1.225000
v -3.782843 -2.025265 -1.450000
v -3.782843 -2.025265 -1.225000
v -3.700000 -2.088832 -1.450000
v -3.700000 -2.088832 -1.225000
v -3.603528 -2.128792 -1.450000
v -3.603528 -2.128792 -1.225000
v -3.500000 -2.142422 -1.450000
v -3.500000 -2.142422 -1.225000
v -3.396472 -2.128792 -1.450000
v -3.396472 -2.128792 -1.225000
v -3.300000 -2.088832 -1.450000
v -3.300000 -2.088832 -1.225000
v -3.217157 -2.025265 -1.450000
v -3.217157 -2.025265 -1.225000
v -3.153590 -1.942422 -1.450000
v -3.153590 -1.942422 -1.225000
v -3.113630 -1.638894 1.450000
v -3.113630 -1.638894 1.225000
v -3.100000 -1.742422 1.450000
v -3.100000 -1.742422 1.225000
v -3.113630 -1.845950 1.450000
v -3.113630 -1.845950 1.225000
v -3.153590 -1.942422 1.450000
v -3.153590 -1.942422 1.225000
v -3.217157 -2.025265 1.450000
v -3.217157 -2.025265 1.225000
v -3.300000 -2.088832 1.450000
v -3.300000 -2.088832 1.225000
v -3.396472 -2.128792 1.450000
v -3.396472 -2.128792 1.225000
v -3.500000 -2.142422 1.450000
v -3.500000 -2.142422 1.225000
v -3.603528 -2.128792 1.450000
v -3.603528 -2.128792 1.225000
v -3.700000 -2.088832 1.450000
v -3.700000 -2.088832 1.225000
v -3.782843 -2.025265 1.450000
v -3.782843 -2.025265 1.225000
v -3.846410 -1.942422 1.450000
v -3.846410 -1.942422 1.225000
v -3.886370 -1.845950 1.450000
v -3.886370 -1.845950 1.225000
v -3.900000 -1.742422 1.450000
v -3.900000 -1.742422 1.225000
v -3.886370 -1.638894 1.450000
v -3.886370 -1.638894 1.225000
v -3.846410 -1.542422 1.450000
v -3.846410 -1.542422 1.225000
v -3.782843 -1.459579 1.450000
v -3.782843 -1.459579 1.225000
v -3.700000 -1.396012 1.450000
v -3.700000 -1.396012 1.225000
v -3.603528 -1.356052 1.450000
v -3.603528 -1.356052 1.225000
v -3.500000 -1.342422 1.450000
v -3.500000 -1.342422 1.225000
v -3.396472 -1.356052 1.450000
v -3.396472 -1.356052 1.225000
v -3.300000 -1.396012 1.450000
v -3.300000 -1.396012 1.225000
v -3.217157 -1.459579 1.450000
v -3.217157 -1.459579 1.225000
v -3.153590 -1.542422 1.450000
v -3.153590 -1.542422 1.225000
v -4.065111 -1.781245 -1.450000
v -4.065111 -1.781245 -1.225000
v -4.060000 -1.742422 -1.450000
v -4.060000 -1.742422 -1.225000
v -4.065111 -1.703599 -1.450000
v -4.065111 -1.703599 -1.225000
v -4.080096 -1.667422 -1.450000
v -4.080096 -1.667422 -1.225000
v -4.103934 -1.636356 -1.450000
v -4.103934 -1.636356 -1.225000
v -4.135000 -1.612518 -1.450000
v -4.135000 -1.612518 -1.225000
v -4.171177 -1.597533 -1.450000
v -4.171177 -1.597533 -1.225000
v -4.210000 -1.592422 -1.450000
v -4.210000 -1.592422 -1.225000
v -4.248823 -1.597533 -1.450000
v -4.248823 -1.597533 -1.225000
v -4.285000 -1.612518 -1.450000
v -4.285000 -1.612518 -1.225000
v -4.316066 -1.636356 -1.450000
v -4.316066 -1.636356 -1.225000
v -4.339904 -1.667422 -1.450000
v -4.339904 -1.667422 -1.225000
v -4.354889 -1.703599 -1.450000
v -4.354889 -1.703599 -1.225000
v -4.360000 -1.742422 -1.450000
v -4.360000 -1.742422 -1.225000
v -4.354889 -1.781245 -1.450000
v -4.354889 -1.781245 -1.225000
v -4.339904 -1.817422 -1.450000
v -4.339904 -1.817422 -1.225000
v -4.316066 -1.848488 -1.450000
v -4.316066 -1.848488 -1.225000
v -4.285000 -1.872326 -1.450000
v -4.285000 -1.872326 -1.225000
v -4.248823 -1.887311 -1.450000
v -4.248823 -1.887311 -1.225000
v -4.210000 -1.892422 -1.450000
v -4.210000 -1.892422 -1.225000
v -4.171177 -1.887311 -1.450000
v -4.171177 -1.887311 -1.225000
v -4.135000 -1.872326 -1.450000
v -4.135000 -1.872326 -1.225000
v -4.103934 -1.848488 -1.450000
v -4.103934 -1.848488 -1.225000
v -4.080096 -1.817422 -1.450000
v -4.080096 -1.817422 -1.225000
v -4.065111 -1.703599 1.450000
v -4.065111 -1.703599 1.225000
v -4.060000 -1.742422 1.450000
v -4.060000 -1.742422 1.225000
v -4.065111 -1.781245 1.450000
v -4.065111 -1.781245 1.225000
v -4.080096 -1.817422 1.450000
v -4.080096 -1.817422 1.225000
v -4.103934 -1.848488 1.450000
v -4.103934 -1.848488 1.225000
v -4.135000 -1.872326 1.450000
v -4.135000 -1.872326 1.225000
v -4.171177 -1.887311 1.450000
v -4.171177 -1.887311 1.225000
v -4.210000 -1.892422 1.450000
v -4.210000 -1.892422 1.225000
v -4.248823 -1.887311 1.450000
v -4.248823 -1.887311 1.225000
v -4.285000 -1.872326 1.450000
v -4.285000 -1.872326 1.225000
v -4.316066 -1.848488 1.450000
v -4.316066 -1.848488 1.225000
v -4.339904 -1.817422 1.450000
v -4.339904 -1.817422 1.225000
v -4.354889 -1.781245 1.450000
v -4.354889 -1.781245 1.225000
v -4.360000 -1.742422 1.450000
v -4.360000 -1.742422 1.225000
v -4.354889 -1.703599 1.450000
v -4.354889 -1.703599 1.225000
v -4.339904 -1.667422 1.450000
v -4.339904 -1.667422 1.225000
v -4.316066 -1.636356 1.450000
v -4.316066 -1.636356 1.225000
v -4.285000 -1.612518 1.450000
v -4.285000 -1.612518 1.225000
v -4.248823 -1.597533 1.450000
v -4.248823 -1.597533 1.225000
v -4.210000 -1.592422 1.450000
v -4.210000 -1.592422 1.225000
v -4.171177 -1.597533 1.450000
v -4.171177 -1.597533 1.225000
v -4.135000 -1.612518 1.450000
v -4.135000 -1.612518 1.225000
v -4.103934 -1.636356 1.450000
v -4.103934 -1.636356 1.225000
v -4.080096 -1.667422 1.450000
v -4.080096 -1.667422 1.225000
v 0.854889 -1.780628 -1.450000
v 0.854889 -1.780628 -1.225000
v 0.860000 -1.741805 -1.450000
v 0.860000 -1.741805 -1.225000
v 0.854889 -1.702982 -1.450000
v 0.854889 -1.702982 -1.225000
v 0.839904 -1.666805 -1.450000
v 0.839904 -1.666805 -1.225000
v 0.816066 -1.635739 -1.450000
v 0.816066 -1.635739 -1.225000
v 0.785000 -1.611901 -1.450000
v 0.785000 -1.611901 -1.225000
v 0.748823 -1.596916 -1.450000
v 0.748823 -1.596916 -1.225000
v 0.710000 -1.591805 -1.450000
v 0.710000 -1.591805 -1.225000
v 0.671177 -1.596916 -1.450000
v 0.671177 -1.596916 -1.225000
v 0.635000 -1.611901 -1.450000
v 0.635000 -1.611901 -1.225000
v 0.603934 -1.635739 -1.450000
v 0.603934 -1.635739 -1.225000
v 0.580096 -1.666805 -1.450000
v 0.580096 -1.666805 -1.225000
v 0.565111 -1.702982 -1.450000
v 0.565111 -1.702982 -1.225000
v 0.560000 -1.741805 -1.450000
v 0.560000 -1.741805 -1.225000
v 0.565111 -1.780628 -1.450000
v 0.565111 -1.780628 -1.225000
v 0.580096 -1.816805 -1.450000
v 0.580096 -1.816805 -1.225000
v 0.603934 -1.847871 -1.450000
v 0.603934 -1.847871 -1.225000
v 0.635000 -1.871709 -1.450000
v 0.635000 -1.871709 -1.225000
v 0.671177 -1.886694 -1.450000
v 0.671177 -1.886694 -1.225000
v 0.710000 -1.891805 -1.450000
v 0.710000 -1.891805 -1.225000
v 0.748823 -1.886694 -1.450000
v 0.748823 -1.886694 -1.225000
v 0.785000 -1.871709 -1.450000
v 0.785000 -1.871709 -1.225000
v 0.816066 -1.847871 -1.450000
v 0.816066 -1.847871 -1.225000
v 0.839904 -1.816805 -1.450000
v 0.839904 -1.816805 -1.225000
v 0.854889 -1.702982 1.450000
v 0.854889 -1.702982 1.225000
v 0.860000 -1.741805 1.450000
v 0.860000 -1.741805 1.225000
v 0.854889 -1.780628 1.450000
v 0.854889 -1.780628 1.225000
v 0.839904 -1.816805 1.450000
v 0.839904 -1.816805 1.225000
v 0.816066 -1.847871 1.450000
v 0.816066 -1.847871 1.225000
v 0.785000 -1.871709 1.450000
v 0.785000 -1.871709 1.225000
v 0.748823 -1.886694 1.450000
v 0.748823 -1.886694 1.225000
v 0.710000 -1.891805 1.450000
v 0.710000 -1.891805 1.225000
v 0.671177 -1.886694 1.450000
v 0.671177 -1.886694 1.225000
v 0.635000 -1.871709 1.450000
v 0.635000 -1.871709 1.225000
v 0.603934 -1.847871 1.450000
v 0.603934 -1.847871 1.225000
v 0.580096 -1.816805 1.450000
v 0.580096 -1.816805 1.225000
v 0.565111 -1.780628 1.450000
v 0.565111 -1.780628 1.225000
v 0.560000 -1.741805 1.450000
v 0.560000 -1.741805 1.225000
v 0.565111 -1.702982 1.450000
v 0.565111 -1.702982 1.225000
v 0.580096 -1.666805 1.450000
v 0.580096 -1.666805 1.225000
v 0.603934 -1.635739 1.450000
v 0.603934 -1.635739 1.225000
v 0.635000 -1.611901 1.450000
v 0.635000 -1.611901 1.225000
v 0.671177 -1.596916 1.450000
v 0.671177 -1.596916 1.225000
v 0.710000 -1.591805 1.450000
v 0.710000 -1.591805 1.225000
v 0.748823 -1.596916 1.450000
v 0.748823 -1.596916 1.225000
v 0.785000 -1.611901 1.450000
v 0.785000 -1.611901 1.225000
v 0.816066 -1.635739 1.450000
v 0.816066 -1.635739 1.225000
v 0.839904 -1.666805 1.450000
v 0.839904 -1.666805 1.225000
v 2.934889 -1.781223 -1.450000
v 2.934889 -1.781223 -1.225000
v 2.940000 -1.742400 -1.450000
v 2.940000 -1.742400 -1.225000
v 2.934889 -1.703577 -1.450000
v 2.934889 -1.703577 -1.225000
v 2.919904 -1.667400 -1.450000
v 2.919904 -1.667400 -1.225000
v 2.896066 -1.636334 -1.450000
v 2.896066 -1.636334 -1.225000
v 2.865000 -1.612496 -1.450000
v 2.865000 -1.612496 -1.225000
v 2.828823 -1.597511 -1.450000
v 2.828823 -1.597511 -1.225000
v 2.790000 -1.592400 -1.450000
v 2.790000 -1.592400 -1.225000
v 2.751177 -1.597511 -1.450000
v 2.751177 -1.597511 -1.225000
v 2.715000 -1.612496 -1.450000
v 2.715000 -1.612496 -1.225000
v 2.683934 -1.636334 -1.450000
v 2.683934 -1.636334 -1.225000
v 2.660096 -1.667400 -1.450000
v 2.660096 -1.667400 -1.225000
v 2.645111 -1.703577 -1.450000
v 2.645111 -1.703577 -1.225000
v 2.640000 -1.742400 -1.450000
v 2.640000 -1.742400 -1.225000
v 2.645111 -1.781223 -1.450000
v 2.645111 -1.781223 -1.225000
v 2.660096 -1.817400 -1.450000
v 2.660096 -1.817400 -1.225000
v 2.683934 -1.848466 -1.450000
v 2.683934 -1.848466 -1.225000
v 2.715000 -1.872304 -1.450000
v 2.715000 -1.872304 -1.225000
v 2.751177 -1.887289 -1.450000
v 2.751177 -1.887289 -1.225000
v 2.790000 -1.892400 -1.450000
v 2.790000 -1.892400 -1.225000
v 2.828823 -1.887289 -1.450000
v 2.828823 -1.887289 -1.225000
v 2.865000 -1.872304 -1.450000
v 2.865000 -1.872304 -1.225000
v 2.896066 -1.848466 -1.450000
v 2.896066 -1.848466 -1.225000
v 2.919904 -1.817400 -1.450000
v 2.919904 -1.817400 -1.225000
v 2.934889 -1.703577 1.450000
v 2.934889 -1.703577 1.225000
v 2.940000 -1.742400 1.450000
v 2.940000 -1.742400 1.225000
v 2.934889 -1.781223 1.450000
v 2.934889 -1.781223 1.225000
v 2.919904 -1.817400 1.450000
v 2.919904 -1.817400 1.225000
v 2.896066 -1.848466 1.450000
v 2.896066 -1.848466 1.225000
v 2.865000 -1.872304 1.450000
v 2.865000 -1.872304 1.225000
v 2.828823 -1.887289 1.450000
v 2.828823 -1.887289 1.225000
v 2.790000 -1.892400 1.450000
v 2.790000 -1.892400 1.225000
v 2.751177 -1.887289 1.450000
v 2.751177 -1.887289 1.225000
v 2.715000 -1.872304 1.450000
v 2.715000 -1.872304 1.225000
v 2.683934 -1.848466 1.450000
v 2.683934 -1.848466 1.225000
v 2.660096 -1.817400 1.450000
v 2.660096 -1.817400 1.225000
v 2.645111 -1.781223 1.450000
v 2.645111 -1.781223 1.225000
v 2.640000 -1.742400 1.450000
v 2.640000 -1.742400 1.225000
v 2.645111 -1.703577 1.450000
v 2.645111 -1.703577 1.225000
v 2.660096 -1.667400 1.450000
v 2.660096 -1.667400 1.225000
v 2.683934 -1.636334 1.450000
v 2.683934 -1.636334 1.225000
v 2.715000 -1.612496 1.450000
v 2.715000 -1.612496 1.225000
v 2.751177 -1.597511 1.450000
v 2.751177 -1.597511 1.225000
v 2.790000 -1.592400 1.450000
v 2.790000 -1.592400 1.225000
v 2.828823 -1.597511 1.450000
v 2.828823 -1.597511 1.225000
v 2.865000 -1.612496 1.450000
v 2.865000 -1.612496 1.225000
v 2.896066 -1.636334 1.450000
v 2.896066 -1.636334 1.225000
v 2.919904 -1.667400 1.450000
v 2.919904 -1.667400 1.225000
v 3.644889 -1.071245 -1.450000
v 3.644889 -1.071245 -1.225000
v 3.650000 -1.032422 -1.450000
v 3.650000 -1.032422 -1.225000
v 3.644889 -0.993599 -1.450000
v 3.644889 -0.993599 -1.225000
v 3.629904 -0.957422 -1.450000
v 3.629904 -0.957422 -1.225000
v 3.606066 -0.926356 -1.450000
v 3.606066 -0.926356 -1.225000
v 3.575000 -0.902518 -1.450000
v 3.575000 -0.902518 -1.225000
v 3.538823 -0.887533 -1.450000
v 3.538823 -0.887533 -1.225000
v 3.500000 -0.882422 -1.450000
v 3.500000 -0.882422 -1.225000
v 3.461177 -0.887533 -1.450000
v 3.461177 -0.887533 -1.225000
v 3.425000 -0.902518 -1.450000
v 3.425000 -0.902518 -1.225000
v 3.393934 -0.926356 -1.450000
v 3.393934 -0.926356 -1.225000
v 3.370096 -0.957422 -1.450000
v 3.370096 -0.957422 -1.225000
v 3.355111 -0.993599 -1.450000
v 3.355111 -0.993599 -1.225000
v 3.350000 -1.032422 -1.450000
v 3.350000 -1.032422 -1.225000
v 3.355111 -1.071245 -1.450000
v 3.355111 -1.071245 -1.225000
v 3.370096 -1.107422 -1.450000
v 3.370096 -1.107422 -1.225000
v 3.393934 -1.138488 -1.450000
v 3.393934 -1.138488 -1.225000
v 3.425000 -1.162326 -1.450000
v 3.425000 -1.162326 -1.225000
v 3.461177 -1.177311 -1.450000
v 3.461177 -1.177311 -1.225000
v 3.500000 -1.182422 -1.450000
v 3.500000 -1.182422 -1.225000
v 3.538823 -1.177311 -1.450000
v 3.538823 -1.177311 -1.225000
v 3.575000 -1.162326 -1.450000
v 3.575000 -1.162326 -1.225000
v 3.606066 -1.138488 -1.450000
v 3.606066 -1.138488 -1.225000
v 3.629904 -1.107422 -1.450000
v 3.629904 -1.107422 -1.225000
v 3.644889 -0.993599 1.450000
v 3.644889 -0.993599 1.225000
v 3.650000 -1.032422 1.450000
v 3.650000 -1.032422 1.225000
v 3.644889 -1.071245 1.450000
v 3.644889 -1.071245 1.225000
v 3.629904 -1.107422 1.450000
v 3.629904 -1.107422 1.225000
v 3.606066 -1.138488 1.450000
v 3.606066 -1.138488 1.225000
v 3.575000 -1.162326 1.450000
v 3.575000 -1.162326 1.225000
v 3.538823 -1.177311 1.450000
v 3.538823 -1.177311 1.225000
v 3.500000 -1.182422 1.450000
v 3.500000 -1.182422 1.225000
v 3.461177 -1.177311 1.450000
v 3.461177 -1.177311 1.225000
v 3.425000 -1.162326 1.450000
v 3.425000 -1.162326 1.225000
v 3.393934 -1.138488 1.450000
v 3.393934 -1.138488 1.225000
v 3.370096 -1.107422 1.450000
v 3.370096 -1.107422 1.225000
v 3.355111 -1.071245 1.450000
v 3.355111 -1.071245 1.225000
v 3.350000 -1.032422 1.450000
v 3.350000 -1.032422 1.225000
v 3.355111 -0.993599 1.450000
v 3.355111 -0.993599 1.225000
v 3.370096 -0.957422 1.450000
v 3.370096 -0.957422 1.225000
v 3.393934 -0.926356 1.450000
v 3.393934 -0.926356 1.225000
v 3.425000 -0.902518 1.450000
v 3.425000 -0.902518 1.225000
v 3.461177 -0.887533 1.450000
v 3.461177 -0.887533 1.225000
v 3.500000 -0.882422 1.450000
v 3.500000 -0.882422 1.225000
v 3.538823 -0.887533 1.450000
v 3.538823 -0.887533 1.225000
v 3.575000 -0.902518 1.450000
v 3.575000 -0.902518 1.225000
v 3.606066 -0.926356 1.450000
v 3.606066 -0.926356 1.225000
v 3.629904 -0.957422 1.450000
v 3.629904 -0.957422 1.225000
v -4.344889 1.390578 0.038823
v -4.344889 1.165578 0.038823
v -4.350000 1.390578 0.000000
v -4.350000 1.165578 0.000000
v -4.344889 1.390578 -0.038823
v -4.344889 1.165578 -0.038823
v -4.329904 1.390578 -0.075000
v -4.329904 1.165578 -0.075000
v -4.306066 1.390578 -0.106066
v -4.306066 1.165578 -0.106066
v -4.275000 1.390578 -0.129904
v -4.275000 1.165578 -0.129904
v -4.238823 1.390578 -0.144889
v -4.238823 1.165578 -0.144889
v -4.200000 1.390578 -0.150000
v -4.200000 1.165578 -0.150000
v -4.161177 1.390578 -0.144889
v -4.161177 1.165578 -0.144889
v -4.125000 1.390578 -0.129904
v -4.125000 1.165578 -0.129904
v -4.093934 1.390578 -0.106066
v -4.093934 1.165578 -0.106066
v -4.070096 1.390578 -0.075000
v -4.070096 1.165578 -0.075000
v -4.055111 1.390578 -0.038823
v -4.055111 1.165578 -0.038823
v -4.050000 1.390578 0.000000
v -4.050000 1.165578 0.000000
v -4.055111 1.390578 0.038823
v -4.055111 1.165578 0.038823
v -4.070096 1.390578 0.075000
v -4.070096 1.165578 0.075000
v -4.093934 1.390578 0.106066
v -4.093934 1.165578 0.106066
v -4.125000 1.390578 0.129904
v -4.125000 1.165578 0.129904
v -4.161177 1.390578 0.144889
v -4.161177 1.165578 0.144889
v -4.200000 1.390578 0.150000
v -4.200000 1.165578 0.150000
v -4.238823 1.390578 0.144889
v -4.238823 1.165578 0.144889
v -4.275000 1.390578 0.129904
v -4.275000 1.165578 0.129904
v -4.306066 1.390578 0.106066
v -4.306066 1.165578 0.106066
v -4.329904 1.390578 0.075000
v -4.329904 1.165578 0.075000
v -0.844889 1.390578 0.038823
v -0.844889 1.165578 0.038823
v -0.850000 1.390578 0.000000
v -0.850000 1.165578 0.000000
v -0.844889 1.390578 -0.038823
v -0.844889 1.165578 -0.038823
v -0.829904 1.390578 -0.075000
v -0.829904 1.165578 -0.075000
v -0.806066 1.390578 -0.106066
v -0.806066 1.165578 -0.106066
v -0.775000 1.390578 -0.129904
v -0.775000 1.165578 -0.129904
v -0.738823 1.390578 -0.144889
v -0.738823 1.165578 -0.144889
v -0.700000 1.390578 -0.150000
v -0.700000 1.165578 -0.150000
v -0.661177 1.390578 -0.144889
v -0.661177 1.165578 -0.144889
v -0.625000 1.390578 -0.129904
v -0.625000 1.165578 -0.129904
v -0.593934 1.390578 -0.106066
v -0.593934 1.165578 -0.106066
v -0.570096 1.390578 -0.075000
v -0.570096 1.165578 -0.075000
v -0.555111 1.390578 -0.038823
v -0.555111 1.165578 -0.038823
v -0.550000 1.390578 0.000000
v -0.550000 1.165578 0.000000
v -0.555111 1.390578 0.038823
v -0.555111 1.165578 0.038823
v -0.570096 1.390578 0.075000
v -0.570096 1.165578 0.075000
v -0.593934 1.390578 0.106066
v -0.593934 1.165578 0.106066
v -0.625000 1.390578 0.129904
v -0.625000 1.165578 0.129904
v -0.661177 1.390578 0.144889
v -0.661177 1.165578 0.144889
v -0.700000 1.390578 0.150000
v -0.700000 1.165578 0.150000
v -0.738823 1.390578 0.144889
v -0.738823 1.165578 0.144889
v -0.775000 1.390578 0.129904
v -0.775000 1.165578 0.129904
v -0.806066 1.390578 0.106066
v -0.806066 1.165578 0.106066
v -0.829904 1.390578 0.075000
v -0.829904 1.165578 0.075000
v 2.655111 1.390578 0.038823
v 2.655111 1.165578 0.038823
v 2.650000 1.390578 0.000000
v 2.650000 1.165578 0.000000
v 2.655111 1.390578 -0.038823
v 2.655111 1.165578 -0.038823
v 2.670096 1.390578 -0.075000
v 2.670096 1.165578 -0.075000
v 2.693934 1.390578 -0.106066
v 2.693934 1.165578 -0.106066
v 2.725000 1.390578 -0.129904
v 2.725000 1.165578 -0.129904
v 2.761177 1.390578 -0.144889
v 2.761177 1.165578 -0.144889
v 2.800000 1.390578 -0.150000
v 2.800000 1.165578 -0.150000
v 2.838823 1.390578 -0.144889
v 2.838823 1.165578 -0.144889
v 2.875000 1.390578 -0.129904
v 2.875000 1.165578 -0.129904
v 2.906066 1.390578 -0.106066
v 2.906066 1.165578 -0.106066
v 2.929904 1.390578 -0.075000
v 2.929904 1.165578 -0.075000
v 2.944889 1.390578 -0.038823
v 2.944889 1.165578 -0.038823
v 2.950000 1.390578 0.000000
v 2.950000 1.165578 0.000000
v 2.944889 1.390578 0.038823
v 2.944889 1.165578 0.038823
v 2.929904 1.390578 0.075000
v 2.929904 1.165578 0.075000
v 2.906066 1.390578 0.106066
v 2.906066 1.165578 0.106066
v 2.875000 1.390578 0.129904
v 2.875000 1.165578 0.129904
v 2.838823 1.390578 0.144889
v 2.838823 1.165578 0.144889
v 2.800000 1.390578 0.150000
v 2.800000 1.165578 0.150000
v 2.761177 1.390578 0.144889
v 2.761177 1.165578 0.144889
v 2.725000 1.390578 0.129904
v 2.725000 1.165578 0.129904
v 2.693934 1.390578 0.106066
v 2.693934 1.165578 0.106066
v 2.670096 1.390578 0.075000
v 2.670096 1.165578 0.075000
v 3.113630 1.390578 0.103528
v 3.113630 1.165578 0.103528
v 3.100000 1.390578 0.000000
v 3.100000 1.165578 0.000000
v 3.113630 1.390578 -0.103528
v 3.113630 1.165578 -0.103528
v 3.153590 1.390578 -0.200000
v 3.153590 1.165578 -0.200000
v 3.217157 1.390578 -0.282843
v 3.217157 1.165578 -0.282843
v 3.300000 1.390578 -0.346410
v 3.300000 1.165578 -0.346410
v 3.396472 1.390578 -0.386370
v 3.396472 1.165578 -0.386370
v 3.500000 1.390578 -0.400000
v 3.500000 1.165578 -0.400000
v 3.603528 1.390578 -0.386370
v 3.603528 1.165578 -0.386370
v 3.700000 1.390578 -0.346410
v 3.700000 1.165578 -0.346410
v 3.782843 1.390578 -0.282843
v 3.782843 1.165578 -0.282843
v 3.846410 1.390578 -0.200000
v 3.846410 1.165578 -0.200000
v 3.886370 1.390578 -0.103528
v 3.886370 1.165578 -0.103528
v 3.900000 1.390578 0.000000
v 3.900000 1.165578 0.000000
v 3.886370 1.390578 0.103528
v 3.886370 1.165578 0.103528
v 3.846410 1.390578 0.200000
v 3.846410 1.165578 0.200000
v 3.782843 1.390578 0.282843
v 3.782843 1.165578 0.282843
v 3.700000 1.390578 0.346410
v 3.700000 1.165578 0.346410
v 3.603528 1.390578 0.386370
v 3.603528 1.165578 0.386370
v 3.500000 1.390578 0.400000
v 3.500000 1.165578 0.400000
v 3.396472 1.390578 0.386370
v 3.396472 1.165578 0.386370
v 3.300000 1.390578 0.346410
v 3.300000 1.165578 0.346410
v 3.217157 1.390578 0.282843
v 3.217157 1.165578 0.282843
v 3.153590 1.390578 0.200000
v 3.153590 1.165578 0.200000
v 3.355111 1.390578 -0.661177
v 3.355111 1.165578 -0.661177
v 3.350000 1.390578 -0.700000
v 3.350000 1.165578 -0.700000
v 3.355111 1.390578 -0.738823
v 3.355111 1.165578 -0.738823
v 3.370096 1.390578 -0.775000
v 3.370096 1.165578 -0.775000
v 3.393934 1.390578 -0.806066
v 3.393934 1.165578 -0.806066
v 3.425000 1.390578 -0.829904
v 3.425000 1.165578 -0.829904
v 3.461177 1.390578 -0.844889
v 3.461177 1.165578 -0.844889
v 3.500000 1.390578 -0.850000
v 3.500000 1.165578 -0.850000
v 3.538823 1.390578 -0.844889
v 3.538823 1.165578 -0.844889
v 3.575000 1.390578 -0.829904
v 3.575000 1.165578 -0.829904
v 3.606066 1.390578 -0.806066
v 3.606066 1.165578 -0.806066
v 3.629904 1.390578 -0.775000
v 3.629904 1.165578 -0.775000
v 3.644889 1.390578 -0.738823
v 3.644889 1.165578 -0.738823
v 3.650000 1.390578 -0.700000
v 3.650000 1.165578 -0.700000
v 3.644889 1.390578 -0.661177
v 3.644889 1.165578 -0.661177
v 3.629904 1.390578 -0.625000
v 3.629904 1.165578 -0.625000
v 3.606066 1.390578 -0.593934
v 3.606066 1.165578 -0.593934
v 3.575000 1.390578 -0.570096
v 3.575000 1.165578 -0.570096
v 3.538823 1.390578 -0.555111
v 3.538823 1.165578 -0.555111
v 3.500000 1.390578 -0.550000
v 3.500000 1.165578 -0.550000
v 3.461177 1.390578 -0.555111
v 3.461177 1.165578 -0.555111
v 3.425000 1.390578 -0.570096
v 3.425000 1.165578 -0.570096
v 3.393934 1.390578 -0.593934
v 3.393934 1.165578 -0.593934
v 3.370096 1.390578 -0.625000
v 3.370096 1.165578 -0.625000
v -0.386370 1.390578 0.103528
v -0.386370 1.165578 0.103528
v -0.400000 1.390578 0.000000
v -0.400000 1.165578 0.000000
v -0.386370 1.390578 -0.103528
v -0.386370 1.165578 -0.103528
v -0.346410 1.390578 -0.200000
v -0.346410 1.165578 -0.200000
v -0.282843 1.390578 -0.282843
v -0.282843 1.165578 -0.282843
v -0.200000 1.390578 -0.346410
v -0.200000 1.165578 -0.346410
v -0.103528 1.390578 -0.386370
v -0.103528 1.165578 -0.386370
v 0.000000 1.390578 -0.400000
v 0.000000 1.165578 -0.400000
v 0.103528 1.390578 -0.386370
v 0.103528 1.165578 -0.386370
v 0.200000 1.390578 -0.346410
v 0.200000 1.165578 -0.346410
v 0.282843 1.390578 -0.282843
v 0.282843 1.165578 -0.282843
v 0.346410 1.390578 -0.200000
v 0.346410 1.165578 -0.200000
v 0.386370 1.390578 -0.103528
v 0.386370 1.165578 -0.103528
v 0.400000 1.390578 0.000000
v 0.400000 1.165578 0.000000
v 0.386370 1.390578 0.103528
v 0.386370 1.165578 0.103528
v 0.346410 1.390578 0.200000
v 0.346410 1.165578 0.200000
v 0.282843 1.390578 0.282843
v 0.282843 1.165578 0.282843
v 0.200000 1.390578 0.346410
v 0.200000 1.165578 0.346410
v 0.103528 1.390578 0.386370
v 0.103528 1.165578 0.386370
v 0.000000 1.390578 0.400000
v 0.000000 1.165578 0.400000
v -0.103528 1.390578 0.386370
v -0.103528 1.165578 0.386370
v -0.200000 1.390578 0.346410
v -0.200000 1.165578 0.346410
v -0.282843 1.390578 0.282843
v -0.282843 1.165578 0.282843
v -0.346410 1.390578 0.200000
v -0.346410 1.165578 0.200000
v -3.644889 1.390578 0.738823
v -3.644889 1.165578 0.738823
v -3.650000 1.390578 0.700000
v -3.650000 1.165578 0.700000
v -3.644889 1.390578 0.661177
v -3.644889 1.165578 0.661177
v -3.629904 1.390578 0.625000
v -3.629904 1.165578 0.625000
v -3.606066 1.390578 0.593934
v -3.606066 1.165578 0.593934
v -3.575000 1.390578 0.570096
v -3.575000 1.165578 0.570096
v -3.538823 1.390578 0.555111
v -3.538823 1.165578 0.555111
v -3.500000 1.390578 0.550000
v -3.500000 1.165578 0.550000
v -3.461177 1.390578 0.555111
v -3.461177 1.165578 0.555111
v -3.425000 1.390578 0.570096
v -3.425000 1.165578 0.570096
v -3.393934 1.390578 0.593934
v -3.393934 1.165578 0.593934
v -3.370096 1.390578 0.625000
v -3.370096 1.165578 0.625000
v -3.355111 1.390578 0.661177
v -3.355111 1.165578 0.661177
v -3.350000 1.390578 0.700000
v -3.350000 1.165578 0.700000
v -3.355111 1.390578 0.738823
v -3.355111 1.165578 0.738823
v -3.370096 1.390578 0.775000
v -3.370096 1.165578 0.775000
v -3.393934 1.390578 0.806066
v -3.393934 1.165578 0.806066
v -3.425000 1.390578 0.829904
v -3.425000 1.165578 0.829904
v -3.461177 1.390578 0.844889
v -3.461177 1.165578 0.844889
v -3.500000 1.390578 0.850000
v -3.500000 1.165578 0.850000
v -3.538823 1.390578 0.844889
v -3.538823 1.165578 0.844889
v -3.575000 1.390578 0.829904
v -3.575000 1.165578 0.829904
v -3.606066 1.390578 0.806066
v -3.606066 1.165578 0.806066
v -3.629904 1.390578 0.775000
v -3.629904 1.165578 0.775000
v -3.644889 1.390578 -0.661177
v -3.644889 1.165578 -0.661177
v -3.650000 1.390578 -0.700000
v -3.650000 1.165578 -0.700000
v -3.644889 1.390578 -0.738823
v -3.644889 1.165578 -0.738823
v -3.629904 1.390578 -0.775000
v -3.629904 1.165578 -0.775000
v -3.606066 1.390578 -0.806066
v -3.606066 1.165578 -0.806066
v -3.575000 1.390578 -0.829904
v -3.575000 1.165578 -0.829904
v -3.538823 1.390578 -0.844889
v -3.538823 1.165578 -0.844889
v -3.500000 1.390578 -0.850000
v -3.500000 1.165578 -0.850000
v -3.461177 1.390578 -0.844889
v -3.461177 1.165578 -0.844889
v -3.425000 1.390578 -0.829904
v -3.425000 1.165578 -0.829904
v -3.393934 1.390578 -0.806066
v -3.393934 1.165578 -0.806066
v -3.370096 1.390578 -0.775000
v -3.370096 1.165578 -0.775000
v -3.355111 1.390578 -0.738823
v -3.355111 1.165578 -0.738823
v -3.350000 1.390578 -0.700000
v -3.350000 1.165578 -0.700000
v -3.355111 1.390578 -0.661177
v -3.355111 1.165578 -0.661177
v -3.370096 1.390578 -0.625000
v -3.370096 1.165578 -0.625000
v -3.393934 1.390578 -0.593934
v -3.393934 1.165578 -0.593934
v -3.425000 1.390578 -0.570096
v -3.425000 1.165578 -0.570096
v -3.461177 1.390578 -0.555111
v -3.461177 1.165578 -0.555111
v -3.500000 1.390578 -0.550000
v -3.500000 1.165578 -0.550000
v -3.538823 1.390578 -0.555111
v -3.538823 1.165578 -0.555111
v -3.575000 1.390578 -0.570096
v -3.575000 1.165578 -0.570096
v -3.606066 1.390578 -0.593934
v -3.606066 1.165578 -0.593934
v -3.629904 1.390578 -0.625000
v -3.629904 1.165578 -0.625000
v -0.144889 1.390578 -0.661177
v -0.144889 1.165578 -0.661177
v -0.150000 1.390578 -0.700000
v -0.150000 1.165578 -0.700000
v -0.144889 1.390578 -0.738823
v -0.144889 1.165578 -0.738823
v -0.129904 1.390578 -0.775000
v -0.129904 1.165578 -0.775000
v -0.106066 1.390578 -0.806066
v -0.106066 1.165578 -0.806066
v -0.075000 1.390578 -0.829904
v -0.075000 1.165578 -0.829904
v -0.038823 1.390578 -0.844889
v -0.038823 1.165578 -0.844889
v 0.000000 1.390578 -0.850000
v 0.000000 1.165578 -0.850000
v 0.038823 1.390578 -0.844889
v 0.038823 1.165578 -0.844889
v 0.075000 1.390578 -0.829904
v 0.075000 1.165578 -0.829904
v 0.106066 1.390578 -0.806066
v 0.106066 1.165578 -0.806066
v 0.129904 1.390578 -0.775000
v 0.129904 1.165578 -0.775000
v 0.144889 1.390578 -0.738823
v 0.144889 1.165578 -0.738823
v 0.150000 1.390578 -0.700000
v 0.150000 1.165578 -0.700000
v 0.144889 1.390578 -0.661177
v 0.144889 1.165578 -0.661177
v 0.129904 1.390578 -0.625000
v 0.129904 1.165578 -0.625000
v 0.106066 1.390578 -0.593934
v 0.106066 1.165578 -0.593934
v 0.075000 1.390578 -0.570096
v 0.075000 1.165578 -0.570096
v 0.038823 1.390578 -0.555111
v 0.038823 1.165578 -0.555111
v 0.000000 1.390578 -0.550000
v 0.000000 1.165578 -0.550000
v -0.038823 1.390578 -0.555111
v -0.038823 1.165578 -0.555111
v -0.075000 1.390578 -0.570096
v -0.075000 1.165578 -0.570096
v -0.106066 1.390578 -0.593934
v -0.106066 1.165578 -0.593934
v -0.129904 1.390578 -0.625000
v -0.129904 1.165578 -0.625000
v 0.555111 1.390578 0.038823
v 0.555111 1.165578 0.038823
v 0.550000 1.390578 0.000000
v 0.550000 1.165578 0.000000
v 0.555111 1.390578 -0.038823
v 0.555111 1.165578 -0.038823
v 0.570096 1.390578 -0.075000
v 0.570096 1.165578 -0.075000
v 0.593934 1.390578 -0.106066
v 0.593934 1.165578 -0.106066
v 0.625000 1.390578 -0.129904
v 0.625000 1.165578 -0.129904
v 0.661177 1.390578 -0.144889
v 0.661177 1.165578 -0.144889
v 0.700000 1.390578 -0.150000
v 0.700000 1.165578 -0.150000
v 0.738823 1.390578 -0.144889
v 0.738823 1.165578 -0.144889
v 0.775000 1.390578 -0.129904
v 0.775000 1.165578 -0.129904
v 0.806066 1.390578 -0.106066
v 0.806066 1.165578 -0.106066
v 0.829904 1.390578 -0.075000
v 0.829904 1.165578 -0.075000
v 0.844889 1.390578 -0.038823
v 0.844889 1.165578 -0.038823
v 0.850000 1.390578 0.000000
v 0.850000 1.165578 0.000000
v 0.844889 1.390578 0.038823
v 0.844889 1.165578 0.038823
v 0.829904 1.390578 0.075000
v 0.829904 1.165578 0.075000
v 0.806066 1.390578 0.106066
v 0.806066 1.165578 0.106066
v 0.775000 1.390578 0.129904
v 0.775000 1.165578 0.129904
v 0.738823 1.390578 0.144889
v 0.738823 1.165578 0.144889
v 0.700000 1.390578 0.150000
v 0.700000 1.165578 0.150000
v 0.661177 1.390578 0.144889
v 0.661177 1.165578 0.144889
v 0.625000 1.390578 0.129904
v 0.625000 1.165578 0.129904
v 0.593934 1.390578 0.106066
v 0.593934 1.165578 0.106066
v 0.570096 1.390578 0.075000
v 0.570096 1.165578 0.075000
v 3.355111 1.390578 0.738823
v 3.355111 1.165578 0.738823
v 3.350000 1.390578 0.700000
v 3.350000 1.165578 0.700000
v 3.355111 1.390578 0.661177
v 3.355111 1.165578 0.661177
v 3.370096 1.390578 0.625000
v 3.370096 1.165578 0.625000
v 3.393934 1.390578 0.593934
v 3.393934 1.165578 0.593934
v 3.425000 1.390578 0.570096
v 3.425000 1.165578 0.570096
v 3.461177 1.390578 0.555111
v 3.461177 1.165578 0.555111
v 3.500000 1.390578 0.550000
v 3.500000 1.165578 0.550000
v 3.538823 1.390578 0.555111
v 3.538823 1.165578 0.555111
v 3.575000 1.390578 0.570096
v 3.575000 1.165578 0.570096
v 3.606066 1.390578 0.593934
v 3.606066 1.165578 0.593934
v 3.629904 1.390578 0.625000
v 3.629904 1.165578 0.625000
v 3.644889 1.390578 0.661177
v 3.644889 1.165578 0.661177
v 3.650000 1.390578 0.700000
v 3.650000 1.165578 0.700000
v 3.644889 1.390578 0.738823
v 3.644889 1.165578 0.738823
v 3.629904 1.390578 0.775000
v 3.629904 1.165578 0.775000
v 3.606066 1.390578 0.806066
v 3.606066 1.165578 0.806066
v 3.575000 1.390578 0.829904
v 3.575000 1.165578 0.829904
v 3.538823 1.390578 0.844889
v 3.538823 1.165578 0.844889
v 3.500000 1.390578 0.850000
v 3.500000 1.165578 0.850000
v 3.461177 1.390578 0.844889
v 3.461177 1.165578 0.844889
v 3.425000 1.390578 0.829904
v 3.425000 1.165578 0.829904
v 3.393934 1.390578 0.806066
v 3.393934 1.165578 0.806066
v 3.370096 1.390578 0.775000
v 3.370096 1.165578 0.775000
v 4.055111 1.390578 0.038823
v 4.055111 1.165578 0.038823
v 4.050000 1.390578 0.000000
v 4.050000 1.165578 0.000000
v 4.055111 1.390578 -0.038823
v 4.055111 1.165578 -0.038823
v 4.070096 1.390578 -0.075000
v 4.070096 1.165578 -0.075000
v 4.093934 1.390578 -0.106066
v 4.093934 1.165578 -0.106066
v 4.125000 1.390578 -0.129904
v 4.125000 1.165578 -0.129904
v 4.161177 1.390578 -0.144889
v 4.161177 1.165578 -0.144889
v 4.200000 1.390578 -0.150000
v 4.200000 1.165578 -0.150000
v 4.238823 1.390578 -0.144889
v 4.238823 1.165578 -0.144889
v 4.275000 1.390578 -0.129904
v 4.275000 1.165578 -0.129904
v 4.306066 1.390578 -0.106066
v 4.306066 1.165578 -0.106066
v 4.329904 1.390578 -0.075000
v 4.329904 1.165578 -0.075000
v 4.344889 1.390578 -0.038823
v 4.344889 1.165578 -0.038823
v 4.350000 1.390578 0.000000
v 4.350000 1.165578 0.000000
v 4.344889 1.390578 0.038823
v 4.344889 1.165578 0.038823
v 4.329904 1.390578 0.075000
v 4.329904 1.165578 0.075000
v 4.306066 1.390578 0.106066
v 4.306066 1.165578 0.106066
v 4.275000 1.390578 0.129904
v 4.275000 1.165578 0.129904
v 4.238823 1.390578 0.144889
v 4.238823 1.165578 0.144889
v 4.200000 1.390578 0.150000
v 4.200000 1.165578 0.150000
v 4.161177 1.390578 0.144889
v 4.161177 1.165578 0.144889
v 4.125000 1.390578 0.129904
v 4.125000 1.165578 0.129904
v 4.093934 1.390578 0.106066
v 4.093934 1.165578 0.106066
v 4.070096 1.390578 0.075000
v 4.070096 1.165578 0.075000
v -0.144889 1.390578 0.738823
v -0.144889 1.165578 0.738823
v -0.150000 1.390578 0.700000
v -0.150000 1.165578 0.700000
v -0.144889 1.390578 0.661177
v -0.144889 1.165578 0.661177
v -0.129904 1.390578 0.625000
v -0.129904 1.165578 0.625000
v -0.106066 1.390578 0.593934
v -0.106066 1.165578 0.593934
v -0.075000 1.390578 0.570096
v -0.075000 1.165578 0.570096
v -0.038823 1.390578 0.555111
v -0.038823 1.165578 0.555111
v 0.000000 1.390578 0.550000
v 0.000000 1.165578 0.550000
v 0.038823 1.390578 0.555111
v 0.038823 1.165578 0.555111
v 0.075000 1.390578 0.570096
v 0.075000 1.165578 0.570096
v 0.106066 1.390578 0.593934
v 0.106066 1.165578 0.593934
v 0.129904 1.390578 0.625000
v 0.129904 1.165578 0.625000
v 0.144889 1.390578 0.661177
v 0.144889 1.165578 0.661177
v 0.150000 1.390578 0.700000
v 0.150000 1.165578 0.700000
v 0.144889 1.390578 0.738823
v 0.144889 1.165578 0.738823
v 0.129904 1.390578 0.775000
v 0.129904 1.165578 0.775000
v 0.106066 1.390578 0.806066
v 0.106066 1.165578 0.806066
v 0.075000 1.390578 0.829904
v 0.075000 1.165578 0.829904
v 0.038823 1.390578 0.844889
v 0.038823 1.165578 0.844889
v 0.000000 1.390578 0.850000
v 0.000000 1.165578 0.850000
v -0.038823 1.390578 0.844889
v -0.038823 1.165578 0.844889
v -0.075000 1.390578 0.829904
v -0.075000 1.165578 0.829904
v -0.106066 1.390578 0.806066
v -0.106066 1.165578 0.806066
v -0.129904 1.390578 0.775000
v -0.129904 1.165578 0.775000
v -2.944889 1.390578 0.038823
v -2.944889 1.165578 0.038823
v -2.950000 1.390578 0.000000
v -2.950000 1.165578 0.000000
v -2.944889 1.390578 -0.038823
v -2.944889 1.165578 -0.038823
v -2.929904 1.390578 -0.075000
v -2.929904 1.165578 -0.075000
v -2.906066 1.390578 -0.106066
v -2.906066 1.165578 -0.106066
v -2.875000 1.390578 -0.129904
v -2.875000 1.165578 -0.129904
v -2.838823 1.390578 -0.144889
v -2.838823 1.165578 -0.144889
v -2.800000 1.390578 -0.150000
v -2.800000 1.165578 -0.150000
v -2.761177 1.390578 -0.144889
v -2.761177 1.165578 -0.144889
v -2.725000 1.390578 -0.129904
v -2.725000 1.165578 -0.129904
v -2.693934 1.390578 -0.106066
v -2.693934 1.165578 -0.106066
v -2.670096 1.390578 -0.075000
v -2.670096 1.165578 -0.075000
v -2.655111 1.390578 -0.038823
v -2.655111 1.165578 -0.038823
v -2.650000 1.390578 0.000000
v -2.650000 1.165578 0.000000
v -2.655111 1.390578 0.038823
v -2.655111 1.165578 0.038823
v -2.670096 1.390578 0.075000
v -2.670096 1.165578 0.075000
v -2.693934 1.390578 0.106066
v -2.693934 1.165578 0.106066
v -2.725000 1.390578 0.129904
v -2.725000 1.165578 0.129904
v -2.761177 1.390578 0.144889
v -2.761177 1.165578 0.144889
v -2.800000 1.390578 0.150000
v -2.800000 1.165578 0.150000
v -2.838823 1.390578 0.144889
v -2.838823 1.165578 0.144889
v -2.875000 1.390578 0.129904
v -2.875000 1.165578 0.129904
v -2.906066 1.390578 0.106066
v -2.906066 1.165578 0.106066
v -2.929904 1.390578 0.075000
v -2.929904 1.165578 0.075000
v -3.886370 1.390578 0.103528
v -3.886370 1.165578 0.103528
v -3.900000 1.390578 0.000000
v -3.900000 1.165578 0.000000
v -3.886370 1.390578 -0.103528
v -3.886370 1.165578 -0.103528
v -3.846410 1.390578 -0.200000
v -3.846410 1.165578 -0.200000
v -3.782843 1.390578 -0.282843
v -3.782843 1.165578 -0.282843
v -3.700000 1.390578 -0.346410
v -3.700000 1.165578 -0.346410
v -3.603528 1.390578 -0.386370
v -3.603528 1.165578 -0.386370
v -3.500000 1.390578 -0.400000
v -3.500000 1.165578 -0.400000
v -3.396472 1.390578 -0.386370
v -3.396472 1.165578 -0.386370
v -3.300000 1.390578 -0.346410
v -3.300000 1.165578 -0.346410
v -3.217157 1.390578 -0.282843
v -3.217157 1.165578 -0.282843
v -3.153590 1.390578 -0.200000
v -3.153590 1.165578 -0.200000
v -3.113630 1.390578 -0.103528
v -3.113630 1.165578 -0.103528
v -3.100000 1.390578 0.000000
v -3.100000 1.165578 0.000000
v -3.113630 1.390578 0.103528
v -3.113630 1.165578 0.103528
v -3.153590 1.390578 0.200000
v -3.153590 1.165578 0.200000
v -3.217157 1.390578 0.282843
v -3.217157 1.165578 0.282843
v -3.300000 1.390578 0.346410
v -3.300000 1.165578 0.346410
v -3.396472 1.390578 0.386370
v -3.396472 1.165578 0.386370
v -3.500000 1.390578 0.400000
v -3.500000 1.165578 0.400000
v -3.603528 1.390578 0.386370
v -3.603528 1.165578 0.386370
v -3.700000 1.390578 0.346410
v -3.700000 1.165578 0.346410
v -3.782843 1.390578 0.282843
v -3.782843 1.165578 0.282843
v -3.846410 1.390578 0.200000
v -3.846410 1.165578 0.200000
v 4.500000 1.383763 -1.301764
v 3.375000 1.383763 -1.301764
v 4.500000 1.390578 -1.250000
v 2.250000 1.383763 -1.301764
v 1.125000 1.383763 -1.301764
v 1.125000 1.363783 -1.350000
v 0.000000 1.363783 -1.350000
v 0.000000 1.331999 -1.391421
v -1.125000 1.331999 -1.391421
v -1.125000 1.290578 -1.423205
v -2.250000 1.290578 -1.423205
v -2.250000 1.242342 -1.443185
v -3.375000 1.242342 -1.443185
v -4.500000 1.190578 -1.450000
v -4.500000 1.242342 -1.443185
v 3.375000 1.363783 -1.350000
v 4.500000 1.363783 -1.350000
v 3.375000 1.331999 -1.391421
v 4.500000 1.331999 -1.391421
v 3.375000 1.290578 -1.423205
v 4.500000 1.290578 -1.423205
v 3.375000 1.242342 -1.443185
v 4.500000 1.242342 -1.443185
v 4.500000 1.190578 -1.450000
v 0.000000 1.242342 -1.443185
v 1.125000 1.242342 -1.443185
v 2.250000 1.242342 -1.443185
v 2.250000 1.290578 -1.423205
v -3.375000 1.290578 -1.423205
v -4.500000 1.290578 -1.423205
v -3.375000 1.331999 -1.391421
v -4.500000 1.331999 -1.391421
v -3.375000 1.363783 -1.350000
v -4.500000 1.363783 -1.350000
v -3.375000 1.383763 -1.301764
v -4.500000 1.383763 -1.301764
v -4.500000 1.390578 -1.250000
v 0.000000 1.383763 -1.301764
v -1.125000 1.383763 -1.301764
v -2.250000 1.383763 -1.301764
v -2.250000 1.363783 -1.350000
v 2.250000 1.363783 -1.350000
v 2.250000 1.331999 -1.391421
v -1.125000 1.363783 -1.350000
v 1.125000 1.331999 -1.391421
v 0.000000 1.290578 -1.423205
v -1.125000 1.242342 -1.443185
v -2.250000 1.331999 -1.391421
v 1.125000 1.290578 -1.423205
v 4.500000 1.390578 1.250000
v -4.500000 1.390578 1.250000
v -4.500000 1.165578 -1.225000
v -4.500000 -2.409422 -1.450000
v -4.500000 -2.409422 -1.225000
v -4.500000 1.165578 1.225000
v -4.500000 1.383763 1.301764
v -4.500000 1.363783 1.350000
v -4.500000 1.331999 1.391421
v -4.500000 1.290578 1.423205
v -4.500000 1.242342 1.443185
v -4.500000 1.190578 1.450000
v -4.500000 -2.409422 1.450000
v -4.500000 -2.409422 1.225000
v 4.500000 1.242342 1.443185
v 3.375000 1.242342 1.443185
v 4.500000 1.190578 1.450000
v 2.250000 1.242342 1.443185
v 1.125000 1.242342 1.443185
v 1.125000 1.290578 1.423205
v 0.000000 1.290578 1.423205
v 0.000000 1.331999 1.391421
v -1.125000 1.331999 1.391421
v -1.125000 1.363783 1.350000
v -2.250000 1.363783 1.350000
v -2.250000 1.383763 1.301764
v -3.375000 1.383763 1.301764
v 3.375000 1.290578 1.423205
v 4.500000 1.290578 1.423205
v 3.375000 1.331999 1.391421
v 4.500000 1.331999 1.391421
v 3.375000 1.363783 1.350000
v 4.500000 1.363783 1.350000
v 3.375000 1.383763 1.301764
v 4.500000 1.383763 1.301764
v 0.000000 1.383763 1.301764
v 1.125000 1.383763 1.301764
v 2.250000 1.383763 1.301764
v 2.250000 1.363783 1.350000
v -3.375000 1.363783 1.350000
v -3.375000 1.331999 1.391421
v -3.375000 1.290578 1.423205
v -3.375000 1.242342 1.443185
v 0.000000 1.242342 1.443185
v -1.125000 1.242342 1.443185
v -2.250000 1.242342 1.443185
v -2.250000 1.290578 1.423205
v 2.250000 1.290578 1.423205
v 2.250000 1.331999 1.391421
v -1.125000 1.290578 1.423205
v 1.125000 1.331999 1.391421
v 0.000000 1.363783 1.350000
v -1.125000 1.383763 1.301764
v -2.250000 1.331999 1.391421
v 1.125000 1.363783 1.350000
v -4.479555 -2.564713 1.450000
v -4.419615 -2.709422 1.450000
v -4.324264 -2.833686 1.450000
v -4.200000 -2.929037 1.450000
v -4.055291 -2.988978 1.450000
v -3.900000 -3.009422 1.450000
v 3.900000 -3.009422 1.450000
v 4.055291 -2.988978 1.450000
v 4.200000 -2.929037 1.450000
v 4.324264 -2.833686 1.450000
v 4.419615 -2.709422 1.450000
v 4.479556 -2.564713 1.450000
v 4.500000 -2.409422 1.450000
v 4.500000 -2.409422 1.225000
v 4.479556 -2.564713 1.225000
v 4.419615 -2.709422 1.225000
v 4.324264 -2.833686 1.225000
v 4.200000 -2.929037 1.225000
v 4.055291 -2.988978 1.225000
v 3.900000 -3.009422 1.225000
v 4.500000 1.165578 1.225000
v -3.900000 -3.009422 1.225000
v -4.055291 -2.988978 1.225000
v -4.200000 -2.929037 1.225000
v -4.324264 -2.833686 1.225000
v -4.419615 -2.709422 1.225000
v -4.479555 -2.564713 1.225000
v 3.900000 -3.009422 -1.225000
v 3.900000 -3.009422 -1.450000
v 4.055291 -2.988978 -1.225000
v 4.055291 -2.988978 -1.450000
v 4.200000 -2.929037 -1.225000
v 4.200000 -2.929037 -1.450000
v 4.324264 -2.833686 -1.225000
v 4.324264 -2.833686 -1.450000
v 4.419615 -2.709422 -1.225000
v 4.419615 -2.709422 -1.450000
v 4.479556 -2.564713 -1.225000
v 4.479556 -2.564713 -1.450000
v 4.500000 -2.409422 -1.225000
v 4.500000 -2.409422 -1.450000
v -3.900000 -3.009422 -1.450000
v -4.055291 -2.988978 -1.450000
v -4.200000 -2.929037 -1.450000
v -4.324264 -2.833686 -1.450000
v -4.419615 -2.709422 -1.450000
v -4.479555 -2.564713 -1.450000
v -3.900000 -3.009422 -1.225000
v -4.479555 -2.564713 -1.225000
v -4.419615 -2.709422 -1.225000
v -4.324264 -2.833686 -1.225000
v -4.200000 -2.929037 -1.225000
v -4.055291 -2.988978 -1.225000
v 4.500000 1.165578 -1.225000
f 2319 2320 2321
f 2321 2320 2322
f 2321 2322 2323
f 2323 2322 2324
f 2323 2324 2325
f 2325 2324 2326
f 2325 2326 2327
f 2327 2326 2328
f 2327 2328 2329
f 2329 2328 2330
f 2329 2330 2331
f 2331 2330 2332
f 2331 2332 2333
f 2333 2332 2334
f 2333 2334 2335
f 2335 2334 2336
f 2335 2336 2337
f 2337 2336 2338
f 2337 2338 2339
f 2339 2338 2340
f 2339 2340 2341
f 2341 2340 2342
f 2341 2342 2343
f 2343 2342 2344
f 2343 2344 2345
f 2345 2344 2346
f 2345 2346 2347
f 2347 2346 2348
f 2347 2348 2349
f 2349 2348 2350
f 2349 2350 2351
f 2351 2350 2352
f 2351 2352 2353
f 2353 2352 2354
f 2353 2354 2355
f 2355 2354 2356
f 2355 2356 2357
f 2357 2356 2358
f 2357 2358 2359
f 2359 2358 2360
f 2359 2360 2361
f 2361 2360 2362
f 2361 2362 2363
f 2363 2362 2364
f 2363 2364 2365
f 2365 2364 2366
f 2365 2366 2319
f 2319 2366 2320
f 2367 2368 2369
f 2369 2368 2370
f 2369 2370 2371
f 2371 2370 2372
f 2371 2372 2373
f 2373 2372 2374
f 2373 2374 2375
f 2375 2374 2376
f 2375 2376 2377
f 2377 2376 2378
f 2377 2378 2379
f 2379 2378 2380
f 2379 2380 2381
f 2381 2380 2382
f 2381 2382 2383
f 2383 2382 2384
f 2383 2384 2385
f 2385 2384 2386
f 2385 2386 2387
f 2387 2386 2388
f 2387 2388 2389
f 2389 2388 2390
f 2389 2390 2391
f 2391 2390 2392
f 2391 2392 2393
f 2393 2392 2394
f 2393 2394 2395
f 2395 2394 2396
f 2395 2396 2397
f 2397 2396 2398
f 2397 2398 2399
f 2399 2398 2400
f 2399 2400 2401
f 2401 2400 2402
f 2401 2402 2403
f 2403 2402 2404
f 2403 2404 2405
f 2405 2404 2406
f 2405 2406 2407
f 2407 2406 2408
f 2407 2408 2409
f 2409 2408 2410
f 2409 2410 2411
f 2411 2410 2412
f 2411 2412 2413
f 2413 2412 2414
f 2413 2414 2367
f 2367 2414 2368
f 2415 2416 2417
f 2417 2416 2418
f 2417 2418 2419
f 2419 2418 2420
f 2419 2420 2421
f 2421 2420 2422
f 2421 2422 2423
f 2423 2422 2424
f 2423 2424 2425
f 2425 2424 2426
f 2425 2426 2427
f 2427 2426 2428
f 2427 2428 2429
f 2429 2428 2430
f 2429 2430 2431
f 2431 2430 2432
f 2431 2432 2433
f 2433 2432 2434
f 2433 2434 2435
f 2435 2434 2436
f 2435 2436 2437
f 2437 2436 2438
f 2437 2438 2439
f 2439 2438 2440
f 2439 2440 2441
f 2441 2440 2442
f 2441 2442 2443
f 2443 2442 2444
f 2443 2444 2445
f 2445 2444 2446
f 2445 2446 2447
f 2447 2446 2448
f 2447 2448 2449
f 2449 2448 2450
f 2449 2450 2451
f 2451 2450 2452
f 2451 2452 2453
f 2453 2452 2454
f 2453 2454 2455
f 2455 2454 2456
f 2455 2456 2457
f 2457 2456 2458
f 2457 2458 2459
f 2459 2458 2460
f 2459 2460 2461
f 2461 2460 2462
f 2461 2462 2415
f 2415 2462 2416
f 2463 2464 2465
f 2465 2464 2466
f 2465 2466 2467
f 2467 2466 2468
f 2467 2468 2469
f 2469 2468 2470
f 2469 2470 2471
f 2471 2470 2472
f 2471 2472 2473
f 2473 2472 2474
f 2473 2474 2475
f 2475 2474 2476
f 2475 2476 2477
f 2477 2476 2478
f 2477 2478 2479
f 2479 2478 2480
f 2479 2480 2481
f 2481 2480 2482
f 2481 2482 2483
f 2483 2482 2484
f 2483 2484 2485
f 2485 2484 2486
f 2485 2486 2487
f 2487 2486 2488
f 2487 2488 2489
f 2489 2488 2490
f 2489 2490 2491
f 2491 2490 2492
f 2491 2492 2493
f 2493 2492 2494
f 2493 2494 2495
f 2495 2494 2496
f 2495 2496 2497
f 2497 2496 2498
f 2497 2498 2499
f 2499 2498 2500
f 2499 2500 2501
f 2501 2500 2502
f 2501 2502 2503
f 2503 2502 2504
f 2503 2504 2505
f 2505 2504 2506
f 2505 2506 2507
f 2507 2506 2508
f 2507 2508 2509
f 2509 2508 2510
f 2509 2510 2463
f 2463 2510 2464
f 2511 2512 2513
f 2513 2512 2514
f 2513 2514 2515
f 2515 2514 2516
f 2515 2516 2517
f 2517 2516 2518
f 2517 2518 2519
f 2519 2518 2520
f 2519 2520 2521
f 2521 2520 2522
f 2521 2522 2523
f 2523 2522 2524
f 2523 2524 2525
f 2525 2524 2526
f 2525 2526 2527
f 2527 2526 2528
f 2527 2528 2529
f 2529 2528 2530
f 2529 2530 2531
f 2531 2530 2532
f 2531 2532 2533
f 2533 2532 2534
f 2533 2534 2535
f 2535 2534 2536
f 2535 2536 2537
f 2537 2536 2538
f 2537 2538 2539
f 2539 2538 2540
f 2539 2540 2541
f 2541 2540 2542
f 2541 2542 2543
f 2543 2542 2544
f 2543 2544 2545
f 2545 2544 2546
f 2545 2546 2547
f 2547 2546 2548
f 2547 2548 2549
f 2549 2548 2550
f 2549 2550 2551
f 2551 2550 2552
f 2551 2552 2553
f 2553 2552 2554
f 2553 2554 2555
f 2555 2554 2556
f 2555 2556 2557
f 2557 2556 2558
f 2557 2558 2511
f 2511 2558 2512
f 2559 2560 2561
f 2561 2560 2562
f 2561 2562 2563
f 2563 2562 2564
f 2563 2564 2565
f 2565 2564 2566
f 2565 2566 2567
f 2567 2566 2568
f 2567 2568 2569
f 2569 2568 2570
f 2569 2570 2571
f 2571 2570 2572
f 2571 2572 2573
f 2573 2572 2574
f 2573 2574 2575
f 2575 2574 2576
f 2575 2576 2577
f 2577 2576 2578
f 2577 2578 2579
f 2579 2578 2580
f 2579 2580 2581
f 2581 2580 2582
f 2581 2582 2583
f 2583 2582 2584
f 2583 2584 2585
f 2585 2584 2586
f 2585 2586 2587
f 2587 2586 2588
f 2587 2588 2589
f 2589 2588 2590
f 2589 2590 2591
f 2591 2590 2592
f 2591 2592 2593
f 2593 2592 2594
f 2593 2594 2595
f 2595 2594 2596
f 2595 2596 2597
f 2597 2596 2598
f 2597 2598 2599
f 2599 2598 2600
f 2599 2600 2601
f 2601 2600 2602
f 2601 2602 2603
f 2603 2602 2604
f 2603 2604 2605
f 2605 2604 2606
f 2605 2606 2559
f 2559 2606 2560
f 2607 2608 2609
f 2609 2608 2610
f 2609 2610 2611
f 2611 2610 2612
f 2611 2612 2613
f 2613 2612 2614
f 2613 2614 2615
f 2615 2614 2616
f 2615 2616 2617
f 2617 2616 2618
f 2617 2618 2619
f 2619 2618 2620
f 2619 2620 2621
f 2621 2620 2622
f 2621 2622 2623
f 2623 2622 2624
f 2623 2624 2625
f 2625 2624 2626
f 2625 2626 2627
f 2627 2626 2628
f 2627 2628 2629
f 2629 2628 2630
f 2629 2630 2631
f 2631 2630 2632
f 2631 2632 2633
f 2633 2632 2634
f 2633 2634 2635
f 2635 2634 2636
f 2635 2636 2637
f 2637 2636 2638
f 2637 2638 2639
f 2639 2638 2640
f 2639 2640 2641
f 2641 2640 2642
f 2641 2642 2643
f 2643 2642 2644
f 2643 2644 2645
f 2645 2644 2646
f 2645 2646 2647
f 2647 2646 2648
f 2647 2648 2649
f 2649 2648 2650
f 2649 2650 2651
f 2651 2650 2652
f 2651 2652 2653
f 2653 2652 2654
f 2653 2654 2607
f 2607 2654 2608
f 2655 2656 2657
f 2657 2656 2658
f 2657 2658 2659
f 2659 2658 2660
f 2659 2660 2661
f 2661 2660 2662
f 2661 2662 2663
f 2663 2662 2664
f 2663 2664 2665
f 2665 2664 2666
f 2665 2666 2667
f 2667 2666 2668
f 2667 2668 2669
f 2669 2668 2670
f 2669 2670 2671
f 2671 2670 2672
f 2671 2672 2673
f 2673 2672 2674
f 2673 2674 2675
f 2675 2674 2676
f 2675 2676 2677
f 2677 2676 2678
f 2677 2678 2679
f 2679 2678 2680
f 2679 2680 2681
f 2681 2680 2682
f 2681 2682 2683
f 2683 2682 2684
f 2683 2684 2685
f 2685 2684 2686
f 2685 2686 2687
f 2687 2686 2688
f 2687 2688 2689
f 2689 2688 2690
f 2689 2690 2691
f 2691 2690 2692
f 2691 2692 2693
f 2693 2692 2694
f 2693 2694 2695
f 2695 2694 2696
f 2695 2696 2697
f 2697 2696 2698
f 2697 2698 2699
f 2699 2698 2700
f 2699 2700 2701
f 2701 2700 2702
f 2701 2702 2655
f 2655 2702 2656
f 2703 2704 2705
f 2705 2704 2706
f 2705 2706 2707
f 2707 2706 2708
f 2707 2708 2709
f 2709 2708 2710
f 2709 2710 2711
f 2711 2710 2712
f 2711 2712 2713
f 2713 2712 2714
f 2713 2714 2715
f 2715 2714 2716
f 2715 2716 2717
f 2717 2716 2718
f 2717 2718 2719
f 2719 2718 2720
f 2719 2720 2721
f 2721 2720 2722
f 2721 2722 2723
f 2723 2722 2724
f 2723 2724 2725
f 2725 2724 2726
f 2725 2726 2727
f 2727 2726 2728
f 2727 2728 2729
f 2729 2728 2730
f 2729 2730 2731
f 2731 2730 2732
f 2731 2732 2733
f 2733 2732 2734
f 2733 2734 2735
f 2735 2734 2736
f 2735 2736 2737
f 2737 2736 2738
f 2737 2738 2739
f 2739 2738 2740
f 2739 2740 2741
f 2741 2740 2742
f 2741 2742 2743
f 2743 2742 2744
f 2743 2744 2745
f 2745 2744 2746
f 2745 2746 2747
f 2747 2746 2748
f 2747 2748 2749
f 2749 2748 2750
f 2749 2750 2703
f 2703 2750 2704
f 2751 2752 2753
f 2753 2752 2754
f 2753 2754 2755
f 2755 2754 2756
f 2755 2756 2757
f 2757 2756 2758
f 2757 2758 2759
f 2759 2758 2760
f 2759 2760 2761
f 2761 2760 2762
f 2761 2762 2763
f 2763 2762 2764
f 2763 2764 2765
f 2765 2764 2766
f 2765 2766 2767
f 2767 2766 2768
f 2767 2768 2769
f 2769 2768 2770
f 2769 2770 2771
f 2771 2770 2772
f 2771 2772 2773
f 2773 2772 2774
f 2773 2774 2775
f 2775 2774 2776
f 2775 2776 2777
f 2777 2776 2778
f 2777 2778 2779
f 2779 2778 2780
f 2779 2780 2781
f 2781 2780 2782
f 2781 2782 2783
f 2783 2782 2784
f 2783 2784 2785
f 2785 2784 2786
f 2785 2786 2787
f 2787 2786 2788
f 2787 2788 2789
f 2789 2788 2790
f 2789 2790 2791
f 2791 2790 2792
f 2791 2792 2793
f 2793 2792 2794
f 2793 2794 2795
f 2795 2794 2796
f 2795 2796 2797
f 2797 2796 2798
f 2797 2798 2751
f 2751 2798 2752
f 2799 2800 2801
f 2801 2800 2802
f 2801 2802 2803
f 2803 2802 2804
f 2803 2804 2805
f 2805 2804 2806
f 2805 2806 2807
f 2807 2806 2808
f 2807 2808 2809
f 2809 2808 2810
f 2809 2810 2811
f 2811 2810 2812
f 2811 2812 2813
f 2813 2812 2814
f 2813 2814 2815
f 2815 2814 2816
f 2815 2816 2817
f 2817 2816 2818
f 2817 2818 2819
f 2819 2818 2820
f 2819 2820 2821
f 2821 2820 2822
f 2821 2822 2823
f 2823 2822 2824
f 2823 2824 2825
f 2825 2824 2826
f 2825 2826 2827
f 2827 2826 2828
f 2827 2828 2829
f 2829 2828 2830
f 2829 2830 2831
f 2831 2830 2832
f 2831 2832 2833
f 2833 2832 2834
f 2833 2834 2835
f 2835 2834 2836
f 2835 2836 2837
f 2837 2836 2838
f 2837 2838 2839
f 2839 2838 2840
f 2839 2840 2841
f 2841 2840 2842
f 2841 2842 2843
f 2843 2842 2844
f 2843 2844 2845
f 2845 2844 2846
f 2845 2846 2799
f 2799 2846 2800
f 2847 2848 2849
f 2849 2848 2850
f 2849 2850 2851
f 2851 2850 2852
f 2851 2852 2853
f 2853 2852 2854
f 2853 2854 2855
f 2855 2854 2856
f 2855 2856 2857
f 2857 2856 2858
f 2857 2858 2859
f 2859 2858 2860
f 2859 2860 2861
f 2861 2860 2862
f 2861 2862 2863
f 2863 2862 2864
f 2863 2864 2865
f 2865 2864 2866
f 2865 2866 2867
f 2867 2866 2868
f 2867 2868 2869
f 2869 2868 2870
f 2869 2870 2871
f 2871 2870 2872
f 2871 2872 2873
f 2873 2872 2874
f 2873 2874 2875
f 2875 2874 2876
f 2875 2876 2877
f 2877 2876 2878
f 2877 2878 2879
f 2879 2878 2880
f 2879 2880 2881
f 2881 2880 2882
f 2881 2882 2883
f 2883 2882 2884
f 2883 2884 2885
f 2885 2884 2886
f 2885 2886 2887
f 2887 2886 2888
f 2887 2888 2889
f 2889 2888 2890
f 2889 2890 2891
f 2891 2890 2892
f 2891 2892 2893
f 2893 2892 2894
f 2893 2894 2847
f 2847 2894 2848
f 2895 2896 2897
f 2897 2896 2898
f 2897 2898 2899
f 2899 2898 2900
f 2899 2900 2901
f 2901 2900 2902
f 2901 2902 2903
f 2903 2902 2904
f 2903 2904 2905
f 2905 2904 2906
f 2905 2906 2907
f 2907 2906 2908
f 2907 2908 2909
f 2909 2908 2910
f 2909 2910 2911
f 2911 2910 2912
f 2911 2912 2913
f 2913 2912 2914
f 2913 2914 2915
f 2915 2914 2916
f 2915 2916 2917
f 2917 2916 2918
f 2917 2918 2919
f 2919 2918 2920
f 2919 2920 2921
f 2921 2920 2922
f 2921 2922 2923
f 2923 2922 2924
f 2923 2924 2925
f 2925 2924 2926
f 2925 2926 2927
f 2927 2926 2928
f 2927 2928 2929
f 2929 2928 2930
f 2929 2930 2931
f 2931 2930 2932
f 2931 2932 2933
f 2933 2932 2934
f 2933 2934 2935
f 2935 2934 2936
f 2935 2936 2937
f 2937 2936 2938
f 2937 2938 2939
f 2939 2938 2940
f 2939 2940 2941
f 2941 2940 2942
f 2941 2942 2895
f 2895 2942 2896
f 2943 2944 2945
f 2945 2944 2946
f 2945 2946 2947
f 2947 2946 2948
f 2947 2948 2949
f 2949 2948 2950
f 2949 2950 2951
f 2951 2950 2952
f 2951 2952 2953
f 2953 2952 2954
f 2953 2954 2955
f 2955 2954 2956
f 2955 2956 2957
f 2957 2956 2958
f 2957 2958 2959
f 2959 2958 2960
f 2959 2960 2961
f 2961 2960 2962
f 2961 2962 2963
f 2963 2962 2964
f 2963 2964 2965
f 2965 2964 2966
f 2965 2966 2967
f 2967 2966 2968
f 2967 2968 2969
f 2969 2968 2970
f 2969 2970 2971
f 2971 2970 2972
f 2971 2972 2973
f 2973 2972 2974
f 2973 2974 2975
f 2975 2974 2976
f 2975 2976 2977
f 2977 2976 2978
f 2977 2978 2979
f 2979 2978 2980
f 2979 2980 2981
f 2981 2980 2982
f 2981 2982 2983
f 2983 2982 2984
f 2983 2984 2985
f 2985 2984 2986
f 2985 2986 2987
f 2987 2986 2988
f 2987 2988 2989
f 2989 2988 2990
f 2989 2990 2943
f 2943 2990 2944
f 2991 2992 2993
f 2993 2992 2994
f 2993 2994 2995
f 2995 2994 2996
f 2995 2996 2997
f 2997 2996 2998
f 2997 2998 2999
f 2999 2998 3000
f 2999 3000 3001
f 3001 3000 3002
f 3001 3002 3003
f 3003 3002 3004
f 3003 3004 3005
f 3005 3004 3006
f 3005 3006 3007
f 3007 3006 3008
f 3007 3008 3009
f 3009 3008 3010
f 3009 3010 3011
f 3011 3010 3012
f 3011 3012 3013
f 3013 3012 3014
f 3013 3014 3015
f 3015 3014 3016
f 3015 3016 3017
f 3017 3016 3018
f 3017 3018 3019
f 3019 3018 3020
f 3019 3020 3021
f 3021 3020 3022
f 3021 3022 3023
f 3023 3022 3024
f 3023 3024 3025
f 3025 3024 3026
f 3025 3026 3027
f 3027 3026 3028
f 3027 3028 3029
f 3029 3028 3030
f 3029 3030 3031
f 3031 3030 3032
f 3031 3032 3033
f 3033 3032 3034
f 3033 3034 3035
f 3035 3034 3036
f 3035 3036 3037
f 3037 3036 3038
f 3037 3038 2991
f 2991 3038 2992
f 3039 3040 3041
f 3041 3040 3042
f 3041 3042 3043
f 3043 3042 3044
f 3043 3044 3045
f 3045 3044 3046
f 3045 3046 3047
f 3047 3046 3048
f 3047 3048 3049
f 3049 3048 3050
f 3049 3050 3051
f 3051 3050 3052
f 3051 3052 3053
f 3053 3052 3054
f 3053 3054 3055
f 3055 3054 3056
f 3055 3056 3057
f 3057 3056 3058
f 3057 3058 3059
f 3059 3058 3060
f 3059 3060 3061
f 3061 3060 3062
f 3061 3062 3063
f 3063 3062 3064
f 3063 3064 3065
f 3065 3064 3066
f 3065 3066 3067
f 3067 3066 3068
f 3067 3068 3069
f 3069 3068 3070
f 3069 3070 3071
f 3071 3070 3072
f 3071 3072 3073
f 3073 3072 3074
f 3073 3074 3075
f 3075 3074 3076
f 3075 3076 3077
f 3077 3076 3078
f 3077 3078 3079
f 3079 3078 3080
f 3079 3080 3081
f 3081 3080 3082
f 3081 3082 3083
f 3083 3082 3084
f 3083 3084 3085
f 3085 3084 3086
f 3085 3086 3039
f 3039 3086 3040
f 3087 3088 3089
f 3089 3088 3090
f 3089 3090 3091
f 3091 3090 3092
f 3091 3092 3093
f 3093 3092 3094
f 3093 3094 3095
f 3095 3094 3096
f 3095 3096 3097
f 3097 3096 3098
f 3097 3098 3099
f 3099 3098 3100
f 3099 3100 3101
f 3101 3100 3102
f 3101 3102 3103
f 3103 3102 3104
f 3103 3104 3105
f 3105 3104 3106
f 3105 3106 3107
f 3107 3106 3108
f 3107 3108 3109
f 3109 3108 3110
f 3109 3110 3111
f 3111 3110 3112
f 3111 3112 3113
f 3113 3112 3114
f 3113 3114 3115
f 3115 3114 3116
f 3115 3116 3117
f 3117 3116 3118
f 3117 3118 3119
f 3119 3118 3120
f 3119 3120 3121
f 3121 3120 3122
f 3121 3122 3123
f 3123 3122 3124
f 3123 3124 3125
f 3125 3124 3126
f 3125 3126 3127
f 3127 3126 3128
f 3127 3128 3129
f 3129 3128 3130
f 3129 3130 3131
f 3131 3130 3132
f 3131 3132 3133
f 3133 3132 3134
f 3133 3134 3087
f 3087 3134 3088
f 3135 3136 3137
f 3137 3136 3138
f 3137 3138 3139
f 3139 3138 3140
f 3139 3140 3141
f 3141 3140 3142
f 3141 3142 3143
f 3143 3142 3144
f 3143 3144 3145
f 3145 3144 3146
f 3145 3146 3147
f 3147 3146 3148
f 3147 3148 3149
f 3149 3148 3150
f 3149 3150 3151
f 3151 3150 3152
f 3151 3152 3153
f 3153 3152 3154
f 3153 3154 3155
f 3155 3154 3156
f 3155 3156 3157
f 3157 3156 3158
f 3157 3158 3159
f 3159 3158 3160
f 3159 3160 3161
f 3161 3160 3162
f 3161 3162 3163
f 3163 3162 3164
f 3163 3164 3165
f 3165 3164 3166
f 3165 3166 3167
f 3167 3166 3168
f 3167 3168 3169
f 3169 3168 3170
f 3169 3170 3171
f 3171 3170 3172
f 3171 3172 3173
f 3173 3172 3174
f 3173 3174 3175
f 3175 3174 3176
f 3175 3176 3177
f 3177 3176 3178
f 3177 3178 3179
f 3179 3178 3180
f 3179 3180 3181
f 3181 3180 3182
f 3181 3182 3135
f 3135 3182 3136
f 3183 3184 3185
f 3185 3184 3186
f 3185 3186 3187
f 3187 3186 3188
f 3187 3188 3189
f 3189 3188 3190
f 3189 3190 3191
f 3191 3190 3192
f 3191 3192 3193
f 3193 3192 3194
f 3193 3194 3195
f 3195 3194 3196
f 3195 3196 3197
f 3197 3196 3198
f 3197 3198 3199
f 3199 3198 3200
f 3199 3200 3201
f 3201 3200 3202
f 3201 3202 3203
f 3203 3202 3204
f 3203 3204 3205
f 3205 3204 3206
f 3205 3206 3207
f 3207 3206 3208
f 3207 3208 3209
f 3209 3208 3210
f 3209 3210 3211
f 3211 3210 3212
f 3211 3212 3213
f 3213 3212 3214
f 3213 3214 3215
f 3215 3214 3216
f 3215 3216 3217
f 3217 3216 3218
f 3217 3218 3219
f 3219 3218 3220
f 3219 3220 3221
f 3221 3220 3222
f 3221 3222 3223
f 3223 3222 3224
f 3223 3224 3225
f 3225 3224 3226
f 3225 3226 3227
f 3227 3226 3228
f 3227 3228 3229
f 3229 3228 3230
f 3229 3230 3183
f 3183 3230 3184
f 3231 3232 3233
f 3233 3232 3234
f 3233 3234 3235
f 3235 3234 3236
f 3235 3236 3237
f 3237 3236 3238
f 3237 3238 3239
f 3239 3238 3240
f 3239 3240 3241
f 3241 3240 3242
f 3241 3242 3243
f 3243 3242 3244
f 3243 3244 3245
f 3245 3244 3246
f 3245 3246 3247
f 3247 3246 3248
f 3247 3248 3249
f 3249 3248 3250
f 3249 3250 3251
f 3251 3250 3252
f 3251 3252 3253
f 3253 3252 3254
f 3253 3254 3255
f 3255 3254 3256
f 3255 3256 3257
f 3257 3256 3258
f 3257 3258 3259
f 3259 3258 3260
f 3259 3260 3261
f 3261 3260 3262
f 3261 3262 3263
f 3263 3262 3264
f 3263 3264 3265
f 3265 3264 3266
f 3265 3266 3267
f 3267 3266 3268
f 3267 3268 3269
f 3269 3268 3270
f 3269 3270 3271
f 3271 3270 3272
f 3271 3272 3273
f 3273 3272 3274
f 3273 3274 3275
f 3275 3274 3276
f 3275 3276 3277
f 3277 3276 3278
f 3277 3278 3231
f 3231 3278 3232
f 3279 3280 3281
f 3281 3280 3282
f 3281 3282 3283
f 3283 3282 3284
f 3283 3284 3285
f 3285 3284 3286
f 3285 3286 3287
f 3287 3286 3288
f 3287 3288 3289
f 3289 3288 3290
f 3289 3290 3291
f 3291 3290 3292
f 3291 3292 3293
f 3293 3292 3294
f 3293 3294 3295
f 3295 3294 3296
f 3295 3296 3297
f 3297 3296 3298
f 3297 3298 3299
f 3299 3298 3300
f 3299 3300 3301
f 3301 3300 3302
f 3301 3302 3303
f 3303 3302 3304
f 3303 3304 3305
f 3305 3304 3306
f 3305 3306 3307
f 3307 3306 3308
f 3307 3308 3309
f 3309 3308 3310
f 3309 3310 3311
f 3311 3310 3312
f 3311 3312 3313
f 3313 3312 3314
f 3313 3314 3315
f 3315 3314 3316
f 3315 3316 3317
f 3317 3316 3318
f 3317 3318 3319
f 3319 3318 3320
f 3319 3320 3321
f 3321 3320 3322
f 3321 3322 3323
f 3323 3322 3324
f 3323 3324 3325
f 3325 3324 3326
f 3325 3326 3279
f 3279 3326 3280
f 3327 3328 3329
f 3329 3328 3330
f 3329 3330 3331
f 3331 3330 3332
f 3331 3332 3333
f 3333 3332 3334
f 3333 3334 3335
f 3335 3334 3336
f 3335 3336 3337
f 3337 3336 3338
f 3337 3338 3339
f 3339 3338 3340
f 3339 3340 3341
f 3341 3340 3342
f 3341 3342 3343
f 3343 3342 3344
f 3343 3344 3345
f 3345 3344 3346
f 3345 3346 3347
f 3347 3346 3348
f 3347 3348 3349
f 3349 3348 3350
f 3349 3350 3351
f 3351 3350 3352
f 3351 3352 3353
f 3353 3352 3354
f 3353 3354 3355
f 3355 3354 3356
f 3355 3356 3357
f 3357 3356 3358
f 3357 3358 3359
f 3359 3358 3360
f 3359 3360 3361
f 3361 3360 3362
f 3361 3362 3363
f 3363 3362 3364
f 3363 3364 3365
f 3365 3364 3366
f 3365 3366 3367
f 3367 3366 3368
f 3367 3368 3369
f 3369 3368 3370
f 3369 3370 3371
f 3371 3370 3372
f 3371 3372 3373
f 3373 3372 3374
f 3373 3374 3327
f 3327 3374 3328
f 3375 3376 3377
f 3377 3376 3378
f 3377 3378 3379
f 3379 3378 3380
f 3379 3380 3381
f 3381 3380 3382
f 3381 3382 3383
f 3383 3382 3384
f 3383 3384 3385
f 3385 3384 3386
f 3385 3386 3387
f 3387 3386 3388
f 3387 3388 3389
f 3389 3388 3390
f 3389 3390 3391
f 3391 3390 3392
f 3391 3392 3393
f 3393 3392 3394
f 3393 3394 3395
f 3395 3394 3396
f 3395 3396 3397
f 3397 3396 3398
f 3397 3398 3399
f 3399 3398 3400
f 3399 3400 3401
f 3401 3400 3402
f 3401 3402 3403
f 3403 3402 3404
f 3403 3404 3405
f 3405 3404 3406
f 3405 3406 3407
f 3407 3406 3408
f 3407 3408 3409
f 3409 3408 3410
f 3409 3410 3411
f 3411 3410 3412
f 3411 3412 3413
f 3413 3412 3414
f 3413 3414 3415
f 3415 3414 3416
f 3415 3416 3417
f 3417 3416 3418
f 3417 3418 3419
f 3419 3418 3420
f 3419 3420 3421
f 3421 3420 3422
f 3421 3422 3375
f 3375 3422 3376
f 3423 3424 3425
f 3425 3424 3426
f 3425 3426 3427
f 3427 3426 3428
f 3427 3428 3429
f 3429 3428 3430
f 3429 3430 3431
f 3431 3430 3432
f 3431 3432 3433
f 3433 3432 3434
f 3433 3434 3435
f 3435 3434 3436
f 3435 3436 3437
f 3437 3436 3438
f 3437 3438 3439
f 3439 3438 3440
f 3439 3440 3441
f 3441 3440 3442
f 3441 3442 3443
f 3443 3442 3444
f 3443 3444 3445
f 3445 3444 3446
f 3445 3446 3447
f 3447 3446 3448
f 3447 3448 3449
f 3449 3448 3450
f 3449 3450 3451
f 3451 3450 3452
f 3451 3452 3453
f 3453 3452 3454
f 3453 3454 3455
f 3455 3454 3456
f 3455 3456 3457
f 3457 3456 3458
f 3457 3458 3459
f 3459 3458 3460
f 3459 3460 3461
f 3461 3460 3462
f 3461 3462 3463
f 3463 3462 3464
f 3463 3464 3465
f 3465 3464 3466
f 3465 3466 3467
f 3467 3466 3468
f 3467 3468 3469
f 3469 3468 3470
f 3469 3470 3423
f 3423 3470 3424
f 3471 3472 3473
f 3473 3472 3474
f 3473 3474 3475
f 3475 3474 3476
f 3475 3476 3477
f 3477 3476 3478
f 3477 3478 3479
f 3479 3478 3480
f 3479 3480 3481
f 3481 3480 3482
f 3481 3482 3483
f 3483 3482 3484
f 3483 3484 3485
f 3485 3484 3486
f 3485 3486 3487
f 3487 3486 3488
f 3487 3488 3489
f 3489 3488 3490
f 3489 3490 3491
f 3491 3490 3492
f 3491 3492 3493
f 3493 3492 3494
f 3493 3494 3495
f 3495 3494 3496
f 3495 3496 3497
f 3497 3496 3498
f 3497 3498 3499
f 3499 3498 3500
f 3499 3500 3501
f 3501 3500 3502
f 3501 3502 3503
f 3503 3502 3504
f 3503 3504 3505
f 3505 3504 3506
f 3505 3506 3507
f 3507 3506 3508
f 3507 3508 3509
f 3509 3508 3510
f 3509 3510 3511
f 3511 3510 3512
f 3511 3512 3513
f 3513 3512 3514
f 3513 3514 3515
f 3515 3514 3516
f 3515 3516 3517
f 3517 3516 3518
f 3517 3518 3471
f 3471 3518 3472
f 3519 3520 3521
f 3521 3520 3522
f 3521 3522 3523
f 3523 3522 3524
f 3523 3524 3525
f 3525 3524 3526
f 3525 3526 3527
f 3527 3526 3528
f 3527 3528 3529
f 3529 3528 3530
f 3529 3530 3531
f 3531 3530 3532
f 3531 3532 3533
f 3533 3532 3534
f 3533 3534 3535
f 3535 3534 3536
f 3535 3536 3537
f 3537 3536 3538
f 3537 3538 3539
f 3539 3538 3540
f 3539 3540 3541
f 3541 3540 3542
f 3541 3542 3543
f 3543 3542 3544
f 3543 3544 3545
f 3545 3544 3546
f 3545 3546 3547
f 3547 3546 3548
f 3547 3548 3549
f 3549 3548 3550
f 3549 3550 3551
f 3551 3550 3552
f 3551 3552 3553
f 3553 3552 3554
f 3553 3554 3555
f 3555 3554 3556
f 3555 3556 3557
f 3557 3556 3558
f 3557 3558 3559
f 3559 3558 3560
f 3559 3560 3561
f 3561 3560 3562
f 3561 3562 3563
f 3563 3562 3564
f 3563 3564 3565
f 3565 3564 3566
f 3565 3566 3519
f 3519 3566 3520
f 3567 3568 3569
f 3569 3568 3570
f 3569 3570 3571
f 3571 3570 3572
f 3571 3572 3573
f 3573 3572 3574
f 3573 3574 3575
f 3575 3574 3576
f 3575 3576 3577
f 3577 3576 3578
f 3577 3578 3579
f 3579 3578 3580
f 3579 3580 3581
f 3581 3580 3582
f 3581 3582 3583
f 3583 3582 3584
f 3583 3584 3585
f 3585 3584 3586
f 3585 3586 3587
f 3587 3586 3588
f 3587 3588 3589
f 3589 3588 3590
f 3589 3590 3591
f 3591 3590 3592
f 3591 3592 3593
f 3593 3592 3594
f 3593 3594 3595
f 3595 3594 3596
f 3595 3596 3597
f 3597 3596 3598
f 3597 3598 3599
f 3599 3598 3600
f 3599 3600 3601
f 3601 3600 3602
f 3601 3602 3603
f 3603 3602 3604
f 3603 3604 3605
f 3605 3604 3606
f 3605 3606 3607
f 3607 3606 3608
f 3607 3608 3609
f 3609 3608 3610
f 3609 3610 3611
f 3611 3610 3612
f 3611 3612 3613
f 3613 3612 3614
f 3613 3614 3567
f 3567 3614 3568
f 3615 3616 3617
f 3617 3616 3618
f 3617 3618 3619
f 3619 3618 3620
f 3619 3620 3621
f 3621 3620 3622
f 3621 3622 3623
f 3623 3622 3624
f 3623 3624 3625
f 3625 3624 3626
f 3625 3626 3627
f 3627 3626 3628
f 3627 3628 3629
f 3629 3628 3630
f 3629 3630 3631
f 3631 3630 3632
f 3631 3632 3633
f 3633 3632 3634
f 3633 3634 3635
f 3635 3634 3636
f 3635 3636 3637
f 3637 3636 3638
f 3637 3638 3639
f 3639 3638 3640
f 3639 3640 3641
f 3641 3640 3642
f 3641 3642 3643
f 3643 3642 3644
f 3643 3644 3645
f 3645 3644 3646
f 3645 3646 3647
f 3647 3646 3648
f 3647 3648 3649
f 3649 3648 3650
f 3649 3650 3651
f 3651 3650 3652
f 3651 3652 3653
f 3653 3652 3654
f 3653 3654 3655
f 3655 3654 3656
f 3655 3656 3657
f 3657 3656 3658
f 3657 3658 3659
f 3659 3658 3660
f 3659 3660 3661
f 3661 3660 3662
f 3661 3662 3615
f 3615 3662 3616
f 3663 3664 3665
f 3665 3664 3666
f 3665 3666 3667
f 3667 3666 3668
f 3667 3668 3669
f 3669 3668 3670
f 3669 3670 3671
f 3671 3670 3672
f 3671 3672 3673
f 3673 3672 3674
f 3673 3674 3675
f 3675 3674 3676
f 3675 3676 3677
f 3677 3676 3678
f 3677 3678 3679
f 3679 3678 3680
f 3679 3680 3681
f 3681 3680 3682
f 3681 3682 3683
f 3683 3682 3684
f 3683 3684 3685
f 3685 3684 3686
f 3685 3686 3687
f 3687 3686 3688
f 3687 3688 3689
f 3689 3688 3690
f 3689 3690 3691
f 3691 3690 3692
f 3691 3692 3693
f 3693 3692 3694
f 3693 3694 3695
f 3695 3694 3696
f 3695 3696 3697
f 3697 3696 3698
f 3697 3698 3699
f 3699 3698 3700
f 3699 3700 3701
f 3701 3700 3702
f 3701 3702 3703
f 3703 3702 3704
f 3703 3704 3705
f 3705 3704 3706
f 3705 3706 3707
f 3707 3706 3708
f 3707 3708 3709
f 3709 3708 3710
f 3709 3710 3663
f 3663 3710 3664
f 3711 3712 3713
f 3713 3712 3714
f 3713 3714 3715
f 3715 3714 3716
f 3715 3716 3717
f 3717 3716 3718
f 3717 3718 3719
f 3719 3718 3720
f 3719 3720 3721
f 3721 3720 3722
f 3721 3722 3723
f 3723 3722 3724
f 3723 3724 3725
f 3725 3724 3726
f 3725 3726 3727
f 3727 3726 3728
f 3727 3728 3729
f 3729 3728 3730
f 3729 3730 3731
f 3731 3730 3732
f 3731 3732 3733
f 3733 3732 3734
f 3733 3734 3735
f 3735 3734 3736
f 3735 3736 3737
f 3737 3736 3738
f 3737 3738 3739
f 3739 3738 3740
f 3739 3740 3741
f 3741 3740 3742
f 3741 3742 3743
f 3743 3742 3744
f 3743 3744 3745
f 3745 3744 3746
f 3745 3746 3747
f 3747 3746 3748
f 3747 3748 3749
f 3749 3748 3750
f 3749 3750 3751
f 3751 3750 3752
f 3751 3752 3753
f 3753 3752 3754
f 3753 3754 3755
f 3755 3754 3756
f 3755 3756 3757
f 3757 3756 3758
f 3757 3758 3711
f 3711 3758 3712
f 3759 3760 3761
f 3761 3760 3762
f 3761 3762 3763
f 3763 3762 3764
f 3763 3764 3765
f 3765 3764 3766
f 3765 3766 3767
f 3767 3766 3768
f 3767 3768 3769
f 3769 3768 3770
f 3769 3770 3771
f 3771 3770 3772
f 3771 3772 3773
f 3773 3772 3774
f 3773 3774 3775
f 3775 3774 3776
f 3775 3776 3777
f 3777 3776 3778
f 3777 3778 3779
f 3779 3778 3780
f 3779 3780 3781
f 3781 3780 3782
f 3781 3782 3783
f 3783 3782 3784
f 3783 3784 3785
f 3785 3784 3786
f 3785 3786 3787
f 3787 3786 3788
f 3787 3788 3789
f 3789 3788 3790
f 3789 3790 3791
f 3791 3790 3792
f 3791 3792 3793
f 3793 3792 3794
f 3793 3794 3795
f 3795 3794 3796
f 3795 3796 3797
f 3797 3796 3798
f 3797 3798 3799
f 3799 3798 3800
f 3799 3800 3801
f 3801 3800 3802
f 3801 3802 3803
f 3803 3802 3804
f 3803 3804 3805
f 3805 3804 3806
f 3805 3806 3759
f 3759 3806 3760
f 3807 3808 3809
f 3809 3808 3810
f 3809 3810 3811
f 3811 3810 3812
f 3811 3812 3813
f 3813 3812 3814
f 3813 3814 3815
f 3815 3814 3816
f 3815 3816 3817
f 3817 3816 3818
f 3817 3818 3819
f 3819 3818 3820
f 3819 3820 3821
f 3821 3820 3822
f 3821 3822 3823
f 3823 3822 3824
f 3823 3824 3825
f 3825 3824 3826
f 3825 3826 3827
f 3827 3826 3828
f 3827 3828 3829
f 3829 3828 3830
f 3829 3830 3831
f 3831 3830 3832
f 3831 3832 3833
f 3833 3832 3834
f 3833 3834 3835
f 3835 3834 3836
f 3835 3836 3837
f 3837 3836 3838
f 3837 3838 3839
f 3839 3838 3840
f 3839 3840 3841
f 3841 3840 3842
f 3841 3842 3843
f 3843 3842 3844
f 3843 3844 3845
f 3845 3844 3846
f 3845 3846 3847
f 3847 3846 3848
f 3847 3848 3849
f 3849 3848 3850
f 3849 3850 3851
f 3851 3850 3852
f 3851 3852 3853
f 3853 3852 3854
f 3853 3854 3807
f 3807 3854 3808
f 3855 3856 3857
f 3857 3856 3858
f 3857 3858 3859
f 3859 3858 3860
f 3859 3860 3861
f 3861 3860 3862
f 3861 3862 3863
f 3863 3862 3864
f 3863 3864 3865
f 3865 3864 3866
f 3865 3866 3867
f 3867 3866 3868
f 3867 3868 3869
f 3869 3868 3870
f 3869 3870 3871
f 3871 3870 3872
f 3871 3872 3873
f 3873 3872 3874
f 3873 3874 3875
f 3875 3874 3876
f 3875 3876 3877
f 3877 3876 3878
f 3877 3878 3879
f 3879 3878 3880
f 3879 3880 3881
f 3881 3880 3882
f 3881 3882 3883
f 3883 3882 3884
f 3883 3884 3885
f 3885 3884 3886
f 3885 3886 3887
f 3887 3886 3888
f 3887 3888 3889
f 3889 3888 3890
f 3889 3890 3891
f 3891 3890 3892
f 3891 3892 3893
f 3893 3892 3894
f 3893 3894 3895
f 3895 3894 3896
f 3895 3896 3897
f 3897 3896 3898
f 3897 3898 3899
f 3899 3898 3900
f 3899 3900 3901
f 3901 3900 3902
f 3901 3902 3855
f 3855 3902 3856
f 3903 3904 3905
f 3905 3904 3906
f 3905 3906 3907
f 3907 3906 3908
f 3907 3908 3909
f 3909 3908 3910
f 3909 3910 3911
f 3911 3910 3912
f 3911 3912 3913
f 3913 3912 3914
f 3913 3914 3915
f 3915 3914 3916
f 3915 3916 3917
f 3917 3916 3918
f 3917 3918 3919
f 3919 3918 3920
f 3919 3920 3921
f 3921 3920 3922
f 3921 3922 3923
f 3923 3922 3924
f 3923 3924 3925
f 3925 3924 3926
f 3925 3926 3927
f 3927 3926 3928
f 3927 3928 3929
f 3929 3928 3930
f 3929 3930 3931
f 3931 3930 3932
f 3931 3932 3933
f 3933 3932 3934
f 3933 3934 3935
f 3935 3934 3936
f 3935 3936 3937
f 3937 3936 3938
f 3937 3938 3939
f 3939 3938 3940
f 3939 3940 3941
f 3941 3940 3942
f 3941 3942 3943
f 3943 3942 3944
f 3943 3944 3945
f 3945 3944 3946
f 3945 3946 3947
f 3947 3946 3948
f 3947 3948 3949
f 3949 3948 3950
f 3949 3950 3903
f 3903 3950 3904
f 3951 3952 3953
f 3953 3952 3954
f 3953 3954 3955
f 3955 3954 3956
f 3955 3956 3957
f 3957 3956 3958
f 3957 3958 3959
f 3959 3958 3960
f 3959 3960 3961
f 3961 3960 3962
f 3961 3962 3963
f 3963 3962 3964
f 3963 3964 3965
f 3965 3964 3966
f 3965 3966 3967
f 3967 3966 3968
f 3967 3968 3969
f 3969 3968 3970
f 3969 3970 3971
f 3971 3970 3972
f 3971 3972 3973
f 3973 3972 3974
f 3973 3974 3975
f 3975 3974 3976
f 3975 3976 3977
f 3977 3976 3978
f 3977 3978 3979
f 3979 3978 3980
f 3979 3980 3981
f 3981 3980 3982
f 3981 3982 3983
f 3983 3982 3984
f 3983 3984 3985
f 3985 3984 3986
f 3985 3986 3987
f 3987 3986 3988
f 3987 3988 3989
f 3989 3988 3990
f 3989 3990 3991
f 3991 3990 3992
f 3991 3992 3993
f 3993 3992 3994
f 3993 3994 3995
f 3995 3994 3996
f 3995 3996 3997
f 3997 3996 3998
f 3997 3998 3951
f 3951 3998 3952
f 3999 4000 4001
f 4001 4000 4002
f 4001 4002 4003
f 4003 4002 4004
f 4003 4004 4005
f 4005 4004 4006
f 4005 4006 4007
f 4007 4006 4008
f 4007 4008 4009
f 4009 4008 4010
f 4009 4010 4011
f 4011 4010 4012
f 4011 4012 4013
f 4013 4012 4014
f 4013 4014 4015
f 4015 4014 4016
f 4015 4016 4017
f 4017 4016 4018
f 4017 4018 4019
f 4019 4018 4020
f 4019 4020 4021
f 4021 4020 4022
f 4021 4022 4023
f 4023 4022 4024
f 4023 4024 4025
f 4025 4024 4026
f 4025 4026 4027
f 4027 4026 4028
f 4027 4028 4029
f 4029 4028 4030
f 4029 4030 4031
f 4031 4030 4032
f 4031 4032 4033
f 4033 4032 4034
f 4033 4034 4035
f 4035 4034 4036
f 4035 4036 4037
f 4037 4036 4038
f 4037 4038 4039
f 4039 4038 4040
f 4039 4040 4041
f 4041 4040 4042
f 4041 4042 4043
f 4043 4042 4044
f 4043 4044 4045
f 4045 4044 4046
f 4045 4046 3999
f 3999 4046 4000
f 4047 4048 4049
f 4049 4048 4050
f 4049 4050 4051
f 4051 4050 4052
f 4051 4052 4053
f 4053 4052 4054
f 4053 4054 4055
f 4055 4054 4056
f 4055 4056 4057
f 4057 4056 4058
f 4057 4058 4059
f 4059 4058 4060
f 4059 4060 4061
f 4061 4060 4062
f 4061 4062 4063
f 4063 4062 4064
f 4063 4064 4065
f 4065 4064 4066
f 4065 4066 4067
f 4067 4066 4068
f 4067 4068 4069
f 4069 4068 4070
f 4069 4070 4071
f 4071 4070 4072
f 4071 4072 4073
f 4073 4072 4074
f 4073 4074 4075
f 4075 4074 4076
f 4075 4076 4077
f 4077 4076 4078
f 4077 4078 4079
f 4079 4078 4080
f 4079 4080 4081
f 4081 4080 4082
f 4081 4082 4083
f 4083 4082 4084
f 4083 4084 4085
f 4085 4084 4086
f 4085 4086 4087
f 4087 4086 4088
f 4087 4088 4089
f 4089 4088 4090
f 4089 4090 4091
f 4091 4090 4092
f 4091 4092 4093
f 4093 4092 4094
f 4093 4094 4047
f 4047 4094 4048
f 4095 4096 4097
f 4097 4096 4098
f 4097 4098 4099
f 4099 4098 4100
f 4099 4100 4101
f 4101 4100 4102
f 4101 4102 4103
f 4103 4102 4104
f 4103 4104 4105
f 4105 4104 4106
f 4105 4106 4107
f 4107 4106 4108
f 4107 4108 4109
f 4109 4108 4110
f 4109 4110 4111
f 4111 4110 4112
f 4111 4112 4113
f 4113 4112 4114
f 4113 4114 4115
f 4115 4114 4116
f 4115 4116 4117
f 4117 4116 4118
f 4117 4118 4119
f 4119 4118 4120
f 4119 4120 4121
f 4121 4120 4122
f 4121 4122 4123
f 4123 4122 4124
f 4123 4124 4125
f 4125 4124 4126
f 4125 4126 4127
f 4127 4126 4128
f 4127 4128 4129
f 4129 4128 4130
f 4129 4130 4131
f 4131 4130 4132
f 4131 4132 4133
f 4133 4132 4134
f 4133 4134 4135
f 4135 4134 4136
f 4135 4136 4137
f 4137 4136 4138
f 4137 4138 4139
f 4139 4138 4140
f 4139 4140 4141
f 4141 4140 4142
f 4141 4142 4095
f 4095 4142 4096
f 4143 4144 4145
f 4145 4144 4146
f 4145 4146 4147
f 4147 4146 4148
f 4147 4148 4149
f 4149 4148 4150
f 4149 4150 4151
f 4151 4150 4152
f 4151 4152 4153
f 4153 4152 4154
f 4153 4154 4155
f 4155 4154 4156
f 4155 4156 4157
f 4157 4156 4158
f 4157 4158 4159
f 4159 4158 4160
f 4159 4160 4161
f 4161 4160 4162
f 4161 4162 4163
f 4163 4162 4164
f 4163 4164 4165
f 4165 4164 4166
f 4165 4166 4167
f 4167 4166 4168
f 4167 4168 4169
f 4169 4168 4170
f 4169 4170 4171
f 4171 4170 4172
f 4171 4172 4173
f 4173 4172 4174
f 4173 4174 4175
f 4175 4174 4176
f 4175 4176 4177
f 4177 4176 4178
f 4177 4178 4179
f 4179 4178 4180
f 4179 4180 4181
f 4181 4180 4182
f 4181 4182 4183
f 4183 4182 4184
f 4183 4184 4185
f 4185 4184 4186
f 4185 4186 4187
f 4187 4186 4188
f 4187 4188 4189
f 4189 4188 4190
f 4189 4190 4143
f 4143 4190 4144
f 4191 4192 4193
f 4193 4192 4194
f 4193 4194 4195
f 4195 4194 4196
f 4195 4196 4197
f 4197 4196 4198
f 4197 4198 4199
f 4199 4198 4200
f 4199 4200 4201
f 4201 4200 4202
f 4201 4202 4203
f 4203 4202 4204
f 4203 4204 4205
f 4205 4204 4206
f 4205 4206 4207
f 4207 4206 4208
f 4207 4208 4209
f 4209 4208 4210
f 4209 4210 4211
f 4211 4210 4212
f 4211 4212 4213
f 4213 4212 4214
f 4213 4214 4215
f 4215 4214 4216
f 4215 4216 4217
f 4217 4216 4218
f 4217 4218 4219
f 4219 4218 4220
f 4219 4220 4221
f 4221 4220 4222
f 4221 4222 4223
f 4223 4222 4224
f 4223 4224 4225
f 4225 4224 4226
f 4225 4226 4227
f 4227 4226 4228
f 4227 4228 4229
f 4229 4228 4230
f 4229 4230 4231
f 4231 4230 4232
f 4231 4232 4233
f 4233 4232 4234
f 4233 4234 4235
f 4235 4234 4236
f 4235 4236 4237
f 4237 4236 4238
f 4237 4238 4191
f 4191 4238 4192
f 4239 4240 4241
f 4241 4240 4242
f 4241 4242 4243
f 4243 4242 4244
f 4243 4244 4245
f 4245 4244 4246
f 4245 4246 4247
f 4247 4246 4248
f 4247 4248 4249
f 4249 4248 4250
f 4249 4250 4251
f 4251 4250 4252
f 4251 4252 4253
f 4253 4252 4254
f 4253 4254 4255
f 4255 4254 4256
f 4255 4256 4257
f 4257 4256 4258
f 4257 4258 4259
f 4259 4258 4260
f 4259 4260 4261
f 4261 4260 4262
f 4261 4262 4263
f 4263 4262 4264
f 4263 4264 4265
f 4265 4264 4266
f 4265 4266 4267
f 4267 4266 4268
f 4267 4268 4269
f 4269 4268 4270
f 4269 4270 4271
f 4271 4270 4272
f 4271 4272 4273
f 4273 4272 4274
f 4273 4274 4275
f 4275 4274 4276
f 4275 4276 4277
f 4277 4276 4278
f 4277 4278 4279
f 4279 4278 4280
f 4279 4280 4281
f 4281 4280 4282
f 4281 4282 4283
f 4283 4282 4284
f 4283 4284 4285
f 4285 4284 4286
f 4285 4286 4239
f 4239 4286 4240
f 4287 4288 4289
f 4289 4288 4290
f 4289 4290 4291
f 4291 4290 4292
f 4291 4292 4293
f 4293 4292 4294
f 4293 4294 4295
f 4295 4294 4296
f 4295 4296 4297
f 4297 4296 4298
f 4297 4298 4299
f 4299 4298 4300
f 4299 4300 4301
f 4301 4300 4302
f 4301 4302 4303
f 4303 4302 4304
f 4303 4304 4305
f 4305 4304 4306
f 4305 4306 4307
f 4307 4306 4308
f 4307 4308 4309
f 4309 4308 4310
f 4309 4310 4311
f 4311 4310 4312
f 4311 4312 4313
f 4313 4312 4314
f 4313 4314 4315
f 4315 4314 4316
f 4315 4316 4317
f 4317 4316 4318
f 4317 4318 4319
f 4319 4318 4320
f 4319 4320 4321
f 4321 4320 4322
f 4321 4322 4323
f 4323 4322 4324
f 4323 4324 4325
f 4325 4324 4326
f 4325 4326 4327
f 4327 4326 4328
f 4327 4328 4329
f 4329 4328 4330
f 4329 4330 4331
f 4331 4330 4332
f 4331 4332 4333
f 4333 4332 4334
f 4333 4334 4287
f 4287 4334 4288
f 4335 4336 4337
f 4337 4336 4338
f 4337 4338 4339
f 4339 4338 4340
f 4339 4340 4341
f 4341 4340 4342
f 4341 4342 4343
f 4343 4342 4344
f 4343 4344 4345
f 4345 4344 4346
f 4345 4346 4347
f 4347 4346 4348
f 4347 4348 4349
f 4349 4348 4350
f 4349 4350 4351
f 4351 4350 4352
f 4351 4352 4353
f 4353 4352 4354
f 4353 4354 4355
f 4355 4354 4356
f 4355 4356 4357
f 4357 4356 4358
f 4357 4358 4359
f 4359 4358 4360
f 4359 4360 4361
f 4361 4360 4362
f 4361 4362 4363
f 4363 4362 4364
f 4363 4364 4365
f 4365 4364 4366
f 4365 4366 4367
f 4367 4366 4368
f 4367 4368 4369
f 4369 4368 4370
f 4369 4370 4371
f 4371 4370 4372
f 4371 4372 4373
f 4373 4372 4374
f 4373 4374 4375
f 4375 4374 4376
f 4375 4376 4377
f 4377 4376 4378
f 4377 4378 4379
f 4379 4378 4380
f 4379 4380 4381
f 4381 4380 4382
f 4381 4382 4335
f 4335 4382 4336
f 4383 4384 4385
f 4385 4384 4386
f 4385 4386 4387
f 4387 4386 4388
f 4387 4388 4389
f 4389 4388 4390
f 4389 4390 4391
f 4391 4390 4392
f 4391 4392 4393
f 4393 4392 4394
f 4393 4394 4395
f 4395 4394 4396
f 4395 4396 4397
f 4397 4396 4398
f 4397 4398 4399
f 4399 4398 4400
f 4399 4400 4401
f 4401 4400 4402
f 4401 4402 4403
f 4403 4402 4404
f 4403 4404 4405
f 4405 4404 4406
f 4405 4406 4407
f 4407 4406 4408
f 4407 4408 4409
f 4409 4408 4410
f 4409 4410 4411
f 4411 4410 4412
f 4411 4412 4413
f 4413 4412 4414
f 4413 4414 4415
f 4415 4414 4416
f 4415 4416 4417
f 4417 4416 4418
f 4417 4418 4419
f 4419 4418 4420
f 4419 4420 4421
f 4421 4420 4422
f 4421 4422 4423
f 4423 4422 4424
f 4423 4424 4425
f 4425 4424 4426
f 4425 4426 4427
f 4427 4426 4428
f 4427 4428 4429
f 4429 4428 4430
f 4429 4430 4383
f 4383 4430 4384
f 4431 4432 4433
f 4433 4432 4434
f 4433 4434 4435
f 4435 4434 4436
f 4435 4436 4437
f 4437 4436 4438
f 4437 4438 4439
f 4439 4438 4440
f 4439 4440 4441
f 4441 4440 4442
f 4441 4442 4443
f 4443 4442 4444
f 4443 4444 4445
f 4445 4444 4446
f 4445 4446 4447
f 4447 4446 4448
f 4447 4448 4449
f 4449 4448 4450
f 4449 4450 4451
f 4451 4450 4452
f 4451 4452 4453
f 4453 4452 4454
f 4453 4454 4455
f 4455 4454 4456
f 4455 4456 4457
f 4457 4456 4458
f 4457 4458 4459
f 4459 4458 4460
f 4459 4460 4461
f 4461 4460 4462
f 4461 4462 4463
f 4463 4462 4464
f 4463 4464 4465
f 4465 4464 4466
f 4465 4466 4467
f 4467 4466 4468
f 4467 4468 4469
f 4469 4468 4470
f 4469 4470 4471
f 4471 4470 4472
f 4471 4472 4473
f 4473 4472 4474
f 4473 4474 4475
f 4475 4474 4476
f 4475 4476 4477
f 4477 4476 4478
f 4477 4478 4431
f 4431 4478 4432
f 4479 4480 4481
f 4481 4480 4482
f 4481 4482 4483
f 4483 4482 4484
f 4483 4484 4485
f 4485 4484 4486
f 4485 4486 4487
f 4487 4486 4488
f 4487 4488 4489
f 4489 4488 4490
f 4489 4490 4491
f 4491 4490 4492
f 4491 4492 4493
f 4480 4479 4494
f 4494 4479 4495
f 4494 4495 4496
f 4496 4495 4497
f 4496 4497 4498
f 4498 4497 4499
f 4498 4499 4500
f 4500 4499 4501
f 4500 4501 4502
f 4492 4503 4502
f 4502 4503 4504
f 4502 4504 4505
f 4505 4504 4506
f 4505 4506 4498
f 4498 4506 4496
f 4491 4493 4507
f 4507 4493 4508
f 4507 4508 4509
f 4509 4508 4510
f 4509 4510 4511
f 4511 4510 4512
f 4511 4512 4513
f 4513 4512 4514
f 4513 4514 4515
f 4481 4516 4515
f 4515 4516 4517
f 4515 4517 4518
f 4518 4517 4519
f 4518 4519 4511
f 4511 4519 4509
f 4516 4481 4483
f 4482 4480 4520
f 4520 4480 4494
f 4520 4494 4521
f 4521 4494 4496
f 4521 4496 4506
f 4483 4485 4516
f 4516 4485 4522
f 4516 4522 4517
f 4517 4522 4519
f 4513 4515 4518
f 4511 4513 4518
f 4482 4520 4484
f 4484 4520 4523
f 4484 4523 4486
f 4486 4523 4524
f 4486 4524 4488
f 4488 4524 4525
f 4488 4525 4490
f 4490 4525 4492
f 4523 4520 4521
f 4485 4487 4522
f 4522 4487 4526
f 4522 4526 4519
f 4519 4526 4509
f 4523 4521 4527
f 4527 4521 4506
f 4527 4506 4504
f 4507 4509 4526
f 4507 4526 4489
f 4489 4526 4487
f 4505 4498 4500
f 4523 4527 4524
f 4524 4527 4503
f 4524 4503 4525
f 4525 4503 4492
f 4503 4527 4504
f 4491 4507 4489
f 4502 4505 4500
f 4515 4157 4481
f 4481 4157 4159
f 4481 4159 3963
f 3963 4159 3961
f 3961 4159 4161
f 3961 4161 3959
f 3959 4161 4163
f 3959 4163 3957
f 3957 4163 4165
f 3957 4165 3955
f 3955 4165 4167
f 3955 4167 3953
f 3953 4167 4169
f 3953 4169 3951
f 3951 4169 4171
f 3951 4171 3997
f 3997 4171 4173
f 3997 4173 3913
f 3913 4173 4017
f 3913 4017 4207
f 4207 4017 4019
f 4207 4019 4205
f 4205 4019 4021
f 4205 4021 4203
f 4203 4021 4201
f 4201 4021 4023
f 4201 4023 4199
f 4199 4023 4197
f 4197 4023 4195
f 4195 4023 4025
f 4195 4025 4193
f 4193 4025 4191
f 4191 4025 4027
f 4191 4027 4237
f 4237 4027 4235
f 4235 4027 4233
f 4233 4027 4029
f 4233 4029 4231
f 4231 4029 4229
f 4229 4029 4031
f 4229 4031 4227
f 4227 4031 4033
f 4227 4033 4245
f 4245 4033 4357
f 4245 4357 4243
f 4243 4357 4359
f 4243 4359 4241
f 4241 4359 4361
f 4241 4361 4239
f 4239 4361 4363
f 4239 4363 4285
f 4285 4363 4365
f 4285 4365 4283
f 4283 4365 4367
f 4283 4367 4281
f 4281 4367 4369
f 4281 4369 4279
f 4279 4369 4371
f 4279 4371 4528
f 4528 4371 4373
f 4528 4373 4529
f 4529 4373 4375
f 4529 4375 4083
f 4083 4375 4081
f 4081 4375 4377
f 4081 4377 4079
f 4079 4377 4379
f 4079 4379 4077
f 4077 4379 4381
f 4077 4381 4075
f 4075 4381 4335
f 4075 4335 4073
f 4073 4335 4337
f 4073 4337 4071
f 4071 4337 4339
f 4071 4339 4069
f 4069 4339 4341
f 4069 4341 4465
f 4465 4341 4041
f 4465 4041 3847
f 3847 4041 4043
f 3847 4043 3845
f 3845 4043 4045
f 3845 4045 3843
f 3843 4045 3841
f 3841 4045 3999
f 3841 3999 3839
f 3839 3999 3837
f 3837 3999 3835
f 3835 3999 4001
f 3835 4001 3833
f 3833 4001 3831
f 3831 4001 4003
f 3831 4003 3829
f 3829 4003 3827
f 3827 4003 3825
f 3825 4003 4005
f 3825 4005 3823
f 3823 4005 3821
f 3821 4005 4007
f 3821 4007 3819
f 3819 4007 4009
f 3819 4009 4125
f 4125 4009 4189
f 4125 4189 4123
f 4123 4189 4143
f 4123 4143 4121
f 4121 4143 4145
f 4121 4145 4119
f 4119 4145 4147
f 4119 4147 4117
f 4117 4147 4149
f 4117 4149 4115
f 4115 4149 4151
f 4115 4151 4113
f 4113 4151 4153
f 4113 4153 4111
f 4111 4153 4155
f 4111 4155 4515
f 4515 4155 4157
f 4529 3761 4515
f 4515 3761 3763
f 4515 3763 3765
f 4481 4313 4528
f 4528 4313 4315
f 4528 4315 4317
f 4435 3783 4433
f 4433 3783 3785
f 4433 3785 3787
f 4437 3777 4435
f 4435 3777 3779
f 4435 3779 3781
f 4439 3773 4437
f 4437 3773 3775
f 4437 3775 3777
f 3773 4439 3771
f 3771 4439 4441
f 3771 4441 4141
f 4141 4441 4139
f 4139 4441 4137
f 4137 4441 4443
f 4137 4443 4135
f 4135 4443 4445
f 4135 4445 4133
f 4133 4445 4131
f 4131 4445 4447
f 4131 4447 4129
f 4129 4447 4449
f 4129 4449 4127
f 4127 4449 4125
f 4125 4449 3819
f 3819 4449 4399
f 4399 4449 4451
f 4399 4451 4397
f 4397 4451 4453
f 4397 4453 4395
f 4395 4453 4393
f 4393 4453 4455
f 4393 4455 4391
f 4391 4455 4389
f 4389 4455 4387
f 4387 4455 4457
f 4387 4457 4385
f 4385 4457 4383
f 4383 4457 4459
f 4383 4459 4429
f 4429 4459 4427
f 4427 4459 4425
f 4425 4459 4461
f 4425 4461 4423
f 4423 4461 4421
f 4421 4461 4463
f 4421 4463 4419
f 4419 4463 4465
f 4419 4465 3847
f 4467 4065 4465
f 4465 4065 4067
f 4465 4067 4069
f 4065 4467 4063
f 4063 4467 4469
f 4063 4469 4061
f 4061 4469 4059
f 4059 4469 4471
f 4059 4471 4057
f 4057 4471 4473
f 4057 4473 4055
f 4055 4473 4053
f 4053 4473 3799
f 4053 3799 4051
f 4051 3799 4049
f 4049 3799 4529
f 4049 4529 4047
f 4047 4529 4093
f 4093 4529 4091
f 4091 4529 4089
f 4089 4529 4087
f 4087 4529 4085
f 4085 4529 4083
f 4473 4475 3799
f 3799 4475 3797
f 3797 4475 4477
f 3797 4477 3795
f 3795 4477 3793
f 3793 4477 4431
f 3793 4431 3791
f 3791 4431 3789
f 3789 4431 3787
f 3787 4431 4433
f 3819 4399 3817
f 3817 4399 4401
f 3817 4401 3815
f 3815 4401 4403
f 3815 4403 3813
f 3813 4403 4405
f 3813 4405 3811
f 3811 4405 4407
f 3811 4407 3809
f 3809 4407 4409
f 3809 4409 3807
f 3807 4409 4411
f 3807 4411 3853
f 3853 4411 4413
f 3853 4413 3851
f 3851 4413 4415
f 3851 4415 3849
f 3849 4415 4417
f 3849 4417 3847
f 3847 4417 4419
f 4341 4343 4041
f 4041 4343 4345
f 4041 4345 4039
f 4039 4345 4347
f 4039 4347 4037
f 4037 4347 4349
f 4037 4349 4351
f 4037 4351 4035
f 4035 4351 4353
f 4035 4353 4033
f 4033 4353 4355
f 4033 4355 4357
f 4287 4289 3929
f 3929 4289 4291
f 3929 4291 3927
f 3927 4291 4293
f 3927 4293 4295
f 4295 4297 3927
f 3927 4297 3925
f 3925 4297 4299
f 3925 4299 4301
f 3925 4301 3923
f 3923 4301 4303
f 3923 4303 3921
f 3921 4303 3981
f 3921 3981 3983
f 4305 4481 4303
f 4303 4481 3977
f 4303 3977 3979
f 4305 4307 4481
f 4481 4307 4309
f 4481 4309 4311
f 4311 4313 4481
f 4317 4319 4528
f 4528 4319 4321
f 4528 4321 4323
f 4325 3935 4323
f 4323 3935 3937
f 4323 3937 4261
f 4261 3937 4259
f 4259 3937 4257
f 4257 3937 3939
f 4257 3939 4255
f 4255 3939 3941
f 4255 3941 4253
f 4253 3941 4251
f 4251 3941 3943
f 4251 3943 4249
f 4249 3943 3945
f 4249 3945 4247
f 4247 3945 4245
f 4245 3945 4227
f 3935 4325 3933
f 3933 4325 4327
f 3933 4327 4329
f 3933 4329 3931
f 3931 4329 4331
f 3931 4331 4333
f 4333 4287 3931
f 3931 4287 3929
f 4261 4263 4323
f 4323 4263 4265
f 4323 4265 4528
f 4528 4265 4267
f 4528 4267 4269
f 4269 4271 4528
f 4528 4271 4273
f 4528 4273 4275
f 4275 4277 4528
f 4528 4277 4279
f 4209 3865 4207
f 4207 3865 3867
f 4207 3867 3913
f 3913 3867 3911
f 3911 3867 3869
f 3911 3869 3909
f 3909 3869 3871
f 3909 3871 3873
f 3865 4209 3863
f 3863 4209 4211
f 3863 4211 3861
f 3861 4211 4213
f 3861 4213 3859
f 3859 4213 4215
f 3859 4215 3857
f 3857 4215 4217
f 3857 4217 3855
f 3855 4217 4219
f 3855 4219 3901
f 3901 4219 4221
f 3901 4221 3899
f 3899 4221 4223
f 3899 4223 3897
f 3897 4223 4225
f 3897 4225 3895
f 3895 4225 4227
f 3895 4227 3945
f 4173 4175 4017
f 4017 4175 4177
f 4017 4177 4015
f 4015 4177 4179
f 4015 4179 4013
f 4013 4179 4181
f 4013 4181 4183
f 4013 4183 4011
f 4011 4183 4185
f 4011 4185 4009
f 4009 4185 4187
f 4009 4187 4189
f 4099 4515 4097
f 4097 4515 3771
f 4097 3771 4095
f 4095 3771 4141
f 4099 4101 4515
f 4515 4101 4103
f 4515 4103 4105
f 4105 4107 4515
f 4515 4107 4109
f 4515 4109 4111
f 3963 3965 4481
f 4481 3965 3967
f 4481 3967 3969
f 3969 3971 4481
f 4481 3971 3973
f 4481 3973 3975
f 3975 3977 4481
f 3979 3981 4303
f 3983 3985 3921
f 3921 3985 3919
f 3919 3985 3987
f 3919 3987 3917
f 3917 3987 3989
f 3917 3989 3991
f 3917 3991 3915
f 3915 3991 3993
f 3915 3993 3913
f 3913 3993 3995
f 3913 3995 3997
f 3907 3879 3905
f 3905 3879 3881
f 3905 3881 3883
f 3909 3873 3907
f 3907 3873 3875
f 3907 3875 3877
f 3945 3947 3895
f 3895 3947 3893
f 3893 3947 3949
f 3893 3949 3891
f 3891 3949 3889
f 3889 3949 3903
f 3889 3903 3887
f 3887 3903 3885
f 3885 3903 3883
f 3883 3903 3905
f 3877 3879 3907
f 3765 3767 4515
f 4515 3767 3769
f 4515 3769 3771
f 3781 3783 4435
f 3799 3801 4529
f 4529 3801 3803
f 4529 3803 3805
f 3805 3759 4529
f 4529 3759 3761
f 4529 4515 4530
f 4530 4515 4514
f 4530 4514 4512
f 4512 4510 4530
f 4530 4510 4508
f 4530 4508 4493
f 4493 4492 4530
f 4530 4492 4531
f 4530 4531 4532
f 4530 4533 4529
f 4529 4533 4534
f 4534 4533 4535
f 4535 4533 4536
f 4536 4533 4537
f 4537 4533 4538
f 4538 4533 4539
f 4539 4533 4540
f 4540 4533 4541
f 4542 4543 4544
f 4544 4543 4545
f 4544 4545 4546
f 4546 4545 4547
f 4546 4547 4548
f 4548 4547 4549
f 4548 4549 4550
f 4550 4549 4551
f 4550 4551 4552
f 4552 4551 4553
f 4552 4553 4554
f 4554 4553 4529
f 4554 4529 4534
f 4543 4542 4555
f 4555 4542 4556
f 4555 4556 4557
f 4557 4556 4558
f 4557 4558 4559
f 4559 4558 4560
f 4559 4560 4561
f 4561 4560 4562
f 4561 4562 4528
f 4529 4563 4528
f 4528 4563 4564
f 4528 4564 4565
f 4565 4564 4566
f 4565 4566 4559
f 4559 4566 4557
f 4554 4534 4567
f 4567 4534 4535
f 4567 4535 4568
f 4568 4535 4536
f 4568 4536 4569
f 4569 4536 4537
f 4569 4537 4570
f 4570 4537 4538
f 4570 4538 4539
f 4544 4571 4539
f 4539 4571 4572
f 4539 4572 4573
f 4573 4572 4574
f 4573 4574 4569
f 4569 4574 4568
f 4571 4544 4546
f 4545 4543 4575
f 4575 4543 4555
f 4575 4555 4576
f 4576 4555 4557
f 4576 4557 4566
f 4546 4548 4571
f 4571 4548 4577
f 4571 4577 4572
f 4572 4577 4574
f 4570 4539 4573
f 4569 4570 4573
f 4545 4575 4547
f 4547 4575 4578
f 4547 4578 4549
f 4549 4578 4579
f 4549 4579 4551
f 4551 4579 4580
f 4551 4580 4553
f 4553 4580 4529
f 4578 4575 4576
f 4548 4550 4577
f 4577 4550 4581
f 4577 4581 4574
f 4574 4581 4568
f 4578 4576 4582
f 4582 4576 4566
f 4582 4566 4564
f 4567 4568 4581
f 4567 4581 4552
f 4552 4581 4550
f 4565 4559 4561
f 4578 4582 4579
f 4579 4582 4563
f 4579 4563 4580
f 4580 4563 4529
f 4563 4582 4564
f 4554 4567 4552
f 4528 4565 4561
f 4539 3173 4544
f 4544 3173 3175
f 4544 3175 3747
f 3747 3175 3745
f 3745 3175 3177
f 3745 3177 3743
f 3743 3177 3179
f 3743 3179 3741
f 3741 3179 3181
f 3741 3181 3739
f 3739 3181 3135
f 3739 3135 3737
f 3737 3135 3137
f 3737 3137 3559
f 3559 3137 3139
f 3559 3139 3141
f 4540 3451 4539
f 4539 3451 3453
f 4539 3453 3455
f 4583 2681 4540
f 4540 2681 2683
f 4540 2683 2685
f 4584 2677 4583
f 4583 2677 2679
f 4583 2679 2681
f 4585 2673 4584
f 4584 2673 2675
f 4584 2675 2677
f 2673 4585 2671
f 2671 4585 4586
f 2671 4586 4587
f 4587 4588 2671
f 2671 4588 2669
f 2669 4588 2667
f 2667 4588 2665
f 2665 4588 2865
f 2665 2865 2663
f 2663 2865 2867
f 2663 2867 2661
f 2661 2867 2869
f 2661 2869 2659
f 2659 2869 2871
f 2659 2871 2657
f 2657 2871 2873
f 2657 2873 2763
f 2763 2873 3247
f 2763 3247 2761
f 2761 3247 3249
f 2761 3249 2759
f 2759 3249 3251
f 2759 3251 2757
f 2757 3251 3253
f 2757 3253 2755
f 2755 3253 3255
f 2755 3255 2753
f 2753 3255 3257
f 2753 3257 2751
f 2751 3257 3259
f 2751 3259 2797
f 2797 3259 3261
f 2797 3261 2795
f 2795 3261 3263
f 2795 3263 2793
f 2793 3263 3265
f 2793 3265 2791
f 2791 3265 3267
f 2791 3267 2561
f 2561 3267 3161
f 2561 3161 2559
f 2559 3161 3163
f 2559 3163 2605
f 2605 3163 3165
f 2605 3165 2603
f 2603 3165 3167
f 2603 3167 2601
f 2601 3167 3169
f 2601 3169 2599
f 2599 3169 3171
f 2599 3171 4539
f 4539 3171 3173
f 4589 2861 4588
f 4588 2861 2863
f 4588 2863 2865
f 4590 2379 4589
f 4589 2379 2381
f 4589 2381 2383
f 4590 4591 2379
f 2379 4591 4592
f 2379 4592 2377
f 2377 4592 4593
f 2377 4593 2375
f 2375 4593 2373
f 2373 4593 4594
f 2373 4594 2371
f 2371 4594 2369
f 2369 4594 4595
f 2369 4595 2367
f 2367 4595 2413
f 2413 4595 2411
f 2411 4595 3049
f 2411 3049 2409
f 2409 3049 3051
f 2409 3051 2407
f 2407 3051 3053
f 2407 3053 2405
f 2405 3053 2403
f 2403 3053 3055
f 2403 3055 2401
f 2401 3055 3057
f 2401 3057 2399
f 2399 3057 2397
f 2397 3057 3629
f 2397 3629 3631
f 4544 2943 4595
f 4595 2943 2945
f 4595 2945 2947
f 3711 3713 2983
f 2983 3713 3715
f 2983 3715 3717
f 3719 3081 3717
f 3717 3081 2981
f 3717 2981 2983
f 3719 3721 3081
f 3081 3721 3079
f 3079 3721 3723
f 3079 3723 3077
f 3077 3723 3725
f 3077 3725 3727
f 3077 3727 3075
f 3075 3727 3729
f 3075 3729 3073
f 3073 3729 3731
f 3073 3731 3733
f 3735 3651 3733
f 3733 3651 3653
f 3733 3653 3073
f 3073 3653 3071
f 3071 3653 3655
f 3071 3655 3069
f 3069 3655 3657
f 3069 3657 3067
f 3067 3657 3659
f 3067 3659 3661
f 3735 3737 3651
f 3651 3737 3559
f 3651 3559 3561
f 3747 3749 4544
f 4544 3749 3751
f 4544 3751 3753
f 3753 3755 4544
f 4544 3755 3757
f 4544 3757 2985
f 2985 3757 3711
f 2985 3711 2983
f 3615 3617 3065
f 3065 3617 3619
f 3065 3619 3063
f 3063 3619 3621
f 3063 3621 3623
f 3623 3625 3063
f 3063 3625 3061
f 3061 3625 3627
f 3061 3627 3059
f 3059 3627 3629
f 3059 3629 3057
f 3633 3531 3631
f 3631 3531 2849
f 3631 2849 2393
f 2393 2849 2391
f 2391 2849 2851
f 2391 2851 2389
f 2389 2851 2853
f 2389 2853 2387
f 2387 2853 2855
f 2387 2855 2385
f 2385 2855 2857
f 2385 2857 4589
f 4589 2857 2859
f 4589 2859 2861
f 3531 3633 3529
f 3529 3633 3635
f 3529 3635 3527
f 3527 3635 3637
f 3527 3637 3525
f 3525 3637 3639
f 3525 3639 3523
f 3523 3639 3641
f 3523 3641 3521
f 3521 3641 3643
f 3521 3643 3519
f 3519 3643 3645
f 3519 3645 3565
f 3565 3645 3647
f 3565 3647 3563
f 3563 3647 3649
f 3563 3649 3561
f 3561 3649 3651
f 3661 3615 3067
f 3067 3615 3065
f 3533 2893 3531
f 3531 2893 2847
f 3531 2847 2849
f 3535 2471 3533
f 3533 2471 2473
f 3533 2473 2893
f 2893 2473 2891
f 2891 2473 2889
f 2889 2473 2475
f 2889 2475 2887
f 2887 2475 2477
f 2887 2477 2885
f 2885 2477 2883
f 2883 2477 2479
f 2883 2479 2881
f 2881 2479 2481
f 2881 2481 2879
f 2879 2481 2877
f 2877 2481 3245
f 2877 3245 3247
f 2471 3535 2469
f 2469 3535 3537
f 2469 3537 2467
f 2467 3537 3539
f 2467 3539 3541
f 3541 3543 2467
f 2467 3543 2465
f 2465 3543 3545
f 2465 3545 3547
f 2465 3547 2463
f 2463 3547 3549
f 2463 3549 3551
f 3551 3553 2463
f 2463 3553 2509
f 2509 3553 3555
f 2509 3555 2507
f 2507 3555 3557
f 2507 3557 2505
f 2505 3557 3141
f 2505 3141 3143
f 3557 3559 3141
f 3423 3425 3353
f 3353 3425 3427
f 3353 3427 3351
f 3351 3427 3429
f 3351 3429 3431
f 3431 3433 3351
f 3351 3433 3349
f 3349 3433 3435
f 3349 3435 3347
f 3347 3435 3437
f 3347 3437 4540
f 4540 3437 3439
f 4540 3439 3441
f 3441 3443 4540
f 4540 3443 3445
f 4540 3445 3447
f 3447 3449 4540
f 4540 3449 3451
f 3455 3457 4539
f 4539 3457 2589
f 4539 2589 2591
f 2589 3457 2587
f 2587 3457 3459
f 2587 3459 2585
f 2585 3459 2583
f 2583 3459 2581
f 2581 3459 3461
f 2581 3461 3361
f 3361 3461 3359
f 3359 3461 3463
f 3359 3463 3357
f 3357 3463 3465
f 3357 3465 3355
f 3355 3465 3467
f 3355 3467 3469
f 3469 3423 3355
f 3355 3423 3353
f 3331 2775 3329
f 3329 2775 2777
f 3329 2777 2779
f 3333 2769 3331
f 3331 2769 2771
f 3331 2771 2773
f 2769 3333 2767
f 2767 3333 3335
f 2767 3335 2765
f 2765 3335 3337
f 2765 3337 2701
f 2701 3337 2699
f 2699 3337 2697
f 2697 3337 3339
f 2697 3339 2695
f 2695 3339 3341
f 2695 3341 2693
f 2693 3341 2691
f 2691 3341 3343
f 2691 3343 2689
f 2689 3343 3345
f 2689 3345 2687
f 2687 3345 4540
f 2687 4540 2685
f 3345 3347 4540
f 3363 2577 3361
f 3361 2577 2579
f 3361 2579 2581
f 2577 3363 2575
f 2575 3363 3365
f 2575 3365 2573
f 2573 3365 2571
f 2571 3365 3367
f 2571 3367 2569
f 2569 3367 3369
f 2569 3369 2567
f 2567 3369 2565
f 2565 3369 2791
f 2565 2791 2563
f 2563 2791 2561
f 2791 3369 2789
f 2789 3369 3371
f 2789 3371 3373
f 3327 2785 3373
f 3373 2785 2787
f 3373 2787 2789
f 3329 2779 3327
f 3327 2779 2781
f 3327 2781 2783
f 3231 3233 2489
f 2489 3233 3235
f 2489 3235 2487
f 2487 3235 3237
f 2487 3237 3239
f 3239 3241 2487
f 2487 3241 2485
f 2485 3241 3243
f 2485 3243 2483
f 2483 3243 3245
f 2483 3245 2481
f 3269 3157 3267
f 3267 3157 3159
f 3267 3159 3161
f 3271 2495 3269
f 3269 2495 2497
f 3269 2497 3157
f 3157 2497 3155
f 3155 2497 3153
f 3153 2497 2499
f 3153 2499 3151
f 3151 2499 2501
f 3151 2501 3149
f 3149 2501 3147
f 3147 2501 2503
f 3147 2503 3145
f 3145 2503 2505
f 3145 2505 3143
f 2495 3271 2493
f 2493 3271 3273
f 2493 3273 2491
f 2491 3273 3275
f 2491 3275 3277
f 3277 3231 2491
f 2491 3231 2489
f 3043 2967 3041
f 3041 2967 2969
f 3041 2969 2971
f 3045 2961 3043
f 3043 2961 2963
f 3043 2963 2965
f 2961 3045 2959
f 2959 3045 3047
f 2959 3047 2957
f 2957 3047 4595
f 2957 4595 2955
f 2955 4595 2953
f 2953 4595 2951
f 2951 4595 2949
f 2949 4595 2947
f 3047 3049 4595
f 3081 3083 2981
f 2981 3083 2979
f 2979 3083 3085
f 2979 3085 2977
f 2977 3085 3039
f 2977 3039 2975
f 2975 3039 2973
f 2973 3039 2971
f 2971 3039 3041
f 2965 2967 3043
f 2985 2987 4544
f 4544 2987 2989
f 4544 2989 2943
f 2873 2875 3247
f 3247 2875 2877
f 2765 2701 2763
f 2763 2701 2655
f 2763 2655 2657
f 2773 2775 3331
f 2783 2785 3327
f 2591 2593 4539
f 4539 2593 2595
f 4539 2595 2597
f 2597 2599 4539
f 2383 2385 4589
f 2393 2395 3631
f 3631 2395 2397
f 4596 4595 4597
f 4597 4595 4594
f 4597 4594 4598
f 4598 4594 4593
f 4598 4593 4599
f 4599 4593 4592
f 4599 4592 4600
f 4600 4592 4591
f 4600 4591 4601
f 4601 4591 4590
f 4601 4590 4602
f 4602 4590 4589
f 4597 2370 4596
f 4596 2370 2368
f 4596 2368 2414
f 4598 2374 4597
f 4597 2374 2372
f 4597 2372 2370
f 4599 2378 4598
f 4598 2378 2376
f 4598 2376 2374
f 2378 4599 2380
f 2380 4599 4600
f 2380 4600 4601
f 4601 4602 2380
f 2380 4602 2382
f 2382 4602 2384
f 2384 4602 2386
f 2386 4602 2858
f 2386 2858 2388
f 2388 2858 2856
f 2388 2856 2390
f 2390 2856 2854
f 2390 2854 2392
f 2392 2854 2852
f 2392 2852 2394
f 2394 2852 2850
f 2394 2850 3632
f 3632 2850 3532
f 3632 3532 3634
f 3634 3532 3530
f 3634 3530 3636
f 3636 3530 3528
f 3636 3528 3638
f 3638 3528 3526
f 3638 3526 3640
f 3640 3526 3524
f 3640 3524 3642
f 3642 3524 3522
f 3642 3522 3644
f 3644 3522 3520
f 3644 3520 3646
f 3646 3520 3566
f 3646 3566 3648
f 3648 3566 3564
f 3648 3564 3650
f 3650 3564 3562
f 3650 3562 3652
f 3652 3562 3560
f 3652 3560 3738
f 3738 3560 3138
f 3738 3138 3740
f 3740 3138 3136
f 3740 3136 3742
f 3742 3136 3182
f 3742 3182 3744
f 3744 3182 3180
f 3744 3180 3746
f 3746 3180 3178
f 3746 3178 3748
f 3748 3178 3176
f 3748 3176 4603
f 4603 3176 3174
f 4603 3174 4533
f 4533 3174 3172
f 4533 3172 2600
f 2600 3172 2602
f 2602 3172 3170
f 2602 3170 2604
f 2604 3170 3168
f 2604 3168 2606
f 2606 3168 3166
f 2606 3166 2560
f 2560 3166 3164
f 2560 3164 2562
f 2562 3164 3162
f 2562 3162 3268
f 3268 3162 3160
f 3268 3160 3158
f 4604 2862 4602
f 4602 2862 2860
f 4602 2860 2858
f 4605 2672 4604
f 4604 2672 2670
f 4604 2670 2668
f 4605 4606 2672
f 2672 4606 4607
f 2672 4607 2674
f 2674 4607 4608
f 2674 4608 2676
f 2676 4608 2678
f 2678 4608 4609
f 2678 4609 2680
f 2680 4609 2682
f 2682 4609 4541
f 2682 4541 2684
f 2684 4541 2686
f 2686 4541 2688
f 2688 4541 3346
f 2688 3346 2690
f 2690 3346 3344
f 2690 3344 2692
f 2692 3344 3342
f 2692 3342 2694
f 2694 3342 2696
f 2696 3342 3340
f 2696 3340 2698
f 2698 3340 3338
f 2698 3338 2700
f 2700 3338 2702
f 2702 3338 2766
f 2702 2766 2764
f 4533 3452 4541
f 4541 3452 3450
f 4541 3450 3448
f 4596 2944 4603
f 4603 2944 2990
f 4603 2990 2988
f 3716 3714 2984
f 2984 3714 3712
f 2984 3712 2986
f 2986 3712 3758
f 2986 3758 4603
f 4603 3758 3756
f 4603 3756 3754
f 3754 3752 4603
f 4603 3752 3750
f 4603 3750 3748
f 3738 3736 3652
f 3652 3736 3734
f 3652 3734 3654
f 3654 3734 3074
f 3654 3074 3072
f 3734 3732 3074
f 3074 3732 3730
f 3074 3730 3076
f 3076 3730 3728
f 3076 3728 3078
f 3078 3728 3726
f 3078 3726 3724
f 3078 3724 3080
f 3080 3724 3722
f 3080 3722 3082
f 3082 3722 3720
f 3082 3720 3718
f 3716 2984 3718
f 3718 2984 2982
f 3718 2982 3082
f 3082 2982 3084
f 3084 2982 2980
f 3084 2980 3086
f 3086 2980 2978
f 3086 2978 3040
f 3040 2978 2976
f 3040 2976 2974
f 3620 3618 3066
f 3066 3618 3616
f 3066 3616 3068
f 3068 3616 3662
f 3068 3662 3660
f 3660 3658 3068
f 3068 3658 3070
f 3070 3658 3656
f 3070 3656 3072
f 3072 3656 3654
f 3630 2398 3632
f 3632 2398 2396
f 3632 2396 2394
f 3628 3060 3630
f 3630 3060 3058
f 3630 3058 2398
f 2398 3058 2400
f 2400 3058 2402
f 2402 3058 3056
f 2402 3056 2404
f 2404 3056 3054
f 2404 3054 2406
f 2406 3054 2408
f 2408 3054 3052
f 2408 3052 2410
f 2410 3052 3050
f 2410 3050 2412
f 2412 3050 4596
f 2412 4596 2414
f 3060 3628 3062
f 3062 3628 3626
f 3062 3626 3064
f 3064 3626 3624
f 3064 3624 3622
f 3622 3620 3064
f 3064 3620 3066
f 3558 3142 3560
f 3560 3142 3140
f 3560 3140 3138
f 3556 2508 3558
f 3558 2508 2506
f 3558 2506 3142
f 3142 2506 3144
f 3144 2506 3146
f 3146 2506 2504
f 3146 2504 3148
f 3148 2504 2502
f 3148 2502 3150
f 3150 2502 3152
f 3152 2502 2500
f 3152 2500 3154
f 3154 2500 2498
f 3154 2498 3156
f 3156 2498 3158
f 3158 2498 3270
f 3158 3270 3268
f 2508 3556 2510
f 2510 3556 3554
f 2510 3554 2464
f 2464 3554 3552
f 2464 3552 3550
f 3550 3548 2464
f 2464 3548 2466
f 2466 3548 3546
f 2466 3546 3544
f 2466 3544 2468
f 2468 3544 3542
f 2468 3542 3540
f 3540 3538 2468
f 2468 3538 2470
f 2470 3538 3536
f 2470 3536 2472
f 2472 3536 3534
f 2472 3534 2474
f 2474 3534 2894
f 2474 2894 2892
f 3534 3532 2894
f 2894 3532 2848
f 2848 3532 2850
f 3428 3426 3354
f 3354 3426 3424
f 3354 3424 3356
f 3356 3424 3470
f 3356 3470 3468
f 3468 3466 3356
f 3356 3466 3358
f 3358 3466 3464
f 3358 3464 3360
f 3360 3464 3462
f 3360 3462 3362
f 3362 3462 2582
f 3362 2582 2580
f 3462 3460 2582
f 2582 3460 2584
f 2584 3460 2586
f 2586 3460 2588
f 2588 3460 3458
f 2588 3458 2590
f 2590 3458 4533
f 2590 4533 2592
f 2592 4533 2594
f 2594 4533 2596
f 2596 4533 2598
f 2598 4533 2600
f 3458 3456 4533
f 4533 3456 3454
f 4533 3454 3452
f 3448 3446 4541
f 4541 3446 3444
f 4541 3444 3442
f 3442 3440 4541
f 4541 3440 3438
f 4541 3438 3348
f 3348 3438 3436
f 3348 3436 3350
f 3350 3436 3434
f 3350 3434 3352
f 3352 3434 3432
f 3352 3432 3430
f 3430 3428 3352
f 3352 3428 3354
f 3328 2780 3330
f 3330 2780 2778
f 3330 2778 2776
f 3374 2786 3328
f 3328 2786 2784
f 3328 2784 2782
f 3372 2790 3374
f 3374 2790 2788
f 3374 2788 2786
f 3372 3370 2790
f 2790 3370 2792
f 2792 3370 2566
f 2792 2566 2564
f 3368 2570 3370
f 3370 2570 2568
f 3370 2568 2566
f 2570 3368 2572
f 2572 3368 3366
f 2572 3366 2574
f 2574 3366 2576
f 2576 3366 3364
f 2576 3364 2578
f 2578 3364 3362
f 2578 3362 2580
f 3348 3346 4541
f 3338 3336 2766
f 2766 3336 2768
f 2768 3336 3334
f 2768 3334 2770
f 2770 3334 3332
f 2770 3332 2772
f 2772 3332 2774
f 2774 3332 2776
f 2776 3332 3330
f 3236 3234 2490
f 2490 3234 3232
f 2490 3232 2492
f 2492 3232 3278
f 2492 3278 3276
f 3276 3274 2492
f 2492 3274 2494
f 2494 3274 3272
f 2494 3272 2496
f 2496 3272 3270
f 2496 3270 2498
f 2562 3268 2792
f 2792 3268 3266
f 2792 3266 2794
f 2794 3266 3264
f 2794 3264 2796
f 2796 3264 3262
f 2796 3262 2798
f 2798 3262 3260
f 2798 3260 2752
f 2752 3260 3258
f 2752 3258 2754
f 2754 3258 3256
f 2754 3256 2756
f 2756 3256 3254
f 2756 3254 2758
f 2758 3254 3252
f 2758 3252 2760
f 2760 3252 3250
f 2760 3250 2762
f 2762 3250 3248
f 2762 3248 2764
f 2764 3248 2874
f 2764 2874 2658
f 2658 2874 2660
f 2660 2874 2872
f 2660 2872 2662
f 2662 2872 2870
f 2662 2870 2664
f 2664 2870 2868
f 2664 2868 2666
f 2666 2868 2866
f 2666 2866 4604
f 4604 2866 2864
f 4604 2864 2862
f 3246 2878 3248
f 3248 2878 2876
f 3248 2876 2874
f 3244 2484 3246
f 3246 2484 2482
f 3246 2482 2878
f 2878 2482 2880
f 2880 2482 2882
f 2882 2482 2480
f 2882 2480 2884
f 2884 2480 2478
f 2884 2478 2886
f 2886 2478 2888
f 2888 2478 2476
f 2888 2476 2890
f 2890 2476 2474
f 2890 2474 2892
f 2484 3244 2486
f 2486 3244 3242
f 2486 3242 2488
f 2488 3242 3240
f 2488 3240 3238
f 3238 3236 2488
f 2488 3236 2490
f 3040 2972 3042
f 3042 2972 2970
f 3042 2970 2968
f 3050 3048 4596
f 4596 3048 2958
f 4596 2958 2956
f 2958 3048 2960
f 2960 3048 3046
f 2960 3046 2962
f 2962 3046 3044
f 2962 3044 2964
f 2964 3044 2966
f 2966 3044 2968
f 2968 3044 3042
f 2948 2946 4596
f 4596 2946 2944
f 2988 2986 4603
f 2974 2972 3040
f 2956 2954 4596
f 4596 2954 2952
f 4596 2952 2950
f 2950 2948 4596
f 2782 2780 3328
f 2658 2656 2764
f 2764 2656 2702
f 2668 2666 4604
f 2564 2562 2792
f 4602 4589 4604
f 4604 4589 4588
f 4610 4611 4612
f 4612 4611 4613
f 4612 4613 4614
f 4614 4613 4615
f 4614 4615 4616
f 4616 4615 4617
f 4616 4617 4618
f 4618 4617 4619
f 4618 4619 4620
f 4620 4619 4621
f 4620 4621 4622
f 4622 4621 4623
f 4502 3101 4492
f 4492 3101 3103
f 4492 3103 2523
f 2523 3103 2521
f 2521 3103 3105
f 2521 3105 2519
f 2519 3105 3107
f 2519 3107 2517
f 2517 3107 3109
f 2517 3109 2515
f 2515 3109 3111
f 2515 3111 2513
f 2513 3111 3113
f 2513 3113 3199
f 3199 3113 3115
f 3199 3115 3117
f 4623 2899 4502
f 4502 2899 2901
f 4502 2901 2903
f 4621 2321 4623
f 4623 2321 2323
f 4623 2323 2325
f 4619 2365 4621
f 4621 2365 2319
f 4621 2319 2321
f 4617 2361 4619
f 4619 2361 2363
f 4619 2363 2365
f 2361 4617 2359
f 2359 4617 4615
f 2359 4615 4613
f 4613 4611 2359
f 2359 4611 2357
f 2357 4611 2355
f 2355 4611 2353
f 2353 4611 2841
f 2353 2841 2351
f 2351 2841 2843
f 2351 2843 2349
f 2349 2843 2845
f 2349 2845 2347
f 2347 2845 2799
f 2347 2799 2345
f 2345 2799 2801
f 2345 2801 3603
f 3603 2801 3511
f 3603 3511 3601
f 3601 3511 3513
f 3601 3513 3599
f 3599 3513 3515
f 3599 3515 3597
f 3597 3515 3517
f 3597 3517 3595
f 3595 3517 3471
f 3595 3471 3593
f 3593 3471 3473
f 3593 3473 3591
f 3591 3473 3475
f 3591 3475 3589
f 3589 3475 3477
f 3589 3477 3587
f 3587 3477 3479
f 3587 3479 3585
f 3585 3479 3481
f 3585 3481 3583
f 3583 3481 3483
f 3583 3483 3689
f 3689 3483 3089
f 3689 3089 3687
f 3687 3089 3091
f 3687 3091 3685
f 3685 3091 3093
f 3685 3093 3683
f 3683 3093 3095
f 3683 3095 3681
f 3681 3095 3097
f 3681 3097 3679
f 3679 3097 3099
f 3679 3099 4502
f 4502 3099 3101
f 4624 2837 4611
f 4611 2837 2839
f 4611 2839 2841
f 4625 2643 4624
f 4624 2643 2645
f 4624 2645 2647
f 4625 4626 2643
f 2643 4626 4627
f 2643 4627 2641
f 2641 4627 4628
f 2641 4628 2639
f 2639 4628 2637
f 2637 4628 4629
f 2637 4629 2635
f 2635 4629 2633
f 2633 4629 4531
f 2633 4531 2631
f 2631 4531 2629
f 2629 4531 2627
f 2627 4531 3313
f 2627 3313 2625
f 2625 3313 3315
f 2625 3315 2623
f 2623 3315 3317
f 2623 3317 2621
f 2621 3317 2619
f 2619 3317 3319
f 2619 3319 2617
f 2617 3319 3321
f 2617 3321 2615
f 2615 3321 2613
f 2613 3321 2741
f 2613 2741 2743
f 4492 3399 4531
f 4531 3399 3401
f 4531 3401 3403
f 3663 3665 2907
f 2907 3665 3667
f 2907 3667 2905
f 2905 3667 3669
f 2905 3669 4502
f 4502 3669 3671
f 4502 3671 3673
f 3673 3675 4502
f 4502 3675 3677
f 4502 3677 3679
f 3689 3691 3583
f 3583 3691 3693
f 3583 3693 3581
f 3581 3693 3009
f 3581 3009 3011
f 3693 3695 3009
f 3009 3695 3697
f 3009 3697 3007
f 3007 3697 3699
f 3007 3699 3005
f 3005 3699 3701
f 3005 3701 3703
f 3005 3703 3003
f 3003 3703 3705
f 3003 3705 3001
f 3001 3705 3707
f 3001 3707 3709
f 3663 2907 3709
f 3709 2907 2909
f 3709 2909 3001
f 3001 2909 2999
f 2999 2909 2911
f 2999 2911 2997
f 2997 2911 2913
f 2997 2913 2995
f 2995 2913 2915
f 2995 2915 2917
f 3567 3569 3017
f 3017 3569 3571
f 3017 3571 3015
f 3015 3571 3573
f 3015 3573 3575
f 3575 3577 3015
f 3015 3577 3013
f 3013 3577 3579
f 3013 3579 3011
f 3011 3579 3581
f 3605 2341 3603
f 3603 2341 2343
f 3603 2343 2345
f 3607 3023 3605
f 3605 3023 3025
f 3605 3025 2341
f 2341 3025 2339
f 2339 3025 2337
f 2337 3025 3027
f 2337 3027 2335
f 2335 3027 3029
f 2335 3029 2333
f 2333 3029 2331
f 2331 3029 3031
f 2331 3031 2329
f 2329 3031 3033
f 2329 3033 2327
f 2327 3033 4623
f 2327 4623 2325
f 3023 3607 3021
f 3021 3607 3609
f 3021 3609 3019
f 3019 3609 3611
f 3019 3611 3613
f 3613 3567 3019
f 3019 3567 3017
f 3485 3133 3483
f 3483 3133 3087
f 3483 3087 3089
f 3487 2423 3485
f 3485 2423 2425
f 3485 2425 3133
f 3133 2425 3131
f 3131 2425 3129
f 3129 2425 2427
f 3129 2427 3127
f 3127 2427 2429
f 3127 2429 3125
f 3125 2429 3123
f 3123 2429 2431
f 3123 2431 3121
f 3121 2431 2433
f 3121 2433 3119
f 3119 2433 3117
f 3117 2433 3197
f 3117 3197 3199
f 2423 3487 2421
f 2421 3487 3489
f 2421 3489 2419
f 2419 3489 3491
f 2419 3491 3493
f 3493 3495 2419
f 2419 3495 2417
f 2417 3495 3497
f 2417 3497 3499
f 2417 3499 2415
f 2415 3499 3501
f 2415 3501 3503
f 3503 3505 2415
f 2415 3505 2461
f 2461 3505 3507
f 2461 3507 2459
f 2459 3507 3509
f 2459 3509 2457
f 2457 3509 2805
f 2457 2805 2807
f 3509 3511 2805
f 2805 3511 2803
f 2803 3511 2801
f 3375 3377 3305
f 3305 3377 3379
f 3305 3379 3303
f 3303 3379 3381
f 3303 3381 3383
f 3383 3385 3303
f 3303 3385 3301
f 3301 3385 3387
f 3301 3387 3299
f 3299 3387 3389
f 3299 3389 3297
f 3297 3389 2541
f 3297 2541 2543
f 3389 3391 2541
f 2541 3391 2539
f 2539 3391 2537
f 2537 3391 2535
f 2535 3391 3393
f 2535 3393 2533
f 2533 3393 4492
f 2533 4492 2531
f 2531 4492 2529
f 2529 4492 2527
f 2527 4492 2525
f 2525 4492 2523
f 3393 3395 4492
f 4492 3395 3397
f 4492 3397 3399
f 3403 3405 4531
f 4531 3405 3407
f 4531 3407 3409
f 3409 3411 4531
f 4531 3411 3413
f 4531 3413 3311
f 3311 3413 3415
f 3311 3415 3309
f 3309 3415 3417
f 3309 3417 3307
f 3307 3417 3419
f 3307 3419 3421
f 3421 3375 3307
f 3307 3375 3305
f 3283 2727 3281
f 3281 2727 2729
f 3281 2729 2731
f 3285 2721 3283
f 3283 2721 2723
f 3283 2723 2725
f 3287 2717 3285
f 3285 2717 2719
f 3285 2719 2721
f 3287 3289 2717
f 2717 3289 2715
f 2715 3289 2557
f 2715 2557 2511
f 3291 2553 3289
f 3289 2553 2555
f 3289 2555 2557
f 2553 3291 2551
f 2551 3291 3293
f 2551 3293 2549
f 2549 3293 2547
f 2547 3293 3295
f 2547 3295 2545
f 2545 3295 3297
f 2545 3297 2543
f 3311 3313 4531
f 3321 3323 2741
f 2741 3323 2739
f 2739 3323 3325
f 2739 3325 2737
f 2737 3325 3279
f 2737 3279 2735
f 2735 3279 2733
f 2733 3279 2731
f 2731 3279 3281
f 3183 3185 2441
f 2441 3185 3187
f 2441 3187 2439
f 2439 3187 3189
f 2439 3189 3191
f 3191 3193 2439
f 2439 3193 2437
f 2437 3193 3195
f 2437 3195 2435
f 2435 3195 3197
f 2435 3197 2433
f 2513 3199 2715
f 2715 3199 3201
f 2715 3201 2713
f 2713 3201 3203
f 2713 3203 2711
f 2711 3203 3205
f 2711 3205 2709
f 2709 3205 3207
f 2709 3207 2707
f 2707 3207 3209
f 2707 3209 2705
f 2705 3209 3211
f 2705 3211 2703
f 2703 3211 3213
f 2703 3213 2749
f 2749 3213 3215
f 2749 3215 2747
f 2747 3215 3217
f 2747 3217 2745
f 2745 3217 3219
f 2745 3219 2743
f 2743 3219 2825
f 2743 2825 2609
f 2609 2825 2607
f 2607 2825 2827
f 2607 2827 2653
f 2653 2827 2829
f 2653 2829 2651
f 2651 2829 2831
f 2651 2831 2649
f 2649 2831 2833
f 2649 2833 4624
f 4624 2833 2835
f 4624 2835 2837
f 3221 2821 3219
f 3219 2821 2823
f 3219 2823 2825
f 3223 2447 3221
f 3221 2447 2449
f 3221 2449 2821
f 2821 2449 2819
f 2819 2449 2817
f 2817 2449 2451
f 2817 2451 2815
f 2815 2451 2453
f 2815 2453 2813
f 2813 2453 2811
f 2811 2453 2455
f 2811 2455 2809
f 2809 2455 2457
f 2809 2457 2807
f 2447 3223 2445
f 2445 3223 3225
f 2445 3225 2443
f 2443 3225 3227
f 2443 3227 3229
f 3229 3183 2443
f 2443 3183 2441
f 2995 2919 2993
f 2993 2919 2921
f 2993 2921 2923
f 3033 3035 4623
f 4623 3035 2933
f 4623 2933 2935
f 2933 3035 2931
f 2931 3035 3037
f 2931 3037 2929
f 2929 3037 2991
f 2929 2991 2927
f 2927 2991 2925
f 2925 2991 2923
f 2923 2991 2993
f 2895 2897 4623
f 4623 2897 2899
f 2903 2905 4502
f 2917 2919 2995
f 2935 2937 4623
f 4623 2937 2939
f 4623 2939 2941
f 2941 2895 4623
f 2725 2727 3283
f 2609 2611 2743
f 2743 2611 2613
f 2647 2649 4624
f 2511 2513 2715
f 4611 4610 4624
f 4624 4610 4630
f 4604 4588 4605
f 4605 4588 4587
f 4605 4587 4606
f 4606 4587 4586
f 4606 4586 4607
f 4607 4586 4585
f 4607 4585 4608
f 4608 4585 4584
f 4608 4584 4609
f 4609 4584 4583
f 4609 4583 4541
f 4541 4583 4540
f 4532 4531 4631
f 4631 4531 4629
f 4631 4629 4632
f 4632 4629 4628
f 4632 4628 4633
f 4633 4628 4627
f 4633 4627 4634
f 4634 4627 4626
f 4634 4626 4635
f 4635 4626 4625
f 4635 4625 4630
f 4630 4625 4624
f 4636 4158 4530
f 4530 4158 4156
f 4530 4156 4112
f 4112 4156 4114
f 4114 4156 4154
f 4114 4154 4116
f 4116 4154 4152
f 4116 4152 4118
f 4118 4152 4150
f 4118 4150 4120
f 4120 4150 4148
f 4120 4148 4122
f 4122 4148 4146
f 4122 4146 4144
f 4603 4314 4636
f 4636 4314 4312
f 4636 4312 4310
f 4533 4374 4603
f 4603 4374 4372
f 4603 4372 4280
f 4280 4372 4370
f 4280 4370 4282
f 4282 4370 4368
f 4282 4368 4284
f 4284 4368 4366
f 4284 4366 4286
f 4286 4366 4364
f 4286 4364 4240
f 4240 4364 4362
f 4240 4362 4242
f 4242 4362 4244
f 4244 4362 4360
f 4244 4360 4246
f 4246 4360 4358
f 4246 4358 4356
f 4530 3762 4533
f 4533 3762 3760
f 4533 3760 3806
f 4432 3788 4434
f 4434 3788 3786
f 4434 3786 3784
f 4478 3794 4432
f 4432 3794 3792
f 4432 3792 3790
f 4476 3798 4478
f 4478 3798 3796
f 4478 3796 3794
f 3798 4476 3800
f 3800 4476 4474
f 3800 4474 4054
f 4054 4474 4056
f 4056 4474 4058
f 4058 4474 4472
f 4058 4472 4060
f 4060 4472 4470
f 4060 4470 4062
f 4062 4470 4064
f 4064 4470 4468
f 4064 4468 4066
f 4066 4468 4466
f 4066 4466 4068
f 4068 4466 4344
f 4068 4344 4342
f 4464 4420 4466
f 4466 4420 3848
f 4466 3848 4042
f 4042 3848 4044
f 4044 3848 3846
f 4044 3846 4046
f 4046 3846 3844
f 4046 3844 3842
f 4420 4464 4422
f 4422 4464 4462
f 4422 4462 4424
f 4424 4462 4426
f 4426 4462 4460
f 4426 4460 4428
f 4428 4460 4430
f 4430 4460 4384
f 4384 4460 4458
f 4384 4458 4386
f 4386 4458 4388
f 4388 4458 4456
f 4388 4456 4390
f 4390 4456 4392
f 4392 4456 4394
f 4394 4456 4454
f 4394 4454 4396
f 4396 4454 4398
f 4398 4454 4452
f 4398 4452 4400
f 4400 4452 4450
f 4400 4450 3820
f 3820 4450 4010
f 3820 4010 4008
f 4448 4130 4450
f 4450 4130 4128
f 4450 4128 4188
f 4188 4128 4126
f 4188 4126 4190
f 4190 4126 4124
f 4190 4124 4144
f 4144 4124 4122
f 4130 4448 4132
f 4132 4448 4446
f 4132 4446 4134
f 4134 4446 4136
f 4136 4446 4444
f 4136 4444 4138
f 4138 4444 4442
f 4138 4442 4140
f 4140 4442 4142
f 4142 4442 3772
f 4142 3772 4096
f 4096 3772 4530
f 4096 4530 4098
f 4098 4530 4100
f 4100 4530 4102
f 4102 4530 4104
f 4104 4530 4106
f 4106 4530 4108
f 4108 4530 4110
f 4110 4530 4112
f 4442 4440 3772
f 3772 4440 3774
f 3774 4440 4438
f 3774 4438 3776
f 3776 4438 3778
f 3778 4438 4436
f 3778 4436 3780
f 3780 4436 3782
f 3782 4436 3784
f 3784 4436 4434
f 3848 4420 3850
f 3850 4420 4418
f 3850 4418 3852
f 3852 4418 4416
f 3852 4416 4414
f 3852 4414 3854
f 3854 4414 4412
f 3854 4412 3808
f 3808 4412 4410
f 3808 4410 3810
f 3810 4410 3812
f 3812 4410 4408
f 3812 4408 3814
f 3814 4408 4406
f 3814 4406 3816
f 3816 4406 4404
f 3816 4404 4402
f 3816 4402 3818
f 3818 4402 4400
f 3818 4400 3820
f 4340 4338 4074
f 4074 4338 4336
f 4074 4336 4076
f 4076 4336 4382
f 4076 4382 4078
f 4078 4382 4380
f 4078 4380 4080
f 4080 4380 4378
f 4080 4378 4082
f 4082 4378 4376
f 4082 4376 4084
f 4084 4376 4533
f 4084 4533 4086
f 4086 4533 4088
f 4088 4533 4090
f 4090 4533 4092
f 4092 4533 4094
f 4094 4533 4048
f 4048 4533 4050
f 4050 4533 4052
f 4052 4533 3800
f 4052 3800 4054
f 4376 4374 4533
f 4354 4034 4356
f 4356 4034 3946
f 4356 3946 4248
f 4248 3946 4250
f 4250 3946 3944
f 4250 3944 4252
f 4252 3944 3942
f 4252 3942 4254
f 4254 3942 4256
f 4256 3942 3940
f 4256 3940 4258
f 4258 3940 3938
f 4258 3938 4260
f 4260 3938 4262
f 4262 3938 4324
f 4262 4324 4264
f 4264 4324 4603
f 4264 4603 4266
f 4266 4603 4268
f 4268 4603 4270
f 4270 4603 4272
f 4272 4603 4274
f 4274 4603 4276
f 4276 4603 4278
f 4278 4603 4280
f 4034 4354 4036
f 4036 4354 4352
f 4036 4352 4038
f 4038 4352 4350
f 4038 4350 4348
f 4038 4348 4040
f 4040 4348 4346
f 4040 4346 4042
f 4042 4346 4344
f 4042 4344 4466
f 4340 4072 4342
f 4342 4072 4070
f 4342 4070 4068
f 4072 4340 4074
f 4292 4290 3930
f 3930 4290 4288
f 3930 4288 3932
f 3932 4288 4334
f 3932 4334 4332
f 4332 4330 3932
f 3932 4330 3934
f 3934 4330 4328
f 3934 4328 4326
f 3934 4326 3936
f 3936 4326 4324
f 3936 4324 3938
f 4324 4322 4603
f 4603 4322 4320
f 4603 4320 4318
f 4318 4316 4603
f 4603 4316 4314
f 4310 4308 4636
f 4636 4308 4306
f 4636 4306 4304
f 4302 3924 4304
f 4304 3924 3922
f 4304 3922 3982
f 3982 3922 3984
f 3984 3922 3986
f 3986 3922 3920
f 3986 3920 3988
f 3988 3920 3918
f 3988 3918 3990
f 3990 3918 3992
f 3992 3918 3916
f 3992 3916 3994
f 3994 3916 3914
f 3994 3914 3996
f 3996 3914 4176
f 3996 4176 4174
f 3924 4302 3926
f 3926 4302 4300
f 3926 4300 4298
f 3926 4298 3928
f 3928 4298 4296
f 3928 4296 4294
f 4294 4292 3928
f 3928 4292 3930
f 4248 4246 4356
f 4196 4194 4026
f 4026 4194 4192
f 4026 4192 4028
f 4028 4192 4238
f 4028 4238 4236
f 4236 4234 4028
f 4028 4234 4030
f 4030 4234 4232
f 4030 4232 4230
f 4030 4230 4032
f 4032 4230 4228
f 4032 4228 4034
f 4034 4228 3946
f 4226 3898 4228
f 4228 3898 3896
f 4228 3896 3946
f 3946 3896 3948
f 3948 3896 3894
f 3948 3894 3950
f 3950 3894 3892
f 3950 3892 3890
f 3898 4226 3900
f 3900 4226 4224
f 3900 4224 4222
f 3900 4222 3902
f 3902 4222 4220
f 3902 4220 3856
f 3856 4220 4218
f 3856 4218 3858
f 3858 4218 3860
f 3860 4218 4216
f 3860 4216 3862
f 3862 4216 4214
f 3862 4214 3864
f 3864 4214 4212
f 3864 4212 4210
f 3864 4210 3866
f 3866 4210 4208
f 3866 4208 3868
f 3868 4208 3914
f 3868 3914 3912
f 4206 4020 4208
f 4208 4020 4018
f 4208 4018 3914
f 3914 4018 4176
f 4020 4206 4022
f 4022 4206 4204
f 4022 4204 4202
f 4022 4202 4024
f 4024 4202 4200
f 4024 4200 4198
f 4198 4196 4024
f 4024 4196 4026
f 4450 4188 4010
f 4010 4188 4186
f 4010 4186 4012
f 4012 4186 4184
f 4012 4184 4014
f 4014 4184 4182
f 4014 4182 4180
f 4014 4180 4016
f 4016 4180 4178
f 4016 4178 4018
f 4018 4178 4176
f 3996 4174 3998
f 3998 4174 4172
f 3998 4172 3952
f 3952 4172 4170
f 3952 4170 3954
f 3954 4170 3956
f 3956 4170 4168
f 3956 4168 3958
f 3958 4168 4166
f 3958 4166 3960
f 3960 4166 4164
f 3960 4164 3962
f 3962 4164 4162
f 3962 4162 3964
f 3964 4162 4160
f 3964 4160 4636
f 4636 4160 4158
f 4000 3836 4002
f 4002 3836 3834
f 4002 3834 3832
f 4046 3842 4000
f 4000 3842 3840
f 4000 3840 3838
f 3820 4008 3822
f 3822 4008 4006
f 3822 4006 3824
f 3824 4006 3826
f 3826 4006 4004
f 3826 4004 3828
f 3828 4004 3830
f 3830 4004 3832
f 3832 4004 4002
f 3982 3980 4304
f 4304 3980 4636
f 3980 3978 4636
f 4636 3978 3976
f 4636 3976 3974
f 3974 3972 4636
f 4636 3972 3970
f 4636 3970 3968
f 3968 3966 4636
f 4636 3966 3964
f 3904 3884 3906
f 3906 3884 3882
f 3906 3882 3880
f 3950 3890 3904
f 3904 3890 3888
f 3904 3888 3886
f 3868 3912 3870
f 3870 3912 3910
f 3870 3910 3872
f 3872 3910 3874
f 3874 3910 3908
f 3874 3908 3876
f 3876 3908 3878
f 3878 3908 3880
f 3880 3908 3906
f 3886 3884 3904
f 3838 3836 4000
f 3806 3804 4533
f 4533 3804 3802
f 4533 3802 3800
f 3790 3788 4432
f 3772 3770 4530
f 4530 3770 3768
f 4530 3768 3766
f 3766 3764 4530
f 4530 3764 3762
f 4612 2360 4610
f 4610 2360 2358
f 4610 2358 2356
f 4612 4614 2360
f 2360 4614 4616
f 2360 4616 2362
f 2362 4616 4618
f 2362 4618 2364
f 2364 4618 2366
f 2366 4618 4620
f 2366 4620 2320
f 2320 4620 2322
f 2322 4620 4622
f 2322 4622 2324
f 2324 4622 2326
f 2326 4622 2328
f 2328 4622 3034
f 2328 3034 2330
f 2330 3034 3032
f 2330 3032 2332
f 2332 3032 3030
f 2332 3030 2334
f 2334 3030 2336
f 2336 3030 3028
f 2336 3028 2338
f 2338 3028 3026
f 2338 3026 2340
f 2340 3026 2342
f 2342 3026 3606
f 2342 3606 3604
f 4636 2900 4622
f 4622 2900 2898
f 4622 2898 2896
f 4530 3102 4636
f 4636 3102 3100
f 4636 3100 3680
f 3680 3100 3682
f 3682 3100 3098
f 3682 3098 3684
f 3684 3098 3096
f 3684 3096 3686
f 3686 3096 3094
f 3686 3094 3688
f 3688 3094 3092
f 3688 3092 3690
f 3690 3092 3090
f 3690 3090 3484
f 3484 3090 3088
f 3484 3088 3134
f 4532 3400 4530
f 4530 3400 3398
f 4530 3398 3396
f 4631 2634 4532
f 4532 2634 2632
f 4532 2632 2630
f 4632 2638 4631
f 4631 2638 2636
f 4631 2636 2634
f 4633 2642 4632
f 4632 2642 2640
f 4632 2640 2638
f 2642 4633 2644
f 2644 4633 4634
f 2644 4634 4635
f 4635 4630 2644
f 2644 4630 2646
f 2646 4630 2648
f 2648 4630 2650
f 2650 4630 2834
f 2650 2834 2652
f 2652 2834 2832
f 2652 2832 2654
f 2654 2832 2830
f 2654 2830 2608
f 2608 2830 2828
f 2608 2828 2610
f 2610 2828 2826
f 2610 2826 2744
f 2744 2826 3220
f 2744 3220 2746
f 2746 3220 3218
f 2746 3218 2748
f 2748 3218 3216
f 2748 3216 2750
f 2750 3216 3214
f 2750 3214 2704
f 2704 3214 3212
f 2704 3212 2706
f 2706 3212 3210
f 2706 3210 2708
f 2708 3210 3208
f 2708 3208 2710
f 2710 3208 3206
f 2710 3206 2712
f 2712 3206 3204
f 2712 3204 2714
f 2714 3204 3202
f 2714 3202 2716
f 2716 3202 3200
f 2716 3200 2514
f 2514 3200 3114
f 2514 3114 2516
f 2516 3114 3112
f 2516 3112 2518
f 2518 3112 3110
f 2518 3110 2520
f 2520 3110 3108
f 2520 3108 2522
f 2522 3108 3106
f 2522 3106 2524
f 2524 3106 3104
f 2524 3104 4530
f 4530 3104 3102
f 4610 2838 4630
f 4630 2838 2836
f 4630 2836 2834
f 3668 3666 2908
f 2908 3666 3664
f 2908 3664 3710
f 3708 3002 3710
f 3710 3002 2910
f 3710 2910 2908
f 3708 3706 3002
f 3002 3706 3004
f 3004 3706 3704
f 3004 3704 3006
f 3006 3704 3702
f 3006 3702 3700
f 3006 3700 3008
f 3008 3700 3698
f 3008 3698 3010
f 3010 3698 3696
f 3010 3696 3694
f 3692 3584 3694
f 3694 3584 3582
f 3694 3582 3010
f 3010 3582 3012
f 3012 3582 3580
f 3012 3580 3014
f 3014 3580 3578
f 3014 3578 3016
f 3016 3578 3576
f 3016 3576 3574
f 3692 3690 3584
f 3584 3690 3484
f 3584 3484 3482
f 3680 3678 4636
f 4636 3678 3676
f 4636 3676 3674
f 3674 3672 4636
f 4636 3672 3670
f 4636 3670 2906
f 2906 3670 3668
f 2906 3668 2908
f 3572 3570 3018
f 3018 3570 3568
f 3018 3568 3020
f 3020 3568 3614
f 3020 3614 3612
f 3612 3610 3020
f 3020 3610 3022
f 3022 3610 3608
f 3022 3608 3024
f 3024 3608 3606
f 3024 3606 3026
f 3602 3512 3604
f 3604 3512 2802
f 3604 2802 2346
f 2346 2802 2348
f 2348 2802 2800
f 2348 2800 2350
f 2350 2800 2846
f 2350 2846 2352
f 2352 2846 2844
f 2352 2844 2354
f 2354 2844 2842
f 2354 2842 4610
f 4610 2842 2840
f 4610 2840 2838
f 3512 3602 3514
f 3514 3602 3600
f 3514 3600 3516
f 3516 3600 3598
f 3516 3598 3518
f 3518 3598 3596
f 3518 3596 3472
f 3472 3596 3594
f 3472 3594 3474
f 3474 3594 3592
f 3474 3592 3476
f 3476 3592 3590
f 3476 3590 3478
f 3478 3590 3588
f 3478 3588 3480
f 3480 3588 3586
f 3480 3586 3482
f 3482 3586 3584
f 3574 3572 3016
f 3016 3572 3018
f 3510 2806 3512
f 3512 2806 2804
f 3512 2804 2802
f 3508 2460 3510
f 3510 2460 2458
f 3510 2458 2806
f 2806 2458 2808
f 2808 2458 2810
f 2810 2458 2456
f 2810 2456 2812
f 2812 2456 2454
f 2812 2454 2814
f 2814 2454 2816
f 2816 2454 2452
f 2816 2452 2818
f 2818 2452 2450
f 2818 2450 2820
f 2820 2450 2822
f 2822 2450 3222
f 2822 3222 3220
f 2460 3508 2462
f 2462 3508 3506
f 2462 3506 2416
f 2416 3506 3504
f 2416 3504 3502
f 3502 3500 2416
f 2416 3500 2418
f 2418 3500 3498
f 2418 3498 3496
f 2418 3496 2420
f 2420 3496 3494
f 2420 3494 3492
f 3492 3490 2420
f 2420 3490 2422
f 2422 3490 3488
f 2422 3488 2424
f 2424 3488 3486
f 2424 3486 2426
f 2426 3486 3134
f 2426 3134 3132
f 3486 3484 3134
f 3380 3378 3306
f 3306 3378 3376
f 3306 3376 3308
f 3308 3376 3422
f 3308 3422 3420
f 3420 3418 3308
f 3308 3418 3310
f 3310 3418 3416
f 3310 3416 3312
f 3312 3416 3414
f 3312 3414 4532
f 4532 3414 3412
f 4532 3412 3410
f 3410 3408 4532
f 4532 3408 3406
f 4532 3406 3404
f 3404 3402 4532
f 4532 3402 3400
f 3396 3394 4530
f 4530 3394 2534
f 4530 2534 2532
f 2534 3394 2536
f 2536 3394 3392
f 2536 3392 2538
f 2538 3392 2540
f 2540 3392 2542
f 2542 3392 3390
f 2542 3390 3298
f 3298 3390 3300
f 3300 3390 3388
f 3300 3388 3302
f 3302 3388 3386
f 3302 3386 3304
f 3304 3386 3384
f 3304 3384 3382
f 3382 3380 3304
f 3304 3380 3306
f 3280 2732 3282
f 3282 2732 2730
f 3282 2730 2728
f 3326 2738 3280
f 3280 2738 2736
f 3280 2736 2734
f 2738 3326 2740
f 2740 3326 3324
f 2740 3324 2742
f 2742 3324 3322
f 2742 3322 2614
f 2614 3322 2616
f 2616 3322 2618
f 2618 3322 3320
f 2618 3320 2620
f 2620 3320 3318
f 2620 3318 2622
f 2622 3318 2624
f 2624 3318 3316
f 2624 3316 2626
f 2626 3316 3314
f 2626 3314 2628
f 2628 3314 4532
f 2628 4532 2630
f 3314 3312 4532
f 3296 2546 3298
f 3298 2546 2544
f 3298 2544 2542
f 2546 3296 2548
f 2548 3296 3294
f 2548 3294 2550
f 2550 3294 2552
f 2552 3294 3292
f 2552 3292 2554
f 2554 3292 3290
f 2554 3290 2556
f 2556 3290 2558
f 2558 3290 2716
f 2558 2716 2512
f 2512 2716 2514
f 2716 3290 2718
f 2718 3290 3288
f 2718 3288 3286
f 3284 2722 3286
f 3286 2722 2720
f 3286 2720 2718
f 3282 2728 3284
f 3284 2728 2726
f 3284 2726 2724
f 3188 3186 2442
f 2442 3186 3184
f 2442 3184 2444
f 2444 3184 3230
f 2444 3230 3228
f 3228 3226 2444
f 2444 3226 2446
f 2446 3226 3224
f 2446 3224 2448
f 2448 3224 3222
f 2448 3222 2450
f 3198 3118 3200
f 3200 3118 3116
f 3200 3116 3114
f 3196 2436 3198
f 3198 2436 2434
f 3198 2434 3118
f 3118 2434 3120
f 3120 2434 3122
f 3122 2434 2432
f 3122 2432 3124
f 3124 2432 2430
f 3124 2430 3126
f 3126 2430 3128
f 3128 2430 2428
f 3128 2428 3130
f 3130 2428 2426
f 3130 2426 3132
f 2436 3196 2438
f 2438 3196 3194
f 2438 3194 2440
f 2440 3194 3192
f 2440 3192 3190
f 3190 3188 2440
f 2440 3188 2442
f 2992 2924 2994
f 2994 2924 2922
f 2994 2922 2920
f 3038 2930 2992
f 2992 2930 2928
f 2992 2928 2926
f 2930 3038 2932
f 2932 3038 3036
f 2932 3036 2934
f 2934 3036 4622
f 2934 4622 2936
f 2936 4622 2938
f 2938 4622 2940
f 2940 4622 2942
f 2942 4622 2896
f 3036 3034 4622
f 3002 3000 2910
f 2910 3000 2912
f 2912 3000 2998
f 2912 2998 2914
f 2914 2998 2996
f 2914 2996 2916
f 2916 2996 2918
f 2918 2996 2920
f 2920 2996 2994
f 2926 2924 2992
f 2906 2904 4636
f 4636 2904 2902
f 4636 2902 2900
f 2826 2824 3220
f 3220 2824 2822
f 2742 2614 2744
f 2744 2614 2612
f 2744 2612 2610
f 2734 2732 3280
f 2724 2722 3284
f 2532 2530 4530
f 4530 2530 2528
f 4530 2528 2526
f 2526 2524 4530
f 2356 2354 4610
f 2346 2344 3604
f 3604 2344 2342
f 4623 4502 4636
f 4636 4502 4501
f 4636 4501 4499
f 4499 4497 4636
f 4636 4497 4495
f 4636 4495 4479
f 4479 4481 4636
f 4636 4481 4528
f 4636 4528 4603
f 4603 4528 4562
f 4603 4562 4560
f 4560 4558 4603
f 4603 4558 4556
f 4603 4556 4542
f 4542 4544 4603
f 4603 4544 4595
f 4603 4595 4596
f 4636 4622 4623
g 2

v -1.054017 6.001514 4.500000
v -1.054017 6.001514 4.750000
v -1.050609 6.027395 4.500000
v -1.050609 6.027395 4.750000
v -1.040619 6.051514 4.500000
v -1.040619 6.051514 4.750000
v -1.024727 6.072224 4.500000
v -1.024727 6.072224 4.750000
v -1.004017 6.088116 4.500000
v -1.004017 6.088116 4.750000
v -0.979898 6.098106 4.500000
v -0.979898 6.098106 4.750000
v -0.954017 6.101514 4.500000
v -0.954017 6.101514 4.750000
v -0.741517 6.101514 4.500000
v -0.741517 6.101514 4.750000
v -0.741517 5.966873 4.750000
v -1.054017 5.401514 4.750000
v -0.820160 5.742657 4.750000
v -0.828820 5.792659 4.750000
v -0.824617 5.843232 4.750000
v 0.745983 5.401514 4.750000
v -0.578680 5.607952 4.750000
v -0.629017 5.601513 4.750000
v -0.679353 5.607952 4.750000
v 0.745983 6.001514 4.750000
v 0.512144 5.742657 4.750000
v 0.491178 5.696444 4.750000
v 0.459256 5.656996 4.750000
v 0.742576 6.027395 4.750000
v 0.433500 5.966873 4.750000
v 0.471497 5.933236 4.750000
v 0.499805 5.891118 4.750000
v 0.732586 6.051514 4.750000
v 0.645983 6.101514 4.750000
v 0.433500 6.101514 4.750000
v 0.716694 6.072224 4.750000
v 0.695983 6.088116 4.750000
v 0.671865 6.098106 4.750000
v 0.516601 5.843232 4.750000
v 0.520804 5.792659 4.750000
v 0.418433 5.626851 4.750000
v 0.371337 5.607952 4.750000
v 0.321000 5.601513 4.750000
v 0.270664 5.607952 4.750000
v -0.531584 5.626851 4.750000
v 0.223568 5.626851 4.750000
v -0.490761 5.656996 4.750000
v 0.182745 5.656996 4.750000
v -0.458839 5.696444 4.750000
v 0.150823 5.696444 4.750000
v -0.437873 5.742657 4.750000
v 0.129856 5.742657 4.750000
v -0.429213 5.792659 4.750000
v 0.121196 5.792659 4.750000
v -0.433416 5.843232 4.750000
v 0.125400 5.843232 4.750000
v -0.450212 5.891118 4.750000
v 0.142196 5.891118 4.750000
v -0.478520 5.933236 4.750000
v 0.170504 5.933236 4.750000
v -0.516517 5.966873 4.750000
v 0.208500 5.966873 4.750000
v -0.516517 6.101514 4.750000
v 0.208500 6.101514 4.750000
v -0.726449 5.626851 4.750000
v -0.767272 5.656996 4.750000
v -0.799194 5.696444 4.750000
v -0.807821 5.891118 4.750000
v -0.779513 5.933236 4.750000
v 0.745983 6.001514 4.500000
v 0.742576 6.027395 4.500000
v 0.732586 6.051514 4.500000
v 0.716694 6.072224 4.500000
v 0.695983 6.088116 4.500000
v 0.671865 6.098106 4.500000
v 0.645983 6.101514 4.500000
v 0.745983 5.401514 4.500000
v -0.741517 5.966873 4.500000
v -0.516517 5.966873 4.500000
v -0.478520 5.933236 4.500000
v -0.450212 5.891118 4.500000
v -0.433416 5.843232 4.500000
v -0.429213 5.792659 4.500000
v -0.437873 5.742657 4.500000
v -0.458839 5.696444 4.500000
v -0.490761 5.656996 4.500000
v -0.531584 5.626851 4.500000
v -0.578680 5.607952 4.500000
v -0.629017 5.601513 4.500000
v -0.679353 5.607952 4.500000
v -0.726449 5.626851 4.500000
v -0.767272 5.656996 4.500000
v -0.799194 5.696444 4.500000
v -0.820160 5.742657 4.500000
v -0.828820 5.792659 4.500000
v -0.824617 5.843232 4.500000
v -0.807821 5.891118 4.500000
v -0.779513 5.933236 4.500000
v -0.516517 6.101514 4.500000
v 0.208500 6.101514 4.500000
v 0.208500 5.966873 4.500000
v 0.433500 6.101514 4.500000
v 0.433500 5.966873 4.500000
v 0.471497 5.933236 4.500000
v 0.499805 5.891118 4.500000
v 0.516601 5.843232 4.500000
v 0.520804 5.792659 4.500000
v 0.512144 5.742657 4.500000
v 0.491178 5.696444 4.500000
v 0.459256 5.656996 4.500000
v 0.418433 5.626851 4.500000
v 0.371337 5.607952 4.500000
v 0.321000 5.601513 4.500000
v 0.270664 5.607952 4.500000
v 0.223568 5.626851 4.500000
v 0.182745 5.656996 4.500000
v 0.150823 5.696444 4.500000
v 0.129856 5.742657 4.500000
v 0.121196 5.792659 4.500000
v 0.125400 5.843232 4.500000
v 0.142196 5.891118 4.500000
v 0.170504 5.933236 4.500000
v -1.054017 5.401514 4.500000
v 0.745983 5.401514 5.200000
v -1.054017 5.401514 5.200000
v -1.054017 5.401514 1.800000
v 0.745983 5.401514 1.800000
v -0.352448 3.526514 5.550000
v -0.352448 3.526514 5.500000
v -0.352180 3.474474 5.550000
v -0.352180 3.474474 5.500000
v -0.338496 3.424265 5.550000
v -0.338496 3.424265 5.500000
v -0.312321 3.379286 5.550000
v -0.312321 3.379286 5.500000
v -0.275429 3.342582 5.550000
v -0.275429 3.342582 5.500000
v -0.230316 3.316639 5.550000
v -0.230316 3.316639 5.500000
v -0.180037 3.303213 5.550000
v -0.180037 3.303213 5.500000
v -0.127996 3.303213 5.550000
v -0.127996 3.303213 5.500000
v -0.077718 3.316639 5.550000
v -0.077718 3.316639 5.500000
v -0.032605 3.342582 5.550000
v -0.032605 3.342582 5.500000
v 0.004288 3.379286 5.550000
v 0.004288 3.379286 5.500000
v 0.030463 3.424265 5.550000
v 0.030463 3.424265 5.500000
v 0.044147 3.474474 5.550000
v 0.044147 3.474474 5.500000
v 0.044415 3.526514 5.550000
v 0.044415 3.526514 5.500000
v 0.745983 3.526514 5.500000
v 0.745983 3.526514 5.550000
v 0.170983 2.964430 5.500000
v 0.014216 3.029365 5.500000
v -0.154017 3.051514 5.500000
v -0.322249 3.029365 5.500000
v -0.479017 2.964430 5.500000
v -1.054017 3.526514 5.500000
v -0.613636 2.861133 5.500000
v -1.054017 2.837403 5.500000
v -0.716933 2.726514 5.500000
v -0.781868 2.569746 5.500000
v -1.128502 2.625965 5.500000
v -0.804017 2.401514 5.500000
v -1.154015 2.403246 5.500000
v -1.129274 2.180441 5.500000
v -0.781868 2.233281 5.500000
v -1.055522 1.968745 5.500000
v -0.716933 2.076514 5.500000
v -0.936465 1.778798 5.500000
v -0.613636 1.941894 5.500000
v -0.778087 1.620145 5.500000
v -0.479017 1.838597 5.500000
v -0.588346 1.500760 5.500000
v -0.322249 1.773662 5.500000
v -0.376779 1.426641 5.500000
v -0.154017 1.751514 5.500000
v -0.154017 1.401513 5.500000
v 0.068746 1.426641 5.500000
v 0.014216 1.773662 5.500000
v 0.280313 1.500760 5.500000
v 0.170983 1.838597 5.500000
v 0.470054 1.620145 5.500000
v 0.305603 1.941894 5.500000
v 0.628432 1.778798 5.500000
v 0.408900 2.076514 5.500000
v 0.747489 1.968745 5.500000
v 0.473835 2.233281 5.500000
v 0.821241 2.180441 5.500000
v 0.495983 2.401514 5.500000
v 0.845982 2.403246 5.500000
v 0.820469 2.625965 5.500000
v 0.473835 2.569746 5.500000
v 0.745983 2.837403 5.500000
v 0.408900 2.726514 5.500000
v 0.305603 2.861133 5.500000
v 0.614806 2.546402 6.050000
v 0.614806 2.546402 6.300000
v 0.575983 2.551514 6.050000
v 0.575983 2.551514 6.300000
v 0.537161 2.546402 6.050000
v 0.537161 2.546402 6.300000
v 0.500983 2.531417 6.050000
v 0.500983 2.531417 6.300000
v 0.469917 2.507580 6.050000
v 0.469917 2.507580 6.300000
v 0.446080 2.476514 6.050000
v 0.446080 2.476514 6.300000
v 0.431095 2.440336 6.050000
v 0.431095 2.440336 6.300000
v 0.425983 2.401514 6.050000
v 0.425983 2.401514 6.300000
v 0.431095 2.362691 6.050000
v 0.431095 2.362691 6.300000
v 0.446080 2.326514 6.050000
v 0.446080 2.326514 6.300000
v 0.469917 2.295447 6.050000
v 0.469917 2.295447 6.300000
v 0.500983 2.271610 6.050000
v 0.500983 2.271610 6.300000
v 0.537161 2.256625 6.050000
v 0.537161 2.256625 6.300000
v 0.575983 2.251514 6.050000
v 0.575983 2.251514 6.300000
v 0.614806 2.256625 6.050000
v 0.614806 2.256625 6.300000
v 0.650983 2.271610 6.050000
v 0.650983 2.271610 6.300000
v 0.682049 2.295447 6.050000
v 0.682049 2.295447 6.300000
v 0.705887 2.326514 6.050000
v 0.705887 2.326514 6.300000
v 0.720872 2.362691 6.050000
v 0.720872 2.362691 6.300000
v 0.725983 2.401514 6.050000
v 0.725983 2.401514 6.300000
v 0.720872 2.440336 6.050000
v 0.720872 2.440336 6.300000
v 0.705887 2.476514 6.050000
v 0.705887 2.476514 6.300000
v 0.682049 2.507580 6.050000
v 0.682049 2.507580 6.300000
v 0.650983 2.531417 6.050000
v 0.650983 2.531417 6.300000
v -0.115194 2.546402 5.700000
v -0.115194 2.546402 6.300000
v -0.154017 2.551514 5.700000
v -0.154017 2.551514 6.300000
v -0.192839 2.546402 5.700000
v -0.192839 2.546402 6.300000
v -0.229017 2.531417 5.700000
v -0.229017 2.531417 6.300000
v -0.260083 2.507580 5.700000
v -0.260083 2.507580 6.300000
v -0.283920 2.476514 5.700000
v -0.283920 2.476514 6.300000
v -0.298905 2.440336 5.700000
v -0.298905 2.440336 6.300000
v -0.304017 2.401514 5.700000
v -0.304017 2.401514 6.300000
v -0.298905 2.362691 5.700000
v -0.298905 2.362691 6.300000
v -0.283920 2.326514 5.700000
v -0.283920 2.326514 6.300000
v -0.260083 2.295447 5.700000
v -0.260083 2.295447 6.300000
v -0.229017 2.271610 5.700000
v -0.229017 2.271610 6.300000
v -0.192839 2.256625 5.700000
v -0.192839 2.256625 6.300000
v -0.154017 2.251514 5.700000
v -0.154017 2.251514 6.300000
v -0.115194 2.256625 5.700000
v -0.115194 2.256625 6.300000
v -0.079017 2.271610 5.700000
v -0.079017 2.271610 6.300000
v -0.047951 2.295447 5.700000
v -0.047951 2.295447 6.300000
v -0.024113 2.326514 5.700000
v -0.024113 2.326514 6.300000
v -0.009128 2.362691 5.700000
v -0.009128 2.362691 6.300000
v -0.004017 2.401514 5.700000
v -0.004017 2.401514 6.300000
v -0.009128 2.440336 5.700000
v -0.009128 2.440336 6.300000
v -0.024113 2.476514 5.700000
v -0.024113 2.476514 6.300000
v -0.047951 2.507580 5.700000
v -0.047951 2.507580 6.300000
v -0.079017 2.531417 5.700000
v -0.079017 2.531417 6.300000
v -0.115194 1.816402 6.050000
v -0.115194 1.816402 6.300000
v -0.154017 1.821514 6.050000
v -0.154017 1.821514 6.300000
v -0.192839 1.816402 6.050000
v -0.192839 1.816402 6.300000
v -0.229017 1.801417 6.050000
v -0.229017 1.801417 6.300000
v -0.260083 1.777580 6.050000
v -0.260083 1.777580 6.300000
v -0.283920 1.746514 6.050000
v -0.283920 1.746514 6.300000
v -0.298905 1.710336 6.050000
v -0.298905 1.710336 6.300000
v -0.304017 1.671514 6.050000
v -0.304017 1.671514 6.300000
v -0.298905 1.632691 6.050000
v -0.298905 1.632691 6.300000
v -0.283920 1.596514 6.050000
v -0.283920 1.596514 6.300000
v -0.260083 1.565447 6.050000
v -0.260083 1.565447 6.300000
v -0.229017 1.541610 6.050000
v -0.229017 1.541610 6.300000
v -0.192839 1.526625 6.050000
v -0.192839 1.526625 6.300000
v -0.154017 1.521514 6.050000
v -0.154017 1.521514 6.300000
v -0.115194 1.526625 6.050000
v -0.115194 1.526625 6.300000
v -0.079017 1.541610 6.050000
v -0.079017 1.541610 6.300000
v -0.047951 1.565447 6.050000
v -0.047951 1.565447 6.300000
v -0.024113 1.596514 6.050000
v -0.024113 1.596514 6.300000
v -0.009128 1.632691 6.050000
v -0.009128 1.632691 6.300000
v -0.004017 1.671514 6.050000
v -0.004017 1.671514 6.300000
v -0.009128 1.710336 6.050000
v -0.009128 1.710336 6.300000
v -0.024113 1.746514 6.050000
v -0.024113 1.746514 6.300000
v -0.047951 1.777580 6.050000
v -0.047951 1.777580 6.300000
v -0.079017 1.801417 6.050000
v -0.079017 1.801417 6.300000
v -0.115194 3.276402 6.050000
v -0.115194 3.276402 6.300000
v -0.154017 3.281514 6.050000
v -0.154017 3.281514 6.300000
v -0.192839 3.276402 6.050000
v -0.192839 3.276402 6.300000
v -0.229017 3.261417 6.050000
v -0.229017 3.261417 6.300000
v -0.260083 3.237580 6.050000
v -0.260083 3.237580 6.300000
v -0.283920 3.206514 6.050000
v -0.283920 3.206514 6.300000
v -0.298905 3.170336 6.050000
v -0.298905 3.170336 6.300000
v -0.304017 3.131514 6.050000
v -0.304017 3.131514 6.300000
v -0.298905 3.092691 6.050000
v -0.298905 3.092691 6.300000
v -0.283920 3.056514 6.050000
v -0.283920 3.056514 6.300000
v -0.260083 3.025447 6.050000
v -0.260083 3.025447 6.300000
v -0.229017 3.001610 6.050000
v -0.229017 3.001610 6.300000
v -0.192839 2.986625 6.050000
v -0.192839 2.986625 6.300000
v -0.154017 2.981514 6.050000
v -0.154017 2.981514 6.300000
v -0.115194 2.986625 6.050000
v -0.115194 2.986625 6.300000
v -0.079017 3.001610 6.050000
v -0.079017 3.001610 6.300000
v -0.047951 3.025447 6.050000
v -0.047951 3.025447 6.300000
v -0.024113 3.056514 6.050000
v -0.024113 3.056514 6.300000
v -0.009128 3.092691 6.050000
v -0.009128 3.092691 6.300000
v -0.004017 3.131514 6.050000
v -0.004017 3.131514 6.300000
v -0.009128 3.170336 6.050000
v -0.009128 3.170336 6.300000
v -0.024113 3.206514 6.050000
v -0.024113 3.206514 6.300000
v -0.047951 3.237580 6.050000
v -0.047951 3.237580 6.300000
v -0.079017 3.261417 6.050000
v -0.079017 3.261417 6.300000
v -0.845194 2.546402 6.050000
v -0.845194 2.546402 6.300000
v -0.884017 2.551514 6.050000
v -0.884017 2.551514 6.300000
v -0.922839 2.546402 6.050000
v -0.922839 2.546402 6.300000
v -0.959017 2.531417 6.050000
v -0.959017 2.531417 6.300000
v -0.990083 2.507580 6.050000
v -0.990083 2.507580 6.300000
v -1.013920 2.476514 6.050000
v -1.013920 2.476514 6.300000
v -1.028905 2.440336 6.050000
v -1.028905 2.440336 6.300000
v -1.034017 2.401514 6.050000
v -1.034017 2.401514 6.300000
v -1.028905 2.362691 6.050000
v -1.028905 2.362691 6.300000
v -1.013920 2.326514 6.050000
v -1.013920 2.326514 6.300000
v -0.990083 2.295447 6.050000
v -0.990083 2.295447 6.300000
v -0.959017 2.271610 6.050000
v -0.959017 2.271610 6.300000
v -0.922839 2.256625 6.050000
v -0.922839 2.256625 6.300000
v -0.884017 2.251514 6.050000
v -0.884017 2.251514 6.300000
v -0.845194 2.256625 6.050000
v -0.845194 2.256625 6.300000
v -0.809017 2.271610 6.050000
v -0.809017 2.271610 6.300000
v -0.777951 2.295447 6.050000
v -0.777951 2.295447 6.300000
v -0.754113 2.326514 6.050000
v -0.754113 2.326514 6.300000
v -0.739128 2.362691 6.050000
v -0.739128 2.362691 6.300000
v -0.734017 2.401514 6.050000
v -0.734017 2.401514 6.300000
v -0.739128 2.440336 6.050000
v -0.739128 2.440336 6.300000
v -0.754113 2.476514 6.050000
v -0.754113 2.476514 6.300000
v -0.777951 2.507580 6.050000
v -0.777951 2.507580 6.300000
v -0.809017 2.531417 6.050000
v -0.809017 2.531417 6.300000
v -0.270485 2.836180 6.050000
v -0.154017 2.851514 6.050000
v -0.379017 2.791225 6.050000
v -0.472215 2.719712 6.050000
v -0.796804 3.167558 6.050000
v -0.602816 3.295146 6.050000
v -0.384632 3.374558 6.050000
v -0.154017 3.401514 6.050000
v 0.076599 3.374558 6.050000
v 0.294783 3.295146 6.050000
v 0.070983 2.791225 6.050000
v -0.037548 2.836180 6.050000
v -0.956140 2.998672 6.050000
v -0.543728 2.626514 6.050000
v -0.588683 2.517982 6.050000
v -0.604017 2.401514 6.050000
v -0.588683 2.285045 6.050000
v -0.543728 2.176514 6.050000
v -1.020042 1.901514 6.050000
v -1.112006 2.114710 6.050000
v -1.152325 2.343369 6.050000
v -1.138824 2.575162 6.050000
v -1.072233 2.797593 6.050000
v -0.881390 1.715272 6.050000
v -0.472215 2.083315 6.050000
v -0.703526 1.566026 6.050000
v -0.379017 2.011802 6.050000
v -0.270485 1.966847 6.050000
v -0.154017 1.951514 6.050000
v -0.037548 1.966847 6.050000
v 0.070983 2.011802 6.050000
v 0.395492 1.566026 6.050000
v 0.188004 1.461821 6.050000
v -0.037924 1.408275 6.050000
v -0.270109 1.408275 6.050000
v -0.496037 1.461821 6.050000
v 0.164181 2.083315 6.050000
v 0.573357 1.715272 6.050000
v 0.235695 2.176514 6.050000
v 0.712009 1.901514 6.050000
v 0.280650 2.285045 6.050000
v 0.295983 2.401514 6.050000
v 0.280650 2.517982 6.050000
v 0.235695 2.626514 6.050000
v 0.164181 2.719712 6.050000
v 0.648107 2.998672 6.050000
v 0.488771 3.167558 6.050000
v 0.764200 2.797593 6.050000
v 0.830791 2.575162 6.050000
v 0.844292 2.343369 6.050000
v 0.803973 2.114710 6.050000
v 0.076599 3.374558 6.300000
v -0.154017 3.401514 6.300000
v -0.384632 3.374558 6.300000
v -0.602816 3.295146 6.300000
v -0.796804 3.167558 6.300000
v -0.956140 2.998672 6.300000
v -1.072233 2.797593 6.300000
v -1.138824 2.575162 6.300000
v -1.152325 2.343369 6.300000
v -1.112006 2.114710 6.300000
v -1.020042 1.901514 6.300000
v -0.881390 1.715272 6.300000
v -0.703526 1.566026 6.300000
v -0.496037 1.461821 6.300000
v -0.270109 1.408275 6.300000
v -0.037924 1.408275 6.300000
v 0.188004 1.461821 6.300000
v 0.395492 1.566026 6.300000
v 0.573357 1.715272 6.300000
v 0.712009 1.901514 6.300000
v 0.803973 2.114710 6.300000
v 0.844292 2.343369 6.300000
v 0.830791 2.575162 6.300000
v 0.764200 2.797593 6.300000
v 0.648107 2.998672 6.300000
v 0.488771 3.167558 6.300000
v 0.294783 3.295146 6.300000
v -0.037548 2.836180 5.900000
v -0.076371 2.691291 5.900000
v -0.154017 2.851514 5.900000
v -0.154017 2.701514 5.900000
v -0.270485 2.836180 5.900000
v -0.231662 2.691291 5.900000
v -0.304017 2.661321 5.900000
v -0.004017 2.661321 5.900000
v 0.070983 2.791225 5.900000
v 0.058115 2.613646 5.900000
v 0.164181 2.719712 5.900000
v 0.105791 2.551514 5.900000
v 0.235695 2.626514 5.900000
v 0.135761 2.479159 5.900000
v 0.280650 2.517982 5.900000
v 0.145983 2.401514 5.900000
v 0.295983 2.401514 5.900000
v 0.280650 2.285045 5.900000
v 0.135761 2.323868 5.900000
v 0.235695 2.176514 5.900000
v 0.105791 2.251514 5.900000
v 0.164181 2.083315 5.900000
v 0.058115 2.189381 5.900000
v 0.070983 2.011802 5.900000
v -0.004017 2.141706 5.900000
v -0.037548 1.966847 5.900000
v -0.076371 2.111736 5.900000
v -0.154017 1.951514 5.900000
v -0.154017 2.101514 5.900000
v -0.231662 2.111736 5.900000
v -0.270485 1.966847 5.900000
v -0.304017 2.141706 5.900000
v -0.379017 2.011802 5.900000
v -0.366149 2.189381 5.900000
v -0.472215 2.083315 5.900000
v -0.413824 2.251514 5.900000
v -0.543728 2.176514 5.900000
v -0.443794 2.323868 5.900000
v -0.588683 2.285045 5.900000
v -0.454017 2.401514 5.900000
v -0.604017 2.401514 5.900000
v -0.588683 2.517982 5.900000
v -0.443794 2.479159 5.900000
v -0.543728 2.626514 5.900000
v -0.413824 2.551514 5.900000
v -0.472215 2.719712 5.900000
v -0.366149 2.613646 5.900000
v -0.379017 2.791225 5.900000
v -0.076371 2.691291 5.700000
v -0.154017 2.701514 5.700000
v -0.231662 2.691291 5.700000
v -0.304017 2.661321 5.700000
v -0.366149 2.613646 5.700000
v -0.413824 2.551514 5.700000
v -0.443794 2.479159 5.700000
v -0.454017 2.401514 5.700000
v -0.443794 2.323868 5.700000
v -0.413824 2.251514 5.700000
v -0.366149 2.189381 5.700000
v -0.304017 2.141706 5.700000
v -0.231662 2.111736 5.700000
v -0.154017 2.101514 5.700000
v -0.076371 2.111736 5.700000
v -0.004017 2.141706 5.700000
v 0.058115 2.189381 5.700000
v 0.105791 2.251514 5.700000
v 0.135761 2.323868 5.700000
v 0.145983 2.401514 5.700000
v 0.135761 2.479159 5.700000
v 0.105791 2.551514 5.700000
v 0.058115 2.613646 5.700000
v -0.004017 2.661321 5.700000
v -1.054017 3.526514 5.550000
v -1.054017 4.801514 5.550000
v 0.745983 4.801514 5.550000
v -1.054017 4.801514 5.500000
v -0.018137 2.908625 5.700000
v -0.018137 2.908625 5.650000
v -0.154017 2.926514 5.700000
v -0.154017 2.926514 5.650000
v -0.289897 2.908625 5.700000
v -0.289897 2.908625 5.650000
v -0.416517 2.856177 5.700000
v -0.416517 2.856177 5.650000
v -0.525248 2.772745 5.700000
v -0.525248 2.772745 5.650000
v -0.608680 2.664014 5.700000
v -0.608680 2.664014 5.650000
v -0.661128 2.537394 5.700000
v -0.661128 2.537394 5.650000
v -0.679017 2.401514 5.700000
v -0.679017 2.401514 5.650000
v -0.661128 2.265634 5.700000
v -0.661128 2.265634 5.650000
v -0.608680 2.139014 5.700000
v -0.608680 2.139014 5.650000
v -0.525248 2.030282 5.700000
v -0.525248 2.030282 5.650000
v -0.416517 1.946850 5.700000
v -0.416517 1.946850 5.650000
v -0.289897 1.894402 5.700000
v -0.289897 1.894402 5.650000
v -0.154017 1.876514 5.700000
v -0.154017 1.876514 5.650000
v -0.018137 1.894402 5.700000
v -0.018137 1.894402 5.650000
v 0.108483 1.946850 5.700000
v 0.108483 1.946850 5.650000
v 0.217214 2.030282 5.700000
v 0.217214 2.030282 5.650000
v 0.300647 2.139014 5.700000
v 0.300647 2.139014 5.650000
v 0.353094 2.265634 5.700000
v 0.353094 2.265634 5.650000
v 0.370983 2.401514 5.700000
v 0.370983 2.401514 5.650000
v 0.353094 2.537394 5.700000
v 0.353094 2.537394 5.650000
v 0.300647 2.664014 5.700000
v 0.300647 2.664014 5.650000
v 0.217214 2.772745 5.700000
v 0.217214 2.772745 5.650000
v 0.108483 2.856177 5.700000
v 0.108483 2.856177 5.650000
v 0.014216 3.029365 5.650000
v -0.154017 3.051514 5.650000
v -0.322249 3.029365 5.650000
v -0.479017 2.964430 5.650000
v -0.613636 2.861133 5.650000
v -0.716933 2.726514 5.650000
v -0.781868 2.569746 5.650000
v -0.804017 2.401514 5.650000
v -0.781868 2.233281 5.650000
v -0.716933 2.076514 5.650000
v -0.613636 1.941894 5.650000
v -0.479017 1.838597 5.650000
v -0.322249 1.773662 5.650000
v -0.154017 1.751514 5.650000
v 0.014216 1.773662 5.650000
v 0.170983 1.838597 5.650000
v 0.305603 1.941894 5.650000
v 0.408900 2.076514 5.650000
v 0.473835 2.233281 5.650000
v 0.495983 2.401514 5.650000
v 0.473835 2.569746 5.650000
v 0.408900 2.726514 5.650000
v 0.305603 2.861133 5.650000
v 0.170983 2.964430 5.650000
v 0.745983 4.801514 5.500000
v 0.293197 4.801514 5.500000
v 0.185147 4.896456 5.500000
v -0.601230 4.801514 5.500000
v -0.493180 4.896456 5.500000
v -0.365638 4.962955 5.500000
v 0.057605 4.962955 5.500000
v -0.225935 4.997188 5.500000
v -0.082098 4.997188 5.500000
v 0.745983 2.837403 5.300000
v 0.745983 4.801514 5.300000
v 0.293197 4.801514 5.300000
v -0.601230 4.801514 5.300000
v -1.054017 4.801514 5.300000
v 0.185147 4.896456 5.300000
v 0.057605 4.962955 5.300000
v -0.082098 4.997188 5.300000
v -0.225935 4.997188 5.300000
v -0.365638 4.962955 5.300000
v -0.493180 4.896456 5.300000
v -1.054017 2.837403 5.300000
v 0.821181 2.622848 5.265919
v 0.845983 2.401514 5.200000
v 0.821181 2.180179 5.265919
v 0.789218 2.069606 5.290233
v 0.745983 1.965624 5.300000
v 0.627352 1.777443 5.300000
v 0.470054 1.620145 5.300000
v 0.281873 1.501514 5.300000
v 0.177891 1.458279 5.290233
v 0.067318 1.426315 5.265919
v -0.154017 1.401514 5.200000
v -0.375351 1.426315 5.265919
v -0.485924 1.458279 5.290233
v -0.589907 1.501514 5.300000
v -0.778087 1.620145 5.300000
v -0.935385 1.777443 5.300000
v -1.054017 1.965624 5.300000
v -1.097251 2.069606 5.290233
v -1.129215 2.180179 5.265919
v -1.154017 2.401514 5.200000
v -1.129215 2.622848 5.265919
v -1.097251 2.733421 5.290233
v 0.789218 2.733421 5.290233
v 0.845983 1.501514 5.200000
v 0.842576 1.951514 5.225882
v 0.832586 1.951514 5.250000
v 0.816694 1.951514 5.270711
v 0.816694 1.501514 5.270711
v 0.795983 1.501514 5.286603
v 0.795983 1.951514 5.286603
v 0.771865 1.501514 5.296593
v 0.771865 1.951514 5.296593
v 0.745983 1.501514 5.300000
v 0.832586 1.501514 5.250000
v 0.842576 1.501514 5.225882
v 0.771865 2.884847 5.296593
v 0.771865 3.368180 5.296593
v 0.771865 3.851514 5.296593
v 0.795983 3.851514 5.286603
v 0.795983 4.334847 5.286603
v 0.816694 4.334847 5.270711
v 0.816694 4.818180 5.270711
v 0.832586 4.818180 5.250000
v 0.832586 5.301514 5.250000
v 0.842576 5.301514 5.225882
v 0.842576 4.818180 5.225882
v 0.845983 5.301514 5.200000
v 0.842576 4.334847 5.225882
v 0.842576 3.851514 5.225882
v 0.832586 3.851514 5.250000
v 0.832586 3.368180 5.250000
v 0.816694 3.368180 5.270711
v 0.816694 2.884847 5.270711
v 0.795983 2.884847 5.286603
v 0.832586 2.884847 5.250000
v 0.842576 2.884847 5.225882
v 0.842576 3.368180 5.225882
v 0.816694 5.301514 5.270711
v 0.795983 4.818180 5.286603
v 0.771865 4.334847 5.296593
v 0.795983 5.301514 5.286603
v 0.771865 4.818180 5.296593
v 0.771865 5.301514 5.296593
v 0.745983 5.301514 5.300000
v 0.795983 3.368180 5.286603
v 0.816694 3.851514 5.270711
v 0.832586 4.334847 5.250000
v -1.054017 1.401514 5.200000
v -0.604017 1.404921 5.225882
v -0.604017 1.414911 5.250000
v -0.604017 1.430803 5.270711
v -1.054017 1.430803 5.270711
v -1.054017 1.451514 5.286603
v -0.604017 1.451514 5.286603
v -1.054017 1.475632 5.296593
v -0.604017 1.475632 5.296593
v -1.054017 1.501514 5.300000
v -1.054017 1.414911 5.250000
v -1.054017 1.404921 5.225882
v 0.295983 1.475632 5.296593
v 0.295983 1.451514 5.286603
v 0.295983 1.430803 5.270711
v 0.295983 1.414911 5.250000
v 0.745983 1.414911 5.250000
v 0.745983 1.404921 5.225882
v 0.295983 1.404921 5.225882
v 0.745983 1.401514 5.200000
v 0.745983 1.430803 5.270711
v 0.745983 1.451514 5.286603
v 0.745983 1.475632 5.296593
v -1.079898 1.951514 5.296593
v -1.104017 1.951514 5.286603
v -1.124727 1.951514 5.270711
v -1.140619 1.951514 5.250000
v -1.140619 1.501514 5.250000
v -1.150609 1.501514 5.225882
v -1.150609 1.951514 5.225882
v -1.154017 1.501514 5.200000
v -1.124727 1.501514 5.270711
v -1.104017 1.501514 5.286603
v -1.079898 1.501514 5.296593
v 0.745983 5.327395 5.296593
v 0.295983 5.327395 5.296593
v -0.154017 5.327395 5.296593
v -1.054017 5.301514 5.300000
v -0.604017 5.327395 5.296593
v -1.054017 5.327395 5.296593
v -1.054017 5.351514 5.286603
v -0.604017 5.351514 5.286603
v -1.054017 5.372224 5.270711
v -0.604017 5.372224 5.270711
v -1.054017 5.388116 5.250000
v -0.604017 5.388116 5.250000
v -1.054017 5.398106 5.225882
v -0.604017 5.398106 5.225882
v -0.154017 5.398106 5.225882
v 0.295983 5.398106 5.225882
v 0.745983 5.398106 5.225882
v 0.745983 5.388116 5.250000
v 0.295983 5.388116 5.250000
v 0.745983 5.372224 5.270711
v 0.295983 5.372224 5.270711
v 0.745983 5.351514 5.286603
v 0.295983 5.351514 5.286603
v -0.154017 5.351514 5.286603
v -0.154017 5.372224 5.270711
v -0.154017 5.388116 5.250000
v 0.761375 5.320088 5.297047
v 0.784848 5.309967 5.291750
v 0.791888 5.332554 5.283242
v 0.812640 5.321626 5.271780
v 0.795523 5.353402 5.269667
v 0.816239 5.342260 5.258343
v 0.795523 5.371180 5.251888
v 0.816239 5.359857 5.240747
v 0.791888 5.384756 5.231041
v 0.812640 5.373294 5.220112
v 0.795983 5.388116 5.200000
v 0.816694 5.372224 5.200000
v 0.828850 5.356940 5.207813
v 0.832586 5.351514 5.200000
v 0.832166 5.344557 5.226828
v 0.842221 5.326324 5.211081
v 0.842221 5.312595 5.224811
v 0.832166 5.328342 5.243044
v 0.828850 5.309327 5.255426
v 0.842576 5.327395 5.200000
v 0.784848 5.393264 5.208453
v 0.771865 5.398106 5.200000
v 0.761375 5.398560 5.218574
v 0.768007 5.390545 5.239854
v 0.771432 5.377756 5.259494
v 0.771432 5.361007 5.276242
v 0.768007 5.341367 5.289032
v 0.764558 1.486122 5.297047
v 0.754436 1.462649 5.291750
v 0.777024 1.455609 5.283242
v 0.766096 1.434857 5.271780
v 0.797871 1.451973 5.269667
v 0.786730 1.431258 5.258343
v 0.815650 1.451973 5.251888
v 0.804326 1.431258 5.240747
v 0.829226 1.455609 5.231041
v 0.817763 1.434857 5.220112
v 0.832586 1.451514 5.200000
v 0.816694 1.430803 5.200000
v 0.801410 1.418647 5.207813
v 0.795983 1.414911 5.200000
v 0.789027 1.415331 5.226828
v 0.770794 1.405276 5.211081
v 0.757065 1.405276 5.224811
v 0.772811 1.415331 5.243044
v 0.753797 1.418647 5.255426
v 0.771865 1.404921 5.200000
v 0.837734 1.462649 5.208453
v 0.842576 1.475632 5.200000
v 0.843030 1.486122 5.218574
v 0.835015 1.479490 5.239854
v 0.822226 1.476065 5.259494
v 0.805477 1.476065 5.276242
v 0.785837 1.479490 5.289032
v -1.150609 2.884847 5.225882
v -1.150609 3.368180 5.225882
v -1.150609 3.851514 5.225882
v -1.140619 3.851514 5.250000
v -1.140619 4.334847 5.250000
v -1.124727 4.334847 5.270711
v -1.124727 4.818180 5.270711
v -1.104017 4.818180 5.286603
v -1.104017 5.301514 5.286603
v -1.079898 5.301514 5.296593
v -1.079898 4.818180 5.296593
v -1.079898 4.334847 5.296593
v -1.079898 3.851514 5.296593
v -1.104017 3.851514 5.286603
v -1.104017 3.368180 5.286603
v -1.124727 3.368180 5.270711
v -1.124727 2.884847 5.270711
v -1.140619 2.884847 5.250000
v -1.104017 2.884847 5.286603
v -1.079898 2.884847 5.296593
v -1.079898 3.368180 5.296593
v -1.124727 5.301514 5.270711
v -1.140619 4.818180 5.250000
v -1.150609 4.334847 5.225882
v -1.154017 5.301514 5.200000
v -1.140619 5.301514 5.250000
v -1.150609 4.818180 5.225882
v -1.150609 5.301514 5.225882
v -1.140619 3.368180 5.250000
v -1.124727 3.851514 5.270711
v -1.104017 4.334847 5.286603
v -1.069408 1.482939 5.297047
v -1.092881 1.493061 5.291750
v -1.099921 1.470473 5.283242
v -1.120673 1.481401 5.271780
v -1.103557 1.449625 5.269667
v -1.124272 1.460767 5.258343
v -1.103557 1.431847 5.251888
v -1.124272 1.443171 5.240747
v -1.099921 1.418271 5.231041
v -1.120673 1.429733 5.220112
v -1.104017 1.414911 5.200000
v -1.124727 1.430803 5.200000
v -1.136883 1.446087 5.207813
v -1.140619 1.451514 5.200000
v -1.140200 1.458470 5.226828
v -1.150254 1.476703 5.211081
v -1.150254 1.490432 5.224811
v -1.140200 1.474686 5.243044
v -1.136883 1.493700 5.255426
v -1.150609 1.475632 5.200000
v -1.092881 1.409763 5.208453
v -1.079898 1.404921 5.200000
v -1.069408 1.404467 5.218574
v -1.076040 1.412482 5.239854
v -1.079465 1.425271 5.259494
v -1.079465 1.442020 5.276242
v -1.076040 1.461660 5.289032
v -1.072591 5.316905 5.297047
v -1.062470 5.340378 5.291750
v -1.085057 5.347418 5.283242
v -1.074129 5.368170 5.271780
v -1.105905 5.351054 5.269667
v -1.094763 5.371769 5.258343
v -1.123683 5.351054 5.251888
v -1.112360 5.371769 5.240747
v -1.137259 5.347418 5.231041
v -1.125797 5.368170 5.220112
v -1.140619 5.351514 5.200000
v -1.124727 5.372224 5.200000
v -1.109443 5.384380 5.207813
v -1.104017 5.388116 5.200000
v -1.097060 5.387697 5.226828
v -1.078827 5.397751 5.211081
v -1.065098 5.397751 5.224811
v -1.080845 5.387697 5.243044
v -1.061830 5.384380 5.255426
v -1.079898 5.398106 5.200000
v -1.145767 5.340378 5.208453
v -1.150609 5.327395 5.200000
v -1.151063 5.316905 5.218574
v -1.143048 5.323537 5.239854
v -1.130259 5.326962 5.259494
v -1.113510 5.326962 5.276242
v -1.093870 5.323537 5.289032
v 0.842576 1.475632 4.633333
v 0.842576 1.475632 4.066667
v 0.842576 1.475632 3.500000
v 0.832586 1.451514 3.500000
v 0.832586 1.451514 2.933333
v 0.816694 1.430803 2.933333
v 0.816694 1.430803 2.366667
v 0.795983 1.414911 2.366667
v 0.795983 1.414911 1.800000
v 0.771865 1.404921 1.800000
v 0.771865 1.404921 2.366667
v 0.745983 1.401514 1.800000
v 0.771865 1.404921 2.933333
v 0.771865 1.404921 3.500000
v 0.795983 1.414911 3.500000
v 0.795983 1.414911 4.066667
v 0.816694 1.430803 4.066667
v 0.816694 1.430803 4.633333
v 0.832586 1.451514 4.633333
v 0.795983 1.414911 4.633333
v 0.771865 1.404921 4.066667
v 0.771865 1.404921 4.633333
v 0.816694 1.430803 1.800000
v 0.832586 1.451514 2.366667
v 0.842576 1.475632 2.933333
v 0.845983 1.501514 1.800000
v 0.832586 1.451514 1.800000
v 0.842576 1.475632 2.366667
v 0.842576 1.475632 1.800000
v 0.832586 1.451514 4.066667
v 0.816694 1.430803 3.500000
v 0.795983 1.414911 2.933333
v -1.054017 1.401514 1.800000
v -1.079898 1.404921 4.633333
v -1.079898 1.404921 4.066667
v -1.079898 1.404921 3.500000
v -1.104017 1.414911 3.500000
v -1.104017 1.414911 2.933333
v -1.124727 1.430803 2.933333
v -1.124727 1.430803 2.366667
v -1.140619 1.451514 2.366667
v -1.140619 1.451514 1.800000
v -1.150609 1.475632 1.800000
v -1.150609 1.475632 2.366667
v -1.154017 1.501514 1.800000
v -1.150609 1.475632 2.933333
v -1.150609 1.475632 3.500000
v -1.140619 1.451514 3.500000
v -1.140619 1.451514 4.066667
v -1.124727 1.430803 4.066667
v -1.124727 1.430803 4.633333
v -1.104017 1.414911 4.633333
v -1.140619 1.451514 4.633333
v -1.150609 1.475632 4.066667
v -1.150609 1.475632 4.633333
v -1.124727 1.430803 1.800000
v -1.104017 1.414911 2.366667
v -1.079898 1.404921 2.933333
v -1.104017 1.414911 1.800000
v -1.079898 1.404921 2.366667
v -1.079898 1.404921 1.800000
v -1.104017 1.414911 4.066667
v -1.124727 1.430803 3.500000
v -1.140619 1.451514 2.933333
v -1.154017 5.301514 1.800000
v 0.445983 5.101514 1.600000
v 0.445983 5.101514 1.700000
v 0.449391 5.075632 1.600000
v 0.449391 5.075632 1.700000
v 0.459381 5.051514 1.600000
v 0.459381 5.051514 1.700000
v 0.475273 5.030803 1.600000
v 0.475273 5.030803 1.700000
v 0.495983 5.014911 1.600000
v 0.495983 5.014911 1.700000
v 0.520102 5.004921 1.600000
v 0.520102 5.004921 1.700000
v 0.545983 5.001514 1.600000
v 0.545983 5.001514 1.700000
v 0.645983 5.001514 1.600000
v 0.697747 5.001514 1.606815
v 0.745983 5.001514 1.626795
v 0.787405 5.001514 1.658579
v 0.819189 5.001514 1.700000
v -0.854017 5.001514 1.600000
v -0.854017 5.001514 1.700000
v -0.828135 5.004921 1.600000
v -0.828135 5.004921 1.700000
v -0.804017 5.014911 1.600000
v -0.804017 5.014911 1.700000
v -0.783306 5.030803 1.600000
v -0.783306 5.030803 1.700000
v -0.767414 5.051514 1.600000
v -0.767414 5.051514 1.700000
v -0.757424 5.075632 1.600000
v -0.757424 5.075632 1.700000
v -0.754017 5.101514 1.600000
v -0.754017 5.101514 1.700000
v -0.754017 5.201514 1.600000
v -0.754017 5.253277 1.606815
v -0.754017 5.301514 1.626795
v -0.754017 5.342935 1.658579
v -0.754017 5.374719 1.700000
v 0.545983 1.801513 1.600000
v 0.545983 1.801513 1.700000
v 0.520102 1.798106 1.600000
v 0.520102 1.798106 1.700000
v 0.495983 1.788116 1.600000
v 0.495983 1.788116 1.700000
v 0.475273 1.772224 1.600000
v 0.475273 1.772224 1.700000
v 0.459381 1.751513 1.600000
v 0.459381 1.751513 1.700000
v 0.449391 1.727395 1.600000
v 0.449391 1.727395 1.700000
v 0.445983 1.701513 1.600000
v 0.445983 1.701513 1.700000
v 0.445983 1.601514 1.600000
v 0.445983 1.549750 1.606815
v 0.445983 1.501514 1.626795
v 0.445983 1.460092 1.658579
v 0.445983 1.428308 1.700000
v -0.754017 1.701513 1.600000
v -0.754017 1.701513 1.700000
v -0.757424 1.727395 1.600000
v -0.757424 1.727395 1.700000
v -0.767414 1.751513 1.600000
v -0.767414 1.751513 1.700000
v -0.783306 1.772224 1.600000
v -0.783306 1.772224 1.700000
v -0.804017 1.788116 1.600000
v -0.804017 1.788116 1.700000
v -0.828135 1.798106 1.600000
v -0.828135 1.798106 1.700000
v -0.854017 1.801513 1.600000
v -0.854017 1.801513 1.700000
v -0.954017 1.801513 1.600000
v -1.005780 1.801513 1.606815
v -1.054017 1.801513 1.626795
v -1.095438 1.801513 1.658579
v -1.127222 1.801513 1.700000
v -1.127222 1.514911 1.700000
v -1.125682 1.497888 1.700000
v -1.138792 1.509126 1.723463
v -1.140892 1.488794 1.733535
v -1.147202 1.504921 1.748236
v -1.147016 1.485015 1.754969
v -1.152306 1.502369 1.773895
v -1.150776 1.482686 1.777235
v -1.144929 1.464047 1.775888
v -1.139226 1.452656 1.775290
v -1.128263 1.437379 1.774835
v -1.124313 1.441119 1.750461
v -1.111012 1.428365 1.750578
v -1.105165 1.434763 1.727590
v -1.090574 1.424693 1.729058
v -1.089176 1.442384 1.700000
v -1.074022 1.434542 1.700000
v -1.120986 1.481503 1.700000
v -1.134433 1.471778 1.730106
v -1.140912 1.467012 1.752438
v -1.128643 1.461306 1.728585
v -1.113145 1.466353 1.700000
v -1.117990 1.447102 1.727432
v -1.102405 1.453130 1.700000
v -1.074659 1.417227 1.731802
v -1.057641 1.429848 1.700000
v -1.062006 1.413420 1.734676
v -1.046405 1.416738 1.723463
v -1.050609 1.408328 1.748236
v -1.040619 1.428308 1.700000
v -1.065500 1.407453 1.755810
v -1.053161 1.403225 1.773895
v -1.067646 1.403801 1.777682
v -1.098913 1.414113 1.775476
v -1.081537 1.406990 1.776555
v -1.114665 1.424371 1.774898
v -1.078906 1.410897 1.753691
v -1.095710 1.418169 1.751664
v -1.135165 1.455980 1.751314
v -0.154017 1.408328 1.748236
v 0.745128 1.403225 1.773895
v -0.754017 1.428308 1.700000
v -0.754017 1.460092 1.658579
v -0.154017 1.460092 1.658579
v 0.738371 1.416738 1.723463
v 0.742576 1.408328 1.748236
v -0.154017 1.501514 1.626795
v -0.754017 1.501514 1.626795
v -0.154017 1.549750 1.606815
v -0.754017 1.549750 1.606815
v -0.754017 1.601514 1.600000
v 0.732586 1.428308 1.700000
v -1.147202 2.451514 1.748236
v -1.095438 2.451514 1.658579
v -1.147202 3.401514 1.748236
v -1.095438 3.401514 1.658579
v -1.147202 4.351514 1.748236
v -1.095438 4.351514 1.658579
v -1.127222 5.001514 1.700000
v -1.095438 5.001514 1.658579
v -1.152306 5.300658 1.773895
v -1.147202 5.298106 1.748236
v -1.138792 5.293901 1.723463
v -1.127222 5.288116 1.700000
v -1.054017 4.351514 1.626795
v -1.054017 5.001514 1.626795
v -1.005780 4.351514 1.606815
v -1.005780 5.001514 1.606815
v -0.954017 5.001514 1.600000
v -1.005780 3.401514 1.606815
v -1.005780 2.451514 1.606815
v -1.054017 2.451514 1.626795
v -1.054017 3.401514 1.626795
v 0.749609 1.429848 1.700000
v 0.758703 1.414638 1.733535
v 0.762482 1.408514 1.754969
v 0.764811 1.404754 1.777235
v 0.783450 1.410601 1.775888
v 0.794840 1.416305 1.775290
v 0.810118 1.427267 1.774835
v 0.806378 1.431217 1.750461
v 0.819132 1.444519 1.750578
v 0.812734 1.450365 1.727590
v 0.822804 1.464956 1.729058
v 0.805113 1.466354 1.700000
v 0.812955 1.481508 1.700000
v 0.765994 1.434544 1.700000
v 0.775719 1.421098 1.730106
v 0.780485 1.414618 1.752438
v 0.786191 1.426887 1.728585
v 0.781144 1.442385 1.700000
v 0.800394 1.437540 1.727432
v 0.794367 1.453125 1.700000
v 0.830270 1.480871 1.731802
v 0.817649 1.497889 1.700000
v 0.834076 1.493524 1.734676
v 0.830759 1.509126 1.723463
v 0.839169 1.504921 1.748236
v 0.819189 1.514911 1.700000
v 0.840044 1.490030 1.755810
v 0.844272 1.502369 1.773895
v 0.843696 1.487884 1.777682
v 0.833384 1.456617 1.775476
v 0.840507 1.473993 1.776555
v 0.823126 1.440865 1.774898
v 0.836600 1.476624 1.753691
v 0.829328 1.459820 1.751664
v 0.791517 1.420365 1.751314
v 0.845983 5.301514 1.800000
v 0.839169 2.451514 1.748236
v 0.839169 3.401514 1.748236
v 0.844272 5.300658 1.773895
v 0.839169 4.351514 1.748236
v 0.839169 5.298106 1.748236
v 0.830759 5.293901 1.723463
v 0.819189 5.288116 1.700000
v 0.819189 1.801513 1.700000
v 0.787405 2.451514 1.658579
v 0.787405 1.801513 1.658579
v 0.745983 2.451514 1.626795
v 0.745983 1.801513 1.626795
v 0.697747 2.451514 1.606815
v 0.697747 1.801513 1.606815
v 0.645983 1.801513 1.600000
v 0.697747 3.401514 1.606815
v 0.697747 4.351514 1.606815
v 0.745983 4.351514 1.626795
v 0.787405 4.351514 1.658579
v 0.787405 3.401514 1.658579
v 0.745983 3.401514 1.626795
v -1.040619 5.374719 1.700000
v -1.057642 5.373179 1.700000
v -1.046405 5.386289 1.723463
v -1.066736 5.388389 1.733535
v -1.050609 5.394699 1.748236
v -1.070515 5.394513 1.754969
v -1.053161 5.399802 1.773895
v -1.072844 5.398273 1.777235
v -1.079898 5.398106 1.800000
v -1.091483 5.392426 1.775888
v -1.104017 5.388116 1.800000
v -1.102874 5.386722 1.775290
v -1.118152 5.375760 1.774835
v -1.114411 5.371810 1.750461
v -1.127165 5.358508 1.750578
v -1.120767 5.352662 1.727590
v -1.130837 5.338071 1.729058
v -1.113146 5.336673 1.700000
v -1.120988 5.321519 1.700000
v -1.074027 5.368483 1.700000
v -1.083753 5.381930 1.730106
v -1.088518 5.388409 1.752438
v -1.094224 5.376140 1.728585
v -1.089177 5.360642 1.700000
v -1.108428 5.365487 1.727432
v -1.102400 5.349902 1.700000
v -1.138303 5.322156 1.731802
v -1.125682 5.305138 1.700000
v -1.142110 5.309503 1.734676
v -1.148077 5.312997 1.755810
v -1.151729 5.315143 1.777682
v -1.150609 5.327395 1.800000
v -1.140619 5.351514 1.800000
v -1.141417 5.346410 1.775476
v -1.148540 5.329034 1.776555
v -1.131159 5.362162 1.774898
v -1.124727 5.372224 1.800000
v -1.144633 5.326403 1.753691
v -1.137361 5.343207 1.751664
v -1.099550 5.382662 1.751314
v -1.150609 5.327395 4.633333
v -1.150609 5.327395 4.066667
v -1.150609 5.327395 3.500000
v -1.140619 5.351514 3.500000
v -1.140619 5.351514 2.933333
v -1.124727 5.372224 2.933333
v -1.124727 5.372224 2.366667
v -1.104017 5.388116 2.366667
v -1.079898 5.398106 2.366667
v -1.079898 5.398106 2.933333
v -1.079898 5.398106 3.500000
v -1.079898 5.398106 4.066667
v -1.104017 5.388116 4.066667
v -1.104017 5.388116 4.633333
v -1.124727 5.372224 4.633333
v -1.140619 5.351514 4.633333
v -1.079898 5.398106 4.633333
v -1.140619 5.351514 2.366667
v -1.150609 5.327395 2.933333
v -1.150609 5.327395 2.366667
v -1.140619 5.351514 4.066667
v -1.124727 5.372224 4.066667
v -1.124727 5.372224 3.500000
v -1.104017 5.388116 2.933333
v -1.104017 5.388116 3.500000
v -0.154017 5.394699 1.748236
v 0.445983 5.374719 1.700000
v 0.738371 5.386289 1.723463
v 0.732586 5.374719 1.700000
v 0.745128 5.399802 1.773895
v 0.742576 5.394699 1.748236
v -0.154017 5.342935 1.658579
v 0.445983 5.342935 1.658579
v -0.154017 5.301514 1.626795
v 0.445983 5.301514 1.626795
v -0.154017 5.253277 1.606815
v 0.445983 5.253277 1.606815
v 0.445983 5.201514 1.600000
v 0.817648 5.305139 1.700000
v 0.832859 5.314233 1.733535
v 0.838983 5.318012 1.754969
v 0.842743 5.320341 1.777235
v 0.842576 5.327395 1.800000
v 0.836895 5.338980 1.775888
v 0.832586 5.351514 1.800000
v 0.831192 5.350371 1.775290
v 0.820230 5.365648 1.774835
v 0.816280 5.361908 1.750461
v 0.802978 5.374662 1.750578
v 0.797132 5.368264 1.727590
v 0.782541 5.378334 1.729058
v 0.781142 5.360643 1.700000
v 0.765989 5.368485 1.700000
v 0.812953 5.321524 1.700000
v 0.826399 5.331249 1.730106
v 0.832878 5.336015 1.752438
v 0.820610 5.341721 1.728585
v 0.805112 5.336674 1.700000
v 0.809957 5.355925 1.727432
v 0.794372 5.349897 1.700000
v 0.766626 5.385800 1.731802
v 0.749608 5.373179 1.700000
v 0.753973 5.389607 1.734676
v 0.757467 5.395574 1.755810
v 0.759613 5.399226 1.777682
v 0.771865 5.398106 1.800000
v 0.795983 5.388116 1.800000
v 0.790880 5.388914 1.775476
v 0.773504 5.396037 1.776555
v 0.806632 5.378656 1.774898
v 0.816694 5.372224 1.800000
v 0.770873 5.392130 1.753691
v 0.787677 5.384858 1.751664
v 0.827132 5.347047 1.751314
v 0.771865 5.398106 4.633333
v 0.771865 5.398106 4.066667
v 0.771865 5.398106 3.500000
v 0.795983 5.388116 3.500000
v 0.795983 5.388116 2.933333
v 0.816694 5.372224 2.933333
v 0.816694 5.372224 2.366667
v 0.832586 5.351514 2.366667
v 0.842576 5.327395 2.366667
v 0.842576 5.327395 2.933333
v 0.842576 5.327395 3.500000
v 0.832586 5.351514 3.500000
v 0.832586 5.351514 4.066667
v 0.816694 5.372224 4.066667
v 0.816694 5.372224 4.633333
v 0.795983 5.388116 4.633333
v 0.832586 5.351514 4.633333
v 0.842576 5.327395 4.066667
v 0.842576 5.327395 4.633333
v 0.795983 5.388116 2.366667
v 0.771865 5.398106 2.933333
v 0.771865 5.398106 2.366667
v 0.795983 5.388116 4.066667
v 0.816694 5.372224 3.500000
v 0.832586 5.351514 2.933333
v -0.141076 3.353217 1.700000
v -0.141076 3.353217 1.600000
v -0.154017 3.351514 1.700000
v -0.154017 3.351514 1.600000
v -0.166958 3.353217 1.700000
v -0.166958 3.353217 1.600000
v -0.179017 3.358212 1.700000
v -0.179017 3.358212 1.600000
v -0.189372 3.366158 1.700000
v -0.189372 3.366158 1.600000
v -0.197318 3.376514 1.700000
v -0.197318 3.376514 1.600000
v -0.202313 3.388573 1.700000
v -0.202313 3.388573 1.600000
v -0.204017 3.401514 1.700000
v -0.204017 3.401514 1.600000
v -0.202313 3.414454 1.700000
v -0.202313 3.414454 1.600000
v -0.197318 3.426514 1.700000
v -0.197318 3.426514 1.600000
v -0.189372 3.436869 1.700000
v -0.189372 3.436869 1.600000
v -0.179017 3.444815 1.700000
v -0.179017 3.444815 1.600000
v -0.166958 3.449810 1.700000
v -0.166958 3.449810 1.600000
v -0.154017 3.451514 1.700000
v -0.154017 3.451514 1.600000
v -0.141076 3.449810 1.700000
v -0.141076 3.449810 1.600000
v -0.129017 3.444815 1.700000
v -0.129017 3.444815 1.600000
v -0.118661 3.436869 1.700000
v -0.118661 3.436869 1.600000
v -0.110715 3.426514 1.700000
v -0.110715 3.426514 1.600000
v -0.105720 3.414454 1.700000
v -0.105720 3.414454 1.600000
v -0.104017 3.401514 1.700000
v -0.104017 3.401514 1.600000
v -0.105720 3.388573 1.700000
v -0.105720 3.388573 1.600000
v -0.110715 3.376514 1.700000
v -0.110715 3.376514 1.600000
v -0.118661 3.366158 1.700000
v -0.118661 3.366158 1.600000
v -0.129017 3.358212 1.700000
v -0.129017 3.358212 1.600000
f 4637 4638 4639
f 4639 4638 4640
f 4639 4640 4641
f 4641 4640 4642
f 4641 4642 4643
f 4643 4642 4644
f 4643 4644 4645
f 4645 4644 4646
f 4645 4646 4647
f 4647 4646 4648
f 4647 4648 4649
f 4649 4648 4650
f 4649 4650 4651
f 4651 4650 4652
f 4648 4646 4650
f 4650 4646 4644
f 4650 4644 4642
f 4650 4642 4653
f 4653 4642 4640
f 4653 4640 4638
f 4654 4655 4638
f 4638 4655 4656
f 4638 4656 4657
f 4658 4659 4654
f 4654 4659 4660
f 4654 4660 4661
f 4662 4663 4658
f 4658 4663 4664
f 4658 4664 4665
f 4666 4667 4662
f 4662 4667 4668
f 4662 4668 4669
f 4666 4670 4667
f 4667 4670 4671
f 4667 4671 4672
f 4670 4673 4671
f 4671 4673 4674
f 4671 4674 4675
f 4669 4676 4662
f 4662 4676 4677
f 4662 4677 4663
f 4665 4678 4658
f 4658 4678 4679
f 4658 4679 4680
f 4680 4681 4658
f 4658 4681 4659
f 4659 4681 4682
f 4682 4681 4683
f 4682 4683 4684
f 4684 4683 4685
f 4684 4685 4686
f 4686 4685 4687
f 4686 4687 4688
f 4688 4687 4689
f 4688 4689 4690
f 4690 4689 4691
f 4690 4691 4692
f 4692 4691 4693
f 4692 4693 4694
f 4694 4693 4695
f 4694 4695 4696
f 4696 4695 4697
f 4696 4697 4698
f 4698 4697 4699
f 4698 4699 4700
f 4700 4699 4701
f 4661 4702 4654
f 4654 4702 4703
f 4654 4703 4704
f 4704 4655 4654
f 4657 4705 4638
f 4638 4705 4706
f 4638 4706 4653
f 4653 4652 4650
f 4662 4707 4666
f 4666 4707 4708
f 4666 4708 4670
f 4670 4708 4709
f 4670 4709 4673
f 4673 4709 4710
f 4673 4710 4674
f 4674 4710 4711
f 4674 4711 4675
f 4675 4711 4712
f 4675 4712 4671
f 4671 4712 4713
f 4707 4662 4714
f 4714 4662 4658
f 4652 4653 4651
f 4651 4653 4715
f 4698 4716 4696
f 4696 4716 4717
f 4696 4717 4694
f 4694 4717 4718
f 4694 4718 4692
f 4692 4718 4719
f 4692 4719 4690
f 4690 4719 4720
f 4690 4720 4688
f 4688 4720 4721
f 4688 4721 4686
f 4686 4721 4722
f 4686 4722 4684
f 4684 4722 4723
f 4684 4723 4682
f 4682 4723 4724
f 4682 4724 4659
f 4659 4724 4725
f 4659 4725 4660
f 4660 4725 4726
f 4660 4726 4661
f 4661 4726 4727
f 4661 4727 4702
f 4702 4727 4728
f 4702 4728 4703
f 4703 4728 4729
f 4703 4729 4704
f 4704 4729 4730
f 4704 4730 4655
f 4655 4730 4731
f 4655 4731 4656
f 4656 4731 4732
f 4656 4732 4657
f 4657 4732 4733
f 4657 4733 4705
f 4705 4733 4734
f 4705 4734 4706
f 4706 4734 4735
f 4706 4735 4653
f 4653 4735 4715
f 4736 4716 4700
f 4700 4716 4698
f 4701 4699 4737
f 4737 4699 4738
f 4739 4740 4672
f 4672 4740 4667
f 4667 4740 4668
f 4668 4740 4741
f 4668 4741 4669
f 4669 4741 4742
f 4669 4742 4676
f 4676 4742 4743
f 4676 4743 4677
f 4677 4743 4744
f 4677 4744 4663
f 4663 4744 4745
f 4663 4745 4664
f 4664 4745 4746
f 4664 4746 4665
f 4665 4746 4747
f 4665 4747 4678
f 4678 4747 4748
f 4678 4748 4679
f 4679 4748 4749
f 4679 4749 4680
f 4680 4749 4750
f 4680 4750 4681
f 4681 4750 4751
f 4681 4751 4683
f 4683 4751 4752
f 4683 4752 4685
f 4685 4752 4753
f 4685 4753 4687
f 4687 4753 4754
f 4687 4754 4689
f 4689 4754 4755
f 4689 4755 4691
f 4691 4755 4756
f 4691 4756 4693
f 4693 4756 4757
f 4693 4757 4695
f 4695 4757 4758
f 4695 4758 4697
f 4697 4758 4759
f 4697 4759 4699
f 4699 4759 4738
f 4671 4713 4672
f 4672 4713 4739
f 4638 4637 4654
f 4654 4637 4760
f 4639 4715 4637
f 4637 4715 4735
f 4637 4735 4734
f 4639 4641 4715
f 4715 4641 4649
f 4715 4649 4651
f 4641 4643 4649
f 4649 4643 4645
f 4649 4645 4647
f 4734 4733 4637
f 4637 4733 4732
f 4637 4732 4731
f 4637 4731 4760
f 4760 4731 4730
f 4760 4730 4729
f 4729 4728 4760
f 4760 4728 4727
f 4760 4727 4726
f 4726 4725 4760
f 4760 4725 4714
f 4714 4725 4751
f 4714 4751 4750
f 4751 4725 4752
f 4752 4725 4724
f 4752 4724 4753
f 4753 4724 4723
f 4753 4723 4754
f 4754 4723 4722
f 4754 4722 4755
f 4755 4722 4721
f 4755 4721 4756
f 4756 4721 4720
f 4756 4720 4757
f 4757 4720 4719
f 4757 4719 4758
f 4758 4719 4718
f 4758 4718 4759
f 4759 4718 4717
f 4759 4717 4738
f 4738 4717 4716
f 4738 4716 4737
f 4737 4716 4736
f 4750 4749 4714
f 4714 4749 4748
f 4714 4748 4747
f 4747 4746 4714
f 4714 4746 4745
f 4714 4745 4707
f 4707 4745 4744
f 4707 4744 4743
f 4743 4742 4707
f 4707 4742 4741
f 4707 4741 4740
f 4739 4713 4740
f 4740 4713 4709
f 4740 4709 4708
f 4712 4711 4713
f 4713 4711 4710
f 4713 4710 4709
f 4708 4707 4740
f 4736 4700 4737
f 4737 4700 4701
f 4658 4654 4761
f 4761 4654 4762
f 4760 4714 4763
f 4763 4714 4764
f 4765 4766 4767
f 4767 4766 4768
f 4767 4768 4769
f 4769 4768 4770
f 4769 4770 4771
f 4771 4770 4772
f 4771 4772 4773
f 4773 4772 4774
f 4773 4774 4775
f 4775 4774 4776
f 4775 4776 4777
f 4777 4776 4778
f 4777 4778 4779
f 4779 4778 4780
f 4779 4780 4781
f 4781 4780 4782
f 4781 4782 4783
f 4783 4782 4784
f 4783 4784 4785
f 4785 4784 4786
f 4785 4786 4787
f 4787 4786 4788
f 4787 4788 4789
f 4789 4788 4790
f 4789 4790 4791
f 4791 4790 4792
f 4792 4793 4791
f 4791 4793 4794
f 4792 4790 4793
f 4793 4790 4788
f 4793 4788 4795
f 4795 4788 4786
f 4795 4786 4796
f 4796 4786 4784
f 4796 4784 4782
f 4796 4782 4797
f 4797 4782 4780
f 4797 4780 4778
f 4778 4776 4797
f 4797 4776 4798
f 4798 4776 4774
f 4798 4774 4772
f 4798 4772 4799
f 4799 4772 4770
f 4799 4770 4800
f 4800 4770 4768
f 4800 4768 4766
f 4799 4800 4801
f 4801 4800 4802
f 4801 4802 4803
f 4803 4802 4804
f 4804 4802 4805
f 4804 4805 4806
f 4806 4805 4807
f 4806 4807 4808
f 4806 4808 4809
f 4809 4808 4810
f 4809 4810 4811
f 4811 4810 4812
f 4811 4812 4813
f 4813 4812 4814
f 4813 4814 4815
f 4815 4814 4816
f 4815 4816 4817
f 4817 4816 4818
f 4817 4818 4819
f 4819 4818 4820
f 4819 4820 4821
f 4819 4821 4822
f 4822 4821 4823
f 4822 4823 4824
f 4824 4823 4825
f 4824 4825 4826
f 4826 4825 4827
f 4826 4827 4828
f 4828 4827 4829
f 4828 4829 4830
f 4830 4829 4831
f 4830 4831 4832
f 4832 4831 4833
f 4832 4833 4834
f 4832 4834 4835
f 4835 4834 4836
f 4835 4836 4837
f 4837 4836 4838
f 4838 4836 4793
f 4838 4793 4795
f 4839 4840 4841
f 4841 4840 4842
f 4841 4842 4843
f 4843 4842 4844
f 4843 4844 4845
f 4845 4844 4846
f 4845 4846 4847
f 4847 4846 4848
f 4847 4848 4849
f 4849 4848 4850
f 4849 4850 4851
f 4851 4850 4852
f 4851 4852 4853
f 4853 4852 4854
f 4853 4854 4855
f 4855 4854 4856
f 4855 4856 4857
f 4857 4856 4858
f 4857 4858 4859
f 4859 4858 4860
f 4859 4860 4861
f 4861 4860 4862
f 4861 4862 4863
f 4863 4862 4864
f 4863 4864 4865
f 4865 4864 4866
f 4865 4866 4867
f 4867 4866 4868
f 4867 4868 4869
f 4869 4868 4870
f 4869 4870 4871
f 4871 4870 4872
f 4871 4872 4873
f 4873 4872 4874
f 4873 4874 4875
f 4875 4874 4876
f 4875 4876 4877
f 4877 4876 4878
f 4877 4878 4879
f 4879 4878 4880
f 4879 4880 4881
f 4881 4880 4882
f 4881 4882 4883
f 4883 4882 4884
f 4883 4884 4885
f 4885 4884 4886
f 4885 4886 4839
f 4839 4886 4840
f 4887 4888 4889
f 4889 4888 4890
f 4889 4890 4891
f 4891 4890 4892
f 4891 4892 4893
f 4893 4892 4894
f 4893 4894 4895
f 4895 4894 4896
f 4895 4896 4897
f 4897 4896 4898
f 4897 4898 4899
f 4899 4898 4900
f 4899 4900 4901
f 4901 4900 4902
f 4901 4902 4903
f 4903 4902 4904
f 4903 4904 4905
f 4905 4904 4906
f 4905 4906 4907
f 4907 4906 4908
f 4907 4908 4909
f 4909 4908 4910
f 4909 4910 4911
f 4911 4910 4912
f 4911 4912 4913
f 4913 4912 4914
f 4913 4914 4915
f 4915 4914 4916
f 4915 4916 4917
f 4917 4916 4918
f 4917 4918 4919
f 4919 4918 4920
f 4919 4920 4921
f 4921 4920 4922
f 4921 4922 4923
f 4923 4922 4924
f 4923 4924 4925
f 4925 4924 4926
f 4925 4926 4927
f 4927 4926 4928
f 4927 4928 4929
f 4929 4928 4930
f 4929 4930 4931
f 4931 4930 4932
f 4931 4932 4933
f 4933 4932 4934
f 4933 4934 4887
f 4887 4934 4888
f 4891 4911 4889
f 4889 4911 4913
f 4889 4913 4887
f 4887 4913 4915
f 4887 4915 4933
f 4933 4915 4917
f 4933 4917 4931
f 4931 4917 4919
f 4931 4919 4929
f 4929 4919 4921
f 4929 4921 4927
f 4927 4921 4923
f 4927 4923 4925
f 4911 4891 4909
f 4909 4891 4893
f 4909 4893 4907
f 4907 4893 4895
f 4907 4895 4905
f 4905 4895 4897
f 4905 4897 4903
f 4903 4897 4899
f 4903 4899 4901
f 4935 4936 4937
f 4937 4936 4938
f 4937 4938 4939
f 4939 4938 4940
f 4939 4940 4941
f 4941 4940 4942
f 4941 4942 4943
f 4943 4942 4944
f 4943 4944 4945
f 4945 4944 4946
f 4945 4946 4947
f 4947 4946 4948
f 4947 4948 4949
f 4949 4948 4950
f 4949 4950 4951
f 4951 4950 4952
f 4951 4952 4953
f 4953 4952 4954
f 4953 4954 4955
f 4955 4954 4956
f 4955 4956 4957
f 4957 4956 4958
f 4957 4958 4959
f 4959 4958 4960
f 4959 4960 4961
f 4961 4960 4962
f 4961 4962 4963
f 4963 4962 4964
f 4963 4964 4965
f 4965 4964 4966
f 4965 4966 4967
f 4967 4966 4968
f 4967 4968 4969
f 4969 4968 4970
f 4969 4970 4971
f 4971 4970 4972
f 4971 4972 4973
f 4973 4972 4974
f 4973 4974 4975
f 4975 4974 4976
f 4975 4976 4977
f 4977 4976 4978
f 4977 4978 4979
f 4979 4978 4980
f 4979 4980 4981
f 4981 4980 4982
f 4981 4982 4935
f 4935 4982 4936
f 4983 4984 4985
f 4985 4984 4986
f 4985 4986 4987
f 4987 4986 4988
f 4987 4988 4989
f 4989 4988 4990
f 4989 4990 4991
f 4991 4990 4992
f 4991 4992 4993
f 4993 4992 4994
f 4993 4994 4995
f 4995 4994 4996
f 4995 4996 4997
f 4997 4996 4998
f 4997 4998 4999
f 4999 4998 5000
f 4999 5000 5001
f 5001 5000 5002
f 5001 5002 5003
f 5003 5002 5004
f 5003 5004 5005
f 5005 5004 5006
f 5005 5006 5007
f 5007 5006 5008
f 5007 5008 5009
f 5009 5008 5010
f 5009 5010 5011
f 5011 5010 5012
f 5011 5012 5013
f 5013 5012 5014
f 5013 5014 5015
f 5015 5014 5016
f 5015 5016 5017
f 5017 5016 5018
f 5017 5018 5019
f 5019 5018 5020
f 5019 5020 5021
f 5021 5020 5022
f 5021 5022 5023
f 5023 5022 5024
f 5023 5024 5025
f 5025 5024 5026
f 5025 5026 5027
f 5027 5026 5028
f 5027 5028 5029
f 5029 5028 5030
f 5029 5030 4983
f 4983 5030 4984
f 5031 5032 5033
f 5033 5032 5034
f 5033 5034 5035
f 5035 5034 5036
f 5035 5036 5037
f 5037 5036 5038
f 5037 5038 5039
f 5039 5038 5040
f 5039 5040 5041
f 5041 5040 5042
f 5041 5042 5043
f 5043 5042 5044
f 5043 5044 5045
f 5045 5044 5046
f 5045 5046 5047
f 5047 5046 5048
f 5047 5048 5049
f 5049 5048 5050
f 5049 5050 5051
f 5051 5050 5052
f 5051 5052 5053
f 5053 5052 5054
f 5053 5054 5055
f 5055 5054 5056
f 5055 5056 5057
f 5057 5056 5058
f 5057 5058 5059
f 5059 5058 5060
f 5059 5060 5061
f 5061 5060 5062
f 5061 5062 5063
f 5063 5062 5064
f 5063 5064 5065
f 5065 5064 5066
f 5065 5066 5067
f 5067 5066 5068
f 5067 5068 5069
f 5069 5068 5070
f 5069 5070 5071
f 5071 5070 5072
f 5071 5072 5073
f 5073 5072 5074
f 5073 5074 5075
f 5075 5074 5076
f 5075 5076 5077
f 5077 5076 5078
f 5077 5078 5031
f 5031 5078 5032
f 5079 5007 5080
f 5080 5007 5009
f 5080 5009 5011
f 5081 5003 5079
f 5079 5003 5005
f 5079 5005 5007
f 5082 5083 5081
f 5081 5083 5084
f 5081 5084 4999
f 4999 5084 4997
f 4997 5084 4995
f 4995 5084 5085
f 4995 5085 4993
f 4993 5085 4991
f 4991 5085 4989
f 4989 5085 5086
f 4989 5086 4987
f 4987 5086 4985
f 4985 5086 4983
f 4983 5086 5029
f 5029 5086 5087
f 5029 5087 5027
f 5027 5087 5025
f 5025 5087 5023
f 5023 5087 5088
f 5023 5088 5021
f 5021 5088 5019
f 5019 5088 5089
f 5019 5089 5017
f 5017 5089 5015
f 5015 5089 5090
f 5015 5090 5013
f 5013 5090 5011
f 5011 5090 5080
f 5083 5082 5091
f 5091 5082 5092
f 5091 5092 5031
f 5031 5092 5077
f 5077 5092 5075
f 5075 5092 5093
f 5075 5093 5073
f 5073 5093 5071
f 5071 5093 5094
f 5071 5094 5069
f 5069 5094 5067
f 5067 5094 5095
f 5067 5095 5065
f 5065 5095 5063
f 5063 5095 5096
f 5063 5096 5061
f 5061 5096 5059
f 5059 5096 5097
f 5059 5097 5057
f 5057 5097 5055
f 5055 5097 5098
f 5055 5098 5053
f 5053 5098 5051
f 5051 5098 5099
f 5051 5099 5049
f 5049 5099 5047
f 5047 5099 5045
f 5045 5099 5043
f 5043 5099 5100
f 5043 5100 5041
f 5041 5100 5039
f 5039 5100 5037
f 5037 5100 5101
f 5037 5101 5035
f 5035 5101 5033
f 5033 5101 5031
f 5031 5101 5091
f 5097 5096 5102
f 5102 5096 5103
f 5102 5103 5104
f 5104 5103 5105
f 5104 5105 4947
f 4947 5105 4945
f 4945 5105 4943
f 4943 5105 5106
f 4943 5106 4941
f 4941 5106 4939
f 4939 5106 5107
f 4939 5107 4937
f 4937 5107 4935
f 4935 5107 5108
f 4935 5108 4981
f 4981 5108 4979
f 4979 5108 5109
f 4979 5109 4977
f 4977 5109 4975
f 4975 5109 5110
f 4975 5110 4973
f 4973 5110 5111
f 4973 5111 4971
f 4971 5111 4969
f 4969 5111 4967
f 4967 5111 5112
f 4967 5112 4965
f 4965 5112 4963
f 4963 5112 4961
f 4961 5112 5113
f 4961 5113 4959
f 4959 5113 4957
f 4957 5113 4955
f 4955 5113 5114
f 4955 5114 4953
f 4953 5114 4951
f 4951 5114 4949
f 4949 5114 5104
f 4949 5104 4947
f 5109 5115 5110
f 5110 5115 5116
f 5116 5115 5117
f 5116 5117 5118
f 5118 5117 4863
f 5118 4863 4865
f 5119 4859 5117
f 5117 4859 4861
f 5117 4861 4863
f 5120 4855 5119
f 5119 4855 4857
f 5119 4857 4859
f 5121 4851 5120
f 5120 4851 4853
f 5120 4853 4855
f 5122 4847 5121
f 5121 4847 4849
f 5121 4849 4851
f 5123 5124 5122
f 5122 5124 4843
f 5122 4843 4845
f 5124 5123 5125
f 5125 5123 5089
f 5125 5089 5088
f 5124 5126 4843
f 4843 5126 4841
f 4841 5126 4839
f 4839 5126 4885
f 4885 5126 5127
f 4885 5127 4883
f 4883 5127 4881
f 4881 5127 4879
f 4879 5127 5128
f 4879 5128 4877
f 4877 5128 4875
f 4875 5128 4873
f 4873 5128 4871
f 4871 5128 5129
f 4871 5129 4869
f 4869 5129 4867
f 4867 5129 5118
f 4867 5118 4865
f 4999 5001 5081
f 5081 5001 5003
f 4845 4847 5122
f 5130 5087 5131
f 5131 5087 5086
f 5131 5086 5132
f 5132 5086 5085
f 5132 5085 5133
f 5133 5085 5084
f 5133 5084 5134
f 5134 5084 5083
f 5134 5083 5135
f 5135 5083 5091
f 5135 5091 5136
f 5136 5091 5101
f 5136 5101 5137
f 5137 5101 5100
f 5137 5100 5138
f 5138 5100 5099
f 5138 5099 5139
f 5139 5099 5098
f 5139 5098 5140
f 5140 5098 5097
f 5140 5097 5141
f 5141 5097 5102
f 5141 5102 5142
f 5142 5102 5104
f 5142 5104 5143
f 5143 5104 5114
f 5143 5114 5144
f 5144 5114 5113
f 5144 5113 5145
f 5145 5113 5112
f 5145 5112 5146
f 5146 5112 5111
f 5146 5111 5147
f 5147 5111 5110
f 5147 5110 5148
f 5148 5110 5116
f 5148 5116 5149
f 5149 5116 5118
f 5149 5118 5150
f 5150 5118 5129
f 5150 5129 5151
f 5151 5129 5128
f 5151 5128 5152
f 5152 5128 5127
f 5152 5127 5153
f 5153 5127 5126
f 5153 5126 5154
f 5154 5126 5124
f 5154 5124 5155
f 5155 5124 5125
f 5155 5125 5156
f 5156 5125 5088
f 5156 5088 5130
f 5130 5088 5087
f 5132 4990 5131
f 5131 4990 4988
f 5131 4988 4986
f 5133 4996 5132
f 5132 4996 4994
f 5132 4994 4992
f 5134 5000 5133
f 5133 5000 4998
f 5133 4998 4996
f 5135 5078 5134
f 5134 5078 5002
f 5134 5002 5000
f 5078 5135 5032
f 5032 5135 5136
f 5032 5136 5034
f 5034 5136 5036
f 5036 5136 5038
f 5038 5136 5137
f 5038 5137 5040
f 5040 5137 5042
f 5042 5137 5044
f 5044 5137 5138
f 5044 5138 5046
f 5046 5138 5048
f 5048 5138 5050
f 5050 5138 5052
f 5052 5138 5139
f 5052 5139 5054
f 5054 5139 5056
f 5056 5139 5140
f 5056 5140 5058
f 5058 5140 5060
f 5060 5140 5141
f 5060 5141 5062
f 5062 5141 4946
f 5062 4946 4944
f 5141 5142 4946
f 4946 5142 4948
f 4948 5142 4950
f 4950 5142 5143
f 4950 5143 4952
f 4952 5143 4954
f 4954 5143 4956
f 4956 5143 5144
f 4956 5144 4958
f 4958 5144 4960
f 4960 5144 4962
f 4962 5144 5145
f 4962 5145 4964
f 4964 5145 4966
f 4966 5145 4968
f 4968 5145 5146
f 4968 5146 4970
f 4970 5146 4972
f 4972 5146 4974
f 4974 5146 5147
f 4974 5147 4976
f 4976 5147 4978
f 4978 5147 5148
f 4978 5148 4862
f 4862 5148 4864
f 4864 5148 5149
f 4864 5149 4866
f 4866 5149 4868
f 4868 5149 5150
f 4868 5150 4870
f 4870 5150 4872
f 4872 5150 5151
f 4872 5151 4874
f 4874 5151 4876
f 4876 5151 4878
f 4878 5151 4880
f 4880 5151 5152
f 4880 5152 4882
f 4882 5152 4884
f 4884 5152 4886
f 4886 5152 5153
f 4886 5153 4840
f 4840 5153 4842
f 4842 5153 4844
f 4844 5153 5154
f 4844 5154 4846
f 4846 5154 5155
f 4846 5155 5018
f 5018 5155 5020
f 5020 5155 5156
f 5020 5156 5022
f 5022 5156 5024
f 5024 5156 5130
f 5024 5130 5026
f 5026 5130 5028
f 5028 5130 5030
f 5030 5130 5131
f 5030 5131 4984
f 4984 5131 4986
f 5002 5078 5004
f 5004 5078 5076
f 5004 5076 4896
f 4896 5076 4898
f 4898 5076 5074
f 4898 5074 4900
f 4900 5074 5072
f 4900 5072 4902
f 4902 5072 5070
f 4902 5070 5068
f 4902 5068 4904
f 4904 5068 5066
f 4904 5066 4906
f 4906 5066 5064
f 4906 5064 4908
f 4908 5064 4944
f 4908 4944 4910
f 4910 4944 4942
f 4910 4942 4912
f 4912 4942 4940
f 4912 4940 4914
f 4914 4940 4938
f 4914 4938 4916
f 4916 4938 4936
f 4916 4936 4918
f 4918 4936 4982
f 4918 4982 4920
f 4920 4982 4980
f 4920 4980 4860
f 4860 4980 4862
f 4862 4980 4978
f 5064 5062 4944
f 5018 5016 4846
f 4846 5016 4848
f 4848 5016 4932
f 4848 4932 4930
f 4932 5016 4934
f 4934 5016 5014
f 4934 5014 4888
f 4888 5014 5012
f 4888 5012 4890
f 4890 5012 5010
f 4890 5010 4892
f 4892 5010 5008
f 4892 5008 4894
f 4894 5008 5006
f 4894 5006 4896
f 4896 5006 5004
f 4992 4990 5132
f 4848 4930 4850
f 4850 4930 4928
f 4850 4928 4852
f 4852 4928 4926
f 4852 4926 4854
f 4854 4926 4924
f 4854 4924 4856
f 4856 4924 4922
f 4856 4922 4858
f 4858 4922 4920
f 4858 4920 4860
f 5157 5158 5159
f 5159 5158 5160
f 5159 5160 5161
f 5161 5160 5162
f 5161 5162 5163
f 5158 5157 5164
f 5164 5157 5165
f 5164 5165 5166
f 5166 5165 5167
f 5166 5167 5168
f 5168 5167 5169
f 5168 5169 5170
f 5170 5169 5171
f 5170 5171 5172
f 5172 5171 5173
f 5172 5173 5174
f 5172 5174 5175
f 5175 5174 5176
f 5175 5176 5177
f 5177 5176 5178
f 5177 5178 5179
f 5179 5178 5180
f 5179 5180 5181
f 5181 5180 5182
f 5181 5182 5183
f 5183 5182 5184
f 5183 5184 5185
f 5185 5184 5186
f 5186 5184 5187
f 5186 5187 5188
f 5188 5187 5189
f 5188 5189 5190
f 5190 5189 5191
f 5190 5191 5192
f 5192 5191 5193
f 5192 5193 5194
f 5194 5193 5195
f 5194 5195 5196
f 5196 5195 5197
f 5196 5197 5198
f 5196 5198 5199
f 5199 5198 5200
f 5199 5200 5201
f 5201 5200 5202
f 5201 5202 5203
f 5203 5202 5204
f 5203 5204 5163
f 5163 5204 5161
f 5090 5157 5080
f 5080 5157 5159
f 5080 5159 5079
f 5079 5159 5161
f 5079 5161 5081
f 5081 5161 5204
f 5081 5204 5082
f 5082 5204 5202
f 5082 5202 5092
f 5092 5202 5200
f 5092 5200 5093
f 5093 5200 5198
f 5093 5198 5094
f 5094 5198 5197
f 5094 5197 5095
f 5095 5197 5195
f 5095 5195 5096
f 5096 5195 5193
f 5096 5193 5103
f 5103 5193 5191
f 5103 5191 5105
f 5105 5191 5189
f 5105 5189 5106
f 5106 5189 5187
f 5106 5187 5107
f 5107 5187 5184
f 5107 5184 5108
f 5108 5184 5182
f 5108 5182 5109
f 5109 5182 5180
f 5109 5180 5115
f 5115 5180 5178
f 5115 5178 5117
f 5117 5178 5176
f 5117 5176 5119
f 5119 5176 5174
f 5119 5174 5120
f 5120 5174 5173
f 5120 5173 5121
f 5121 5173 5171
f 5121 5171 5122
f 5122 5171 5169
f 5122 5169 5123
f 5123 5169 5167
f 5123 5167 5089
f 5089 5167 5165
f 5089 5165 5090
f 5090 5165 5157
f 5158 5205 5160
f 5160 5205 5206
f 5160 5206 5162
f 5162 5206 5207
f 5162 5207 5163
f 5163 5207 5208
f 5163 5208 5203
f 5203 5208 5209
f 5203 5209 5201
f 5201 5209 5210
f 5201 5210 5199
f 5199 5210 5211
f 5199 5211 5196
f 5196 5211 5212
f 5196 5212 5194
f 5194 5212 5213
f 5194 5213 5192
f 5192 5213 5214
f 5192 5214 5190
f 5190 5214 5215
f 5190 5215 5188
f 5188 5215 5216
f 5188 5216 5186
f 5186 5216 5217
f 5186 5217 5185
f 5185 5217 5218
f 5185 5218 5183
f 5183 5218 5219
f 5183 5219 5181
f 5181 5219 5220
f 5181 5220 5179
f 5179 5220 5221
f 5179 5221 5177
f 5177 5221 5222
f 5177 5222 5175
f 5175 5222 5223
f 5175 5223 5172
f 5172 5223 5224
f 5172 5224 5170
f 5170 5224 5225
f 5170 5225 5168
f 5168 5225 5226
f 5168 5226 5166
f 5166 5226 5227
f 5166 5227 5164
f 5164 5227 5228
f 5164 5228 5158
f 5158 5228 5205
f 5229 4765 5230
f 5230 4765 5231
f 5231 4765 4791
f 5231 4791 4794
f 4765 4767 4791
f 4791 4767 4789
f 4789 4767 4787
f 4787 4767 4769
f 4787 4769 4785
f 4785 4769 4771
f 4785 4771 4783
f 4783 4771 4773
f 4783 4773 4781
f 4781 4773 4775
f 4781 4775 4779
f 4779 4775 4777
f 4765 5229 4766
f 4766 5229 4800
f 5229 5230 4800
f 4800 5230 5232
f 5233 5234 5235
f 5235 5234 5236
f 5235 5236 5237
f 5237 5236 5238
f 5237 5238 5239
f 5239 5238 5240
f 5239 5240 5241
f 5241 5240 5242
f 5241 5242 5243
f 5243 5242 5244
f 5243 5244 5245
f 5245 5244 5246
f 5245 5246 5247
f 5247 5246 5248
f 5247 5248 5249
f 5249 5248 5250
f 5249 5250 5251
f 5251 5250 5252
f 5251 5252 5253
f 5253 5252 5254
f 5253 5254 5255
f 5255 5254 5256
f 5255 5256 5257
f 5257 5256 5258
f 5257 5258 5259
f 5259 5258 5260
f 5259 5260 5261
f 5261 5260 5262
f 5261 5262 5263
f 5263 5262 5264
f 5263 5264 5265
f 5265 5264 5266
f 5265 5266 5267
f 5267 5266 5268
f 5267 5268 5269
f 5269 5268 5270
f 5269 5270 5271
f 5271 5270 5272
f 5271 5272 5273
f 5273 5272 5274
f 5273 5274 5275
f 5275 5274 5276
f 5275 5276 5277
f 5277 5276 5278
f 5277 5278 5279
f 5279 5278 5280
f 5279 5280 5233
f 5233 5280 5234
f 5207 5206 5235
f 5235 5206 5205
f 5235 5205 5233
f 5233 5205 5228
f 5233 5228 5279
f 5279 5228 5227
f 5279 5227 5277
f 5277 5227 5226
f 5277 5226 5275
f 5275 5226 5225
f 5275 5225 5273
f 5273 5225 5224
f 5273 5224 5271
f 5271 5224 5269
f 5269 5224 5223
f 5269 5223 5267
f 5267 5223 5222
f 5267 5222 5265
f 5265 5222 5221
f 5265 5221 5263
f 5263 5221 5220
f 5263 5220 5261
f 5261 5220 5219
f 5261 5219 5259
f 5259 5219 5218
f 5259 5218 5257
f 5257 5218 5217
f 5257 5217 5216
f 5257 5216 5255
f 5255 5216 5215
f 5255 5215 5253
f 5253 5215 5214
f 5253 5214 5251
f 5251 5214 5213
f 5251 5213 5249
f 5249 5213 5212
f 5249 5212 5247
f 5247 5212 5245
f 5245 5212 5211
f 5245 5211 5243
f 5243 5211 5210
f 5243 5210 5241
f 5241 5210 5209
f 5241 5209 5239
f 5239 5209 5208
f 5239 5208 5237
f 5237 5208 5207
f 5237 5207 5235
f 5281 4796 5282
f 5282 4796 4797
f 5282 4797 5283
f 5283 4797 4798
f 5283 4798 5284
f 5284 4798 4799
f 5284 4799 5285
f 5285 4799 4801
f 5285 4801 5286
f 5286 4801 4803
f 5286 4803 5287
f 5287 4803 4804
f 5287 4804 5288
f 5288 4804 4806
f 5288 4806 5289
f 5289 4806 4809
f 5289 4809 5290
f 5290 4809 4811
f 5290 4811 5291
f 5291 4811 4813
f 5291 4813 5292
f 5292 4813 4815
f 5292 4815 5293
f 5293 4815 4817
f 5293 4817 5294
f 5294 4817 4819
f 5294 4819 5295
f 5295 4819 4822
f 5295 4822 5296
f 5296 4822 4824
f 5296 4824 5297
f 5297 4824 4826
f 5297 4826 5298
f 5298 4826 4828
f 5298 4828 5299
f 5299 4828 4830
f 5299 4830 5300
f 5300 4830 4832
f 5300 4832 5301
f 5301 4832 4835
f 5301 4835 5302
f 5302 4835 4837
f 5302 4837 5303
f 5303 4837 4838
f 5303 4838 5304
f 5304 4838 4795
f 5304 4795 5281
f 5281 4795 4796
f 5238 5236 5282
f 5282 5236 5234
f 5282 5234 5281
f 5281 5234 5280
f 5281 5280 5304
f 5304 5280 5278
f 5304 5278 5303
f 5303 5278 5276
f 5303 5276 5302
f 5302 5276 5274
f 5302 5274 5301
f 5301 5274 5272
f 5301 5272 5300
f 5300 5272 5299
f 5299 5272 5270
f 5299 5270 5298
f 5298 5270 5268
f 5298 5268 5297
f 5297 5268 5266
f 5297 5266 5296
f 5296 5266 5264
f 5296 5264 5295
f 5295 5264 5262
f 5295 5262 5294
f 5294 5262 5260
f 5294 5260 5293
f 5293 5260 5258
f 5293 5258 5256
f 5293 5256 5292
f 5292 5256 5254
f 5292 5254 5291
f 5291 5254 5252
f 5291 5252 5290
f 5290 5252 5250
f 5290 5250 5289
f 5289 5250 5248
f 5289 5248 5288
f 5288 5248 5287
f 5287 5248 5246
f 5287 5246 5286
f 5286 5246 5244
f 5286 5244 5285
f 5285 5244 5242
f 5285 5242 5284
f 5284 5242 5240
f 5284 5240 5283
f 5283 5240 5238
f 5283 5238 5282
f 5231 4794 5305
f 5305 4794 4793
f 5306 5307 5308
f 5308 5307 5309
f 5309 5307 5310
f 5310 5307 5311
f 5310 5311 5312
f 5312 5311 5313
f 4836 5314 4793
f 4793 5314 5315
f 4793 5315 5305
f 5232 5230 5308
f 5308 5230 5231
f 5308 5231 5306
f 5306 5231 5305
f 5306 5305 5316
f 5316 5305 5315
f 5317 5318 5308
f 5308 5318 5232
f 5306 5316 5307
f 5307 5316 5319
f 5307 5319 5311
f 5311 5319 5320
f 5311 5320 5313
f 5313 5320 5321
f 5313 5321 5312
f 5312 5321 5322
f 5312 5322 5310
f 5310 5322 5323
f 5310 5323 5309
f 5309 5323 5324
f 5309 5324 5308
f 5308 5324 5317
f 5232 5318 4800
f 4800 5318 5325
f 4800 5325 4802
f 5326 4833 5327
f 5327 4833 4831
f 5327 4831 5328
f 5328 4831 5329
f 5329 4831 4829
f 5329 4829 5330
f 5330 4829 4827
f 5330 4827 5331
f 5331 4827 4825
f 5331 4825 5332
f 5332 4825 5333
f 5333 4825 4823
f 5333 4823 5334
f 5334 4823 4821
f 5334 4821 5335
f 5335 4821 4820
f 5335 4820 5336
f 5336 4820 5337
f 5337 4820 4818
f 5337 4818 5338
f 5338 4818 4816
f 5338 4816 5339
f 5339 4816 4814
f 5339 4814 5340
f 5340 4814 5341
f 5341 4814 4812
f 5341 4812 5342
f 5342 4812 4810
f 5342 4810 5343
f 5343 4810 4808
f 5343 4808 5344
f 5344 4808 5345
f 5345 4808 4807
f 5345 4807 5346
f 5346 4807 4805
f 5346 4805 5347
f 5347 4805 4802
f 5347 4802 5325
f 4833 5326 4834
f 4834 5326 5348
f 4834 5348 4836
f 4836 5348 5314
f 5349 5327 5350
f 5350 5327 5328
f 5350 5328 5351
f 5351 5328 5352
f 5351 5352 5353
f 5353 5352 5354
f 5354 5352 5355
f 5354 5355 5356
f 5356 5355 5357
f 5356 5357 5358
f 5358 5357 5330
f 5330 5357 5329
f 5329 5357 5355
f 5329 5355 5328
f 5328 5355 5352
f 5353 5359 5351
f 5351 5359 5350
f 5359 5360 5350
f 5350 5360 5349
f 5348 5361 5314
f 5314 5361 5362
f 5314 5362 5363
f 5363 5362 5364
f 5363 5364 5365
f 5365 5364 5366
f 5365 5366 5367
f 5367 5366 5368
f 5367 5368 5369
f 5369 5368 5370
f 5370 5368 5371
f 5370 5371 5372
f 5372 5371 5373
f 5372 5373 5374
f 5374 5373 5375
f 5374 5375 5376
f 5376 5375 5377
f 5376 5377 5378
f 5378 5377 5379
f 5378 5379 5326
f 5326 5379 5348
f 5348 5379 5361
f 5378 5326 5380
f 5380 5326 5327
f 5380 5327 5381
f 5381 5327 5382
f 5381 5382 5380
f 5380 5382 5376
f 5380 5376 5378
f 5382 5327 5374
f 5374 5327 5372
f 5369 5383 5367
f 5367 5383 5384
f 5367 5384 5365
f 5365 5384 5385
f 5365 5385 5363
f 5363 5385 5315
f 5363 5315 5314
f 5383 5386 5384
f 5384 5386 5387
f 5384 5387 5385
f 5385 5387 5315
f 5386 5388 5387
f 5387 5388 5389
f 5387 5389 5315
f 5362 5361 5390
f 5390 5361 5379
f 5390 5379 5377
f 5362 5390 5364
f 5364 5390 5391
f 5364 5391 5366
f 5366 5391 5392
f 5366 5392 5368
f 5368 5392 5371
f 5391 5390 5377
f 5391 5377 5375
f 5374 5376 5382
f 5391 5375 5392
f 5392 5375 5373
f 5392 5373 5371
f 5393 5336 5394
f 5394 5336 5337
f 5394 5337 5395
f 5395 5337 5396
f 5395 5396 5397
f 5397 5396 5398
f 5398 5396 5399
f 5398 5399 5400
f 5400 5399 5401
f 5400 5401 5402
f 5402 5401 5339
f 5339 5401 5338
f 5338 5401 5399
f 5338 5399 5337
f 5337 5399 5396
f 5397 5403 5395
f 5395 5403 5394
f 5403 5404 5394
f 5394 5404 5393
f 5358 5333 5405
f 5405 5333 5334
f 5405 5334 5406
f 5406 5334 5335
f 5406 5335 5407
f 5407 5335 5408
f 5407 5408 5409
f 5409 5408 5410
f 5410 5408 5411
f 5410 5411 5412
f 5412 5411 5336
f 5336 5411 5408
f 5336 5408 5335
f 5409 5413 5407
f 5407 5413 5406
f 5413 5414 5406
f 5406 5414 5405
f 5414 5415 5405
f 5405 5415 5358
f 5339 5340 5402
f 5402 5340 5341
f 5402 5341 5342
f 5330 5331 5358
f 5358 5331 5332
f 5358 5332 5333
f 5402 5342 5416
f 5416 5342 5343
f 5416 5343 5417
f 5417 5343 5344
f 5417 5344 5418
f 5418 5344 5419
f 5418 5419 5420
f 5420 5419 5421
f 5421 5419 5422
f 5421 5422 5423
f 5423 5422 5345
f 5345 5422 5419
f 5345 5419 5344
f 5420 5424 5418
f 5418 5424 5417
f 5424 5425 5417
f 5417 5425 5416
f 5425 5426 5416
f 5416 5426 5402
f 5427 5428 5389
f 5389 5428 5429
f 5389 5429 5430
f 5430 5429 5431
f 5430 5431 5432
f 5432 5431 5433
f 5433 5431 5434
f 5433 5434 5435
f 5435 5434 5436
f 5435 5436 5437
f 5437 5436 5438
f 5437 5438 5439
f 5439 5438 5440
f 5439 5440 4762
f 4762 5440 5441
f 4762 5441 4761
f 4761 5441 5442
f 4761 5442 5443
f 5443 5442 5444
f 5444 5442 5445
f 5444 5445 5446
f 5446 5445 5447
f 5446 5447 5448
f 5448 5447 5449
f 5448 5449 5427
f 5427 5449 5428
f 5434 5431 5429
f 5429 5428 5450
f 5450 5428 5449
f 5450 5449 5451
f 5451 5449 5447
f 5451 5447 5452
f 5452 5447 5445
f 5452 5445 5441
f 5441 5445 5442
f 5436 5434 5450
f 5450 5434 5429
f 5436 5450 5451
f 5438 5436 5451
f 5438 5451 5452
f 5440 5438 5452
f 5440 5452 5441
f 5427 5389 5453
f 5453 5389 5388
f 5453 5388 5454
f 5454 5388 5386
f 5454 5386 5455
f 5455 5386 5456
f 5455 5456 5457
f 5457 5456 5458
f 5457 5458 5459
f 5459 5458 5460
f 5459 5460 5461
f 5461 5460 5462
f 5461 5462 5463
f 5463 5462 5464
f 5464 5462 5465
f 5464 5465 5466
f 5466 5465 5467
f 5466 5467 5468
f 5468 5467 5469
f 5468 5469 5372
f 5372 5469 5370
f 5370 5469 5369
f 5369 5469 5470
f 5369 5470 5471
f 5471 5470 5458
f 5471 5458 5456
f 5386 5383 5456
f 5456 5383 5471
f 5383 5369 5471
f 5372 5472 5468
f 5468 5472 5466
f 5461 5463 5473
f 5473 5463 5474
f 5473 5474 5475
f 5475 5474 4761
f 5475 4761 5443
f 5475 5443 5476
f 5476 5443 5444
f 5476 5444 5477
f 5477 5444 5446
f 5477 5446 5478
f 5478 5446 5448
f 5478 5448 5479
f 5479 5448 5427
f 5479 5427 5453
f 5479 5453 5454
f 5478 5479 5455
f 5455 5479 5454
f 5478 5455 5457
f 5460 5458 5470
f 5460 5470 5467
f 5467 5470 5469
f 5477 5478 5457
f 5477 5457 5459
f 5462 5460 5467
f 5465 5462 5467
f 5476 5477 5459
f 5476 5459 5461
f 5475 5476 5461
f 5473 5475 5461
f 5356 5358 5480
f 5480 5358 5415
f 5480 5415 5481
f 5481 5415 5414
f 5481 5414 5482
f 5482 5414 5483
f 5482 5483 5484
f 5484 5483 5485
f 5484 5485 5486
f 5486 5485 5487
f 5486 5487 5488
f 5488 5487 5489
f 5488 5489 5490
f 5490 5489 5491
f 5491 5489 5492
f 5491 5492 5493
f 5493 5492 5494
f 5493 5494 5495
f 5495 5494 5496
f 5495 5496 5412
f 5412 5496 5410
f 5410 5496 5409
f 5409 5496 5497
f 5409 5497 5498
f 5498 5497 5485
f 5498 5485 5483
f 5414 5413 5483
f 5483 5413 5498
f 5413 5409 5498
f 5412 5499 5495
f 5495 5499 5493
f 5488 5490 5500
f 5500 5490 5501
f 5500 5501 5502
f 5502 5501 5349
f 5502 5349 5360
f 5502 5360 5503
f 5503 5360 5359
f 5503 5359 5504
f 5504 5359 5353
f 5504 5353 5505
f 5505 5353 5354
f 5505 5354 5506
f 5506 5354 5356
f 5506 5356 5480
f 5506 5480 5481
f 5505 5506 5482
f 5482 5506 5481
f 5505 5482 5484
f 5487 5485 5497
f 5487 5497 5494
f 5494 5497 5496
f 5504 5505 5484
f 5504 5484 5486
f 5489 5487 5494
f 5492 5489 5494
f 5503 5504 5486
f 5503 5486 5488
f 5502 5503 5488
f 5500 5502 5488
f 5346 5507 5345
f 5345 5507 5508
f 5345 5508 5509
f 5509 5508 5510
f 5509 5510 5511
f 5511 5510 5512
f 5511 5512 5513
f 5513 5512 5514
f 5513 5514 5515
f 5515 5514 5516
f 5516 5514 5517
f 5516 5517 5430
f 5430 5517 5318
f 5318 5517 5518
f 5318 5518 5519
f 5519 5518 5520
f 5519 5520 5521
f 5521 5520 5522
f 5521 5522 5523
f 5523 5522 5524
f 5523 5524 5346
f 5346 5524 5507
f 5523 5346 5525
f 5525 5346 5347
f 5525 5347 5526
f 5526 5347 5325
f 5526 5325 5527
f 5527 5325 5519
f 5527 5519 5521
f 5325 5318 5519
f 5515 5528 5513
f 5513 5528 5529
f 5513 5529 5511
f 5511 5529 5530
f 5511 5530 5509
f 5509 5530 5531
f 5509 5531 5345
f 5528 5532 5529
f 5529 5532 5533
f 5529 5533 5530
f 5530 5533 5531
f 5532 5534 5533
f 5533 5534 5531
f 5508 5507 5535
f 5535 5507 5524
f 5535 5524 5522
f 5510 5535 5536
f 5536 5535 5522
f 5536 5522 5520
f 5535 5510 5508
f 5510 5536 5512
f 5512 5536 5537
f 5512 5537 5514
f 5514 5537 5517
f 5537 5536 5520
f 5518 5517 5537
f 5537 5520 5518
f 5526 5527 5525
f 5525 5527 5521
f 5525 5521 5523
f 5400 5402 5538
f 5538 5402 5426
f 5538 5426 5539
f 5539 5426 5425
f 5539 5425 5540
f 5540 5425 5541
f 5540 5541 5542
f 5542 5541 5543
f 5542 5543 5544
f 5544 5543 5545
f 5544 5545 5546
f 5546 5545 5547
f 5546 5547 5548
f 5548 5547 5549
f 5549 5547 5550
f 5549 5550 5551
f 5551 5550 5552
f 5551 5552 5553
f 5553 5552 5554
f 5553 5554 5423
f 5423 5554 5421
f 5421 5554 5420
f 5420 5554 5555
f 5420 5555 5556
f 5556 5555 5543
f 5556 5543 5541
f 5425 5424 5541
f 5541 5424 5556
f 5424 5420 5556
f 5423 5557 5553
f 5553 5557 5551
f 5546 5548 5558
f 5558 5548 5559
f 5558 5559 5560
f 5560 5559 5393
f 5560 5393 5404
f 5560 5404 5561
f 5561 5404 5403
f 5561 5403 5562
f 5562 5403 5397
f 5562 5397 5563
f 5563 5397 5398
f 5563 5398 5564
f 5564 5398 5400
f 5564 5400 5538
f 5564 5538 5539
f 5563 5564 5540
f 5540 5564 5539
f 5563 5540 5542
f 5545 5543 5555
f 5545 5555 5552
f 5552 5555 5554
f 5562 5563 5542
f 5562 5542 5544
f 5547 5545 5552
f 5550 5547 5552
f 5561 5562 5544
f 5561 5544 5546
f 5560 5561 5546
f 5558 5560 5546
f 5516 5430 5565
f 5565 5430 5432
f 5565 5432 5566
f 5566 5432 5433
f 5566 5433 5567
f 5567 5433 5568
f 5567 5568 5569
f 5569 5568 5570
f 5569 5570 5571
f 5571 5570 5572
f 5571 5572 5573
f 5573 5572 5574
f 5573 5574 5575
f 5575 5574 5576
f 5576 5574 5577
f 5576 5577 5578
f 5578 5577 5579
f 5578 5579 5580
f 5580 5579 5581
f 5580 5581 4762
f 4762 5581 5439
f 5439 5581 5437
f 5437 5581 5582
f 5437 5582 5583
f 5583 5582 5570
f 5583 5570 5568
f 5433 5435 5568
f 5568 5435 5583
f 5435 5437 5583
f 4762 5584 5580
f 5580 5584 5578
f 5573 5575 5585
f 5585 5575 5586
f 5585 5586 5587
f 5587 5586 5531
f 5587 5531 5534
f 5587 5534 5588
f 5588 5534 5532
f 5588 5532 5589
f 5589 5532 5528
f 5589 5528 5590
f 5590 5528 5515
f 5590 5515 5591
f 5591 5515 5516
f 5591 5516 5565
f 5591 5565 5566
f 5590 5591 5567
f 5567 5591 5566
f 5590 5567 5569
f 5572 5570 5582
f 5572 5582 5579
f 5579 5582 5581
f 5589 5590 5569
f 5589 5569 5571
f 5574 5572 5579
f 5577 5574 5579
f 5588 5589 5571
f 5588 5571 5573
f 5587 5588 5573
f 5585 5587 5573
f 5501 5592 5349
f 5349 5592 5593
f 5349 5593 5594
f 5594 5593 5595
f 5594 5595 5596
f 5596 5595 5597
f 5596 5597 5598
f 5598 5597 5599
f 5598 5599 5600
f 5600 5599 5601
f 5601 5599 5602
f 5601 5602 5603
f 5603 5602 5604
f 5603 5604 5605
f 5605 5604 5606
f 5605 5606 5607
f 5607 5606 5608
f 5607 5608 5609
f 5609 5608 5610
f 5609 5610 5490
f 5490 5610 5501
f 5501 5610 5592
f 5490 5491 5609
f 5609 5491 5611
f 5609 5611 5607
f 5607 5611 5612
f 5607 5612 5605
f 5605 5612 5412
f 5605 5412 5603
f 5491 5493 5611
f 5611 5493 5613
f 5611 5613 5612
f 5612 5613 5412
f 5493 5499 5613
f 5613 5499 5412
f 5600 5614 5598
f 5598 5614 5615
f 5598 5615 5596
f 5596 5615 5616
f 5596 5616 5594
f 5594 5616 5617
f 5594 5617 5349
f 5614 5618 5615
f 5615 5618 5619
f 5615 5619 5616
f 5616 5619 5617
f 5618 5620 5619
f 5619 5620 5617
f 5593 5592 5621
f 5621 5592 5610
f 5621 5610 5608
f 5593 5621 5595
f 5595 5621 5622
f 5595 5622 5597
f 5597 5622 5623
f 5597 5623 5599
f 5599 5623 5602
f 5622 5621 5608
f 5623 5622 5606
f 5606 5622 5608
f 5602 5623 5604
f 5604 5623 5606
f 5393 5624 5336
f 5336 5624 5603
f 5336 5603 5412
f 5559 5625 5393
f 5393 5625 5626
f 5393 5626 5627
f 5627 5626 5628
f 5627 5628 5629
f 5629 5628 5630
f 5629 5630 5631
f 5631 5630 5632
f 5631 5632 5633
f 5633 5632 5634
f 5634 5632 5635
f 5634 5635 5636
f 5636 5635 5637
f 5636 5637 5638
f 5638 5637 5639
f 5638 5639 5640
f 5640 5639 5641
f 5640 5641 5642
f 5642 5641 5643
f 5642 5643 5548
f 5548 5643 5559
f 5559 5643 5625
f 5548 5549 5642
f 5642 5549 5644
f 5642 5644 5640
f 5640 5644 5645
f 5640 5645 5638
f 5638 5645 5423
f 5638 5423 5636
f 5549 5551 5644
f 5644 5551 5646
f 5644 5646 5645
f 5645 5646 5423
f 5551 5557 5646
f 5646 5557 5423
f 5633 5647 5631
f 5631 5647 5648
f 5631 5648 5629
f 5629 5648 5649
f 5629 5649 5627
f 5627 5649 5624
f 5627 5624 5393
f 5647 5650 5648
f 5648 5650 5651
f 5648 5651 5649
f 5649 5651 5624
f 5650 5652 5651
f 5651 5652 5624
f 5626 5625 5653
f 5653 5625 5643
f 5653 5643 5641
f 5626 5653 5628
f 5628 5653 5654
f 5628 5654 5630
f 5630 5654 5655
f 5630 5655 5632
f 5632 5655 5635
f 5654 5653 5641
f 5655 5654 5639
f 5639 5654 5641
f 5635 5655 5637
f 5637 5655 5639
f 5531 5656 5345
f 5345 5656 5636
f 5345 5636 5423
f 5316 5315 5319
f 5319 5315 5389
f 5319 5389 5320
f 5320 5389 5321
f 5321 5389 5322
f 5322 5389 5430
f 5322 5430 5323
f 5323 5430 5324
f 5324 5430 5318
f 5324 5318 5317
f 5657 5658 5659
f 5659 5658 5660
f 5659 5660 5661
f 5661 5660 5662
f 5661 5662 5663
f 5663 5662 5664
f 5663 5664 5665
f 5665 5664 5666
f 5665 5666 5667
f 5667 5666 5668
f 5667 5668 5669
f 5669 5668 5670
f 5669 5670 5671
f 5671 5670 5672
f 5672 5670 5673
f 5673 5670 5674
f 5674 5670 5675
f 5676 5677 5678
f 5678 5677 5679
f 5678 5679 5680
f 5680 5679 5681
f 5680 5681 5682
f 5682 5681 5683
f 5682 5683 5684
f 5684 5683 5685
f 5684 5685 5686
f 5686 5685 5687
f 5686 5687 5688
f 5688 5687 5689
f 5688 5689 5690
f 5690 5689 5691
f 5691 5689 5692
f 5692 5689 5693
f 5693 5689 5694
f 5695 5696 5697
f 5697 5696 5698
f 5697 5698 5699
f 5699 5698 5700
f 5699 5700 5701
f 5701 5700 5702
f 5701 5702 5703
f 5703 5702 5704
f 5703 5704 5705
f 5705 5704 5706
f 5705 5706 5707
f 5707 5706 5708
f 5707 5708 5709
f 5709 5708 5710
f 5710 5708 5711
f 5711 5708 5712
f 5712 5708 5713
f 5714 5715 5716
f 5716 5715 5717
f 5716 5717 5718
f 5718 5717 5719
f 5718 5719 5720
f 5720 5719 5721
f 5720 5721 5722
f 5722 5721 5723
f 5722 5723 5724
f 5724 5723 5725
f 5724 5725 5726
f 5726 5725 5727
f 5726 5727 5728
f 5728 5727 5729
f 5729 5727 5730
f 5730 5727 5731
f 5731 5727 5732
f 5733 5734 5735
f 5735 5734 5736
f 5735 5736 5737
f 5737 5736 5738
f 5737 5738 5739
f 5739 5738 5740
f 5739 5740 5636
f 5636 5740 5634
f 5634 5740 5741
f 5634 5741 5633
f 5633 5741 5742
f 5633 5742 5743
f 5743 5742 5744
f 5743 5744 5745
f 5745 5744 5746
f 5745 5746 5747
f 5747 5746 5748
f 5747 5748 5749
f 5734 5750 5736
f 5736 5750 5751
f 5736 5751 5738
f 5738 5751 5752
f 5738 5752 5740
f 5740 5752 5741
f 5751 5750 5753
f 5753 5750 5754
f 5753 5754 5755
f 5755 5754 5756
f 5755 5756 5746
f 5746 5756 5748
f 5747 5749 5757
f 5757 5749 5758
f 5757 5758 5759
f 5759 5758 5760
f 5759 5760 5761
f 5758 5762 5760
f 5759 5761 5763
f 5763 5761 5764
f 5763 5764 5765
f 5765 5764 5624
f 5765 5624 5652
f 5650 5766 5652
f 5652 5766 5767
f 5652 5767 5765
f 5765 5767 5763
f 5766 5650 5768
f 5768 5650 5647
f 5768 5647 5743
f 5743 5647 5633
f 5757 5759 5769
f 5769 5759 5763
f 5769 5763 5767
f 5747 5757 5770
f 5770 5757 5769
f 5770 5769 5766
f 5766 5769 5767
f 5746 5744 5755
f 5755 5744 5771
f 5755 5771 5753
f 5753 5771 5752
f 5753 5752 5751
f 5747 5770 5745
f 5745 5770 5768
f 5745 5768 5743
f 5768 5770 5766
f 5741 5752 5771
f 5741 5771 5742
f 5742 5771 5744
f 5764 5772 5624
f 5624 5772 5773
f 5624 5773 5603
f 5764 5761 5772
f 5772 5761 5760
f 5772 5760 5774
f 5774 5760 5762
f 5775 5776 5774
f 5774 5776 5713
f 5774 5713 5772
f 5772 5713 5777
f 5772 5777 5778
f 5776 5775 5779
f 5779 5775 5780
f 5779 5780 5781
f 5781 5780 5782
f 5781 5782 5783
f 5783 5709 5781
f 5781 5709 5710
f 5781 5710 5779
f 5779 5710 5711
f 5779 5711 5776
f 5776 5711 5712
f 5776 5712 5713
f 5713 5784 5777
f 5778 5773 5772
f 5725 5723 5727
f 5727 5723 5721
f 5727 5721 5719
f 5719 5717 5727
f 5727 5717 5715
f 5727 5715 5733
f 5733 5715 5762
f 5733 5762 5758
f 5715 5774 5762
f 5733 5758 5734
f 5734 5758 5749
f 5734 5749 5750
f 5750 5749 5754
f 5754 5749 5748
f 5754 5748 5756
f 5733 5732 5727
f 5733 5735 5732
f 5732 5735 5785
f 5732 5785 5786
f 5786 5785 5787
f 5786 5787 5788
f 5788 5787 5789
f 5788 5789 5790
f 5790 5789 5791
f 5790 5791 5792
f 5735 5737 5785
f 5785 5737 5739
f 5785 5739 5787
f 5787 5739 5656
f 5787 5656 5789
f 5789 5656 5793
f 5789 5793 5794
f 5739 5636 5656
f 5794 5795 5789
f 5789 5795 5791
f 5795 5796 5791
f 5790 5792 5797
f 5797 5792 5798
f 5797 5798 5799
f 5799 5798 5800
f 5799 5800 5801
f 5799 5801 5802
f 5802 5801 5728
f 5802 5728 5803
f 5803 5728 5729
f 5803 5729 5804
f 5804 5729 5730
f 5804 5730 5786
f 5786 5730 5731
f 5786 5731 5732
f 5804 5786 5788
f 5788 5790 5805
f 5805 5790 5797
f 5805 5797 5802
f 5802 5797 5799
f 5803 5804 5805
f 5805 5804 5788
f 5803 5805 5802
f 5784 5806 5777
f 5777 5806 5807
f 5777 5807 5778
f 5778 5807 5808
f 5778 5808 5773
f 5773 5808 5809
f 5773 5809 5603
f 5603 5809 5601
f 5601 5809 5810
f 5601 5810 5600
f 5600 5810 5811
f 5600 5811 5812
f 5812 5811 5813
f 5812 5813 5814
f 5814 5813 5815
f 5814 5815 5816
f 5816 5815 5817
f 5816 5817 5818
f 5806 5819 5807
f 5807 5819 5820
f 5807 5820 5808
f 5808 5820 5821
f 5808 5821 5809
f 5809 5821 5810
f 5820 5819 5822
f 5822 5819 5823
f 5822 5823 5824
f 5824 5823 5825
f 5824 5825 5815
f 5815 5825 5817
f 5816 5818 5826
f 5826 5818 5827
f 5826 5827 5828
f 5828 5827 5829
f 5828 5829 5830
f 5827 5831 5829
f 5828 5830 5832
f 5832 5830 5833
f 5832 5833 5834
f 5834 5833 5617
f 5834 5617 5620
f 5618 5835 5620
f 5620 5835 5836
f 5620 5836 5834
f 5834 5836 5832
f 5835 5618 5837
f 5837 5618 5614
f 5837 5614 5812
f 5812 5614 5600
f 5826 5828 5838
f 5838 5828 5832
f 5838 5832 5836
f 5816 5826 5839
f 5839 5826 5838
f 5839 5838 5835
f 5835 5838 5836
f 5815 5813 5824
f 5824 5813 5840
f 5824 5840 5822
f 5822 5840 5821
f 5822 5821 5820
f 5816 5839 5814
f 5814 5839 5837
f 5814 5837 5812
f 5837 5839 5835
f 5810 5821 5840
f 5810 5840 5811
f 5811 5840 5813
f 5349 5617 5327
f 5327 5617 5841
f 5327 5841 5372
f 5833 5842 5617
f 5617 5842 5843
f 5617 5843 5844
f 5844 5843 5845
f 5844 5845 5846
f 5846 5845 5847
f 5847 5845 5675
f 5847 5675 5848
f 5833 5830 5842
f 5842 5830 5829
f 5842 5829 5849
f 5849 5829 5831
f 5842 5849 5850
f 5850 5849 5851
f 5850 5851 5852
f 5852 5851 5853
f 5852 5853 5854
f 5854 5853 5855
f 5854 5855 5856
f 5854 5856 5857
f 5857 5856 5671
f 5857 5671 5858
f 5858 5671 5672
f 5858 5672 5859
f 5859 5672 5673
f 5859 5673 5860
f 5860 5673 5674
f 5860 5674 5675
f 5844 5841 5617
f 5843 5842 5861
f 5861 5842 5850
f 5861 5850 5862
f 5862 5850 5852
f 5862 5852 5857
f 5857 5852 5854
f 5845 5843 5860
f 5860 5843 5861
f 5860 5861 5859
f 5859 5861 5862
f 5859 5862 5858
f 5858 5862 5857
f 5675 5845 5860
f 5706 5696 5708
f 5708 5696 5831
f 5708 5831 5784
f 5784 5831 5827
f 5784 5827 5806
f 5806 5827 5818
f 5806 5818 5819
f 5819 5818 5823
f 5823 5818 5817
f 5823 5817 5825
f 5706 5704 5696
f 5696 5704 5702
f 5696 5702 5700
f 5700 5698 5696
f 5696 5849 5831
f 5784 5713 5708
f 5863 5864 5865
f 5865 5864 5866
f 5865 5866 5867
f 5867 5866 5868
f 5867 5868 5869
f 5869 5868 5870
f 5869 5870 4763
f 4763 5870 5871
f 5871 5870 5872
f 5871 5872 5873
f 5873 5872 5874
f 5873 5874 5875
f 5875 5874 5876
f 5875 5876 5877
f 5877 5876 5878
f 5877 5878 5879
f 5879 5878 5880
f 5879 5880 5881
f 5864 5882 5866
f 5866 5882 5883
f 5866 5883 5868
f 5868 5883 5884
f 5868 5884 5870
f 5870 5884 5872
f 5883 5882 5885
f 5885 5882 5886
f 5885 5886 5887
f 5887 5886 5888
f 5887 5888 5878
f 5878 5888 5880
f 5879 5881 5889
f 5889 5881 5890
f 5889 5890 5891
f 5891 5890 5795
f 5891 5795 5794
f 5890 5796 5795
f 5891 5794 5892
f 5892 5794 5793
f 5892 5793 5893
f 5893 5793 5656
f 5893 5656 5894
f 5895 5896 5894
f 5894 5896 5897
f 5894 5897 5893
f 5893 5897 5892
f 5896 5895 5898
f 5898 5895 5899
f 5898 5899 5875
f 5875 5899 5873
f 5889 5891 5900
f 5900 5891 5892
f 5900 5892 5897
f 5879 5889 5901
f 5901 5889 5900
f 5901 5900 5896
f 5896 5900 5897
f 5878 5876 5887
f 5887 5876 5902
f 5887 5902 5885
f 5885 5902 5884
f 5885 5884 5883
f 5879 5901 5877
f 5877 5901 5898
f 5877 5898 5875
f 5898 5901 5896
f 5872 5884 5902
f 5872 5902 5874
f 5874 5902 5876
f 5586 5903 5531
f 5531 5903 5904
f 5531 5904 5905
f 5905 5904 5906
f 5905 5906 5907
f 5907 5906 5908
f 5907 5908 5909
f 5909 5908 5910
f 5909 5910 5873
f 5873 5910 5871
f 5871 5910 5911
f 5871 5911 4763
f 4763 5911 5912
f 4763 5912 4760
f 4760 5912 5913
f 4760 5913 5914
f 5914 5913 5915
f 5914 5915 5916
f 5916 5915 5917
f 5916 5917 5576
f 5576 5917 5575
f 5575 5917 5918
f 5575 5918 5586
f 5586 5918 5903
f 5576 5578 5916
f 5916 5578 5919
f 5916 5919 5914
f 5914 5919 4760
f 5578 5584 5919
f 5919 5584 4654
f 5919 4654 4760
f 5584 4762 4654
f 5873 5899 5909
f 5909 5899 5920
f 5909 5920 5907
f 5907 5920 5921
f 5907 5921 5905
f 5905 5921 5656
f 5905 5656 5531
f 5899 5895 5920
f 5920 5895 5922
f 5920 5922 5921
f 5921 5922 5656
f 5895 5894 5922
f 5922 5894 5656
f 5904 5903 5923
f 5923 5903 5918
f 5923 5918 5924
f 5924 5918 5917
f 5924 5917 5915
f 5904 5923 5906
f 5906 5923 5925
f 5906 5925 5908
f 5908 5925 5926
f 5908 5926 5910
f 5910 5926 5911
f 5925 5923 5924
f 5925 5924 5927
f 5927 5924 5915
f 5927 5915 5913
f 5925 5927 5926
f 5926 5927 5912
f 5926 5912 5911
f 5912 5927 5913
f 5687 5677 5689
f 5689 5677 5796
f 5689 5796 5863
f 5863 5796 5890
f 5863 5890 5864
f 5864 5890 5881
f 5864 5881 5882
f 5882 5881 5886
f 5886 5881 5880
f 5886 5880 5888
f 5687 5685 5677
f 5677 5685 5683
f 5677 5683 5681
f 5681 5679 5677
f 5677 5791 5796
f 5863 5694 5689
f 5863 5865 5694
f 5694 5865 5928
f 5694 5928 5929
f 5929 5928 5930
f 5929 5930 5931
f 5865 5867 5928
f 5928 5867 5869
f 5928 5869 4764
f 4764 5869 4763
f 4764 5932 5928
f 5928 5932 5933
f 5928 5933 5930
f 5694 5929 5934
f 5934 5929 5935
f 5934 5935 5936
f 5936 5935 5937
f 5936 5937 5938
f 5938 5937 5939
f 5938 5939 5940
f 5940 5690 5938
f 5938 5690 5691
f 5938 5691 5936
f 5936 5691 5692
f 5936 5692 5934
f 5934 5692 5693
f 5934 5693 5694
f 5848 5941 5847
f 5847 5941 5942
f 5847 5942 5846
f 5846 5942 5943
f 5846 5943 5844
f 5844 5943 5944
f 5844 5944 5841
f 5841 5944 5945
f 5945 5944 5946
f 5945 5946 5947
f 5947 5946 5948
f 5947 5948 5949
f 5949 5948 5950
f 5949 5950 5951
f 5951 5950 5952
f 5951 5952 5953
f 5953 5952 5954
f 5953 5954 5955
f 5941 5956 5942
f 5942 5956 5957
f 5942 5957 5943
f 5943 5957 5958
f 5943 5958 5944
f 5944 5958 5946
f 5957 5956 5959
f 5959 5956 5960
f 5959 5960 5961
f 5961 5960 5962
f 5961 5962 5952
f 5952 5962 5954
f 5953 5955 5963
f 5963 5955 5964
f 5963 5964 5965
f 5965 5964 5930
f 5965 5930 5933
f 5964 5931 5930
f 5965 5933 5966
f 5966 5933 5932
f 5966 5932 5967
f 5967 5932 4764
f 5967 4764 5968
f 5969 5970 5968
f 5968 5970 5971
f 5968 5971 5967
f 5967 5971 5966
f 5970 5969 5972
f 5972 5969 5973
f 5972 5973 5949
f 5949 5973 5947
f 5963 5965 5974
f 5974 5965 5966
f 5974 5966 5971
f 5953 5963 5975
f 5975 5963 5974
f 5975 5974 5970
f 5970 5974 5971
f 5952 5950 5961
f 5961 5950 5976
f 5961 5976 5959
f 5959 5976 5958
f 5959 5958 5957
f 5953 5975 5951
f 5951 5975 5972
f 5951 5972 5949
f 5972 5975 5970
f 5946 5958 5976
f 5946 5976 5948
f 5948 5976 5950
f 4761 5474 4658
f 4658 5474 5977
f 4658 5977 4714
f 4714 5977 5978
f 4714 5978 5979
f 5979 5978 5980
f 5979 5980 5981
f 5981 5980 5982
f 5981 5982 5983
f 5983 5982 5984
f 5983 5984 5947
f 5947 5984 5945
f 5945 5984 5985
f 5945 5985 5841
f 5841 5985 5986
f 5841 5986 5987
f 5987 5986 5988
f 5987 5988 5989
f 5989 5988 5990
f 5989 5990 5991
f 5991 5990 5992
f 5991 5992 5463
f 5463 5992 5474
f 5474 5992 5977
f 5463 5464 5991
f 5991 5464 5993
f 5991 5993 5989
f 5989 5993 5994
f 5989 5994 5987
f 5987 5994 5372
f 5987 5372 5841
f 5464 5466 5993
f 5993 5466 5995
f 5993 5995 5994
f 5994 5995 5372
f 5466 5472 5995
f 5995 5472 5372
f 5947 5973 5983
f 5983 5973 5996
f 5983 5996 5981
f 5981 5996 5997
f 5981 5997 5979
f 5979 5997 4714
f 5973 5969 5996
f 5996 5969 5998
f 5996 5998 5997
f 5997 5998 4764
f 5997 4764 4714
f 5969 5968 5998
f 5998 5968 4764
f 5978 5977 5999
f 5999 5977 5992
f 5999 5992 5990
f 5978 5999 5980
f 5980 5999 6000
f 5980 6000 5982
f 5982 6000 6001
f 5982 6001 5984
f 5984 6001 5985
f 6000 5999 5990
f 6001 6000 5988
f 5988 6000 5990
f 5985 6001 5986
f 5986 6001 5988
f 5668 5666 5670
f 5670 5666 5664
f 5670 5664 5662
f 5662 5660 5670
f 5670 5660 5658
f 5670 5658 5848
f 5848 5658 5931
f 5848 5931 5964
f 5658 5929 5931
f 5848 5964 5941
f 5941 5964 5955
f 5941 5955 5956
f 5956 5955 5960
f 5960 5955 5954
f 5960 5954 5962
f 5848 5675 5670
f 6002 6003 6004
f 6004 6003 6005
f 6004 6005 6006
f 6006 6005 6007
f 6006 6007 6008
f 6008 6007 6009
f 6008 6009 6010
f 6010 6009 6011
f 6010 6011 6012
f 6012 6011 6013
f 6012 6013 6014
f 6014 6013 6015
f 6014 6015 6016
f 6016 6015 6017
f 6016 6017 6018
f 6018 6017 6019
f 6018 6019 6020
f 6020 6019 6021
f 6020 6021 6022
f 6022 6021 6023
f 6022 6023 6024
f 6024 6023 6025
f 6024 6025 6026
f 6026 6025 6027
f 6026 6027 6028
f 6028 6027 6029
f 6028 6029 6030
f 6030 6029 6031
f 6030 6031 6032
f 6032 6031 6033
f 6032 6033 6034
f 6034 6033 6035
f 6034 6035 6036
f 6036 6035 6037
f 6036 6037 6038
f 6038 6037 6039
f 6038 6039 6040
f 6040 6039 6041
f 6040 6041 6042
f 6042 6041 6043
f 6042 6043 6044
f 6044 6043 6045
f 6044 6045 6046
f 6046 6045 6047
f 6046 6047 6048
f 6048 6047 6049
f 6048 6049 6002
f 6002 6049 6003
f 6006 6026 6004
f 6004 6026 6028
f 6004 6028 6002
f 6002 6028 6030
f 6002 6030 6048
f 6048 6030 6032
f 6048 6032 6046
f 6046 6032 6034
f 6046 6034 6044
f 6044 6034 6036
f 6044 6036 6042
f 6042 6036 6038
f 6042 6038 6040
f 6026 6006 6024
f 6024 6006 6008
f 6024 6008 6022
f 6022 6008 6010
f 6022 6010 6020
f 6020 6010 6012
f 6020 6012 6018
f 6018 6012 6014
f 6018 6014 6016
f 5714 5783 5715
f 5715 5783 5782
f 5715 5782 5780
f 5780 5775 5715
f 5715 5775 5774
f 5676 5801 5677
f 5677 5801 5800
f 5677 5800 5798
f 5798 5792 5677
f 5677 5792 5791
f 5695 5856 5696
f 5696 5856 5855
f 5696 5855 5853
f 5853 5851 5696
f 5696 5851 5849
f 5657 5940 5658
f 5658 5940 5939
f 5658 5939 5937
f 5937 5935 5658
f 5658 5935 5929
f 6003 5707 6005
f 6005 5707 5714
f 6005 5714 6007
f 6007 5714 5716
f 6007 5716 6009
f 6009 5716 6011
f 6011 5716 5718
f 6011 5718 6013
f 6013 5718 6015
f 6015 5718 5720
f 6015 5720 5722
f 5707 6003 5705
f 5705 6003 6049
f 5705 6049 6047
f 5705 6047 5703
f 5703 6047 6045
f 5703 6045 6043
f 6041 5697 6043
f 6043 5697 5699
f 6043 5699 5701
f 6039 5667 6041
f 6041 5667 5669
f 6041 5669 5671
f 6037 5661 6039
f 6039 5661 5663
f 6039 5663 5665
f 6037 6035 5661
f 5661 6035 5659
f 5659 6035 6033
f 5659 6033 6031
f 5659 6031 5657
f 5657 6031 6029
f 5657 6029 5688
f 5688 6029 6027
f 5688 6027 5686
f 5686 6027 6025
f 5686 6025 6023
f 5686 6023 5684
f 5684 6023 6021
f 5684 6021 6019
f 6017 5678 6019
f 6019 5678 5680
f 6019 5680 5682
f 6015 5724 6017
f 6017 5724 5726
f 6017 5726 5728
f 5783 5714 5709
f 5709 5714 5707
f 5722 5724 6015
f 5728 5801 6017
f 6017 5801 5676
f 6017 5676 5678
f 5682 5684 6019
f 5688 5690 5657
f 5657 5690 5940
f 5665 5667 6039
f 5671 5856 6041
f 6041 5856 5695
f 6041 5695 5697
f 5701 5703 6043
g Body2

v -0.960844 1.443524 1.633000
v -0.960677 1.444636 1.624459
v -0.934017 1.441514 1.633000
v -0.934017 1.442638 1.624459
v -0.907189 1.443524 1.633000
v -0.907357 1.444636 1.624459
v -0.880961 1.449510 1.633000
v -0.881292 1.450585 1.624459
v -0.855917 1.459339 1.633000
v -0.856405 1.460352 1.624459
v -0.832619 1.472791 1.633000
v -0.833252 1.473720 1.624459
v -0.811585 1.489564 1.633000
v -0.812350 1.490388 1.624459
v -0.793287 1.509285 1.633000
v -0.794166 1.509986 1.624459
v -0.778132 1.531514 1.633000
v -0.779106 1.532076 1.624459
v -0.766459 1.555752 1.633000
v -0.767506 1.556163 1.624459
v -0.758530 1.581460 1.633000
v -0.759626 1.581710 1.624459
v -0.754520 1.608062 1.633000
v -0.755641 1.608146 1.624459
v -0.754520 1.634965 1.633000
v -0.755641 1.634881 1.624459
v -0.758530 1.661567 1.633000
v -0.759626 1.661317 1.624459
v -0.766459 1.687275 1.633000
v -0.767506 1.686864 1.624459
v -0.778132 1.711514 1.633000
v -0.779106 1.710951 1.624459
v -0.793287 1.733742 1.633000
v -0.794166 1.733041 1.624459
v -0.811585 1.753463 1.633000
v -0.812350 1.752639 1.624459
v -0.832619 1.770237 1.633000
v -0.833252 1.769307 1.624459
v -0.855917 1.783688 1.633000
v -0.856405 1.782675 1.624459
v -0.880961 1.793517 1.633000
v -0.881292 1.792442 1.624459
v -0.907189 1.799503 1.633000
v -0.907357 1.798391 1.624459
v -0.934017 1.801514 1.633000
v -0.934017 1.800389 1.624459
v -0.960844 1.799503 1.633000
v -0.960677 1.798391 1.624459
v -0.987072 1.793517 1.633000
v -0.986741 1.792442 1.624459
v -1.012116 1.783688 1.633000
v -1.011628 1.782675 1.624459
v -1.035414 1.770237 1.633000
v -1.034781 1.769307 1.624459
v -1.056448 1.753463 1.633000
v -1.055683 1.752639 1.624459
v -1.074746 1.733742 1.633000
v -1.073867 1.733041 1.624459
v -1.089901 1.711514 1.633000
v -1.088927 1.710951 1.624459
v -1.101574 1.687275 1.633000
v -1.100527 1.686864 1.624459
v -1.109504 1.661567 1.633000
v -1.108407 1.661317 1.624459
v -1.113513 1.634965 1.633000
v -1.112392 1.634881 1.624459
v -1.113513 1.608062 1.633000
v -1.112392 1.608146 1.624459
v -1.109504 1.581460 1.633000
v -1.108407 1.581710 1.624459
v -1.101574 1.555752 1.633000
v -1.100527 1.556163 1.624459
v -1.089901 1.531514 1.633000
v -1.088927 1.532076 1.624459
v -1.074746 1.509285 1.633000
v -1.073867 1.509986 1.624459
v -1.056448 1.489564 1.633000
v -1.055683 1.490388 1.624459
v -1.035414 1.472791 1.633000
v -1.034781 1.473720 1.624459
v -1.012116 1.459339 1.633000
v -1.011628 1.460352 1.624459
v -0.987072 1.449510 1.633000
v -0.986741 1.450585 1.624459
v -0.909821 1.476518 1.600000
v -0.910834 1.467710 1.601125
v -0.934017 1.474514 1.600000
v -0.934017 1.465973 1.601125
v -0.957199 1.467710 1.601125
v -0.934017 1.458014 1.604421
v -0.958385 1.459840 1.604421
v -0.934017 1.451179 1.609666
v -0.959404 1.453082 1.609666
v -0.934017 1.445935 1.616500
v -0.960185 1.447896 1.616500
v -0.888170 1.472883 1.601125
v -0.886286 1.482478 1.600000
v -0.866530 1.481376 1.601125
v -0.864052 1.492231 1.600000
v -0.846397 1.493000 1.601125
v -0.843727 1.505510 1.600000
v -0.828222 1.507494 1.601125
v -0.825865 1.521953 1.600000
v -0.812410 1.524535 1.601125
v -0.810953 1.541112 1.600000
v -0.799314 1.543743 1.601125
v -0.799398 1.562464 1.600000
v -0.789227 1.564688 1.601125
v -0.791515 1.585427 1.600000
v -0.782375 1.586902 1.601125
v -0.787519 1.609374 1.600000
v -0.778910 1.609890 1.601125
v -0.787519 1.633653 1.600000
v -0.778910 1.633137 1.601125
v -0.782375 1.656125 1.601125
v -0.774616 1.657896 1.604421
v -0.781819 1.681247 1.604421
v -0.775457 1.683744 1.609666
v -0.786503 1.706681 1.609666
v -0.781961 1.709303 1.616500
v -0.796743 1.730985 1.616500
v -0.791515 1.657600 1.600000
v -0.789227 1.678339 1.601125
v -0.792421 1.703264 1.604421
v -0.800844 1.727715 1.609666
v -0.814593 1.750222 1.616500
v -0.799398 1.680563 1.600000
v -0.799314 1.699284 1.601125
v -0.806187 1.723454 1.604421
v -0.818160 1.746378 1.609666
v -0.835109 1.766584 1.616500
v -0.810953 1.701915 1.600000
v -0.812410 1.718492 1.601125
v -0.822808 1.741368 1.604421
v -0.838064 1.762251 1.609666
v -0.857836 1.779705 1.616500
v -0.825865 1.721074 1.600000
v -0.828222 1.735533 1.601125
v -0.841914 1.756604 1.604421
v -0.860111 1.774980 1.609666
v -0.882264 1.789292 1.616500
v -0.843727 1.737517 1.600000
v -0.846397 1.750028 1.601125
v -0.863077 1.768822 1.604421
v -0.883810 1.784281 1.609666
v -0.907848 1.795131 1.616500
v -0.864052 1.750796 1.600000
v -0.866530 1.761651 1.601125
v -0.885824 1.777750 1.604421
v -0.908630 1.789946 1.609666
v -0.934017 1.797092 1.616500
v -0.886286 1.760549 1.600000
v -0.888170 1.770144 1.601125
v -0.909648 1.783187 1.604421
v -0.934017 1.791848 1.609666
v -0.960185 1.795131 1.616500
v -0.909821 1.766509 1.600000
v -0.910834 1.775317 1.601125
v -0.934017 1.785014 1.604421
v -0.959404 1.789946 1.609666
v -0.985769 1.789292 1.616500
v -0.934017 1.768514 1.600000
v -0.934017 1.777055 1.601125
v -0.958385 1.783187 1.604421
v -0.984224 1.784281 1.609666
v -1.010197 1.779705 1.616500
v -0.957199 1.775317 1.601125
v -0.958212 1.766509 1.600000
v -0.979863 1.770144 1.601125
v -0.981747 1.760549 1.600000
v -1.001503 1.761651 1.601125
v -1.003981 1.750796 1.600000
v -1.021636 1.750028 1.601125
v -1.024306 1.737517 1.600000
v -1.039811 1.735533 1.601125
v -1.042168 1.721074 1.600000
v -1.055623 1.718492 1.601125
v -1.057080 1.701915 1.600000
v -1.068719 1.699284 1.601125
v -1.068635 1.680563 1.600000
v -1.078806 1.678339 1.601125
v -1.076518 1.657600 1.600000
v -1.085658 1.656125 1.601125
v -1.080514 1.633653 1.600000
v -1.089123 1.633137 1.601125
v -1.080514 1.609374 1.600000
v -1.089123 1.609890 1.601125
v -1.085658 1.586902 1.601125
v -1.093417 1.585131 1.604421
v -1.086214 1.561780 1.604421
v -1.092576 1.559283 1.609666
v -1.081531 1.536346 1.609666
v -1.086072 1.533724 1.616500
v -1.071290 1.512042 1.616500
v -1.076518 1.585427 1.600000
v -1.078806 1.564688 1.601125
v -1.075612 1.539764 1.604421
v -1.067189 1.515312 1.609666
v -1.053440 1.492805 1.616500
v -1.068635 1.562464 1.600000
v -1.068719 1.543743 1.601125
v -1.061846 1.519573 1.604421
v -1.049873 1.496650 1.609666
v -1.032924 1.476444 1.616500
v -1.057080 1.541112 1.600000
v -1.055623 1.524535 1.601125
v -1.045225 1.501660 1.604421
v -1.029969 1.480777 1.609666
v -1.010197 1.463322 1.616500
v -1.042168 1.521953 1.600000
v -1.039811 1.507494 1.601125
v -1.026119 1.486424 1.604421
v -1.007922 1.468047 1.609666
v -0.985769 1.453735 1.616500
v -1.024306 1.505510 1.600000
v -1.021636 1.493000 1.601125
v -1.004957 1.474205 1.604421
v -0.984224 1.458747 1.609666
v -1.003981 1.492231 1.600000
v -1.001503 1.481376 1.601125
v -0.982209 1.465277 1.604421
v -0.981747 1.482478 1.600000
v -0.979863 1.472883 1.601125
v -0.958212 1.476518 1.600000
v -0.909648 1.459840 1.604421
v -0.885824 1.465277 1.604421
v -0.863077 1.474205 1.604421
v -0.841914 1.486424 1.604421
v -0.822808 1.501660 1.604421
v -0.806187 1.519573 1.604421
v -0.792421 1.539764 1.604421
v -0.781819 1.561780 1.604421
v -0.774616 1.585131 1.604421
v -0.770974 1.609295 1.604421
v -0.770974 1.633732 1.604421
v -0.908630 1.453082 1.609666
v -0.883810 1.458747 1.609666
v -0.860111 1.468047 1.609666
v -0.838064 1.480777 1.609666
v -0.818160 1.496650 1.609666
v -0.800844 1.515312 1.609666
v -0.786503 1.536346 1.609666
v -0.775457 1.559283 1.609666
v -0.767953 1.583611 1.609666
v -0.764158 1.608784 1.609666
v -0.764158 1.634243 1.609666
v -0.767953 1.659417 1.609666
v -0.907848 1.447896 1.616500
v -0.882264 1.453735 1.616500
v -0.857836 1.463322 1.616500
v -0.835109 1.476444 1.616500
v -0.814593 1.492805 1.616500
v -0.796743 1.512042 1.616500
v -0.781961 1.533724 1.616500
v -0.770575 1.557367 1.616500
v -0.762840 1.582444 1.616500
v -0.758929 1.608393 1.616500
v -0.758929 1.634635 1.616500
v -0.762840 1.660584 1.616500
v -0.770575 1.685660 1.616500
v -1.097458 1.557367 1.616500
v -1.105193 1.582444 1.616500
v -1.109104 1.608393 1.616500
v -1.109104 1.634635 1.616500
v -1.105193 1.660584 1.616500
v -1.097458 1.685660 1.616500
v -1.086072 1.709303 1.616500
v -1.071290 1.730985 1.616500
v -1.053440 1.750222 1.616500
v -1.032924 1.766584 1.616500
v -1.100080 1.583611 1.609666
v -1.097059 1.609295 1.604421
v -1.103875 1.608784 1.609666
v -1.103875 1.634243 1.609666
v -1.100080 1.659417 1.609666
v -1.092576 1.683744 1.609666
v -1.081531 1.706681 1.609666
v -1.067189 1.727715 1.609666
v -1.049873 1.746378 1.609666
v -1.029969 1.762251 1.609666
v -1.007922 1.774980 1.609666
v -1.097059 1.633732 1.604421
v -1.093417 1.657896 1.604421
v -1.086214 1.681247 1.604421
v -1.075612 1.703264 1.604421
v -1.061846 1.723454 1.604421
v -1.045225 1.741368 1.604421
v -1.026119 1.756604 1.604421
v -1.004957 1.768822 1.604421
v -0.982209 1.777750 1.604421
v -0.960844 1.443524 1.700000
v -0.934017 1.441514 1.700000
v -0.907189 1.443524 1.700000
v -0.880961 1.449510 1.700000
v -0.855917 1.459339 1.700000
v -0.832619 1.472791 1.700000
v -0.811585 1.489564 1.700000
v -0.793287 1.509285 1.700000
v -0.778132 1.531514 1.700000
v -0.766459 1.555752 1.700000
v -0.758530 1.581460 1.700000
v -0.754520 1.608062 1.700000
v -0.754520 1.634965 1.700000
v -0.758530 1.661567 1.700000
v -0.766459 1.687275 1.700000
v -0.778132 1.711514 1.700000
v -0.793287 1.733742 1.700000
v -0.811585 1.753463 1.700000
v -0.832619 1.770237 1.700000
v -0.855917 1.783688 1.700000
v -0.880961 1.793517 1.700000
v -0.907189 1.799503 1.700000
v -0.934017 1.801514 1.700000
v -0.960844 1.799503 1.700000
v -0.987072 1.793517 1.700000
v -1.012116 1.783688 1.700000
v -1.035414 1.770237 1.700000
v -1.056448 1.753463 1.700000
v -1.074746 1.733742 1.700000
v -1.089901 1.711514 1.700000
v -1.101574 1.687275 1.700000
v -1.109504 1.661567 1.700000
v -1.113513 1.634965 1.700000
v -1.113513 1.608062 1.700000
v -1.109504 1.581460 1.700000
v -1.101574 1.555752 1.700000
v -1.089901 1.531514 1.700000
v -1.074746 1.509285 1.700000
v -1.056448 1.489564 1.700000
v -1.035414 1.472791 1.700000
v -1.012116 1.459339 1.700000
v -0.987072 1.449510 1.700000
f 6050 6051 6052
f 6052 6051 6053
f 6052 6053 6054
f 6054 6053 6055
f 6054 6055 6056
f 6056 6055 6057
f 6056 6057 6058
f 6058 6057 6059
f 6058 6059 6060
f 6060 6059 6061
f 6060 6061 6062
f 6062 6061 6063
f 6062 6063 6064
f 6064 6063 6065
f 6064 6065 6066
f 6066 6065 6067
f 6066 6067 6068
f 6068 6067 6069
f 6068 6069 6070
f 6070 6069 6071
f 6070 6071 6072
f 6072 6071 6073
f 6072 6073 6074
f 6074 6073 6075
f 6074 6075 6076
f 6076 6075 6077
f 6076 6077 6078
f 6078 6077 6079
f 6078 6079 6080
f 6080 6079 6081
f 6080 6081 6082
f 6082 6081 6083
f 6082 6083 6084
f 6084 6083 6085
f 6084 6085 6086
f 6086 6085 6087
f 6086 6087 6088
f 6088 6087 6089
f 6088 6089 6090
f 6090 6089 6091
f 6090 6091 6092
f 6092 6091 6093
f 6092 6093 6094
f 6094 6093 6095
f 6094 6095 6096
f 6096 6095 6097
f 6096 6097 6098
f 6098 6097 6099
f 6098 6099 6100
f 6100 6099 6101
f 6100 6101 6102
f 6102 6101 6103
f 6102 6103 6104
f 6104 6103 6105
f 6104 6105 6106
f 6106 6105 6107
f 6106 6107 6108
f 6108 6107 6109
f 6108 6109 6110
f 6110 6109 6111
f 6110 6111 6112
f 6112 6111 6113
f 6112 6113 6114
f 6114 6113 6115
f 6114 6115 6116
f 6116 6115 6117
f 6116 6117 6118
f 6118 6117 6119
f 6118 6119 6120
f 6120 6119 6121
f 6120 6121 6122
f 6122 6121 6123
f 6122 6123 6124
f 6124 6123 6125
f 6124 6125 6126
f 6126 6125 6127
f 6126 6127 6128
f 6128 6127 6129
f 6128 6129 6130
f 6130 6129 6131
f 6130 6131 6132
f 6132 6131 6133
f 6132 6133 6050
f 6050 6133 6051
f 6134 6135 6136
f 6136 6135 6137
f 6136 6137 6138
f 6138 6137 6139
f 6138 6139 6140
f 6140 6139 6141
f 6140 6141 6142
f 6142 6141 6143
f 6142 6143 6144
f 6144 6143 6053
f 6144 6053 6051
f 6135 6134 6145
f 6145 6134 6146
f 6145 6146 6147
f 6147 6146 6148
f 6147 6148 6149
f 6149 6148 6150
f 6149 6150 6151
f 6151 6150 6152
f 6151 6152 6153
f 6153 6152 6154
f 6153 6154 6155
f 6155 6154 6156
f 6155 6156 6157
f 6157 6156 6158
f 6157 6158 6159
f 6159 6158 6160
f 6159 6160 6161
f 6161 6160 6162
f 6161 6162 6163
f 6163 6162 6164
f 6163 6164 6165
f 6165 6164 6166
f 6165 6166 6167
f 6167 6166 6168
f 6167 6168 6169
f 6169 6168 6170
f 6169 6170 6083
f 6083 6170 6085
f 6162 6171 6164
f 6164 6171 6172
f 6164 6172 6166
f 6166 6172 6173
f 6166 6173 6168
f 6168 6173 6174
f 6168 6174 6170
f 6170 6174 6175
f 6170 6175 6085
f 6085 6175 6087
f 6171 6176 6172
f 6172 6176 6177
f 6172 6177 6173
f 6173 6177 6178
f 6173 6178 6174
f 6174 6178 6179
f 6174 6179 6175
f 6175 6179 6180
f 6175 6180 6087
f 6087 6180 6089
f 6176 6181 6177
f 6177 6181 6182
f 6177 6182 6178
f 6178 6182 6183
f 6178 6183 6179
f 6179 6183 6184
f 6179 6184 6180
f 6180 6184 6185
f 6180 6185 6089
f 6089 6185 6091
f 6181 6186 6182
f 6182 6186 6187
f 6182 6187 6183
f 6183 6187 6188
f 6183 6188 6184
f 6184 6188 6189
f 6184 6189 6185
f 6185 6189 6190
f 6185 6190 6091
f 6091 6190 6093
f 6186 6191 6187
f 6187 6191 6192
f 6187 6192 6188
f 6188 6192 6193
f 6188 6193 6189
f 6189 6193 6194
f 6189 6194 6190
f 6190 6194 6195
f 6190 6195 6093
f 6093 6195 6095
f 6191 6196 6192
f 6192 6196 6197
f 6192 6197 6193
f 6193 6197 6198
f 6193 6198 6194
f 6194 6198 6199
f 6194 6199 6195
f 6195 6199 6200
f 6195 6200 6095
f 6095 6200 6097
f 6196 6201 6197
f 6197 6201 6202
f 6197 6202 6198
f 6198 6202 6203
f 6198 6203 6199
f 6199 6203 6204
f 6199 6204 6200
f 6200 6204 6205
f 6200 6205 6097
f 6097 6205 6099
f 6201 6206 6202
f 6202 6206 6207
f 6202 6207 6203
f 6203 6207 6208
f 6203 6208 6204
f 6204 6208 6209
f 6204 6209 6205
f 6205 6209 6210
f 6205 6210 6099
f 6099 6210 6101
f 6206 6211 6207
f 6207 6211 6212
f 6207 6212 6208
f 6208 6212 6213
f 6208 6213 6209
f 6209 6213 6214
f 6209 6214 6210
f 6210 6214 6215
f 6210 6215 6101
f 6101 6215 6103
f 6212 6211 6216
f 6216 6211 6217
f 6216 6217 6218
f 6218 6217 6219
f 6218 6219 6220
f 6220 6219 6221
f 6220 6221 6222
f 6222 6221 6223
f 6222 6223 6224
f 6224 6223 6225
f 6224 6225 6226
f 6226 6225 6227
f 6226 6227 6228
f 6228 6227 6229
f 6228 6229 6230
f 6230 6229 6231
f 6230 6231 6232
f 6232 6231 6233
f 6232 6233 6234
f 6234 6233 6235
f 6234 6235 6236
f 6236 6235 6237
f 6236 6237 6238
f 6238 6237 6239
f 6238 6239 6240
f 6240 6239 6241
f 6240 6241 6242
f 6242 6241 6243
f 6242 6243 6125
f 6125 6243 6127
f 6235 6244 6237
f 6237 6244 6245
f 6237 6245 6239
f 6239 6245 6246
f 6239 6246 6241
f 6241 6246 6247
f 6241 6247 6243
f 6243 6247 6248
f 6243 6248 6127
f 6127 6248 6129
f 6244 6249 6245
f 6245 6249 6250
f 6245 6250 6246
f 6246 6250 6251
f 6246 6251 6247
f 6247 6251 6252
f 6247 6252 6248
f 6248 6252 6253
f 6248 6253 6129
f 6129 6253 6131
f 6249 6254 6250
f 6250 6254 6255
f 6250 6255 6251
f 6251 6255 6256
f 6251 6256 6252
f 6252 6256 6257
f 6252 6257 6253
f 6253 6257 6258
f 6253 6258 6131
f 6131 6258 6133
f 6254 6259 6255
f 6255 6259 6260
f 6255 6260 6256
f 6256 6260 6261
f 6256 6261 6257
f 6257 6261 6262
f 6257 6262 6258
f 6258 6262 6263
f 6258 6263 6133
f 6133 6263 6051
f 6259 6264 6260
f 6260 6264 6265
f 6260 6265 6261
f 6261 6265 6266
f 6261 6266 6262
f 6262 6266 6267
f 6262 6267 6263
f 6263 6267 6144
f 6263 6144 6051
f 6264 6268 6265
f 6265 6268 6269
f 6265 6269 6266
f 6266 6269 6270
f 6266 6270 6267
f 6267 6270 6142
f 6267 6142 6144
f 6268 6271 6269
f 6269 6271 6272
f 6269 6272 6270
f 6270 6272 6140
f 6270 6140 6142
f 6271 6273 6272
f 6272 6273 6138
f 6272 6138 6140
f 6273 6136 6138
f 6213 6212 6216
f 6139 6137 6274
f 6274 6137 6135
f 6274 6135 6275
f 6275 6135 6145
f 6275 6145 6276
f 6276 6145 6147
f 6276 6147 6277
f 6277 6147 6149
f 6277 6149 6278
f 6278 6149 6151
f 6278 6151 6279
f 6279 6151 6153
f 6279 6153 6280
f 6280 6153 6155
f 6280 6155 6281
f 6281 6155 6157
f 6281 6157 6282
f 6282 6157 6159
f 6282 6159 6283
f 6283 6159 6161
f 6283 6161 6284
f 6284 6161 6163
f 6284 6163 6165
f 6141 6139 6285
f 6285 6139 6274
f 6285 6274 6286
f 6286 6274 6275
f 6286 6275 6287
f 6287 6275 6276
f 6287 6276 6288
f 6288 6276 6277
f 6288 6277 6289
f 6289 6277 6278
f 6289 6278 6290
f 6290 6278 6279
f 6290 6279 6291
f 6291 6279 6280
f 6291 6280 6292
f 6292 6280 6281
f 6292 6281 6293
f 6293 6281 6282
f 6293 6282 6294
f 6294 6282 6283
f 6294 6283 6295
f 6295 6283 6284
f 6295 6284 6296
f 6296 6284 6165
f 6296 6165 6167
f 6055 6053 6143
f 6143 6141 6297
f 6297 6141 6285
f 6297 6285 6298
f 6298 6285 6286
f 6298 6286 6299
f 6299 6286 6287
f 6299 6287 6300
f 6300 6287 6288
f 6300 6288 6301
f 6301 6288 6289
f 6301 6289 6302
f 6302 6289 6290
f 6302 6290 6303
f 6303 6290 6291
f 6303 6291 6304
f 6304 6291 6292
f 6304 6292 6305
f 6305 6292 6293
f 6305 6293 6306
f 6306 6293 6294
f 6306 6294 6307
f 6307 6294 6295
f 6307 6295 6308
f 6308 6295 6296
f 6308 6296 6309
f 6309 6296 6167
f 6309 6167 6169
f 6242 6125 6123
f 6242 6123 6310
f 6310 6123 6121
f 6310 6121 6311
f 6311 6121 6119
f 6311 6119 6312
f 6312 6119 6117
f 6312 6117 6313
f 6313 6117 6115
f 6313 6115 6314
f 6314 6115 6113
f 6314 6113 6315
f 6315 6113 6111
f 6315 6111 6316
f 6316 6111 6109
f 6316 6109 6317
f 6317 6109 6107
f 6317 6107 6318
f 6318 6107 6105
f 6318 6105 6319
f 6319 6105 6103
f 6319 6103 6215
f 6242 6310 6240
f 6240 6310 6320
f 6240 6320 6238
f 6238 6320 6321
f 6238 6321 6236
f 6236 6321 6234
f 6320 6310 6311
f 6320 6311 6322
f 6322 6311 6312
f 6322 6312 6323
f 6323 6312 6313
f 6323 6313 6324
f 6324 6313 6314
f 6324 6314 6325
f 6325 6314 6315
f 6325 6315 6326
f 6326 6315 6316
f 6326 6316 6327
f 6327 6316 6317
f 6327 6317 6328
f 6328 6317 6318
f 6328 6318 6329
f 6329 6318 6319
f 6329 6319 6330
f 6330 6319 6215
f 6330 6215 6214
f 6320 6322 6321
f 6321 6322 6331
f 6321 6331 6234
f 6234 6331 6232
f 6331 6322 6323
f 6331 6323 6332
f 6332 6323 6324
f 6332 6324 6333
f 6333 6324 6325
f 6333 6325 6334
f 6334 6325 6326
f 6334 6326 6335
f 6335 6326 6327
f 6335 6327 6336
f 6336 6327 6328
f 6336 6328 6337
f 6337 6328 6329
f 6337 6329 6338
f 6338 6329 6330
f 6338 6330 6339
f 6339 6330 6214
f 6339 6214 6213
f 6230 6232 6332
f 6332 6232 6331
f 6230 6332 6333
f 6228 6230 6333
f 6228 6333 6334
f 6226 6228 6334
f 6226 6334 6335
f 6224 6226 6335
f 6224 6335 6336
f 6222 6224 6336
f 6222 6336 6337
f 6220 6222 6337
f 6220 6337 6338
f 6218 6220 6338
f 6218 6338 6339
f 6216 6218 6339
f 6216 6339 6213
f 6169 6083 6081
f 6309 6169 6081
f 6309 6081 6079
f 6308 6309 6079
f 6308 6079 6077
f 6307 6308 6077
f 6307 6077 6075
f 6306 6307 6075
f 6306 6075 6073
f 6305 6306 6073
f 6305 6073 6071
f 6304 6305 6071
f 6304 6071 6069
f 6303 6304 6069
f 6303 6069 6067
f 6302 6303 6067
f 6302 6067 6065
f 6301 6302 6065
f 6301 6065 6063
f 6300 6301 6063
f 6300 6063 6061
f 6299 6300 6061
f 6299 6061 6059
f 6298 6299 6059
f 6298 6059 6057
f 6297 6298 6057
f 6297 6057 6055
f 6143 6297 6055
f 6340 6050 6341
f 6341 6050 6052
f 6341 6052 6342
f 6342 6052 6054
f 6342 6054 6343
f 6343 6054 6056
f 6343 6056 6344
f 6344 6056 6058
f 6344 6058 6345
f 6345 6058 6060
f 6345 6060 6346
f 6346 6060 6062
f 6346 6062 6347
f 6347 6062 6064
f 6347 6064 6348
f 6348 6064 6066
f 6348 6066 6349
f 6349 6066 6068
f 6349 6068 6350
f 6350 6068 6070
f 6350 6070 6351
f 6351 6070 6072
f 6351 6072 6352
f 6352 6072 6074
f 6352 6074 6353
f 6353 6074 6076
f 6353 6076 6354
f 6354 6076 6078
f 6354 6078 6355
f 6355 6078 6080
f 6355 6080 6356
f 6356 6080 6082
f 6356 6082 6357
f 6357 6082 6084
f 6357 6084 6358
f 6358 6084 6086
f 6358 6086 6359
f 6359 6086 6088
f 6359 6088 6360
f 6360 6088 6090
f 6360 6090 6361
f 6361 6090 6092
f 6361 6092 6362
f 6362 6092 6094
f 6362 6094 6363
f 6363 6094 6096
f 6363 6096 6364
f 6364 6096 6098
f 6364 6098 6365
f 6365 6098 6100
f 6365 6100 6366
f 6366 6100 6102
f 6366 6102 6367
f 6367 6102 6104
f 6367 6104 6368
f 6368 6104 6106
f 6368 6106 6369
f 6369 6106 6108
f 6369 6108 6370
f 6370 6108 6110
f 6370 6110 6371
f 6371 6110 6112
f 6371 6112 6372
f 6372 6112 6114
f 6372 6114 6373
f 6373 6114 6116
f 6373 6116 6374
f 6374 6116 6118
f 6374 6118 6375
f 6375 6118 6120
f 6375 6120 6376
f 6376 6120 6122
f 6376 6122 6377
f 6377 6122 6124
f 6377 6124 6378
f 6378 6124 6126
f 6378 6126 6379
f 6379 6126 6128
f 6379 6128 6380
f 6380 6128 6130
f 6380 6130 6381
f 6381 6130 6132
f 6381 6132 6340
f 6340 6132 6050
f 6273 6217 6136
f 6136 6217 6211
f 6136 6211 6134
f 6134 6211 6206
f 6134 6206 6146
f 6146 6206 6201
f 6146 6201 6148
f 6148 6201 6196
f 6148 6196 6150
f 6150 6196 6191
f 6150 6191 6152
f 6152 6191 6186
f 6152 6186 6154
f 6154 6186 6181
f 6154 6181 6156
f 6156 6181 6176
f 6156 6176 6158
f 6158 6176 6171
f 6158 6171 6160
f 6160 6171 6162
f 6217 6273 6219
f 6219 6273 6271
f 6219 6271 6221
f 6221 6271 6268
f 6221 6268 6223
f 6223 6268 6264
f 6223 6264 6225
f 6225 6264 6259
f 6225 6259 6227
f 6227 6259 6254
f 6227 6254 6229
f 6229 6254 6249
f 6229 6249 6231
f 6231 6249 6244
f 6231 6244 6233
f 6233 6244 6235
f 6342 6361 6341
f 6341 6361 6362
f 6341 6362 6340
f 6340 6362 6363
f 6340 6363 6381
f 6381 6363 6364
f 6381 6364 6380
f 6380 6364 6365
f 6380 6365 6379
f 6379 6365 6366
f 6379 6366 6378
f 6378 6366 6367
f 6378 6367 6377
f 6377 6367 6368
f 6377 6368 6376
f 6376 6368 6369
f 6376 6369 6375
f 6375 6369 6370
f 6375 6370 6374
f 6374 6370 6371
f 6374 6371 6373
f 6373 6371 6372
f 6361 6342 6360
f 6360 6342 6343
f 6360 6343 6359
f 6359 6343 6344
f 6359 6344 6358
f 6358 6344 6345
f 6358 6345 6357
f 6357 6345 6346
f 6357 6346 6356
f 6356 6346 6347
f 6356 6347 6355
f 6355 6347 6348
f 6355 6348 6354
f 6354 6348 6349
f 6354 6349 6353
f 6353 6349 6350
f 6353 6350 6352
f 6352 6350 6351
g Body3

v 0.599156 1.443524 1.633000
v 0.599323 1.444636 1.624459
v 0.625983 1.441514 1.633000
v 0.625983 1.442638 1.624459
v 0.652811 1.443524 1.633000
v 0.652643 1.444636 1.624459
v 0.679039 1.449510 1.633000
v 0.678708 1.450585 1.624459
v 0.704082 1.459339 1.633000
v 0.703595 1.460352 1.624459
v 0.727381 1.472791 1.633000
v 0.726748 1.473720 1.624459
v 0.748415 1.489564 1.633000
v 0.747650 1.490388 1.624459
v 0.766713 1.509285 1.633000
v 0.765834 1.509986 1.624459
v 0.781868 1.531514 1.633000
v 0.780894 1.532076 1.624459
v 0.793541 1.555752 1.633000
v 0.792494 1.556163 1.624459
v 0.801470 1.581460 1.633000
v 0.800374 1.581710 1.624459
v 0.805480 1.608062 1.633000
v 0.804359 1.608146 1.624459
v 0.805480 1.634965 1.633000
v 0.804359 1.634881 1.624459
v 0.801470 1.661567 1.633000
v 0.800374 1.661317 1.624459
v 0.793541 1.687275 1.633000
v 0.792494 1.686864 1.624459
v 0.781868 1.711514 1.633000
v 0.780894 1.710951 1.624459
v 0.766713 1.733742 1.633000
v 0.765834 1.733041 1.624459
v 0.748415 1.753463 1.633000
v 0.747650 1.752639 1.624459
v 0.727381 1.770237 1.633000
v 0.726748 1.769307 1.624459
v 0.704082 1.783688 1.633000
v 0.703595 1.782675 1.624459
v 0.679039 1.793517 1.633000
v 0.678708 1.792442 1.624459
v 0.652811 1.799503 1.633000
v 0.652643 1.798391 1.624459
v 0.625983 1.801514 1.633000
v 0.625983 1.800389 1.624459
v 0.599156 1.799503 1.633000
v 0.599323 1.798391 1.624459
v 0.572927 1.793517 1.633000
v 0.573259 1.792442 1.624459
v 0.547884 1.783688 1.633000
v 0.548372 1.782675 1.624459
v 0.524586 1.770237 1.633000
v 0.525219 1.769307 1.624459
v 0.503552 1.753463 1.633000
v 0.504317 1.752639 1.624459
v 0.485254 1.733742 1.633000
v 0.486133 1.733041 1.624459
v 0.470099 1.711514 1.633000
v 0.471073 1.710951 1.624459
v 0.458426 1.687275 1.633000
v 0.459473 1.686864 1.624459
v 0.450496 1.661567 1.633000
v 0.451593 1.661317 1.624459
v 0.446487 1.634965 1.633000
v 0.447608 1.634881 1.624459
v 0.446487 1.608062 1.633000
v 0.447608 1.608146 1.624459
v 0.450496 1.581460 1.633000
v 0.451593 1.581710 1.624459
v 0.458426 1.555752 1.633000
v 0.459473 1.556163 1.624459
v 0.470099 1.531514 1.633000
v 0.471073 1.532076 1.624459
v 0.485254 1.509285 1.633000
v 0.486133 1.509986 1.624459
v 0.503552 1.489564 1.633000
v 0.504317 1.490388 1.624459
v 0.524586 1.472791 1.633000
v 0.525219 1.473720 1.624459
v 0.547884 1.459339 1.633000
v 0.548372 1.460352 1.624459
v 0.572927 1.449510 1.633000
v 0.573259 1.450585 1.624459
v 0.650179 1.476518 1.600000
v 0.649166 1.467710 1.601125
v 0.625983 1.474514 1.600000
v 0.625983 1.465973 1.601125
v 0.602801 1.467710 1.601125
v 0.625983 1.458014 1.604421
v 0.601615 1.459840 1.604421
v 0.625983 1.451179 1.609666
v 0.600596 1.453082 1.609666
v 0.625983 1.445935 1.616500
v 0.599815 1.447896 1.616500
v 0.671830 1.472883 1.601125
v 0.673714 1.482478 1.600000
v 0.693470 1.481376 1.601125
v 0.695948 1.492231 1.600000
v 0.713603 1.493000 1.601125
v 0.716273 1.505510 1.600000
v 0.731778 1.507494 1.601125
v 0.734135 1.521953 1.600000
v 0.747590 1.524535 1.601125
v 0.749047 1.541112 1.600000
v 0.760686 1.543743 1.601125
v 0.760602 1.562464 1.600000
v 0.770772 1.564688 1.601125
v 0.768485 1.585427 1.600000
v 0.777625 1.586902 1.601125
v 0.772481 1.609374 1.600000
v 0.781090 1.609890 1.601125
v 0.772481 1.633653 1.600000
v 0.781090 1.633137 1.601125
v 0.777625 1.656125 1.601125
v 0.785384 1.657896 1.604421
v 0.778181 1.681247 1.604421
v 0.784543 1.683744 1.609666
v 0.773497 1.706681 1.609666
v 0.778039 1.709303 1.616500
v 0.763256 1.730985 1.616500
v 0.768485 1.657600 1.600000
v 0.770772 1.678339 1.601125
v 0.767579 1.703264 1.604421
v 0.759156 1.727715 1.609666
v 0.745407 1.750222 1.616500
v 0.760602 1.680563 1.600000
v 0.760686 1.699284 1.601125
v 0.753813 1.723454 1.604421
v 0.741840 1.746378 1.609666
v 0.724890 1.766584 1.616500
v 0.749047 1.701915 1.600000
v 0.747590 1.718492 1.601125
v 0.737192 1.741368 1.604421
v 0.721936 1.762251 1.609666
v 0.702164 1.779705 1.616500
v 0.734135 1.721074 1.600000
v 0.731778 1.735533 1.601125
v 0.718086 1.756604 1.604421
v 0.699889 1.774980 1.609666
v 0.677736 1.789292 1.616500
v 0.716273 1.737517 1.600000
v 0.713603 1.750028 1.601125
v 0.696923 1.768822 1.604421
v 0.676190 1.784281 1.609666
v 0.652152 1.795131 1.616500
v 0.695948 1.750796 1.600000
v 0.693470 1.761651 1.601125
v 0.674176 1.777750 1.604421
v 0.651370 1.789946 1.609666
v 0.625983 1.797092 1.616500
v 0.673714 1.760549 1.600000
v 0.671830 1.770144 1.601125
v 0.650352 1.783187 1.604421
v 0.625983 1.791848 1.609666
v 0.599815 1.795131 1.616500
v 0.650179 1.766509 1.600000
v 0.649166 1.775317 1.601125
v 0.625983 1.785014 1.604421
v 0.600596 1.789946 1.609666
v 0.574231 1.789292 1.616500
v 0.625983 1.768514 1.600000
v 0.625983 1.777055 1.601125
v 0.601615 1.783187 1.604421
v 0.575776 1.784281 1.609666
v 0.549803 1.779705 1.616500
v 0.602801 1.775317 1.601125
v 0.601788 1.766509 1.600000
v 0.580137 1.770144 1.601125
v 0.578253 1.760549 1.600000
v 0.558497 1.761651 1.601125
v 0.556019 1.750796 1.600000
v 0.538364 1.750028 1.601125
v 0.535694 1.737517 1.600000
v 0.520189 1.735533 1.601125
v 0.517832 1.721074 1.600000
v 0.504377 1.718492 1.601125
v 0.502920 1.701915 1.600000
v 0.491281 1.699284 1.601125
v 0.491365 1.680563 1.600000
v 0.481194 1.678339 1.601125
v 0.483482 1.657600 1.600000
v 0.474342 1.656125 1.601125
v 0.479485 1.633653 1.600000
v 0.470877 1.633137 1.601125
v 0.479485 1.609374 1.600000
v 0.470877 1.609890 1.601125
v 0.474342 1.586902 1.601125
v 0.466583 1.585131 1.604421
v 0.473786 1.561780 1.604421
v 0.467423 1.559283 1.609666
v 0.478469 1.536346 1.609666
v 0.473928 1.533724 1.616500
v 0.488710 1.512042 1.616500
v 0.483482 1.585427 1.600000
v 0.481194 1.564688 1.601125
v 0.484388 1.539764 1.604421
v 0.492811 1.515312 1.609666
v 0.506559 1.492805 1.616500
v 0.491365 1.562464 1.600000
v 0.491281 1.543743 1.601125
v 0.498154 1.519573 1.604421
v 0.510127 1.496650 1.609666
v 0.527076 1.476444 1.616500
v 0.502920 1.541112 1.600000
v 0.504377 1.524535 1.601125
v 0.514775 1.501660 1.604421
v 0.530031 1.480777 1.609666
v 0.549803 1.463322 1.616500
v 0.517832 1.521953 1.600000
v 0.520189 1.507494 1.601125
v 0.533881 1.486424 1.604421
v 0.552078 1.468047 1.609666
v 0.574231 1.453735 1.616500
v 0.535694 1.505510 1.600000
v 0.538364 1.493000 1.601125
v 0.555043 1.474205 1.604421
v 0.575776 1.458747 1.609666
v 0.556019 1.492231 1.600000
v 0.558497 1.481376 1.601125
v 0.577791 1.465277 1.604421
v 0.578253 1.482478 1.600000
v 0.580137 1.472883 1.601125
v 0.601788 1.476518 1.600000
v 0.650352 1.459840 1.604421
v 0.674176 1.465277 1.604421
v 0.696923 1.474205 1.604421
v 0.718086 1.486424 1.604421
v 0.737192 1.501660 1.604421
v 0.753813 1.519573 1.604421
v 0.767579 1.539764 1.604421
v 0.778181 1.561780 1.604421
v 0.785384 1.585131 1.604421
v 0.789026 1.609295 1.604421
v 0.789026 1.633732 1.604421
v 0.651370 1.453082 1.609666
v 0.676190 1.458747 1.609666
v 0.699889 1.468047 1.609666
v 0.721936 1.480777 1.609666
v 0.741840 1.496650 1.609666
v 0.759156 1.515312 1.609666
v 0.773497 1.536346 1.609666
v 0.784543 1.559283 1.609666
v 0.792047 1.583611 1.609666
v 0.795842 1.608784 1.609666
v 0.795842 1.634243 1.609666
v 0.792047 1.659417 1.609666
v 0.652152 1.447896 1.616500
v 0.677736 1.453735 1.616500
v 0.702164 1.463322 1.616500
v 0.724890 1.476444 1.616500
v 0.745407 1.492805 1.616500
v 0.763256 1.512042 1.616500
v 0.778039 1.533724 1.616500
v 0.789425 1.557367 1.616500
v 0.797160 1.582444 1.616500
v 0.801071 1.608393 1.616500
v 0.801071 1.634635 1.616500
v 0.797160 1.660584 1.616500
v 0.789425 1.685660 1.616500
v 0.462542 1.557367 1.616500
v 0.454807 1.582444 1.616500
v 0.450896 1.608393 1.616500
v 0.450896 1.634635 1.616500
v 0.454807 1.660584 1.616500
v 0.462542 1.685660 1.616500
v 0.473928 1.709303 1.616500
v 0.488710 1.730985 1.616500
v 0.506559 1.750222 1.616500
v 0.527076 1.766584 1.616500
v 0.459920 1.583611 1.609666
v 0.462941 1.609295 1.604421
v 0.456125 1.608784 1.609666
v 0.456125 1.634243 1.609666
v 0.459920 1.659417 1.609666
v 0.467423 1.683744 1.609666
v 0.478469 1.706681 1.609666
v 0.492811 1.727715 1.609666
v 0.510127 1.746378 1.609666
v 0.530031 1.762251 1.609666
v 0.552078 1.774980 1.609666
v 0.462941 1.633732 1.604421
v 0.466583 1.657896 1.604421
v 0.473786 1.681247 1.604421
v 0.484388 1.703264 1.604421
v 0.498154 1.723454 1.604421
v 0.514775 1.741368 1.604421
v 0.533881 1.756604 1.604421
v 0.555043 1.768822 1.604421
v 0.577791 1.777750 1.604421
v 0.599156 1.443524 1.700000
v 0.625983 1.441514 1.700000
v 0.652811 1.443524 1.700000
v 0.679039 1.449510 1.700000
v 0.704082 1.459339 1.700000
v 0.727381 1.472791 1.700000
v 0.748415 1.489564 1.700000
v 0.766713 1.509285 1.700000
v 0.781868 1.531514 1.700000
v 0.793541 1.555752 1.700000
v 0.801470 1.581460 1.700000
v 0.805480 1.608062 1.700000
v 0.805480 1.634965 1.700000
v 0.801470 1.661567 1.700000
v 0.793541 1.687275 1.700000
v 0.781868 1.711514 1.700000
v 0.766713 1.733742 1.700000
v 0.748415 1.753463 1.700000
v 0.727381 1.770237 1.700000
v 0.704082 1.783688 1.700000
v 0.679039 1.793517 1.700000
v 0.652811 1.799503 1.700000
v 0.625983 1.801514 1.700000
v 0.599156 1.799503 1.700000
v 0.572927 1.793517 1.700000
v 0.547884 1.783688 1.700000
v 0.524586 1.770237 1.700000
v 0.503552 1.753463 1.700000
v 0.485254 1.733742 1.700000
v 0.470099 1.711514 1.700000
v 0.458426 1.687275 1.700000
v 0.450496 1.661567 1.700000
v 0.446487 1.634965 1.700000
v 0.446487 1.608062 1.700000
v 0.450496 1.581460 1.700000
v 0.458426 1.555752 1.700000
v 0.470099 1.531514 1.700000
v 0.485254 1.509285 1.700000
v 0.503552 1.489564 1.700000
v 0.524586 1.472791 1.700000
v 0.547884 1.459339 1.700000
v 0.572927 1.449510 1.700000
f 6382 6383 6384
f 6384 6383 6385
f 6384 6385 6386
f 6386 6385 6387
f 6386 6387 6388
f 6388 6387 6389
f 6388 6389 6390
f 6390 6389 6391
f 6390 6391 6392
f 6392 6391 6393
f 6392 6393 6394
f 6394 6393 6395
f 6394 6395 6396
f 6396 6395 6397
f 6396 6397 6398
f 6398 6397 6399
f 6398 6399 6400
f 6400 6399 6401
f 6400 6401 6402
f 6402 6401 6403
f 6402 6403 6404
f 6404 6403 6405
f 6404 6405 6406
f 6406 6405 6407
f 6406 6407 6408
f 6408 6407 6409
f 6408 6409 6410
f 6410 6409 6411
f 6410 6411 6412
f 6412 6411 6413
f 6412 6413 6414
f 6414 6413 6415
f 6414 6415 6416
f 6416 6415 6417
f 6416 6417 6418
f 6418 6417 6419
f 6418 6419 6420
f 6420 6419 6421
f 6420 6421 6422
f 6422 6421 6423
f 6422 6423 6424
f 6424 6423 6425
f 6424 6425 6426
f 6426 6425 6427
f 6426 6427 6428
f 6428 6427 6429
f 6428 6429 6430
f 6430 6429 6431
f 6430 6431 6432
f 6432 6431 6433
f 6432 6433 6434
f 6434 6433 6435
f 6434 6435 6436
f 6436 6435 6437
f 6436 6437 6438
f 6438 6437 6439
f 6438 6439 6440
f 6440 6439 6441
f 6440 6441 6442
f 6442 6441 6443
f 6442 6443 6444
f 6444 6443 6445
f 6444 6445 6446
f 6446 6445 6447
f 6446 6447 6448
f 6448 6447 6449
f 6448 6449 6450
f 6450 6449 6451
f 6450 6451 6452
f 6452 6451 6453
f 6452 6453 6454
f 6454 6453 6455
f 6454 6455 6456
f 6456 6455 6457
f 6456 6457 6458
f 6458 6457 6459
f 6458 6459 6460
f 6460 6459 6461
f 6460 6461 6462
f 6462 6461 6463
f 6462 6463 6464
f 6464 6463 6465
f 6464 6465 6382
f 6382 6465 6383
f 6466 6467 6468
f 6468 6467 6469
f 6468 6469 6470
f 6470 6469 6471
f 6470 6471 6472
f 6472 6471 6473
f 6472 6473 6474
f 6474 6473 6475
f 6474 6475 6476
f 6476 6475 6385
f 6476 6385 6383
f 6467 6466 6477
f 6477 6466 6478
f 6477 6478 6479
f 6479 6478 6480
f 6479 6480 6481
f 6481 6480 6482
f 6481 6482 6483
f 6483 6482 6484
f 6483 6484 6485
f 6485 6484 6486
f 6485 6486 6487
f 6487 6486 6488
f 6487 6488 6489
f 6489 6488 6490
f 6489 6490 6491
f 6491 6490 6492
f 6491 6492 6493
f 6493 6492 6494
f 6493 6494 6495
f 6495 6494 6496
f 6495 6496 6497
f 6497 6496 6498
f 6497 6498 6499
f 6499 6498 6500
f 6499 6500 6501
f 6501 6500 6502
f 6501 6502 6415
f 6415 6502 6417
f 6494 6503 6496
f 6496 6503 6504
f 6496 6504 6498
f 6498 6504 6505
f 6498 6505 6500
f 6500 6505 6506
f 6500 6506 6502
f 6502 6506 6507
f 6502 6507 6417
f 6417 6507 6419
f 6503 6508 6504
f 6504 6508 6509
f 6504 6509 6505
f 6505 6509 6510
f 6505 6510 6506
f 6506 6510 6511
f 6506 6511 6507
f 6507 6511 6512
f 6507 6512 6419
f 6419 6512 6421
f 6508 6513 6509
f 6509 6513 6514
f 6509 6514 6510
f 6510 6514 6515
f 6510 6515 6511
f 6511 6515 6516
f 6511 6516 6512
f 6512 6516 6517
f 6512 6517 6421
f 6421 6517 6423
f 6513 6518 6514
f 6514 6518 6519
f 6514 6519 6515
f 6515 6519 6520
f 6515 6520 6516
f 6516 6520 6521
f 6516 6521 6517
f 6517 6521 6522
f 6517 6522 6423
f 6423 6522 6425
f 6518 6523 6519
f 6519 6523 6524
f 6519 6524 6520
f 6520 6524 6525
f 6520 6525 6521
f 6521 6525 6526
f 6521 6526 6522
f 6522 6526 6527
f 6522 6527 6425
f 6425 6527 6427
f 6523 6528 6524
f 6524 6528 6529
f 6524 6529 6525
f 6525 6529 6530
f 6525 6530 6526
f 6526 6530 6531
f 6526 6531 6527
f 6527 6531 6532
f 6527 6532 6427
f 6427 6532 6429
f 6528 6533 6529
f 6529 6533 6534
f 6529 6534 6530
f 6530 6534 6535
f 6530 6535 6531
f 6531 6535 6536
f 6531 6536 6532
f 6532 6536 6537
f 6532 6537 6429
f 6429 6537 6431
f 6533 6538 6534
f 6534 6538 6539
f 6534 6539 6535
f 6535 6539 6540
f 6535 6540 6536
f 6536 6540 6541
f 6536 6541 6537
f 6537 6541 6542
f 6537 6542 6431
f 6431 6542 6433
f 6538 6543 6539
f 6539 6543 6544
f 6539 6544 6540
f 6540 6544 6545
f 6540 6545 6541
f 6541 6545 6546
f 6541 6546 6542
f 6542 6546 6547
f 6542 6547 6433
f 6433 6547 6435
f 6544 6543 6548
f 6548 6543 6549
f 6548 6549 6550
f 6550 6549 6551
f 6550 6551 6552
f 6552 6551 6553
f 6552 6553 6554
f 6554 6553 6555
f 6554 6555 6556
f 6556 6555 6557
f 6556 6557 6558
f 6558 6557 6559
f 6558 6559 6560
f 6560 6559 6561
f 6560 6561 6562
f 6562 6561 6563
f 6562 6563 6564
f 6564 6563 6565
f 6564 6565 6566
f 6566 6565 6567
f 6566 6567 6568
f 6568 6567 6569
f 6568 6569 6570
f 6570 6569 6571
f 6570 6571 6572
f 6572 6571 6573
f 6572 6573 6574
f 6574 6573 6575
f 6574 6575 6457
f 6457 6575 6459
f 6567 6576 6569
f 6569 6576 6577
f 6569 6577 6571
f 6571 6577 6578
f 6571 6578 6573
f 6573 6578 6579
f 6573 6579 6575
f 6575 6579 6580
f 6575 6580 6459
f 6459 6580 6461
f 6576 6581 6577
f 6577 6581 6582
f 6577 6582 6578
f 6578 6582 6583
f 6578 6583 6579
f 6579 6583 6584
f 6579 6584 6580
f 6580 6584 6585
f 6580 6585 6461
f 6461 6585 6463
f 6581 6586 6582
f 6582 6586 6587
f 6582 6587 6583
f 6583 6587 6588
f 6583 6588 6584
f 6584 6588 6589
f 6584 6589 6585
f 6585 6589 6590
f 6585 6590 6463
f 6463 6590 6465
f 6586 6591 6587
f 6587 6591 6592
f 6587 6592 6588
f 6588 6592 6593
f 6588 6593 6589
f 6589 6593 6594
f 6589 6594 6590
f 6590 6594 6595
f 6590 6595 6465
f 6465 6595 6383
f 6591 6596 6592
f 6592 6596 6597
f 6592 6597 6593
f 6593 6597 6598
f 6593 6598 6594
f 6594 6598 6599
f 6594 6599 6595
f 6595 6599 6476
f 6595 6476 6383
f 6596 6600 6597
f 6597 6600 6601
f 6597 6601 6598
f 6598 6601 6602
f 6598 6602 6599
f 6599 6602 6474
f 6599 6474 6476
f 6600 6603 6601
f 6601 6603 6604
f 6601 6604 6602
f 6602 6604 6472
f 6602 6472 6474
f 6603 6605 6604
f 6604 6605 6470
f 6604 6470 6472
f 6605 6468 6470
f 6545 6544 6548
f 6471 6469 6606
f 6606 6469 6467
f 6606 6467 6607
f 6607 6467 6477
f 6607 6477 6608
f 6608 6477 6479
f 6608 6479 6609
f 6609 6479 6481
f 6609 6481 6610
f 6610 6481 6483
f 6610 6483 6611
f 6611 6483 6485
f 6611 6485 6612
f 6612 6485 6487
f 6612 6487 6613
f 6613 6487 6489
f 6613 6489 6614
f 6614 6489 6491
f 6614 6491 6615
f 6615 6491 6493
f 6615 6493 6616
f 6616 6493 6495
f 6616 6495 6497
f 6473 6471 6617
f 6617 6471 6606
f 6617 6606 6618
f 6618 6606 6607
f 6618 6607 6619
f 6619 6607 6608
f 6619 6608 6620
f 6620 6608 6609
f 6620 6609 6621
f 6621 6609 6610
f 6621 6610 6622
f 6622 6610 6611
f 6622 6611 6623
f 6623 6611 6612
f 6623 6612 6624
f 6624 6612 6613
f 6624 6613 6625
f 6625 6613 6614
f 6625 6614 6626
f 6626 6614 6615
f 6626 6615 6627
f 6627 6615 6616
f 6627 6616 6628
f 6628 6616 6497
f 6628 6497 6499
f 6387 6385 6475
f 6475 6473 6629
f 6629 6473 6617
f 6629 6617 6630
f 6630 6617 6618
f 6630 6618 6631
f 6631 6618 6619
f 6631 6619 6632
f 6632 6619 6620
f 6632 6620 6633
f 6633 6620 6621
f 6633 6621 6634
f 6634 6621 6622
f 6634 6622 6635
f 6635 6622 6623
f 6635 6623 6636
f 6636 6623 6624
f 6636 6624 6637
f 6637 6624 6625
f 6637 6625 6638
f 6638 6625 6626
f 6638 6626 6639
f 6639 6626 6627
f 6639 6627 6640
f 6640 6627 6628
f 6640 6628 6641
f 6641 6628 6499
f 6641 6499 6501
f 6574 6457 6455
f 6574 6455 6642
f 6642 6455 6453
f 6642 6453 6643
f 6643 6453 6451
f 6643 6451 6644
f 6644 6451 6449
f 6644 6449 6645
f 6645 6449 6447
f 6645 6447 6646
f 6646 6447 6445
f 6646 6445 6647
f 6647 6445 6443
f 6647 6443 6648
f 6648 6443 6441
f 6648 6441 6649
f 6649 6441 6439
f 6649 6439 6650
f 6650 6439 6437
f 6650 6437 6651
f 6651 6437 6435
f 6651 6435 6547
f 6574 6642 6572
f 6572 6642 6652
f 6572 6652 6570
f 6570 6652 6653
f 6570 6653 6568
f 6568 6653 6566
f 6652 6642 6643
f 6652 6643 6654
f 6654 6643 6644
f 6654 6644 6655
f 6655 6644 6645
f 6655 6645 6656
f 6656 6645 6646
f 6656 6646 6657
f 6657 6646 6647
f 6657 6647 6658
f 6658 6647 6648
f 6658 6648 6659
f 6659 6648 6649
f 6659 6649 6660
f 6660 6649 6650
f 6660 6650 6661
f 6661 6650 6651
f 6661 6651 6662
f 6662 6651 6547
f 6662 6547 6546
f 6652 6654 6653
f 6653 6654 6663
f 6653 6663 6566
f 6566 6663 6564
f 6663 6654 6655
f 6663 6655 6664
f 6664 6655 6656
f 6664 6656 6665
f 6665 6656 6657
f 6665 6657 6666
f 6666 6657 6658
f 6666 6658 6667
f 6667 6658 6659
f 6667 6659 6668
f 6668 6659 6660
f 6668 6660 6669
f 6669 6660 6661
f 6669 6661 6670
f 6670 6661 6662
f 6670 6662 6671
f 6671 6662 6546
f 6671 6546 6545
f 6562 6564 6664
f 6664 6564 6663
f 6562 6664 6665
f 6560 6562 6665
f 6560 6665 6666
f 6558 6560 6666
f 6558 6666 6667
f 6556 6558 6667
f 6556 6667 6668
f 6554 6556 6668
f 6554 6668 6669
f 6552 6554 6669
f 6552 6669 6670
f 6550 6552 6670
f 6550 6670 6671
f 6548 6550 6671
f 6548 6671 6545
f 6501 6415 6413
f 6641 6501 6413
f 6641 6413 6411
f 6640 6641 6411
f 6640 6411 6409
f 6639 6640 6409
f 6639 6409 6407
f 6638 6639 6407
f 6638 6407 6405
f 6637 6638 6405
f 6637 6405 6403
f 6636 6637 6403
f 6636 6403 6401
f 6635 6636 6401
f 6635 6401 6399
f 6634 6635 6399
f 6634 6399 6397
f 6633 6634 6397
f 6633 6397 6395
f 6632 6633 6395
f 6632 6395 6393
f 6631 6632 6393
f 6631 6393 6391
f 6630 6631 6391
f 6630 6391 6389
f 6629 6630 6389
f 6629 6389 6387
f 6475 6629 6387
f 6672 6382 6673
f 6673 6382 6384
f 6673 6384 6674
f 6674 6384 6386
f 6674 6386 6675
f 6675 6386 6388
f 6675 6388 6676
f 6676 6388 6390
f 6676 6390 6677
f 6677 6390 6392
f 6677 6392 6678
f 6678 6392 6394
f 6678 6394 6679
f 6679 6394 6396
f 6679 6396 6680
f 6680 6396 6398
f 6680 6398 6681
f 6681 6398 6400
f 6681 6400 6682
f 6682 6400 6402
f 6682 6402 6683
f 6683 6402 6404
f 6683 6404 6684
f 6684 6404 6406
f 6684 6406 6685
f 6685 6406 6408
f 6685 6408 6686
f 6686 6408 6410
f 6686 6410 6687
f 6687 6410 6412
f 6687 6412 6688
f 6688 6412 6414
f 6688 6414 6689
f 6689 6414 6416
f 6689 6416 6690
f 6690 6416 6418
f 6690 6418 6691
f 6691 6418 6420
f 6691 6420 6692
f 6692 6420 6422
f 6692 6422 6693
f 6693 6422 6424
f 6693 6424 6694
f 6694 6424 6426
f 6694 6426 6695
f 6695 6426 6428
f 6695 6428 6696
f 6696 6428 6430
f 6696 6430 6697
f 6697 6430 6432
f 6697 6432 6698
f 6698 6432 6434
f 6698 6434 6699
f 6699 6434 6436
f 6699 6436 6700
f 6700 6436 6438
f 6700 6438 6701
f 6701 6438 6440
f 6701 6440 6702
f 6702 6440 6442
f 6702 6442 6703
f 6703 6442 6444
f 6703 6444 6704
f 6704 6444 6446
f 6704 6446 6705
f 6705 6446 6448
f 6705 6448 6706
f 6706 6448 6450
f 6706 6450 6707
f 6707 6450 6452
f 6707 6452 6708
f 6708 6452 6454
f 6708 6454 6709
f 6709 6454 6456
f 6709 6456 6710
f 6710 6456 6458
f 6710 6458 6711
f 6711 6458 6460
f 6711 6460 6712
f 6712 6460 6462
f 6712 6462 6713
f 6713 6462 6464
f 6713 6464 6672
f 6672 6464 6382
f 6605 6549 6468
f 6468 6549 6543
f 6468 6543 6466
f 6466 6543 6538
f 6466 6538 6478
f 6478 6538 6533
f 6478 6533 6480
f 6480 6533 6528
f 6480 6528 6482
f 6482 6528 6523
f 6482 6523 6484
f 6484 6523 6518
f 6484 6518 6486
f 6486 6518 6513
f 6486 6513 6488
f 6488 6513 6508
f 6488 6508 6490
f 6490 6508 6503
f 6490 6503 6492
f 6492 6503 6494
f 6549 6605 6551
f 6551 6605 6603
f 6551 6603 6553
f 6553 6603 6600
f 6553 6600 6555
f 6555 6600 6596
f 6555 6596 6557
f 6557 6596 6591
f 6557 6591 6559
f 6559 6591 6586
f 6559 6586 6561
f 6561 6586 6581
f 6561 6581 6563
f 6563 6581 6576
f 6563 6576 6565
f 6565 6576 6567
f 6674 6693 6673
f 6673 6693 6694
f 6673 6694 6672
f 6672 6694 6695
f 6672 6695 6713
f 6713 6695 6696
f 6713 6696 6712
f 6712 6696 6697
f 6712 6697 6711
f 6711 6697 6698
f 6711 6698 6710
f 6710 6698 6699
f 6710 6699 6709
f 6709 6699 6700
f 6709 6700 6708
f 6708 6700 6701
f 6708 6701 6707
f 6707 6701 6702
f 6707 6702 6706
f 6706 6702 6703
f 6706 6703 6705
f 6705 6703 6704
f 6693 6674 6692
f 6692 6674 6675
f 6692 6675 6691
f 6691 6675 6676
f 6691 6676 6690
f 6690 6676 6677
f 6690 6677 6689
f 6689 6677 6678
f 6689 6678 6688
f 6688 6678 6679
f 6688 6679 6687
f 6687 6679 6680
f 6687 6680 6686
f 6686 6680 6681
f 6686 6681 6685
f 6685 6681 6682
f 6685 6682 6684
f 6684 6682 6683
g Body4

v -0.970844 5.013524 1.633000
v -0.970677 5.014636 1.624459
v -0.944017 5.011513 1.633000
v -0.944017 5.012638 1.624459
v -0.917189 5.013524 1.633000
v -0.917357 5.014636 1.624459
v -0.890961 5.019510 1.633000
v -0.891292 5.020585 1.624459
v -0.865917 5.029339 1.633000
v -0.866405 5.030352 1.624459
v -0.842619 5.042790 1.633000
v -0.843252 5.043720 1.624459
v -0.821585 5.059564 1.633000
v -0.822350 5.060388 1.624459
v -0.803287 5.079285 1.633000
v -0.804166 5.079986 1.624459
v -0.788132 5.101513 1.633000
v -0.789106 5.102076 1.624459
v -0.776459 5.125752 1.633000
v -0.777506 5.126163 1.624459
v -0.768530 5.151460 1.633000
v -0.769626 5.151710 1.624459
v -0.764520 5.178062 1.633000
v -0.765641 5.178146 1.624459
v -0.764520 5.204965 1.633000
v -0.765641 5.204881 1.624459
v -0.768530 5.231567 1.633000
v -0.769626 5.231317 1.624459
v -0.776459 5.257275 1.633000
v -0.777506 5.256864 1.624459
v -0.788132 5.281513 1.633000
v -0.789106 5.280951 1.624459
v -0.803287 5.303742 1.633000
v -0.804166 5.303041 1.624459
v -0.821585 5.323463 1.633000
v -0.822350 5.322639 1.624459
v -0.842619 5.340236 1.633000
v -0.843252 5.339307 1.624459
v -0.865917 5.353688 1.633000
v -0.866405 5.352675 1.624459
v -0.890961 5.363517 1.633000
v -0.891292 5.362442 1.624459
v -0.917189 5.369503 1.633000
v -0.917357 5.368391 1.624459
v -0.944017 5.371513 1.633000
v -0.944017 5.370389 1.624459
v -0.970844 5.369503 1.633000
v -0.970677 5.368391 1.624459
v -0.997072 5.363517 1.633000
v -0.996741 5.362442 1.624459
v -1.022116 5.353688 1.633000
v -1.021628 5.352675 1.624459
v -1.045414 5.340236 1.633000
v -1.044781 5.339307 1.624459
v -1.066448 5.323463 1.633000
v -1.065683 5.322639 1.624459
v -1.084746 5.303742 1.633000
v -1.083867 5.303041 1.624459
v -1.099901 5.281513 1.633000
v -1.098927 5.280951 1.624459
v -1.111574 5.257275 1.633000
v -1.110527 5.256864 1.624459
v -1.119504 5.231567 1.633000
v -1.118407 5.231317 1.624459
v -1.123513 5.204965 1.633000
v -1.122392 5.204881 1.624459
v -1.123513 5.178062 1.633000
v -1.122392 5.178146 1.624459
v -1.119504 5.151460 1.633000
v -1.118407 5.151710 1.624459
v -1.111574 5.125752 1.633000
v -1.110527 5.126163 1.624459
v -1.099901 5.101513 1.633000
v -1.098927 5.102076 1.624459
v -1.084746 5.079285 1.633000
v -1.083867 5.079986 1.624459
v -1.066448 5.059564 1.633000
v -1.065683 5.060388 1.624459
v -1.045414 5.042790 1.633000
v -1.044781 5.043720 1.624459
v -1.022116 5.029339 1.633000
v -1.021628 5.030352 1.624459
v -0.997072 5.019510 1.633000
v -0.996741 5.020585 1.624459
v -0.919821 5.046518 1.600000
v -0.920834 5.037710 1.601125
v -0.944017 5.044513 1.600000
v -0.944017 5.035972 1.601125
v -0.967199 5.037710 1.601125
v -0.944017 5.028013 1.604421
v -0.968385 5.029840 1.604421
v -0.944017 5.021179 1.609666
v -0.969404 5.023081 1.609666
v -0.944017 5.015935 1.616500
v -0.970185 5.017896 1.616500
v -0.898170 5.042883 1.601125
v -0.896286 5.052478 1.600000
v -0.876530 5.051376 1.601125
v -0.874052 5.062231 1.600000
v -0.856397 5.062999 1.601125
v -0.853727 5.075510 1.600000
v -0.838222 5.077494 1.601125
v -0.835865 5.091953 1.600000
v -0.822410 5.094535 1.601125
v -0.820953 5.111112 1.600000
v -0.809314 5.113743 1.601125
v -0.809398 5.132464 1.600000
v -0.799227 5.134688 1.601125
v -0.801515 5.155427 1.600000
v -0.792375 5.156902 1.601125
v -0.797519 5.179374 1.600000
v -0.788910 5.179890 1.601125
v -0.797519 5.203653 1.600000
v -0.788910 5.203137 1.601125
v -0.792375 5.226125 1.601125
v -0.784616 5.227896 1.604421
v -0.791819 5.251247 1.604421
v -0.785457 5.253744 1.609666
v -0.796503 5.276681 1.609666
v -0.791961 5.279303 1.616500
v -0.806743 5.300985 1.616500
v -0.801515 5.227600 1.600000
v -0.799227 5.248339 1.601125
v -0.802421 5.273263 1.604421
v -0.810844 5.297715 1.609666
v -0.824593 5.320222 1.616500
v -0.809398 5.250563 1.600000
v -0.809314 5.269284 1.601125
v -0.816187 5.293454 1.604421
v -0.828160 5.316378 1.609666
v -0.845109 5.336584 1.616500
v -0.820953 5.271915 1.600000
v -0.822410 5.288492 1.601125
v -0.832808 5.311367 1.604421
v -0.848064 5.332250 1.609666
v -0.867836 5.349705 1.616500
v -0.835865 5.291074 1.600000
v -0.838222 5.305533 1.601125
v -0.851914 5.326604 1.604421
v -0.870111 5.344980 1.609666
v -0.892264 5.359292 1.616500
v -0.853727 5.307517 1.600000
v -0.856397 5.320028 1.601125
v -0.873077 5.338822 1.604421
v -0.893810 5.354281 1.609666
v -0.917848 5.365131 1.616500
v -0.874052 5.320796 1.600000
v -0.876530 5.331651 1.601125
v -0.895824 5.347750 1.604421
v -0.918630 5.359946 1.609666
v -0.944017 5.367092 1.616500
v -0.896286 5.330549 1.600000
v -0.898170 5.340144 1.601125
v -0.919648 5.353187 1.604421
v -0.944017 5.361848 1.609666
v -0.970185 5.365131 1.616500
v -0.919821 5.336509 1.600000
v -0.920834 5.345317 1.601125
v -0.944017 5.355013 1.604421
v -0.969404 5.359946 1.609666
v -0.995769 5.359292 1.616500
v -0.944017 5.338513 1.600000
v -0.944017 5.347055 1.601125
v -0.968385 5.353187 1.604421
v -0.994224 5.354281 1.609666
v -1.020197 5.349705 1.616500
v -0.967199 5.345317 1.601125
v -0.968212 5.336509 1.600000
v -0.989863 5.340144 1.601125
v -0.991747 5.330549 1.600000
v -1.011503 5.331651 1.601125
v -1.013981 5.320796 1.600000
v -1.031636 5.320028 1.601125
v -1.034306 5.307517 1.600000
v -1.049811 5.305533 1.601125
v -1.052168 5.291074 1.600000
v -1.065623 5.288492 1.601125
v -1.067080 5.271915 1.600000
v -1.078719 5.269284 1.601125
v -1.078635 5.250563 1.600000
v -1.088806 5.248339 1.601125
v -1.086518 5.227600 1.600000
v -1.095658 5.226125 1.601125
v -1.090514 5.203653 1.600000
v -1.099123 5.203137 1.601125
v -1.090514 5.179374 1.600000
v -1.099123 5.179890 1.601125
v -1.095658 5.156902 1.601125
v -1.103417 5.155131 1.604421
v -1.096214 5.131780 1.604421
v -1.102576 5.129283 1.609666
v -1.091531 5.106346 1.609666
v -1.096072 5.103724 1.616500
v -1.081290 5.082042 1.616500
v -1.086518 5.155427 1.600000
v -1.088806 5.134688 1.601125
v -1.085612 5.109763 1.604421
v -1.077189 5.085312 1.609666
v -1.063440 5.062805 1.616500
v -1.078635 5.132464 1.600000
v -1.078719 5.113743 1.601125
v -1.071846 5.089573 1.604421
v -1.059873 5.066649 1.609666
v -1.042924 5.046443 1.616500
v -1.067080 5.111112 1.600000
v -1.065623 5.094535 1.601125
v -1.055225 5.071659 1.604421
v -1.039969 5.050776 1.609666
v -1.020197 5.033322 1.616500
v -1.052168 5.091953 1.600000
v -1.049811 5.077494 1.601125
v -1.036119 5.056423 1.604421
v -1.017922 5.038047 1.609666
v -0.995769 5.023735 1.616500
v -1.034306 5.075510 1.600000
v -1.031636 5.062999 1.601125
v -1.014957 5.044205 1.604421
v -0.994224 5.028746 1.609666
v -1.013981 5.062231 1.600000
v -1.011503 5.051376 1.601125
v -0.992209 5.035277 1.604421
v -0.991747 5.052478 1.600000
v -0.989863 5.042883 1.601125
v -0.968212 5.046518 1.600000
v -0.919648 5.029840 1.604421
v -0.895824 5.035277 1.604421
v -0.873077 5.044205 1.604421
v -0.851914 5.056423 1.604421
v -0.832808 5.071659 1.604421
v -0.816187 5.089573 1.604421
v -0.802421 5.109763 1.604421
v -0.791819 5.131780 1.604421
v -0.784616 5.155131 1.604421
v -0.780974 5.179295 1.604421
v -0.780974 5.203732 1.604421
v -0.918630 5.023081 1.609666
v -0.893810 5.028746 1.609666
v -0.870111 5.038047 1.609666
v -0.848064 5.050776 1.609666
v -0.828160 5.066649 1.609666
v -0.810844 5.085312 1.609666
v -0.796503 5.106346 1.609666
v -0.785457 5.129283 1.609666
v -0.777953 5.153610 1.609666
v -0.774158 5.178784 1.609666
v -0.774158 5.204243 1.609666
v -0.777953 5.229416 1.609666
v -0.917848 5.017896 1.616500
v -0.892264 5.023735 1.616500
v -0.867836 5.033322 1.616500
v -0.845109 5.046443 1.616500
v -0.824593 5.062805 1.616500
v -0.806743 5.082042 1.616500
v -0.791961 5.103724 1.616500
v -0.780575 5.127367 1.616500
v -0.772840 5.152444 1.616500
v -0.768929 5.178392 1.616500
v -0.768929 5.204635 1.616500
v -0.772840 5.230583 1.616500
v -0.780575 5.255660 1.616500
v -1.107458 5.127367 1.616500
v -1.115193 5.152444 1.616500
v -1.119104 5.178392 1.616500
v -1.119104 5.204635 1.616500
v -1.115193 5.230583 1.616500
v -1.107458 5.255660 1.616500
v -1.096072 5.279303 1.616500
v -1.081290 5.300985 1.616500
v -1.063440 5.320222 1.616500
v -1.042924 5.336584 1.616500
v -1.110080 5.153610 1.609666
v -1.107059 5.179295 1.604421
v -1.113875 5.178784 1.609666
v -1.113875 5.204243 1.609666
v -1.110080 5.229416 1.609666
v -1.102576 5.253744 1.609666
v -1.091531 5.276681 1.609666
v -1.077189 5.297715 1.609666
v -1.059873 5.316378 1.609666
v -1.039969 5.332250 1.609666
v -1.017922 5.344980 1.609666
v -1.107059 5.203732 1.604421
v -1.103417 5.227896 1.604421
v -1.096214 5.251247 1.604421
v -1.085612 5.273263 1.604421
v -1.071846 5.293454 1.604421
v -1.055225 5.311367 1.604421
v -1.036119 5.326604 1.604421
v -1.014957 5.338822 1.604421
v -0.992209 5.347750 1.604421
v -0.970844 5.013524 1.700000
v -0.944017 5.011513 1.700000
v -0.917189 5.013524 1.700000
v -0.890961 5.019510 1.700000
v -0.865917 5.029339 1.700000
v -0.842619 5.042790 1.700000
v -0.821585 5.059564 1.700000
v -0.803287 5.079285 1.700000
v -0.788132 5.101513 1.700000
v -0.776459 5.125752 1.700000
v -0.768530 5.151460 1.700000
v -0.764520 5.178062 1.700000
v -0.764520 5.204965 1.700000
v -0.768530 5.231567 1.700000
v -0.776459 5.257275 1.700000
v -0.788132 5.281513 1.700000
v -0.803287 5.303742 1.700000
v -0.821585 5.323463 1.700000
v -0.842619 5.340236 1.700000
v -0.865917 5.353688 1.700000
v -0.890961 5.363517 1.700000
v -0.917189 5.369503 1.700000
v -0.944017 5.371513 1.700000
v -0.970844 5.369503 1.700000
v -0.997072 5.363517 1.700000
v -1.022116 5.353688 1.700000
v -1.045414 5.340236 1.700000
v -1.066448 5.323463 1.700000
v -1.084746 5.303742 1.700000
v -1.099901 5.281513 1.700000
v -1.111574 5.257275 1.700000
v -1.119504 5.231567 1.700000
v -1.123513 5.204965 1.700000
v -1.123513 5.178062 1.700000
v -1.119504 5.151460 1.700000
v -1.111574 5.125752 1.700000
v -1.099901 5.101513 1.700000
v -1.084746 5.079285 1.700000
v -1.066448 5.059564 1.700000
v -1.045414 5.042790 1.700000
v -1.022116 5.029339 1.700000
v -0.997072 5.019510 1.700000
f 6714 6715 6716
f 6716 6715 6717
f 6716 6717 6718
f 6718 6717 6719
f 6718 6719 6720
f 6720 6719 6721
f 6720 6721 6722
f 6722 6721 6723
f 6722 6723 6724
f 6724 6723 6725
f 6724 6725 6726
f 6726 6725 6727
f 6726 6727 6728
f 6728 6727 6729
f 6728 6729 6730
f 6730 6729 6731
f 6730 6731 6732
f 6732 6731 6733
f 6732 6733 6734
f 6734 6733 6735
f 6734 6735 6736
f 6736 6735 6737
f 6736 6737 6738
f 6738 6737 6739
f 6738 6739 6740
f 6740 6739 6741
f 6740 6741 6742
f 6742 6741 6743
f 6742 6743 6744
f 6744 6743 6745
f 6744 6745 6746
f 6746 6745 6747
f 6746 6747 6748
f 6748 6747 6749
f 6748 6749 6750
f 6750 6749 6751
f 6750 6751 6752
f 6752 6751 6753
f 6752 6753 6754
f 6754 6753 6755
f 6754 6755 6756
f 6756 6755 6757
f 6756 6757 6758
f 6758 6757 6759
f 6758 6759 6760
f 6760 6759 6761
f 6760 6761 6762
f 6762 6761 6763
f 6762 6763 6764
f 6764 6763 6765
f 6764 6765 6766
f 6766 6765 6767
f 6766 6767 6768
f 6768 6767 6769
f 6768 6769 6770
f 6770 6769 6771
f 6770 6771 6772
f 6772 6771 6773
f 6772 6773 6774
f 6774 6773 6775
f 6774 6775 6776
f 6776 6775 6777
f 6776 6777 6778
f 6778 6777 6779
f 6778 6779 6780
f 6780 6779 6781
f 6780 6781 6782
f 6782 6781 6783
f 6782 6783 6784
f 6784 6783 6785
f 6784 6785 6786
f 6786 6785 6787
f 6786 6787 6788
f 6788 6787 6789
f 6788 6789 6790
f 6790 6789 6791
f 6790 6791 6792
f 6792 6791 6793
f 6792 6793 6794
f 6794 6793 6795
f 6794 6795 6796
f 6796 6795 6797
f 6796 6797 6714
f 6714 6797 6715
f 6798 6799 6800
f 6800 6799 6801
f 6800 6801 6802
f 6802 6801 6803
f 6802 6803 6804
f 6804 6803 6805
f 6804 6805 6806
f 6806 6805 6807
f 6806 6807 6808
f 6808 6807 6717
f 6808 6717 6715
f 6799 6798 6809
f 6809 6798 6810
f 6809 6810 6811
f 6811 6810 6812
f 6811 6812 6813
f 6813 6812 6814
f 6813 6814 6815
f 6815 6814 6816
f 6815 6816 6817
f 6817 6816 6818
f 6817 6818 6819
f 6819 6818 6820
f 6819 6820 6821
f 6821 6820 6822
f 6821 6822 6823
f 6823 6822 6824
f 6823 6824 6825
f 6825 6824 6826
f 6825 6826 6827
f 6827 6826 6828
f 6827 6828 6829
f 6829 6828 6830
f 6829 6830 6831
f 6831 6830 6832
f 6831 6832 6833
f 6833 6832 6834
f 6833 6834 6747
f 6747 6834 6749
f 6826 6835 6828
f 6828 6835 6836
f 6828 6836 6830
f 6830 6836 6837
f 6830 6837 6832
f 6832 6837 6838
f 6832 6838 6834
f 6834 6838 6839
f 6834 6839 6749
f 6749 6839 6751
f 6835 6840 6836
f 6836 6840 6841
f 6836 6841 6837
f 6837 6841 6842
f 6837 6842 6838
f 6838 6842 6843
f 6838 6843 6839
f 6839 6843 6844
f 6839 6844 6751
f 6751 6844 6753
f 6840 6845 6841
f 6841 6845 6846
f 6841 6846 6842
f 6842 6846 6847
f 6842 6847 6843
f 6843 6847 6848
f 6843 6848 6844
f 6844 6848 6849
f 6844 6849 6753
f 6753 6849 6755
f 6845 6850 6846
f 6846 6850 6851
f 6846 6851 6847
f 6847 6851 6852
f 6847 6852 6848
f 6848 6852 6853
f 6848 6853 6849
f 6849 6853 6854
f 6849 6854 6755
f 6755 6854 6757
f 6850 6855 6851
f 6851 6855 6856
f 6851 6856 6852
f 6852 6856 6857
f 6852 6857 6853
f 6853 6857 6858
f 6853 6858 6854
f 6854 6858 6859
f 6854 6859 6757
f 6757 6859 6759
f 6855 6860 6856
f 6856 6860 6861
f 6856 6861 6857
f 6857 6861 6862
f 6857 6862 6858
f 6858 6862 6863
f 6858 6863 6859
f 6859 6863 6864
f 6859 6864 6759
f 6759 6864 6761
f 6860 6865 6861
f 6861 6865 6866
f 6861 6866 6862
f 6862 6866 6867
f 6862 6867 6863
f 6863 6867 6868
f 6863 6868 6864
f 6864 6868 6869
f 6864 6869 6761
f 6761 6869 6763
f 6865 6870 6866
f 6866 6870 6871
f 6866 6871 6867
f 6867 6871 6872
f 6867 6872 6868
f 6868 6872 6873
f 6868 6873 6869
f 6869 6873 6874
f 6869 6874 6763
f 6763 6874 6765
f 6870 6875 6871
f 6871 6875 6876
f 6871 6876 6872
f 6872 6876 6877
f 6872 6877 6873
f 6873 6877 6878
f 6873 6878 6874
f 6874 6878 6879
f 6874 6879 6765
f 6765 6879 6767
f 6876 6875 6880
f 6880 6875 6881
f 6880 6881 6882
f 6882 6881 6883
f 6882 6883 6884
f 6884 6883 6885
f 6884 6885 6886
f 6886 6885 6887
f 6886 6887 6888
f 6888 6887 6889
f 6888 6889 6890
f 6890 6889 6891
f 6890 6891 6892
f 6892 6891 6893
f 6892 6893 6894
f 6894 6893 6895
f 6894 6895 6896
f 6896 6895 6897
f 6896 6897 6898
f 6898 6897 6899
f 6898 6899 6900
f 6900 6899 6901
f 6900 6901 6902
f 6902 6901 6903
f 6902 6903 6904
f 6904 6903 6905
f 6904 6905 6906
f 6906 6905 6907
f 6906 6907 6789
f 6789 6907 6791
f 6899 6908 6901
f 6901 6908 6909
f 6901 6909 6903
f 6903 6909 6910
f 6903 6910 6905
f 6905 6910 6911
f 6905 6911 6907
f 6907 6911 6912
f 6907 6912 6791
f 6791 6912 6793
f 6908 6913 6909
f 6909 6913 6914
f 6909 6914 6910
f 6910 6914 6915
f 6910 6915 6911
f 6911 6915 6916
f 6911 6916 6912
f 6912 6916 6917
f 6912 6917 6793
f 6793 6917 6795
f 6913 6918 6914
f 6914 6918 6919
f 6914 6919 6915
f 6915 6919 6920
f 6915 6920 6916
f 6916 6920 6921
f 6916 6921 6917
f 6917 6921 6922
f 6917 6922 6795
f 6795 6922 6797
f 6918 6923 6919
f 6919 6923 6924
f 6919 6924 6920
f 6920 6924 6925
f 6920 6925 6921
f 6921 6925 6926
f 6921 6926 6922
f 6922 6926 6927
f 6922 6927 6797
f 6797 6927 6715
f 6923 6928 6924
f 6924 6928 6929
f 6924 6929 6925
f 6925 6929 6930
f 6925 6930 6926
f 6926 6930 6931
f 6926 6931 6927
f 6927 6931 6808
f 6927 6808 6715
f 6928 6932 6929
f 6929 6932 6933
f 6929 6933 6930
f 6930 6933 6934
f 6930 6934 6931
f 6931 6934 6806
f 6931 6806 6808
f 6932 6935 6933
f 6933 6935 6936
f 6933 6936 6934
f 6934 6936 6804
f 6934 6804 6806
f 6935 6937 6936
f 6936 6937 6802
f 6936 6802 6804
f 6937 6800 6802
f 6877 6876 6880
f 6803 6801 6938
f 6938 6801 6799
f 6938 6799 6939
f 6939 6799 6809
f 6939 6809 6940
f 6940 6809 6811
f 6940 6811 6941
f 6941 6811 6813
f 6941 6813 6942
f 6942 6813 6815
f 6942 6815 6943
f 6943 6815 6817
f 6943 6817 6944
f 6944 6817 6819
f 6944 6819 6945
f 6945 6819 6821
f 6945 6821 6946
f 6946 6821 6823
f 6946 6823 6947
f 6947 6823 6825
f 6947 6825 6948
f 6948 6825 6827
f 6948 6827 6829
f 6805 6803 6949
f 6949 6803 6938
f 6949 6938 6950
f 6950 6938 6939
f 6950 6939 6951
f 6951 6939 6940
f 6951 6940 6952
f 6952 6940 6941
f 6952 6941 6953
f 6953 6941 6942
f 6953 6942 6954
f 6954 6942 6943
f 6954 6943 6955
f 6955 6943 6944
f 6955 6944 6956
f 6956 6944 6945
f 6956 6945 6957
f 6957 6945 6946
f 6957 6946 6958
f 6958 6946 6947
f 6958 6947 6959
f 6959 6947 6948
f 6959 6948 6960
f 6960 6948 6829
f 6960 6829 6831
f 6719 6717 6807
f 6807 6805 6961
f 6961 6805 6949
f 6961 6949 6962
f 6962 6949 6950
f 6962 6950 6963
f 6963 6950 6951
f 6963 6951 6964
f 6964 6951 6952
f 6964 6952 6965
f 6965 6952 6953
f 6965 6953 6966
f 6966 6953 6954
f 6966 6954 6967
f 6967 6954 6955
f 6967 6955 6968
f 6968 6955 6956
f 6968 6956 6969
f 6969 6956 6957
f 6969 6957 6970
f 6970 6957 6958
f 6970 6958 6971
f 6971 6958 6959
f 6971 6959 6972
f 6972 6959 6960
f 6972 6960 6973
f 6973 6960 6831
f 6973 6831 6833
f 6906 6789 6787
f 6906 6787 6974
f 6974 6787 6785
f 6974 6785 6975
f 6975 6785 6783
f 6975 6783 6976
f 6976 6783 6781
f 6976 6781 6977
f 6977 6781 6779
f 6977 6779 6978
f 6978 6779 6777
f 6978 6777 6979
f 6979 6777 6775
f 6979 6775 6980
f 6980 6775 6773
f 6980 6773 6981
f 6981 6773 6771
f 6981 6771 6982
f 6982 6771 6769
f 6982 6769 6983
f 6983 6769 6767
f 6983 6767 6879
f 6906 6974 6904
f 6904 6974 6984
f 6904 6984 6902
f 6902 6984 6985
f 6902 6985 6900
f 6900 6985 6898
f 6984 6974 6975
f 6984 6975 6986
f 6986 6975 6976
f 6986 6976 6987
f 6987 6976 6977
f 6987 6977 6988
f 6988 6977 6978
f 6988 6978 6989
f 6989 6978 6979
f 6989 6979 6990
f 6990 6979 6980
f 6990 6980 6991
f 6991 6980 6981
f 6991 6981 6992
f 6992 6981 6982
f 6992 6982 6993
f 6993 6982 6983
f 6993 6983 6994
f 6994 6983 6879
f 6994 6879 6878
f 6984 6986 6985
f 6985 6986 6995
f 6985 6995 6898
f 6898 6995 6896
f 6995 6986 6987
f 6995 6987 6996
f 6996 6987 6988
f 6996 6988 6997
f 6997 6988 6989
f 6997 6989 6998
f 6998 6989 6990
f 6998 6990 6999
f 6999 6990 6991
f 6999 6991 7000
f 7000 6991 6992
f 7000 6992 7001
f 7001 6992 6993
f 7001 6993 7002
f 7002 6993 6994
f 7002 6994 7003
f 7003 6994 6878
f 7003 6878 6877
f 6894 6896 6996
f 6996 6896 6995
f 6894 6996 6997
f 6892 6894 6997
f 6892 6997 6998
f 6890 6892 6998
f 6890 6998 6999
f 6888 6890 6999
f 6888 6999 7000
f 6886 6888 7000
f 6886 7000 7001
f 6884 6886 7001
f 6884 7001 7002
f 6882 6884 7002
f 6882 7002 7003
f 6880 6882 7003
f 6880 7003 6877
f 6833 6747 6745
f 6973 6833 6745
f 6973 6745 6743
f 6972 6973 6743
f 6972 6743 6741
f 6971 6972 6741
f 6971 6741 6739
f 6970 6971 6739
f 6970 6739 6737
f 6969 6970 6737
f 6969 6737 6735
f 6968 6969 6735
f 6968 6735 6733
f 6967 6968 6733
f 6967 6733 6731
f 6966 6967 6731
f 6966 6731 6729
f 6965 6966 6729
f 6965 6729 6727
f 6964 6965 6727
f 6964 6727 6725
f 6963 6964 6725
f 6963 6725 6723
f 6962 6963 6723
f 6962 6723 6721
f 6961 6962 6721
f 6961 6721 6719
f 6807 6961 6719
f 7004 6714 7005
f 7005 6714 6716
f 7005 6716 7006
f 7006 6716 6718
f 7006 6718 7007
f 7007 6718 6720
f 7007 6720 7008
f 7008 6720 6722
f 7008 6722 7009
f 7009 6722 6724
f 7009 6724 7010
f 7010 6724 6726
f 7010 6726 7011
f 7011 6726 6728
f 7011 6728 7012
f 7012 6728 6730
f 7012 6730 7013
f 7013 6730 6732
f 7013 6732 7014
f 7014 6732 6734
f 7014 6734 7015
f 7015 6734 6736
f 7015 6736 7016
f 7016 6736 6738
f 7016 6738 7017
f 7017 6738 6740
f 7017 6740 7018
f 7018 6740 6742
f 7018 6742 7019
f 7019 6742 6744
f 7019 6744 7020
f 7020 6744 6746
f 7020 6746 7021
f 7021 6746 6748
f 7021 6748 7022
f 7022 6748 6750
f 7022 6750 7023
f 7023 6750 6752
f 7023 6752 7024
f 7024 6752 6754
f 7024 6754 7025
f 7025 6754 6756
f 7025 6756 7026
f 7026 6756 6758
f 7026 6758 7027
f 7027 6758 6760
f 7027 6760 7028
f 7028 6760 6762
f 7028 6762 7029
f 7029 6762 6764
f 7029 6764 7030
f 7030 6764 6766
f 7030 6766 7031
f 7031 6766 6768
f 7031 6768 7032
f 7032 6768 6770
f 7032 6770 7033
f 7033 6770 6772
f 7033 6772 7034
f 7034 6772 6774
f 7034 6774 7035
f 7035 6774 6776
f 7035 6776 7036
f 7036 6776 6778
f 7036 6778 7037
f 7037 6778 6780
f 7037 6780 7038
f 7038 6780 6782
f 7038 6782 7039
f 7039 6782 6784
f 7039 6784 7040
f 7040 6784 6786
f 7040 6786 7041
f 7041 6786 6788
f 7041 6788 7042
f 7042 6788 6790
f 7042 6790 7043
f 7043 6790 6792
f 7043 6792 7044
f 7044 6792 6794
f 7044 6794 7045
f 7045 6794 6796
f 7045 6796 7004
f 7004 6796 6714
f 6937 6881 6800
f 6800 6881 6875
f 6800 6875 6798
f 6798 6875 6870
f 6798 6870 6810
f 6810 6870 6865
f 6810 6865 6812
f 6812 6865 6860
f 6812 6860 6814
f 6814 6860 6855
f 6814 6855 6816
f 6816 6855 6850
f 6816 6850 6818
f 6818 6850 6845
f 6818 6845 6820
f 6820 6845 6840
f 6820 6840 6822
f 6822 6840 6835
f 6822 6835 6824
f 6824 6835 6826
f 6881 6937 6883
f 6883 6937 6935
f 6883 6935 6885
f 6885 6935 6932
f 6885 6932 6887
f 6887 6932 6928
f 6887 6928 6889
f 6889 6928 6923
f 6889 6923 6891
f 6891 6923 6918
f 6891 6918 6893
f 6893 6918 6913
f 6893 6913 6895
f 6895 6913 6908
f 6895 6908 6897
f 6897 6908 6899
f 7006 7025 7005
f 7005 7025 7026
f 7005 7026 7004
f 7004 7026 7027
f 7004 7027 7045
f 7045 7027 7028
f 7045 7028 7044
f 7044 7028 7029
f 7044 7029 7043
f 7043 7029 7030
f 7043 7030 7042
f 7042 7030 7031
f 7042 7031 7041
f 7041 7031 7032
f 7041 7032 7040
f 7040 7032 7033
f 7040 7033 7039
f 7039 7033 7034
f 7039 7034 7038
f 7038 7034 7035
f 7038 7035 7037
f 7037 7035 7036
f 7025 7006 7024
f 7024 7006 7007
f 7024 7007 7023
f 7023 7007 7008
f 7023 7008 7022
f 7022 7008 7009
f 7022 7009 7021
f 7021 7009 7010
f 7021 7010 7020
f 7020 7010 7011
f 7020 7011 7019
f 7019 7011 7012
f 7019 7012 7018
f 7018 7012 7013
f 7018 7013 7017
f 7017 7013 7014
f 7017 7014 7016
f 7016 7014 7015
g Body5

v 0.599156 5.003524 1.633000
v 0.599323 5.004636 1.624459
v 0.625983 5.001513 1.633000
v 0.625983 5.002638 1.624459
v 0.652811 5.003524 1.633000
v 0.652643 5.004636 1.624459
v 0.679039 5.009510 1.633000
v 0.678708 5.010585 1.624459
v 0.704082 5.019339 1.633000
v 0.703595 5.020352 1.624459
v 0.727381 5.032790 1.633000
v 0.726748 5.033720 1.624459
v 0.748415 5.049564 1.633000
v 0.747650 5.050388 1.624459
v 0.766713 5.069285 1.633000
v 0.765834 5.069986 1.624459
v 0.781868 5.091513 1.633000
v 0.780894 5.092076 1.624459
v 0.793541 5.115752 1.633000
v 0.792494 5.116163 1.624459
v 0.801470 5.141460 1.633000
v 0.800374 5.141710 1.624459
v 0.805480 5.168062 1.633000
v 0.804359 5.168146 1.624459
v 0.805480 5.194965 1.633000
v 0.804359 5.194881 1.624459
v 0.801470 5.221567 1.633000
v 0.800374 5.221317 1.624459
v 0.793541 5.247275 1.633000
v 0.792494 5.246864 1.624459
v 0.781868 5.271513 1.633000
v 0.780894 5.270951 1.624459
v 0.766713 5.293742 1.633000
v 0.765834 5.293041 1.624459
v 0.748415 5.313463 1.633000
v 0.747650 5.312639 1.624459
v 0.727381 5.330236 1.633000
v 0.726748 5.329307 1.624459
v 0.704082 5.343688 1.633000
v 0.703595 5.342675 1.624459
v 0.679039 5.353517 1.633000
v 0.678708 5.352442 1.624459
v 0.652811 5.359503 1.633000
v 0.652643 5.358391 1.624459
v 0.625983 5.361513 1.633000
v 0.625983 5.360389 1.624459
v 0.599156 5.359503 1.633000
v 0.599323 5.358391 1.624459
v 0.572927 5.353517 1.633000
v 0.573259 5.352442 1.624459
v 0.547884 5.343688 1.633000
v 0.548372 5.342675 1.624459
v 0.524586 5.330236 1.633000
v 0.525219 5.329307 1.624459
v 0.503552 5.313463 1.633000
v 0.504317 5.312639 1.624459
v 0.485254 5.293742 1.633000
v 0.486133 5.293041 1.624459
v 0.470099 5.271513 1.633000
v 0.471073 5.270951 1.624459
v 0.458426 5.247275 1.633000
v 0.459473 5.246864 1.624459
v 0.450496 5.221567 1.633000
v 0.451593 5.221317 1.624459
v 0.446487 5.194965 1.633000
v 0.447608 5.194881 1.624459
v 0.446487 5.168062 1.633000
v 0.447608 5.168146 1.624459
v 0.450496 5.141460 1.633000
v 0.451593 5.141710 1.624459
v 0.458426 5.115752 1.633000
v 0.459473 5.116163 1.624459
v 0.470099 5.091513 1.633000
v 0.471073 5.092076 1.624459
v 0.485254 5.069285 1.633000
v 0.486133 5.069986 1.624459
v 0.503552 5.049564 1.633000
v 0.504317 5.050388 1.624459
v 0.524586 5.032790 1.633000
v 0.525219 5.033720 1.624459
v 0.547884 5.019339 1.633000
v 0.548372 5.020352 1.624459
v 0.572927 5.009510 1.633000
v 0.573259 5.010585 1.624459
v 0.650179 5.036518 1.600000
v 0.649166 5.027710 1.601125
v 0.625983 5.034513 1.600000
v 0.625983 5.025972 1.601125
v 0.602801 5.027710 1.601125
v 0.625983 5.018013 1.604421
v 0.601615 5.019840 1.604421
v 0.625983 5.011179 1.609666
v 0.600596 5.013081 1.609666
v 0.625983 5.005935 1.616500
v 0.599815 5.007896 1.616500
v 0.671830 5.032883 1.601125
v 0.673714 5.042478 1.600000
v 0.693470 5.041376 1.601125
v 0.695948 5.052231 1.600000
v 0.713603 5.052999 1.601125
v 0.716273 5.065510 1.600000
v 0.731778 5.067494 1.601125
v 0.734135 5.081953 1.600000
v 0.747590 5.084535 1.601125
v 0.749047 5.101112 1.600000
v 0.760686 5.103743 1.601125
v 0.760602 5.122464 1.600000
v 0.770772 5.124688 1.601125
v 0.768485 5.145427 1.600000
v 0.777625 5.146902 1.601125
v 0.772481 5.169374 1.600000
v 0.781090 5.169890 1.601125
v 0.772481 5.193653 1.600000
v 0.781090 5.193137 1.601125
v 0.777625 5.216125 1.601125
v 0.785384 5.217896 1.604421
v 0.778181 5.241247 1.604421
v 0.784543 5.243744 1.609666
v 0.773497 5.266681 1.609666
v 0.778039 5.269303 1.616500
v 0.763256 5.290985 1.616500
v 0.768485 5.217600 1.600000
v 0.770772 5.238339 1.601125
v 0.767579 5.263263 1.604421
v 0.759156 5.287715 1.609666
v 0.745407 5.310222 1.616500
v 0.760602 5.240563 1.600000
v 0.760686 5.259284 1.601125
v 0.753813 5.283454 1.604421
v 0.741840 5.306378 1.609666
v 0.724890 5.326584 1.616500
v 0.749047 5.261915 1.600000
v 0.747590 5.278492 1.601125
v 0.737192 5.301367 1.604421
v 0.721936 5.322250 1.609666
v 0.702164 5.339705 1.616500
v 0.734135 5.281074 1.600000
v 0.731778 5.295533 1.601125
v 0.718086 5.316604 1.604421
v 0.699889 5.334980 1.609666
v 0.677736 5.349292 1.616500
v 0.716273 5.297517 1.600000
v 0.713603 5.310028 1.601125
v 0.696923 5.328822 1.604421
v 0.676190 5.344281 1.609666
v 0.652152 5.355131 1.616500
v 0.695948 5.310796 1.600000
v 0.693470 5.321651 1.601125
v 0.674176 5.337750 1.604421
v 0.651370 5.349946 1.609666
v 0.625983 5.357092 1.616500
v 0.673714 5.320549 1.600000
v 0.671830 5.330144 1.601125
v 0.650352 5.343187 1.604421
v 0.625983 5.351848 1.609666
v 0.599815 5.355131 1.616500
v 0.650179 5.326509 1.600000
v 0.649166 5.335317 1.601125
v 0.625983 5.345013 1.604421
v 0.600596 5.349946 1.609666
v 0.574231 5.349292 1.616500
v 0.625983 5.328513 1.600000
v 0.625983 5.337055 1.601125
v 0.601615 5.343187 1.604421
v 0.575776 5.344281 1.609666
v 0.549803 5.339705 1.616500
v 0.602801 5.335317 1.601125
v 0.601788 5.326509 1.600000
v 0.580137 5.330144 1.601125
v 0.578253 5.320549 1.600000
v 0.558497 5.321651 1.601125
v 0.556019 5.310796 1.600000
v 0.538364 5.310028 1.601125
v 0.535694 5.297517 1.600000
v 0.520189 5.295533 1.601125
v 0.517832 5.281074 1.600000
v 0.504377 5.278492 1.601125
v 0.502920 5.261915 1.600000
v 0.491281 5.259284 1.601125
v 0.491365 5.240563 1.600000
v 0.481194 5.238339 1.601125
v 0.483482 5.217600 1.600000
v 0.474342 5.216125 1.601125
v 0.479485 5.193653 1.600000
v 0.470877 5.193137 1.601125
v 0.479485 5.169374 1.600000
v 0.470877 5.169890 1.601125
v 0.474342 5.146902 1.601125
v 0.466583 5.145131 1.604421
v 0.473786 5.121780 1.604421
v 0.467423 5.119283 1.609666
v 0.478469 5.096346 1.609666
v 0.473928 5.093724 1.616500
v 0.488710 5.072042 1.616500
v 0.483482 5.145427 1.600000
v 0.481194 5.124688 1.601125
v 0.484388 5.099763 1.604421
v 0.492811 5.075312 1.609666
v 0.506559 5.052805 1.616500
v 0.491365 5.122464 1.600000
v 0.491281 5.103743 1.601125
v 0.498154 5.079573 1.604421
v 0.510127 5.056649 1.609666
v 0.527076 5.036443 1.616500
v 0.502920 5.101112 1.600000
v 0.504377 5.084535 1.601125
v 0.514775 5.061659 1.604421
v 0.530031 5.040776 1.609666
v 0.549803 5.023322 1.616500
v 0.517832 5.081953 1.600000
v 0.520189 5.067494 1.601125
v 0.533881 5.046423 1.604421
v 0.552078 5.028047 1.609666
v 0.574231 5.013735 1.616500
v 0.535694 5.065510 1.600000
v 0.538364 5.052999 1.601125
v 0.555043 5.034205 1.604421
v 0.575776 5.018746 1.609666
v 0.556019 5.052231 1.600000
v 0.558497 5.041376 1.601125
v 0.577791 5.025277 1.604421
v 0.578253 5.042478 1.600000
v 0.580137 5.032883 1.601125
v 0.601788 5.036518 1.600000
v 0.650352 5.019840 1.604421
v 0.674176 5.025277 1.604421
v 0.696923 5.034205 1.604421
v 0.718086 5.046423 1.604421
v 0.737192 5.061659 1.604421
v 0.753813 5.079573 1.604421
v 0.767579 5.099763 1.604421
v 0.778181 5.121780 1.604421
v 0.785384 5.145131 1.604421
v 0.789026 5.169295 1.604421
v 0.789026 5.193732 1.604421
v 0.651370 5.013081 1.609666
v 0.676190 5.018746 1.609666
v 0.699889 5.028047 1.609666
v 0.721936 5.040776 1.609666
v 0.741840 5.056649 1.609666
v 0.759156 5.075312 1.609666
v 0.773497 5.096346 1.609666
v 0.784543 5.119283 1.609666
v 0.792047 5.143610 1.609666
v 0.795842 5.168784 1.609666
v 0.795842 5.194243 1.609666
v 0.792047 5.219416 1.609666
v 0.652152 5.007896 1.616500
v 0.677736 5.013735 1.616500
v 0.702164 5.023322 1.616500
v 0.724890 5.036443 1.616500
v 0.745407 5.052805 1.616500
v 0.763256 5.072042 1.616500
v 0.778039 5.093724 1.616500
v 0.789425 5.117367 1.616500
v 0.797160 5.142444 1.616500
v 0.801071 5.168392 1.616500
v 0.801071 5.194635 1.616500
v 0.797160 5.220583 1.616500
v 0.789425 5.245660 1.616500
v 0.462542 5.117367 1.616500
v 0.454807 5.142444 1.616500
v 0.450896 5.168392 1.616500
v 0.450896 5.194635 1.616500
v 0.454807 5.220583 1.616500
v 0.462542 5.245660 1.616500
v 0.473928 5.269303 1.616500
v 0.488710 5.290985 1.616500
v 0.506559 5.310222 1.616500
v 0.527076 5.326584 1.616500
v 0.459920 5.143610 1.609666
v 0.462941 5.169295 1.604421
v 0.456125 5.168784 1.609666
v 0.456125 5.194243 1.609666
v 0.459920 5.219416 1.609666
v 0.467423 5.243744 1.609666
v 0.478469 5.266681 1.609666
v 0.492811 5.287715 1.609666
v 0.510127 5.306378 1.609666
v 0.530031 5.322250 1.609666
v 0.552078 5.334980 1.609666
v 0.462941 5.193732 1.604421
v 0.466583 5.217896 1.604421
v 0.473786 5.241247 1.604421
v 0.484388 5.263263 1.604421
v 0.498154 5.283454 1.604421
v 0.514775 5.301367 1.604421
v 0.533881 5.316604 1.604421
v 0.555043 5.328822 1.604421
v 0.577791 5.337750 1.604421
v 0.599156 5.003524 1.700000
v 0.625983 5.001513 1.700000
v 0.652811 5.003524 1.700000
v 0.679039 5.009510 1.700000
v 0.704082 5.019339 1.700000
v 0.727381 5.032790 1.700000
v 0.748415 5.049564 1.700000
v 0.766713 5.069285 1.700000
v 0.781868 5.091513 1.700000
v 0.793541 5.115752 1.700000
v 0.801470 5.141460 1.700000
v 0.805480 5.168062 1.700000
v 0.805480 5.194965 1.700000
v 0.801470 5.221567 1.700000
v 0.793541 5.247275 1.700000
v 0.781868 5.271513 1.700000
v 0.766713 5.293742 1.700000
v 0.748415 5.313463 1.700000
v 0.727381 5.330236 1.700000
v 0.704082 5.343688 1.700000
v 0.679039 5.353517 1.700000
v 0.652811 5.359503 1.700000
v 0.625983 5.361513 1.700000
v 0.599156 5.359503 1.700000
v 0.572927 5.353517 1.700000
v 0.547884 5.343688 1.700000
v 0.524586 5.330236 1.700000
v 0.503552 5.313463 1.700000
v 0.485254 5.293742 1.700000
v 0.470099 5.271513 1.700000
v 0.458426 5.247275 1.700000
v 0.450496 5.221567 1.700000
v 0.446487 5.194965 1.700000
v 0.446487 5.168062 1.700000
v 0.450496 5.141460 1.700000
v 0.458426 5.115752 1.700000
v 0.470099 5.091513 1.700000
v 0.485254 5.069285 1.700000
v 0.503552 5.049564 1.700000
v 0.524586 5.032790 1.700000
v 0.547884 5.019339 1.700000
v 0.572927 5.009510 1.700000
f 7046 7047 7048
f 7048 7047 7049
f 7048 7049 7050
f 7050 7049 7051
f 7050 7051 7052
f 7052 7051 7053
f 7052 7053 7054
f 7054 7053 7055
f 7054 7055 7056
f 7056 7055 7057
f 7056 7057 7058
f 7058 7057 7059
f 7058 7059 7060
f 7060 7059 7061
f 7060 7061 7062
f 7062 7061 7063
f 7062 7063 7064
f 7064 7063 7065
f 7064 7065 7066
f 7066 7065 7067
f 7066 7067 7068
f 7068 7067 7069
f 7068 7069 7070
f 7070 7069 7071
f 7070 7071 7072
f 7072 7071 7073
f 7072 7073 7074
f 7074 7073 7075
f 7074 7075 7076
f 7076 7075 7077
f 7076 7077 7078
f 7078 7077 7079
f 7078 7079 7080
f 7080 7079 7081
f 7080 7081 7082
f 7082 7081 7083
f 7082 7083 7084
f 7084 7083 7085
f 7084 7085 7086
f 7086 7085 7087
f 7086 7087 7088
f 7088 7087 7089
f 7088 7089 7090
f 7090 7089 7091
f 7090 7091 7092
f 7092 7091 7093
f 7092 7093 7094
f 7094 7093 7095
f 7094 7095 7096
f 7096 7095 7097
f 7096 7097 7098
f 7098 7097 7099
f 7098 7099 7100
f 7100 7099 7101
f 7100 7101 7102
f 7102 7101 7103
f 7102 7103 7104
f 7104 7103 7105
f 7104 7105 7106
f 7106 7105 7107
f 7106 7107 7108
f 7108 7107 7109
f 7108 7109 7110
f 7110 7109 7111
f 7110 7111 7112
f 7112 7111 7113
f 7112 7113 7114
f 7114 7113 7115
f 7114 7115 7116
f 7116 7115 7117
f 7116 7117 7118
f 7118 7117 7119
f 7118 7119 7120
f 7120 7119 7121
f 7120 7121 7122
f 7122 7121 7123
f 7122 7123 7124
f 7124 7123 7125
f 7124 7125 7126
f 7126 7125 7127
f 7126 7127 7128
f 7128 7127 7129
f 7128 7129 7046
f 7046 7129 7047
f 7130 7131 7132
f 7132 7131 7133
f 7132 7133 7134
f 7134 7133 7135
f 7134 7135 7136
f 7136 7135 7137
f 7136 7137 7138
f 7138 7137 7139
f 7138 7139 7140
f 7140 7139 7049
f 7140 7049 7047
f 7131 7130 7141
f 7141 7130 7142
f 7141 7142 7143
f 7143 7142 7144
f 7143 7144 7145
f 7145 7144 7146
f 7145 7146 7147
f 7147 7146 7148
f 7147 7148 7149
f 7149 7148 7150
f 7149 7150 7151
f 7151 7150 7152
f 7151 7152 7153
f 7153 7152 7154
f 7153 7154 7155
f 7155 7154 7156
f 7155 7156 7157
f 7157 7156 7158
f 7157 7158 7159
f 7159 7158 7160
f 7159 7160 7161
f 7161 7160 7162
f 7161 7162 7163
f 7163 7162 7164
f 7163 7164 7165
f 7165 7164 7166
f 7165 7166 7079
f 7079 7166 7081
f 7158 7167 7160
f 7160 7167 7168
f 7160 7168 7162
f 7162 7168 7169
f 7162 7169 7164
f 7164 7169 7170
f 7164 7170 7166
f 7166 7170 7171
f 7166 7171 7081
f 7081 7171 7083
f 7167 7172 7168
f 7168 7172 7173
f 7168 7173 7169
f 7169 7173 7174
f 7169 7174 7170
f 7170 7174 7175
f 7170 7175 7171
f 7171 7175 7176
f 7171 7176 7083
f 7083 7176 7085
f 7172 7177 7173
f 7173 7177 7178
f 7173 7178 7174
f 7174 7178 7179
f 7174 7179 7175
f 7175 7179 7180
f 7175 7180 7176
f 7176 7180 7181
f 7176 7181 7085
f 7085 7181 7087
f 7177 7182 7178
f 7178 7182 7183
f 7178 7183 7179
f 7179 7183 7184
f 7179 7184 7180
f 7180 7184 7185
f 7180 7185 7181
f 7181 7185 7186
f 7181 7186 7087
f 7087 7186 7089
f 7182 7187 7183
f 7183 7187 7188
f 7183 7188 7184
f 7184 7188 7189
f 7184 7189 7185
f 7185 7189 7190
f 7185 7190 7186
f 7186 7190 7191
f 7186 7191 7089
f 7089 7191 7091
f 7187 7192 7188
f 7188 7192 7193
f 7188 7193 7189
f 7189 7193 7194
f 7189 7194 7190
f 7190 7194 7195
f 7190 7195 7191
f 7191 7195 7196
f 7191 7196 7091
f 7091 7196 7093
f 7192 7197 7193
f 7193 7197 7198
f 7193 7198 7194
f 7194 7198 7199
f 7194 7199 7195
f 7195 7199 7200
f 7195 7200 7196
f 7196 7200 7201
f 7196 7201 7093
f 7093 7201 7095
f 7197 7202 7198
f 7198 7202 7203
f 7198 7203 7199
f 7199 7203 7204
f 7199 7204 7200
f 7200 7204 7205
f 7200 7205 7201
f 7201 7205 7206
f 7201 7206 7095
f 7095 7206 7097
f 7202 7207 7203
f 7203 7207 7208
f 7203 7208 7204
f 7204 7208 7209
f 7204 7209 7205
f 7205 7209 7210
f 7205 7210 7206
f 7206 7210 7211
f 7206 7211 7097
f 7097 7211 7099
f 7208 7207 7212
f 7212 7207 7213
f 7212 7213 7214
f 7214 7213 7215
f 7214 7215 7216
f 7216 7215 7217
f 7216 7217 7218
f 7218 7217 7219
f 7218 7219 7220
f 7220 7219 7221
f 7220 7221 7222
f 7222 7221 7223
f 7222 7223 7224
f 7224 7223 7225
f 7224 7225 7226
f 7226 7225 7227
f 7226 7227 7228
f 7228 7227 7229
f 7228 7229 7230
f 7230 7229 7231
f 7230 7231 7232
f 7232 7231 7233
f 7232 7233 7234
f 7234 7233 7235
f 7234 7235 7236
f 7236 7235 7237
f 7236 7237 7238
f 7238 7237 7239
f 7238 7239 7121
f 7121 7239 7123
f 7231 7240 7233
f 7233 7240 7241
f 7233 7241 7235
f 7235 7241 7242
f 7235 7242 7237
f 7237 7242 7243
f 7237 7243 7239
f 7239 7243 7244
f 7239 7244 7123
f 7123 7244 7125
f 7240 7245 7241
f 7241 7245 7246
f 7241 7246 7242
f 7242 7246 7247
f 7242 7247 7243
f 7243 7247 7248
f 7243 7248 7244
f 7244 7248 7249
f 7244 7249 7125
f 7125 7249 7127
f 7245 7250 7246
f 7246 7250 7251
f 7246 7251 7247
f 7247 7251 7252
f 7247 7252 7248
f 7248 7252 7253
f 7248 7253 7249
f 7249 7253 7254
f 7249 7254 7127
f 7127 7254 7129
f 7250 7255 7251
f 7251 7255 7256
f 7251 7256 7252
f 7252 7256 7257
f 7252 7257 7253
f 7253 7257 7258
f 7253 7258 7254
f 7254 7258 7259
f 7254 7259 7129
f 7129 7259 7047
f 7255 7260 7256
f 7256 7260 7261
f 7256 7261 7257
f 7257 7261 7262
f 7257 7262 7258
f 7258 7262 7263
f 7258 7263 7259
f 7259 7263 7140
f 7259 7140 7047
f 7260 7264 7261
f 7261 7264 7265
f 7261 7265 7262
f 7262 7265 7266
f 7262 7266 7263
f 7263 7266 7138
f 7263 7138 7140
f 7264 7267 7265
f 7265 7267 7268
f 7265 7268 7266
f 7266 7268 7136
f 7266 7136 7138
f 7267 7269 7268
f 7268 7269 7134
f 7268 7134 7136
f 7269 7132 7134
f 7209 7208 7212
f 7135 7133 7270
f 7270 7133 7131
f 7270 7131 7271
f 7271 7131 7141
f 7271 7141 7272
f 7272 7141 7143
f 7272 7143 7273
f 7273 7143 7145
f 7273 7145 7274
f 7274 7145 7147
f 7274 7147 7275
f 7275 7147 7149
f 7275 7149 7276
f 7276 7149 7151
f 7276 7151 7277
f 7277 7151 7153
f 7277 7153 7278
f 7278 7153 7155
f 7278 7155 7279
f 7279 7155 7157
f 7279 7157 7280
f 7280 7157 7159
f 7280 7159 7161
f 7137 7135 7281
f 7281 7135 7270
f 7281 7270 7282
f 7282 7270 7271
f 7282 7271 7283
f 7283 7271 7272
f 7283 7272 7284
f 7284 7272 7273
f 7284 7273 7285
f 7285 7273 7274
f 7285 7274 7286
f 7286 7274 7275
f 7286 7275 7287
f 7287 7275 7276
f 7287 7276 7288
f 7288 7276 7277
f 7288 7277 7289
f 7289 7277 7278
f 7289 7278 7290
f 7290 7278 7279
f 7290 7279 7291
f 7291 7279 7280
f 7291 7280 7292
f 7292 7280 7161
f 7292 7161 7163
f 7051 7049 7139
f 7139 7137 7293
f 7293 7137 7281
f 7293 7281 7294
f 7294 7281 7282
f 7294 7282 7295
f 7295 7282 7283
f 7295 7283 7296
f 7296 7283 7284
f 7296 7284 7297
f 7297 7284 7285
f 7297 7285 7298
f 7298 7285 7286
f 7298 7286 7299
f 7299 7286 7287
f 7299 7287 7300
f 7300 7287 7288
f 7300 7288 7301
f 7301 7288 7289
f 7301 7289 7302
f 7302 7289 7290
f 7302 7290 7303
f 7303 7290 7291
f 7303 7291 7304
f 7304 7291 7292
f 7304 7292 7305
f 7305 7292 7163
f 7305 7163 7165
f 7238 7121 7119
f 7238 7119 7306
f 7306 7119 7117
f 7306 7117 7307
f 7307 7117 7115
f 7307 7115 7308
f 7308 7115 7113
f 7308 7113 7309
f 7309 7113 7111
f 7309 7111 7310
f 7310 7111 7109
f 7310 7109 7311
f 7311 7109 7107
f 7311 7107 7312
f 7312 7107 7105
f 7312 7105 7313
f 7313 7105 7103
f 7313 7103 7314
f 7314 7103 7101
f 7314 7101 7315
f 7315 7101 7099
f 7315 7099 7211
f 7238 7306 7236
f 7236 7306 7316
f 7236 7316 7234
f 7234 7316 7317
f 7234 7317 7232
f 7232 7317 7230
f 7316 7306 7307
f 7316 7307 7318
f 7318 7307 7308
f 7318 7308 7319
f 7319 7308 7309
f 7319 7309 7320
f 7320 7309 7310
f 7320 7310 7321
f 7321 7310 7311
f 7321 7311 7322
f 7322 7311 7312
f 7322 7312 7323
f 7323 7312 7313
f 7323 7313 7324
f 7324 7313 7314
f 7324 7314 7325
f 7325 7314 7315
f 7325 7315 7326
f 7326 7315 7211
f 7326 7211 7210
f 7316 7318 7317
f 7317 7318 7327
f 7317 7327 7230
f 7230 7327 7228
f 7327 7318 7319
f 7327 7319 7328
f 7328 7319 7320
f 7328 7320 7329
f 7329 7320 7321
f 7329 7321 7330
f 7330 7321 7322
f 7330 7322 7331
f 7331 7322 7323
f 7331 7323 7332
f 7332 7323 7324
f 7332 7324 7333
f 7333 7324 7325
f 7333 7325 7334
f 7334 7325 7326
f 7334 7326 7335
f 7335 7326 7210
f 7335 7210 7209
f 7226 7228 7328
f 7328 7228 7327
f 7226 7328 7329
f 7224 7226 7329
f 7224 7329 7330
f 7222 7224 7330
f 7222 7330 7331
f 7220 7222 7331
f 7220 7331 7332
f 7218 7220 7332
f 7218 7332 7333
f 7216 7218 7333
f 7216 7333 7334
f 7214 7216 7334
f 7214 7334 7335
f 7212 7214 7335
f 7212 7335 7209
f 7165 7079 7077
f 7305 7165 7077
f 7305 7077 7075
f 7304 7305 7075
f 7304 7075 7073
f 7303 7304 7073
f 7303 7073 7071
f 7302 7303 7071
f 7302 7071 7069
f 7301 7302 7069
f 7301 7069 7067
f 7300 7301 7067
f 7300 7067 7065
f 7299 7300 7065
f 7299 7065 7063
f 7298 7299 7063
f 7298 7063 7061
f 7297 7298 7061
f 7297 7061 7059
f 7296 7297 7059
f 7296 7059 7057
f 7295 7296 7057
f 7295 7057 7055
f 7294 7295 7055
f 7294 7055 7053
f 7293 7294 7053
f 7293 7053 7051
f 7139 7293 7051
f 7336 7046 7337
f 7337 7046 7048
f 7337 7048 7338
f 7338 7048 7050
f 7338 7050 7339
f 7339 7050 7052
f 7339 7052 7340
f 7340 7052 7054
f 7340 7054 7341
f 7341 7054 7056
f 7341 7056 7342
f 7342 7056 7058
f 7342 7058 7343
f 7343 7058 7060
f 7343 7060 7344
f 7344 7060 7062
f 7344 7062 7345
f 7345 7062 7064
f 7345 7064 7346
f 7346 7064 7066
f 7346 7066 7347
f 7347 7066 7068
f 7347 7068 7348
f 7348 7068 7070
f 7348 7070 7349
f 7349 7070 7072
f 7349 7072 7350
f 7350 7072 7074
f 7350 7074 7351
f 7351 7074 7076
f 7351 7076 7352
f 7352 7076 7078
f 7352 7078 7353
f 7353 7078 7080
f 7353 7080 7354
f 7354 7080 7082
f 7354 7082 7355
f 7355 7082 7084
f 7355 7084 7356
f 7356 7084 7086
f 7356 7086 7357
f 7357 7086 7088
f 7357 7088 7358
f 7358 7088 7090
f 7358 7090 7359
f 7359 7090 7092
f 7359 7092 7360
f 7360 7092 7094
f 7360 7094 7361
f 7361 7094 7096
f 7361 7096 7362
f 7362 7096 7098
f 7362 7098 7363
f 7363 7098 7100
f 7363 7100 7364
f 7364 7100 7102
f 7364 7102 7365
f 7365 7102 7104
f 7365 7104 7366
f 7366 7104 7106
f 7366 7106 7367
f 7367 7106 7108
f 7367 7108 7368
f 7368 7108 7110
f 7368 7110 7369
f 7369 7110 7112
f 7369 7112 7370
f 7370 7112 7114
f 7370 7114 7371
f 7371 7114 7116
f 7371 7116 7372
f 7372 7116 7118
f 7372 7118 7373
f 7373 7118 7120
f 7373 7120 7374
f 7374 7120 7122
f 7374 7122 7375
f 7375 7122 7124
f 7375 7124 7376
f 7376 7124 7126
f 7376 7126 7377
f 7377 7126 7128
f 7377 7128 7336
f 7336 7128 7046
f 7269 7213 7132
f 7132 7213 7207
f 7132 7207 7130
f 7130 7207 7202
f 7130 7202 7142
f 7142 7202 7197
f 7142 7197 7144
f 7144 7197 7192
f 7144 7192 7146
f 7146 7192 7187
f 7146 7187 7148
f 7148 7187 7182
f 7148 7182 7150
f 7150 7182 7177
f 7150 7177 7152
f 7152 7177 7172
f 7152 7172 7154
f 7154 7172 7167
f 7154 7167 7156
f 7156 7167 7158
f 7213 7269 7215
f 7215 7269 7267
f 7215 7267 7217
f 7217 7267 7264
f 7217 7264 7219
f 7219 7264 7260
f 7219 7260 7221
f 7221 7260 7255
f 7221 7255 7223
f 7223 7255 7250
f 7223 7250 7225
f 7225 7250 7245
f 7225 7245 7227
f 7227 7245 7240
f 7227 7240 7229
f 7229 7240 7231
f 7338 7357 7337
f 7337 7357 7358
f 7337 7358 7336
f 7336 7358 7359
f 7336 7359 7377
f 7377 7359 7360
f 7377 7360 7376
f 7376 7360 7361
f 7376 7361 7375
f 7375 7361 7362
f 7375 7362 7374
f 7374 7362 7363
f 7374 7363 7373
f 7373 7363 7364
f 7373 7364 7372
f 7372 7364 7365
f 7372 7365 7371
f 7371 7365 7366
f 7371 7366 7370
f 7370 7366 7367
f 7370 7367 7369
f 7369 7367 7368
f 7357 7338 7356
f 7356 7338 7339
f 7356 7339 7355
f 7355 7339 7340
f 7355 7340 7354
f 7354 7340 7341
f 7354 7341 7353
f 7353 7341 7342
f 7353 7342 7352
f 7352 7342 7343
f 7352 7343 7351
f 7351 7343 7344
f 7351 7344 7350
f 7350 7344 7345
f 7350 7345 7349
f 7349 7345 7346
f 7349 7346 7348
f 7348 7346 7347
g 3

v 1.147000 3.423494 1.675000
v 1.147000 3.219533 1.675000
v 1.147000 3.393215 1.653247
v 1.147000 3.249812 1.653247
v 1.147000 3.358507 1.639633
v 1.147000 3.284520 1.639633
v 1.147000 3.321514 1.635000
v 1.372000 3.418978 1.670979
v 1.372000 3.444694 1.699405
v 1.147000 3.447701 1.703902
v 1.372000 3.462366 1.733419
v 1.147000 3.463936 1.737928
v 1.372000 3.470840 1.770802
v 1.147000 3.471175 1.774926
v 1.372000 3.469563 1.809113
v 1.147000 3.468960 1.812561
v 1.372000 3.458617 1.845848
v 1.147000 3.457430 1.848455
v 1.372000 3.438719 1.878611
v 1.147000 3.437316 1.880341
v 1.372000 3.411166 1.905260
v 1.147000 3.409885 1.906204
v 1.372000 3.377759 1.924055
v 1.147000 3.376873 1.924411
v 1.372000 3.340679 1.933771
v 1.147000 3.340364 1.933811
v 1.372000 3.302348 1.933771
v 1.147000 3.302663 1.933811
v 1.147000 3.266154 1.924411
v 1.372000 3.265268 1.924055
v 1.147000 3.233142 1.906204
v 1.372000 3.231861 1.905260
v 1.147000 3.205712 1.880341
v 1.372000 3.204308 1.878611
v 1.147000 3.185597 1.848455
v 1.372000 3.184410 1.845848
v 1.147000 3.174067 1.812561
v 1.372000 3.173464 1.809113
v 1.147000 3.171852 1.774926
v 1.372000 3.172187 1.770802
v 1.147000 3.179091 1.737928
v 1.372000 3.180661 1.733419
v 1.147000 3.195326 1.703902
v 1.372000 3.198333 1.699405
v 1.372000 3.224049 1.670979
v 1.372000 3.256130 1.650000
v 1.371719 3.288222 1.638783
v 1.371437 3.321514 1.635000
v 1.371719 3.354805 1.638783
v 1.372000 3.386897 1.650000
v 1.147000 4.095336 2.664889
v 1.372000 4.095336 2.664889
v 1.147000 4.056514 2.670000
v 1.372000 4.056514 2.670000
v 1.147000 4.017691 2.664889
v 1.372000 4.017691 2.664889
v 1.147000 3.981514 2.649904
v 1.372000 3.981514 2.649904
v 1.147000 3.950447 2.626066
v 1.372000 3.950447 2.626066
v 1.147000 3.926610 2.595000
v 1.372000 3.926610 2.595000
v 1.147000 3.911625 2.558823
v 1.372000 3.911625 2.558823
v 1.147000 3.906514 2.520000
v 1.372000 3.906514 2.520000
v 1.147000 3.911625 2.481177
v 1.372000 3.911625 2.481177
v 1.147000 3.926610 2.445000
v 1.372000 3.926610 2.445000
v 1.147000 3.950447 2.413934
v 1.372000 3.950447 2.413934
v 1.147000 3.981514 2.390096
v 1.372000 3.981514 2.390096
v 1.147000 4.017691 2.375111
v 1.372000 4.017691 2.375111
v 1.147000 4.056514 2.370000
v 1.372000 4.056514 2.370000
v 1.147000 4.095336 2.375111
v 1.372000 4.095336 2.375111
v 1.147000 4.131514 2.390096
v 1.372000 4.131514 2.390096
v 1.147000 4.162580 2.413934
v 1.372000 4.162580 2.413934
v 1.147000 4.186417 2.445000
v 1.372000 4.186417 2.445000
v 1.147000 4.201402 2.481177
v 1.372000 4.201402 2.481177
v 1.147000 4.206514 2.520000
v 1.372000 4.206514 2.520000
v 1.147000 4.201402 2.558823
v 1.372000 4.201402 2.558823
v 1.147000 4.186417 2.595000
v 1.372000 4.186417 2.595000
v 1.147000 4.162580 2.626066
v 1.372000 4.162580 2.626066
v 1.147000 4.131514 2.649904
v 1.372000 4.131514 2.649904
v 1.147000 2.330336 3.347889
v 1.372000 2.330336 3.347889
v 1.147000 2.291513 3.353000
v 1.372000 2.291513 3.353000
v 1.147000 2.252691 3.347889
v 1.372000 2.252691 3.347889
v 1.147000 2.216513 3.332904
v 1.372000 2.216513 3.332904
v 1.147000 2.185447 3.309066
v 1.372000 2.185447 3.309066
v 1.147000 2.161610 3.278000
v 1.372000 2.161610 3.278000
v 1.147000 2.146625 3.241823
v 1.372000 2.146625 3.241823
v 1.147000 2.141513 3.203000
v 1.372000 2.141513 3.203000
v 1.147000 2.146625 3.164177
v 1.372000 2.146625 3.164177
v 1.147000 2.161610 3.128000
v 1.372000 2.161610 3.128000
v 1.147000 2.185447 3.096934
v 1.372000 2.185447 3.096934
v 1.147000 2.216513 3.073096
v 1.372000 2.216513 3.073096
v 1.147000 2.252691 3.058111
v 1.372000 2.252691 3.058111
v 1.147000 2.291513 3.053000
v 1.372000 2.291513 3.053000
v 1.147000 2.330336 3.058111
v 1.372000 2.330336 3.058111
v 1.147000 2.366513 3.073096
v 1.372000 2.366513 3.073096
v 1.147000 2.397579 3.096934
v 1.372000 2.397579 3.096934
v 1.147000 2.421417 3.128000
v 1.372000 2.421417 3.128000
v 1.147000 2.436402 3.164177
v 1.372000 2.436402 3.164177
v 1.147000 2.441513 3.203000
v 1.372000 2.441513 3.203000
v 1.147000 2.436402 3.241823
v 1.372000 2.436402 3.241823
v 1.147000 2.421417 3.278000
v 1.372000 2.421417 3.278000
v 1.147000 2.397579 3.309066
v 1.372000 2.397579 3.309066
v 1.147000 2.366513 3.332904
v 1.372000 2.366513 3.332904
v 1.147000 3.651836 4.082889
v 1.372000 3.651836 4.082889
v 1.147000 3.613014 4.088000
v 1.372000 3.613014 4.088000
v 1.147000 3.574191 4.082889
v 1.372000 3.574191 4.082889
v 1.147000 3.538014 4.067904
v 1.372000 3.538014 4.067904
v 1.147000 3.506948 4.044066
v 1.372000 3.506948 4.044066
v 1.147000 3.483110 4.013000
v 1.372000 3.483110 4.013000
v 1.147000 3.468125 3.976823
v 1.372000 3.468125 3.976823
v 1.147000 3.463014 3.938000
v 1.372000 3.463014 3.938000
v 1.147000 3.468125 3.899177
v 1.372000 3.468125 3.899177
v 1.147000 3.483110 3.863000
v 1.372000 3.483110 3.863000
v 1.147000 3.506948 3.831934
v 1.372000 3.506948 3.831934
v 1.147000 3.538014 3.808096
v 1.372000 3.538014 3.808096
v 1.147000 3.574191 3.793111
v 1.372000 3.574191 3.793111
v 1.147000 3.613014 3.788000
v 1.372000 3.613014 3.788000
v 1.147000 3.651836 3.793111
v 1.372000 3.651836 3.793111
v 1.147000 3.688014 3.808096
v 1.372000 3.688014 3.808096
v 1.147000 3.719080 3.831934
v 1.372000 3.719080 3.831934
v 1.147000 3.742917 3.863000
v 1.372000 3.742917 3.863000
v 1.147000 3.757902 3.899177
v 1.372000 3.757902 3.899177
v 1.147000 3.763014 3.938000
v 1.372000 3.763014 3.938000
v 1.147000 3.757902 3.976823
v 1.372000 3.757902 3.976823
v 1.147000 3.742917 4.013000
v 1.372000 3.742917 4.013000
v 1.147000 3.719080 4.044066
v 1.372000 3.719080 4.044066
v 1.147000 3.688014 4.067904
v 1.372000 3.688014 4.067904
v 1.147000 4.451541 4.324370
v 1.372000 4.451541 4.324370
v 1.147000 4.348014 4.338000
v 1.372000 4.348014 4.338000
v 1.147000 4.244486 4.324370
v 1.372000 4.244486 4.324370
v 1.147000 4.148014 4.284410
v 1.372000 4.148014 4.284410
v 1.147000 4.065171 4.220843
v 1.372000 4.065171 4.220843
v 1.147000 4.001603 4.138000
v 1.372000 4.001603 4.138000
v 1.147000 3.961643 4.041528
v 1.372000 3.961643 4.041528
v 1.147000 3.948014 3.938000
v 1.372000 3.948014 3.938000
v 1.147000 3.961643 3.834473
v 1.372000 3.961643 3.834473
v 1.147000 4.001603 3.738000
v 1.372000 4.001603 3.738000
v 1.147000 4.065171 3.655157
v 1.372000 4.065171 3.655157
v 1.147000 4.148014 3.591590
v 1.372000 4.148014 3.591590
v 1.147000 4.244486 3.551630
v 1.372000 4.244486 3.551630
v 1.147000 4.348014 3.538000
v 1.372000 4.348014 3.538000
v 1.147000 4.451541 3.551630
v 1.372000 4.451541 3.551630
v 1.147000 4.548014 3.591590
v 1.372000 4.548014 3.591590
v 1.147000 4.630856 3.655157
v 1.372000 4.630856 3.655157
v 1.147000 4.694424 3.738000
v 1.372000 4.694424 3.738000
v 1.147000 4.734384 3.834473
v 1.372000 4.734384 3.834473
v 1.147000 4.748014 3.938000
v 1.372000 4.748014 3.938000
v 1.147000 4.734384 4.041528
v 1.372000 4.734384 4.041528
v 1.147000 4.694424 4.138000
v 1.372000 4.694424 4.138000
v 1.147000 4.630856 4.220843
v 1.372000 4.630856 4.220843
v 1.147000 4.548014 4.284410
v 1.372000 4.548014 4.284410
v 1.147000 5.121836 4.082889
v 1.372000 5.121836 4.082889
v 1.147000 5.083014 4.088000
v 1.372000 5.083014 4.088000
v 1.147000 5.044191 4.082889
v 1.372000 5.044191 4.082889
v 1.147000 5.008014 4.067904
v 1.372000 5.008014 4.067904
v 1.147000 4.976948 4.044066
v 1.372000 4.976948 4.044066
v 1.147000 4.953110 4.013000
v 1.372000 4.953110 4.013000
v 1.147000 4.938125 3.976823
v 1.372000 4.938125 3.976823
v 1.147000 4.933014 3.938000
v 1.372000 4.933014 3.938000
v 1.147000 4.938125 3.899177
v 1.372000 4.938125 3.899177
v 1.147000 4.953110 3.863000
v 1.372000 4.953110 3.863000
v 1.147000 4.976948 3.831934
v 1.372000 4.976948 3.831934
v 1.147000 5.008014 3.808096
v 1.372000 5.008014 3.808096
v 1.147000 5.044191 3.793111
v 1.372000 5.044191 3.793111
v 1.147000 5.083014 3.788000
v 1.372000 5.083014 3.788000
v 1.147000 5.121836 3.793111
v 1.372000 5.121836 3.793111
v 1.147000 5.158014 3.808096
v 1.372000 5.158014 3.808096
v 1.147000 5.189080 3.831934
v 1.372000 5.189080 3.831934
v 1.147000 5.212917 3.863000
v 1.372000 5.212917 3.863000
v 1.147000 5.227902 3.899177
v 1.372000 5.227902 3.899177
v 1.147000 5.233014 3.938000
v 1.372000 5.233014 3.938000
v 1.147000 5.227902 3.976823
v 1.372000 5.227902 3.976823
v 1.147000 5.212917 4.013000
v 1.372000 5.212917 4.013000
v 1.147000 5.189080 4.044066
v 1.372000 5.189080 4.044066
v 1.147000 5.158014 4.067904
v 1.372000 5.158014 4.067904
v 1.147000 3.065336 4.082889
v 1.372000 3.065336 4.082889
v 1.147000 3.026513 4.088000
v 1.372000 3.026513 4.088000
v 1.147000 2.987691 4.082889
v 1.372000 2.987691 4.082889
v 1.147000 2.951513 4.067904
v 1.372000 2.951513 4.067904
v 1.147000 2.920447 4.044066
v 1.372000 2.920447 4.044066
v 1.147000 2.896610 4.013000
v 1.372000 2.896610 4.013000
v 1.147000 2.881625 3.976823
v 1.372000 2.881625 3.976823
v 1.147000 2.876513 3.938000
v 1.372000 2.876513 3.938000
v 1.147000 2.881625 3.899177
v 1.372000 2.881625 3.899177
v 1.147000 2.896610 3.863000
v 1.372000 2.896610 3.863000
v 1.147000 2.920447 3.831934
v 1.372000 2.920447 3.831934
v 1.147000 2.951513 3.808096
v 1.372000 2.951513 3.808096
v 1.147000 2.987691 3.793111
v 1.372000 2.987691 3.793111
v 1.147000 3.026513 3.788000
v 1.372000 3.026513 3.788000
v 1.147000 3.065336 3.793111
v 1.372000 3.065336 3.793111
v 1.147000 3.101513 3.808096
v 1.372000 3.101513 3.808096
v 1.147000 3.132579 3.831934
v 1.372000 3.132579 3.831934
v 1.147000 3.156417 3.863000
v 1.372000 3.156417 3.863000
v 1.147000 3.171402 3.899177
v 1.372000 3.171402 3.899177
v 1.147000 3.176513 3.938000
v 1.372000 3.176513 3.938000
v 1.147000 3.171402 3.976823
v 1.372000 3.171402 3.976823
v 1.147000 3.156417 4.013000
v 1.372000 3.156417 4.013000
v 1.147000 3.132579 4.044066
v 1.372000 3.132579 4.044066
v 1.147000 3.101513 4.067904
v 1.372000 3.101513 4.067904
v 1.147000 3.360336 3.399889
v 1.372000 3.360336 3.399889
v 1.147000 3.321514 3.405000
v 1.372000 3.321514 3.405000
v 1.147000 3.282691 3.399889
v 1.372000 3.282691 3.399889
v 1.147000 3.246514 3.384904
v 1.372000 3.246514 3.384904
v 1.147000 3.215447 3.361066
v 1.372000 3.215447 3.361066
v 1.147000 3.191610 3.330000
v 1.372000 3.191610 3.330000
v 1.147000 3.176625 3.293823
v 1.372000 3.176625 3.293823
v 1.147000 3.171514 3.255000
v 1.372000 3.171514 3.255000
v 1.147000 3.176625 3.216177
v 1.372000 3.176625 3.216177
v 1.147000 3.191610 3.180000
v 1.372000 3.191610 3.180000
v 1.147000 3.215447 3.148934
v 1.372000 3.215447 3.148934
v 1.147000 3.246514 3.125096
v 1.372000 3.246514 3.125096
v 1.147000 3.282691 3.110111
v 1.372000 3.282691 3.110111
v 1.147000 3.321514 3.105000
v 1.372000 3.321514 3.105000
v 1.147000 3.360336 3.110111
v 1.372000 3.360336 3.110111
v 1.147000 3.396514 3.125096
v 1.372000 3.396514 3.125096
v 1.147000 3.427580 3.148934
v 1.372000 3.427580 3.148934
v 1.147000 3.451417 3.180000
v 1.372000 3.451417 3.180000
v 1.147000 3.466402 3.216177
v 1.372000 3.466402 3.216177
v 1.147000 3.471514 3.255000
v 1.372000 3.471514 3.255000
v 1.147000 3.466402 3.293823
v 1.372000 3.466402 3.293823
v 1.147000 3.451417 3.330000
v 1.372000 3.451417 3.330000
v 1.147000 3.427580 3.361066
v 1.372000 3.427580 3.361066
v 1.147000 3.396514 3.384904
v 1.372000 3.396514 3.384904
v 1.147000 2.625336 2.664889
v 1.372000 2.625336 2.664889
v 1.147000 2.586514 2.670000
v 1.372000 2.586514 2.670000
v 1.147000 2.547691 2.664889
v 1.372000 2.547691 2.664889
v 1.147000 2.511514 2.649904
v 1.372000 2.511514 2.649904
v 1.147000 2.480447 2.626066
v 1.372000 2.480447 2.626066
v 1.147000 2.456610 2.595000
v 1.372000 2.456610 2.595000
v 1.147000 2.441625 2.558823
v 1.372000 2.441625 2.558823
v 1.147000 2.436514 2.520000
v 1.372000 2.436514 2.520000
v 1.147000 2.441625 2.481177
v 1.372000 2.441625 2.481177
v 1.147000 2.456610 2.445000
v 1.372000 2.456610 2.445000
v 1.147000 2.480447 2.413934
v 1.372000 2.480447 2.413934
v 1.147000 2.511514 2.390096
v 1.372000 2.511514 2.390096
v 1.147000 2.547691 2.375111
v 1.372000 2.547691 2.375111
v 1.147000 2.586514 2.370000
v 1.372000 2.586514 2.370000
v 1.147000 2.625336 2.375111
v 1.372000 2.625336 2.375111
v 1.147000 2.661514 2.390096
v 1.372000 2.661514 2.390096
v 1.147000 2.692580 2.413934
v 1.372000 2.692580 2.413934
v 1.147000 2.716417 2.445000
v 1.372000 2.716417 2.445000
v 1.147000 2.731402 2.481177
v 1.372000 2.731402 2.481177
v 1.147000 2.736514 2.520000
v 1.372000 2.736514 2.520000
v 1.147000 2.731402 2.558823
v 1.372000 2.731402 2.558823
v 1.147000 2.716417 2.595000
v 1.372000 2.716417 2.595000
v 1.147000 2.692580 2.626066
v 1.372000 2.692580 2.626066
v 1.147000 2.661514 2.649904
v 1.372000 2.661514 2.649904
v 1.147000 1.595336 4.082889
v 1.372000 1.595336 4.082889
v 1.147000 1.556513 4.088000
v 1.372000 1.556513 4.088000
v 1.147000 1.517691 4.082889
v 1.372000 1.517691 4.082889
v 1.147000 1.481513 4.067904
v 1.372000 1.481513 4.067904
v 1.147000 1.450447 4.044066
v 1.372000 1.450447 4.044066
v 1.147000 1.426610 4.013000
v 1.372000 1.426610 4.013000
v 1.147000 1.411625 3.976823
v 1.372000 1.411625 3.976823
v 1.147000 1.406513 3.938000
v 1.372000 1.406513 3.938000
v 1.147000 1.411625 3.899177
v 1.372000 1.411625 3.899177
v 1.147000 1.426610 3.863000
v 1.372000 1.426610 3.863000
v 1.147000 1.450447 3.831934
v 1.372000 1.450447 3.831934
v 1.147000 1.481513 3.808096
v 1.372000 1.481513 3.808096
v 1.147000 1.517691 3.793111
v 1.372000 1.517691 3.793111
v 1.147000 1.556513 3.788000
v 1.372000 1.556513 3.788000
v 1.147000 1.595336 3.793111
v 1.372000 1.595336 3.793111
v 1.147000 1.631513 3.808096
v 1.372000 1.631513 3.808096
v 1.147000 1.662579 3.831934
v 1.372000 1.662579 3.831934
v 1.147000 1.686417 3.863000
v 1.372000 1.686417 3.863000
v 1.147000 1.701402 3.899177
v 1.372000 1.701402 3.899177
v 1.147000 1.706513 3.938000
v 1.372000 1.706513 3.938000
v 1.147000 1.701402 3.976823
v 1.372000 1.701402 3.976823
v 1.147000 1.686417 4.013000
v 1.372000 1.686417 4.013000
v 1.147000 1.662579 4.044066
v 1.372000 1.662579 4.044066
v 1.147000 1.631513 4.067904
v 1.372000 1.631513 4.067904
v 1.147000 4.386836 3.347889
v 1.372000 4.386836 3.347889
v 1.147000 4.348014 3.353000
v 1.372000 4.348014 3.353000
v 1.147000 4.309191 3.347889
v 1.372000 4.309191 3.347889
v 1.147000 4.273014 3.332904
v 1.372000 4.273014 3.332904
v 1.147000 4.241948 3.309066
v 1.372000 4.241948 3.309066
v 1.147000 4.218110 3.278000
v 1.372000 4.218110 3.278000
v 1.147000 4.203125 3.241823
v 1.372000 4.203125 3.241823
v 1.147000 4.198014 3.203000
v 1.372000 4.198014 3.203000
v 1.147000 4.203125 3.164177
v 1.372000 4.203125 3.164177
v 1.147000 4.218110 3.128000
v 1.372000 4.218110 3.128000
v 1.147000 4.241948 3.096934
v 1.372000 4.241948 3.096934
v 1.147000 4.273014 3.073096
v 1.372000 4.273014 3.073096
v 1.147000 4.309191 3.058111
v 1.372000 4.309191 3.058111
v 1.147000 4.348014 3.053000
v 1.372000 4.348014 3.053000
v 1.147000 4.386836 3.058111
v 1.372000 4.386836 3.058111
v 1.147000 4.423014 3.073096
v 1.372000 4.423014 3.073096
v 1.147000 4.454080 3.096934
v 1.372000 4.454080 3.096934
v 1.147000 4.477917 3.128000
v 1.372000 4.477917 3.128000
v 1.147000 4.492902 3.164177
v 1.372000 4.492902 3.164177
v 1.147000 4.498014 3.203000
v 1.372000 4.498014 3.203000
v 1.147000 4.492902 3.241823
v 1.372000 4.492902 3.241823
v 1.147000 4.477917 3.278000
v 1.372000 4.477917 3.278000
v 1.147000 4.454080 3.309066
v 1.372000 4.454080 3.309066
v 1.147000 4.423014 3.332904
v 1.372000 4.423014 3.332904
v 1.147000 3.425041 2.906370
v 1.372000 3.425041 2.906370
v 1.147000 3.321514 2.920000
v 1.372000 3.321514 2.920000
v 1.147000 3.217986 2.906370
v 1.372000 3.217986 2.906370
v 1.147000 3.121514 2.866410
v 1.372000 3.121514 2.866410
v 1.147000 3.038671 2.802843
v 1.372000 3.038671 2.802843
v 1.147000 2.975103 2.720000
v 1.372000 2.975103 2.720000
v 1.147000 2.935143 2.623528
v 1.372000 2.935143 2.623528
v 1.147000 2.921514 2.520000
v 1.372000 2.921514 2.520000
v 1.147000 2.935143 2.416472
v 1.372000 2.935143 2.416472
v 1.147000 2.975103 2.320000
v 1.372000 2.975103 2.320000
v 1.147000 3.038671 2.237157
v 1.372000 3.038671 2.237157
v 1.147000 3.121514 2.173590
v 1.372000 3.121514 2.173590
v 1.147000 3.217986 2.133630
v 1.372000 3.217986 2.133630
v 1.147000 3.321514 2.120000
v 1.372000 3.321514 2.120000
v 1.147000 3.425041 2.133630
v 1.372000 3.425041 2.133630
v 1.147000 3.521514 2.173590
v 1.372000 3.521514 2.173590
v 1.147000 3.604356 2.237157
v 1.372000 3.604356 2.237157
v 1.147000 3.667924 2.320000
v 1.372000 3.667924 2.320000
v 1.147000 3.707884 2.416472
v 1.372000 3.707884 2.416472
v 1.147000 3.721514 2.520000
v 1.372000 3.721514 2.520000
v 1.147000 3.707884 2.623528
v 1.372000 3.707884 2.623528
v 1.147000 3.667924 2.720000
v 1.372000 3.667924 2.720000
v 1.147000 3.604356 2.802843
v 1.372000 3.604356 2.802843
v 1.147000 3.521514 2.866410
v 1.372000 3.521514 2.866410
v 1.147000 2.395041 4.324370
v 1.372000 2.395041 4.324370
v 1.147000 2.291513 4.338000
v 1.372000 2.291513 4.338000
v 1.147000 2.187986 4.324370
v 1.372000 2.187986 4.324370
v 1.147000 2.091513 4.284410
v 1.372000 2.091513 4.284410
v 1.147000 2.008671 4.220843
v 1.372000 2.008671 4.220843
v 1.147000 1.945103 4.138000
v 1.372000 1.945103 4.138000
v 1.147000 1.905143 4.041528
v 1.372000 1.905143 4.041528
v 1.147000 1.891513 3.938000
v 1.372000 1.891513 3.938000
v 1.147000 1.905143 3.834473
v 1.372000 1.905143 3.834473
v 1.147000 1.945103 3.738000
v 1.372000 1.945103 3.738000
v 1.147000 2.008671 3.655157
v 1.372000 2.008671 3.655157
v 1.147000 2.091513 3.591590
v 1.372000 2.091513 3.591590
v 1.147000 2.187986 3.551630
v 1.372000 2.187986 3.551630
v 1.147000 2.291513 3.538000
v 1.372000 2.291513 3.538000
v 1.147000 2.395041 3.551630
v 1.372000 2.395041 3.551630
v 1.147000 2.491513 3.591590
v 1.372000 2.491513 3.591590
v 1.147000 2.574356 3.655157
v 1.372000 2.574356 3.655157
v 1.147000 2.637924 3.738000
v 1.372000 2.637924 3.738000
v 1.147000 2.677884 3.834473
v 1.372000 2.677884 3.834473
v 1.147000 2.691513 3.938000
v 1.372000 2.691513 3.938000
v 1.147000 2.677884 4.041528
v 1.372000 2.677884 4.041528
v 1.147000 2.637924 4.138000
v 1.372000 2.637924 4.138000
v 1.147000 2.574356 4.220843
v 1.372000 2.574356 4.220843
v 1.147000 2.491513 4.284410
v 1.372000 2.491513 4.284410
v 1.147000 4.386836 4.817889
v 1.372000 4.386836 4.817889
v 1.147000 4.348014 4.823000
v 1.372000 4.348014 4.823000
v 1.147000 4.309191 4.817889
v 1.372000 4.309191 4.817889
v 1.147000 4.273014 4.802904
v 1.372000 4.273014 4.802904
v 1.147000 4.241948 4.779066
v 1.372000 4.241948 4.779066
v 1.147000 4.218110 4.748000
v 1.372000 4.218110 4.748000
v 1.147000 4.203125 4.711823
v 1.372000 4.203125 4.711823
v 1.147000 4.198014 4.673000
v 1.372000 4.198014 4.673000
v 1.147000 4.203125 4.634177
v 1.372000 4.203125 4.634177
v 1.147000 4.218110 4.598000
v 1.372000 4.218110 4.598000
v 1.147000 4.241948 4.566934
v 1.372000 4.241948 4.566934
v 1.147000 4.273014 4.543096
v 1.372000 4.273014 4.543096
v 1.147000 4.309191 4.528111
v 1.372000 4.309191 4.528111
v 1.147000 4.348014 4.523000
v 1.372000 4.348014 4.523000
v 1.147000 4.386836 4.528111
v 1.372000 4.386836 4.528111
v 1.147000 4.423014 4.543096
v 1.372000 4.423014 4.543096
v 1.147000 4.454080 4.566934
v 1.372000 4.454080 4.566934
v 1.147000 4.477917 4.598000
v 1.372000 4.477917 4.598000
v 1.147000 4.492902 4.634177
v 1.372000 4.492902 4.634177
v 1.147000 4.498014 4.673000
v 1.372000 4.498014 4.673000
v 1.147000 4.492902 4.711823
v 1.372000 4.492902 4.711823
v 1.147000 4.477917 4.748000
v 1.372000 4.477917 4.748000
v 1.147000 4.454080 4.779066
v 1.372000 4.454080 4.779066
v 1.147000 4.423014 4.802904
v 1.372000 4.423014 4.802904
v 1.147000 2.330336 4.817889
v 1.372000 2.330336 4.817889
v 1.147000 2.291513 4.823000
v 1.372000 2.291513 4.823000
v 1.147000 2.252691 4.817889
v 1.372000 2.252691 4.817889
v 1.147000 2.216513 4.802904
v 1.372000 2.216513 4.802904
v 1.147000 2.185447 4.779066
v 1.372000 2.185447 4.779066
v 1.147000 2.161610 4.748000
v 1.372000 2.161610 4.748000
v 1.147000 2.146625 4.711823
v 1.372000 2.146625 4.711823
v 1.147000 2.141513 4.673000
v 1.372000 2.141513 4.673000
v 1.147000 2.146625 4.634177
v 1.372000 2.146625 4.634177
v 1.147000 2.161610 4.598000
v 1.372000 2.161610 4.598000
v 1.147000 2.185447 4.566934
v 1.372000 2.185447 4.566934
v 1.147000 2.216513 4.543096
v 1.372000 2.216513 4.543096
v 1.147000 2.252691 4.528111
v 1.372000 2.252691 4.528111
v 1.147000 2.291513 4.523000
v 1.372000 2.291513 4.523000
v 1.147000 2.330336 4.528111
v 1.372000 2.330336 4.528111
v 1.147000 2.366513 4.543096
v 1.372000 2.366513 4.543096
v 1.147000 2.397579 4.566934
v 1.372000 2.397579 4.566934
v 1.147000 2.421417 4.598000
v 1.372000 2.421417 4.598000
v 1.147000 2.436402 4.634177
v 1.372000 2.436402 4.634177
v 1.147000 2.441513 4.673000
v 1.372000 2.441513 4.673000
v 1.147000 2.436402 4.711823
v 1.372000 2.436402 4.711823
v 1.147000 2.421417 4.748000
v 1.372000 2.421417 4.748000
v 1.147000 2.397579 4.779066
v 1.372000 2.397579 4.779066
v 1.147000 2.366513 4.802904
v 1.372000 2.366513 4.802904
v 1.147000 5.433014 1.675000
v 0.884458 4.503014 1.675000
v 0.879346 4.464191 1.675000
v 0.864361 4.428014 1.675000
v -0.953000 5.433014 1.675000
v 0.000000 5.383000 1.675000
v 0.038823 5.377889 1.675000
v 0.075000 5.362904 1.675000
v -1.004764 5.426199 1.675000
v -1.153000 5.233014 1.675000
v -0.831608 4.609080 1.675000
v -0.800542 4.632917 1.675000
v -1.053000 5.406219 1.675000
v -1.094421 5.374435 1.675000
v -1.126205 5.333014 1.675000
v -1.146185 5.284777 1.675000
v -1.153000 1.410014 1.675000
v -0.874889 2.193836 1.675000
v -0.870431 4.464191 1.675000
v -0.875542 4.503014 1.675000
v -1.146185 1.358250 1.675000
v -1.126205 1.310014 1.675000
v -1.094421 1.268592 1.675000
v -1.053000 1.236808 1.675000
v -1.004764 1.216828 1.675000
v -0.953000 1.210014 1.675000
v -0.836066 2.048948 1.675000
v -0.805000 2.025110 1.675000
v -0.768823 2.010125 1.675000
v -0.730000 2.005014 1.675000
v -0.691177 2.010125 1.675000
v -0.655000 2.025110 1.675000
v -0.150000 1.425014 1.675000
v -0.623934 2.048948 1.675000
v -0.144889 1.463836 1.675000
v -0.600096 2.080014 1.675000
v -0.585111 2.116191 1.675000
v -0.144889 2.116191 1.675000
v -0.150000 2.155014 1.675000
v 1.147000 1.210014 1.675000
v 0.000000 1.275014 1.675000
v -0.038823 1.280125 1.675000
v -0.075000 1.295110 1.675000
v 0.880000 2.155014 1.675000
v 0.874889 2.116191 1.675000
v 0.859904 2.080014 1.675000
v 0.144889 2.923836 1.675000
v 0.691177 2.299902 1.675000
v 0.730000 2.305014 1.675000
v 0.836066 2.048948 1.675000
v 0.805000 2.025110 1.675000
v 0.768823 2.010125 1.675000
v 0.730000 2.005014 1.675000
v 0.691177 2.010125 1.675000
v 0.144889 1.386191 1.675000
v 0.150000 1.425014 1.675000
v 0.655000 2.025110 1.675000
v 0.623934 2.048948 1.675000
v 0.144889 1.463836 1.675000
v 0.600096 2.080014 1.675000
v 0.585111 2.116191 1.675000
v 0.580000 2.155014 1.675000
v 0.150000 2.155014 1.675000
v 0.144889 2.116191 1.675000
v 0.129904 2.080014 1.675000
v 0.129904 1.500014 1.675000
v 0.106066 2.048948 1.675000
v 0.106066 1.531080 1.675000
v 0.075000 2.025110 1.675000
v 0.075000 1.554917 1.675000
v 0.038823 2.010125 1.675000
v 0.038823 1.569902 1.675000
v 0.000000 2.005014 1.675000
v 0.000000 1.575014 1.675000
v -0.038823 2.010125 1.675000
v -0.038823 1.569902 1.675000
v -0.075000 2.025110 1.675000
v -0.075000 1.554917 1.675000
v -0.106066 2.048948 1.675000
v -0.106066 1.531080 1.675000
v -0.129904 2.080014 1.675000
v -0.129904 1.500014 1.675000
v 0.144889 2.193836 1.675000
v 0.585111 2.193836 1.675000
v 0.144889 2.846191 1.675000
v 0.600096 2.230014 1.675000
v 0.623934 2.261080 1.675000
v 0.150000 2.885014 1.675000
v 0.655000 2.284917 1.675000
v 0.768823 2.299902 1.675000
v 0.805000 2.284917 1.675000
v 0.836066 2.261080 1.675000
v 0.859904 2.230014 1.675000
v 0.874889 2.193836 1.675000
v 0.129904 2.230014 1.675000
v 0.129904 2.810014 1.675000
v 0.106066 2.261080 1.675000
v 0.106066 2.778948 1.675000
v 0.075000 2.284917 1.675000
v 0.075000 2.755110 1.675000
v 0.038823 2.299902 1.675000
v 0.038823 2.740125 1.675000
v 0.000000 2.305014 1.675000
v 0.000000 2.735014 1.675000
v -0.038823 2.299902 1.675000
v -0.038823 2.740125 1.675000
v -0.075000 2.284917 1.675000
v -0.075000 2.755110 1.675000
v -0.106066 2.261080 1.675000
v -0.106066 2.778948 1.675000
v -0.129904 2.230014 1.675000
v -0.129904 2.810014 1.675000
v -0.144889 2.193836 1.675000
v -0.144889 2.846191 1.675000
v -0.585111 2.193836 1.675000
v -0.600096 2.230014 1.675000
v -0.623934 2.261080 1.675000
v -0.150000 2.885014 1.675000
v -0.655000 2.284917 1.675000
v -0.691177 2.299902 1.675000
v -0.144889 2.923836 1.675000
v -0.144889 3.734204 1.675000
v -0.129904 2.960014 1.675000
v -0.129904 3.698027 1.675000
v -0.106066 2.991080 1.675000
v -0.106066 3.666961 1.675000
v -0.075000 3.014917 1.675000
v -0.075000 3.643123 1.675000
v -0.038823 3.029902 1.675000
v -0.038823 3.628138 1.675000
v 0.000000 3.035014 1.675000
v 0.000000 3.623027 1.675000
v 0.038823 3.029902 1.675000
v 0.038823 3.628138 1.675000
v 0.075000 3.014917 1.675000
v 0.075000 3.643123 1.675000
v 0.106066 2.991080 1.675000
v 0.106066 3.666961 1.675000
v 0.129904 2.960014 1.675000
v 0.129904 3.698027 1.675000
v 0.144889 3.734204 1.675000
v 0.695635 4.358125 1.675000
v 0.734458 4.353014 1.675000
v 0.773280 4.358125 1.675000
v 0.809458 4.373110 1.675000
v 0.840524 4.396948 1.675000
v 0.149346 4.464191 1.675000
v 0.589569 4.464191 1.675000
v 0.154458 4.503014 1.675000
v 0.584458 4.503014 1.675000
v 0.589569 4.541836 1.675000
v 0.144889 3.811850 1.675000
v 0.134361 4.428014 1.675000
v 0.129904 3.848027 1.675000
v 0.110524 4.396948 1.675000
v 0.106066 3.879093 1.675000
v 0.079458 4.373110 1.675000
v 0.075000 3.902931 1.675000
v 0.043280 4.358125 1.675000
v 0.038823 3.917916 1.675000
v 0.004458 4.353014 1.675000
v 0.000000 3.923027 1.675000
v -0.034365 4.358125 1.675000
v -0.038823 3.917916 1.675000
v -0.070542 4.373110 1.675000
v -0.075000 3.902931 1.675000
v -0.101608 4.396948 1.675000
v -0.106066 3.879093 1.675000
v -0.125446 4.428014 1.675000
v -0.129904 3.848027 1.675000
v -0.140431 4.464191 1.675000
v -0.580654 4.464191 1.675000
v -0.575542 4.503014 1.675000
v -0.145542 4.503014 1.675000
v -0.140431 4.541836 1.675000
v -0.125446 4.578014 1.675000
v -0.129904 5.158000 1.675000
v -0.580654 4.541836 1.675000
v -0.106066 5.126934 1.675000
v -0.101608 4.609080 1.675000
v -0.075000 5.103096 1.675000
v -0.070542 4.632917 1.675000
v -0.038823 5.088111 1.675000
v -0.034365 4.647902 1.675000
v 0.000000 5.083000 1.675000
v 0.004458 4.653014 1.675000
v 0.038823 5.088111 1.675000
v 0.043280 4.647902 1.675000
v 0.075000 5.103096 1.675000
v 0.079458 4.632917 1.675000
v 0.106066 5.126934 1.675000
v 0.110524 4.609080 1.675000
v 0.129904 5.158000 1.675000
v 0.134361 4.578014 1.675000
v 0.144889 5.194177 1.675000
v 0.149346 4.541836 1.675000
v 0.628392 4.609080 1.675000
v 0.150000 5.233000 1.675000
v 0.659458 4.632917 1.675000
v 0.695635 4.647902 1.675000
v -0.144889 5.194177 1.675000
v -0.595639 4.578014 1.675000
v -0.619476 4.609080 1.675000
v -0.150000 5.233000 1.675000
v -0.650542 4.632917 1.675000
v -0.686720 4.647902 1.675000
v -0.725542 4.653014 1.675000
v -0.764365 4.647902 1.675000
v -0.144889 5.271823 1.675000
v -0.129904 5.308000 1.675000
v -0.106066 5.339066 1.675000
v -0.075000 5.362904 1.675000
v -0.038823 5.377889 1.675000
v 0.106066 5.339066 1.675000
v 0.129904 5.308000 1.675000
v 0.144889 5.271823 1.675000
v -0.580000 2.155014 1.675000
v -0.859904 2.080014 1.675000
v -0.874889 2.116191 1.675000
v -0.880000 2.155014 1.675000
v -0.859904 2.230014 1.675000
v -0.855446 4.428014 1.675000
v -0.836066 2.261080 1.675000
v -0.831608 4.396948 1.675000
v -0.805000 2.284917 1.675000
v -0.800542 4.373110 1.675000
v -0.768823 2.299902 1.675000
v -0.764365 4.358125 1.675000
v -0.730000 2.305014 1.675000
v -0.725542 4.353014 1.675000
v -0.686720 4.358125 1.675000
v -0.150000 3.773027 1.675000
v 0.129904 1.350014 1.675000
v 0.106066 1.318948 1.675000
v 0.075000 1.295110 1.675000
v 0.038823 1.280125 1.675000
v -0.106066 1.318948 1.675000
v -0.129904 1.350014 1.675000
v -0.144889 1.386191 1.675000
v 0.150000 3.773027 1.675000
v 0.659458 4.373110 1.675000
v 0.628392 4.396948 1.675000
v 0.604554 4.428014 1.675000
v 0.604554 4.578014 1.675000
v 0.734458 4.653014 1.675000
v 0.773280 4.647902 1.675000
v 0.809458 4.632917 1.675000
v 0.840524 4.609080 1.675000
v 0.864361 4.578014 1.675000
v 0.879346 4.541836 1.675000
v -0.144889 3.811850 1.675000
v -0.595639 4.428014 1.675000
v -0.619476 4.396948 1.675000
v -0.650542 4.373110 1.675000
v -0.870431 4.541836 1.675000
v -0.855446 4.578014 1.675000
v 1.372000 5.433014 1.650000
v 1.365185 4.377264 1.598236
v 1.365185 2.265764 1.598236
v 1.365185 3.321514 1.598236
v 1.345205 4.377264 1.550000
v 1.345205 5.433014 1.550000
v 1.313422 5.433014 1.508579
v 1.313422 4.377264 1.508579
v 1.272000 5.433014 1.476795
v 1.272000 4.377264 1.476795
v 1.223764 5.433014 1.456815
v 1.223764 4.377264 1.456815
v 1.172000 5.433014 1.450000
v 1.223764 3.321514 1.456815
v 1.172000 1.210014 1.450000
v 1.223764 2.265764 1.456815
v 1.223764 1.210014 1.456815
v 1.272000 1.210014 1.476795
v 1.272000 2.265764 1.476795
v 1.313422 1.210014 1.508579
v 1.313422 2.265764 1.508579
v 1.345205 1.210014 1.550000
v 1.345205 2.265764 1.550000
v 1.365185 1.210014 1.598236
v 1.372000 1.210014 1.650000
v 1.365185 5.433014 1.598236
v 1.345205 3.321514 1.550000
v 1.313422 3.321514 1.508579
v 1.272000 3.321514 1.476795
v 1.147000 0.878801 4.276827
v 1.372000 0.878801 4.276827
v 1.147000 0.830013 4.283250
v 1.372000 0.830013 4.283250
v 1.147000 0.781226 4.276827
v 1.372000 0.781226 4.276827
v 1.147000 0.735763 4.257996
v 1.372000 0.735763 4.257996
v 1.147000 0.696724 4.228040
v 1.372000 0.696724 4.228040
v 1.147000 0.666768 4.189000
v 1.372000 0.666768 4.189000
v 1.147000 0.647936 4.143537
v 1.372000 0.647936 4.143537
v 1.147000 0.641513 4.094750
v 1.372000 0.641513 4.094750
v 1.147000 0.647936 4.045963
v 1.372000 0.647936 4.045963
v 1.147000 0.666768 4.000500
v 1.372000 0.666768 4.000500
v 1.147000 0.696724 3.961460
v 1.372000 0.696724 3.961460
v 1.147000 0.735763 3.931504
v 1.372000 0.735763 3.931504
v 1.147000 0.781226 3.912673
v 1.372000 0.781226 3.912673
v 1.147000 0.830013 3.906250
v 1.372000 0.830013 3.906250
v 1.147000 0.878801 3.912673
v 1.372000 0.878801 3.912673
v 1.147000 0.924263 3.931504
v 1.372000 0.924263 3.931504
v 1.147000 0.963303 3.961460
v 1.372000 0.963303 3.961460
v 1.147000 0.993259 4.000500
v 1.372000 0.993259 4.000500
v 1.147000 1.012090 4.045963
v 1.372000 1.012090 4.045963
v 1.147000 1.018513 4.094750
v 1.372000 1.018513 4.094750
v 1.147000 1.012090 4.143537
v 1.372000 1.012090 4.143537
v 1.147000 0.993259 4.189000
v 1.372000 0.993259 4.189000
v 1.147000 0.963303 4.228040
v 1.372000 0.963303 4.228040
v 1.147000 0.924263 4.257996
v 1.372000 0.924263 4.257996
v 1.147000 0.877895 3.078683
v 1.372000 0.877895 3.078683
v 1.147000 0.830013 3.084987
v 1.372000 0.830013 3.084987
v 1.147000 0.782132 3.078683
v 1.372000 0.782132 3.078683
v 1.147000 0.737513 3.060201
v 1.372000 0.737513 3.060201
v 1.147000 0.699199 3.030801
v 1.372000 0.699199 3.030801
v 1.147000 0.669799 2.992487
v 1.372000 0.669799 2.992487
v 1.147000 0.651317 2.947868
v 1.372000 0.651317 2.947868
v 1.147000 0.645013 2.899987
v 1.372000 0.645013 2.899987
v 1.147000 0.651317 2.852105
v 1.372000 0.651317 2.852105
v 1.147000 0.669799 2.807487
v 1.372000 0.669799 2.807487
v 1.147000 0.699199 2.769172
v 1.372000 0.699199 2.769172
v 1.147000 0.737513 2.739772
v 1.372000 0.737513 2.739772
v 1.147000 0.782132 2.721290
v 1.372000 0.782132 2.721290
v 1.147000 0.830013 2.714987
v 1.372000 0.830013 2.714987
v 1.147000 0.877895 2.721290
v 1.372000 0.877895 2.721290
v 1.147000 0.922513 2.739772
v 1.372000 0.922513 2.739772
v 1.147000 0.960828 2.769172
v 1.372000 0.960828 2.769172
v 1.147000 0.990228 2.807487
v 1.372000 0.990228 2.807487
v 1.147000 1.008710 2.852105
v 1.372000 1.008710 2.852105
v 1.147000 1.015013 2.899987
v 1.372000 1.015013 2.899987
v 1.147000 1.008710 2.947868
v 1.372000 1.008710 2.947868
v 1.147000 0.990228 2.992487
v 1.372000 0.990228 2.992487
v 1.147000 0.960828 3.030801
v 1.372000 0.960828 3.030801
v 1.147000 0.922513 3.060201
v 1.372000 0.922513 3.060201
v 1.147000 5.860895 4.273446
v 1.372000 5.860895 4.273446
v 1.147000 5.813014 4.279750
v 1.372000 5.813014 4.279750
v 1.147000 5.765132 4.273446
v 1.372000 5.765132 4.273446
v 1.147000 5.720514 4.254965
v 1.372000 5.720514 4.254965
v 1.147000 5.682199 4.225565
v 1.372000 5.682199 4.225565
v 1.147000 5.652799 4.187250
v 1.372000 5.652799 4.187250
v 1.147000 5.634317 4.142632
v 1.372000 5.634317 4.142632
v 1.147000 5.628014 4.094750
v 1.372000 5.628014 4.094750
v 1.147000 5.634317 4.046869
v 1.372000 5.634317 4.046869
v 1.147000 5.652799 4.002250
v 1.372000 5.652799 4.002250
v 1.147000 5.682199 3.963935
v 1.372000 5.682199 3.963935
v 1.147000 5.720514 3.934535
v 1.372000 5.720514 3.934535
v 1.147000 5.765132 3.916054
v 1.372000 5.765132 3.916054
v 1.147000 5.813014 3.909750
v 1.372000 5.813014 3.909750
v 1.147000 5.860895 3.916054
v 1.372000 5.860895 3.916054
v 1.147000 5.905514 3.934535
v 1.372000 5.905514 3.934535
v 1.147000 5.943828 3.963935
v 1.372000 5.943828 3.963935
v 1.147000 5.973228 4.002250
v 1.372000 5.973228 4.002250
v 1.147000 5.991710 4.046869
v 1.372000 5.991710 4.046869
v 1.147000 5.998014 4.094750
v 1.372000 5.998014 4.094750
v 1.147000 5.991710 4.142632
v 1.372000 5.991710 4.142632
v 1.147000 5.973228 4.187250
v 1.372000 5.973228 4.187250
v 1.147000 5.943828 4.225565
v 1.372000 5.943828 4.225565
v 1.147000 5.905514 4.254965
v 1.372000 5.905514 4.254965
v 1.147000 5.860895 3.078696
v 1.372000 5.860895 3.078696
v 1.147000 5.813014 3.085000
v 1.372000 5.813014 3.085000
v 1.147000 5.765132 3.078696
v 1.372000 5.765132 3.078696
v 1.147000 5.720514 3.060215
v 1.372000 5.720514 3.060215
v 1.147000 5.682199 3.030815
v 1.372000 5.682199 3.030815
v 1.147000 5.652799 2.992500
v 1.372000 5.652799 2.992500
v 1.147000 5.634317 2.947882
v 1.372000 5.634317 2.947882
v 1.147000 5.628014 2.900000
v 1.372000 5.628014 2.900000
v 1.147000 5.634317 2.852119
v 1.372000 5.634317 2.852119
v 1.147000 5.652799 2.807500
v 1.372000 5.652799 2.807500
v 1.147000 5.682199 2.769185
v 1.372000 5.682199 2.769185
v 1.147000 5.720514 2.739785
v 1.372000 5.720514 2.739785
v 1.147000 5.765132 2.721304
v 1.372000 5.765132 2.721304
v 1.147000 5.813014 2.715000
v 1.372000 5.813014 2.715000
v 1.147000 5.860895 2.721304
v 1.372000 5.860895 2.721304
v 1.147000 5.905514 2.739785
v 1.372000 5.905514 2.739785
v 1.147000 5.943828 2.769185
v 1.372000 5.943828 2.769185
v 1.147000 5.973228 2.807500
v 1.372000 5.973228 2.807500
v 1.147000 5.991710 2.852119
v 1.372000 5.991710 2.852119
v 1.147000 5.998014 2.900000
v 1.372000 5.998014 2.900000
v 1.147000 5.991710 2.947882
v 1.372000 5.991710 2.947882
v 1.147000 5.973228 2.992500
v 1.372000 5.973228 2.992500
v 1.147000 5.943828 3.030815
v 1.372000 5.943828 3.030815
v 1.147000 5.905514 3.060215
v 1.372000 5.905514 3.060215
v -0.520303 5.753632 4.525000
v -0.520303 5.753632 4.750000
v -0.514000 5.801513 4.525000
v -0.514000 5.801513 4.750000
v -0.520303 5.849395 4.525000
v -0.520303 5.849395 4.750000
v -0.538785 5.894013 4.525000
v -0.538785 5.894013 4.750000
v -0.568185 5.932328 4.525000
v -0.568185 5.932328 4.750000
v -0.606500 5.961728 4.525000
v -0.606500 5.961728 4.750000
v -0.651118 5.980210 4.525000
v -0.651118 5.980210 4.750000
v -0.699000 5.986513 4.525000
v -0.699000 5.986513 4.750000
v -0.746881 5.980210 4.525000
v -0.746881 5.980210 4.750000
v -0.791500 5.961728 4.525000
v -0.791500 5.961728 4.750000
v -0.829815 5.932328 4.525000
v -0.829815 5.932328 4.750000
v -0.859214 5.894013 4.525000
v -0.859214 5.894013 4.750000
v -0.877696 5.849395 4.525000
v -0.877696 5.849395 4.750000
v -0.884000 5.801513 4.525000
v -0.884000 5.801513 4.750000
v -0.877696 5.753632 4.525000
v -0.877696 5.753632 4.750000
v -0.859214 5.709013 4.525000
v -0.859214 5.709013 4.750000
v -0.829815 5.670699 4.525000
v -0.829815 5.670699 4.750000
v -0.791500 5.641299 4.525000
v -0.791500 5.641299 4.750000
v -0.746881 5.622817 4.525000
v -0.746881 5.622817 4.750000
v -0.699000 5.616513 4.525000
v -0.699000 5.616513 4.750000
v -0.651118 5.622817 4.525000
v -0.651118 5.622817 4.750000
v -0.606500 5.641299 4.525000
v -0.606500 5.641299 4.750000
v -0.568185 5.670699 4.525000
v -0.568185 5.670699 4.750000
v -0.538785 5.709013 4.525000
v -0.538785 5.709013 4.750000
v 0.499697 5.753632 4.525000
v 0.499697 5.753632 4.750000
v 0.506000 5.801513 4.525000
v 0.506000 5.801513 4.750000
v 0.499697 5.849395 4.525000
v 0.499697 5.849395 4.750000
v 0.481215 5.894013 4.525000
v 0.481215 5.894013 4.750000
v 0.451815 5.932328 4.525000
v 0.451815 5.932328 4.750000
v 0.413500 5.961728 4.525000
v 0.413500 5.961728 4.750000
v 0.368882 5.980210 4.525000
v 0.368882 5.980210 4.750000
v 0.321000 5.986513 4.525000
v 0.321000 5.986513 4.750000
v 0.273119 5.980210 4.525000
v 0.273119 5.980210 4.750000
v 0.228500 5.961728 4.525000
v 0.228500 5.961728 4.750000
v 0.190185 5.932328 4.525000
v 0.190185 5.932328 4.750000
v 0.160786 5.894013 4.525000
v 0.160786 5.894013 4.750000
v 0.142304 5.849395 4.525000
v 0.142304 5.849395 4.750000
v 0.136000 5.801513 4.525000
v 0.136000 5.801513 4.750000
v 0.142304 5.753632 4.525000
v 0.142304 5.753632 4.750000
v 0.160786 5.709013 4.525000
v 0.160786 5.709013 4.750000
v 0.190185 5.670699 4.525000
v 0.190185 5.670699 4.750000
v 0.228500 5.641299 4.525000
v 0.228500 5.641299 4.750000
v 0.273119 5.622817 4.525000
v 0.273119 5.622817 4.750000
v 0.321000 5.616513 4.525000
v 0.321000 5.616513 4.750000
v 0.368882 5.622817 4.525000
v 0.368882 5.622817 4.750000
v 0.413500 5.641299 4.525000
v 0.413500 5.641299 4.750000
v 0.451815 5.670699 4.525000
v 0.451815 5.670699 4.750000
v 0.481215 5.709013 4.525000
v 0.481215 5.709013 4.750000
v -0.520304 0.887895 4.750000
v -0.520304 0.887895 4.525000
v -0.514000 0.840013 4.750000
v -0.514000 0.840013 4.525000
v -0.520304 0.792132 4.750000
v -0.520304 0.792132 4.525000
v -0.538785 0.747513 4.750000
v -0.538785 0.747513 4.525000
v -0.568185 0.709199 4.750000
v -0.568185 0.709199 4.525000
v -0.606500 0.679799 4.750000
v -0.606500 0.679799 4.525000
v -0.651118 0.661317 4.750000
v -0.651118 0.661317 4.525000
v -0.699000 0.655013 4.750000
v -0.699000 0.655013 4.525000
v -0.746881 0.661317 4.750000
v -0.746881 0.661317 4.525000
v -0.791500 0.679799 4.750000
v -0.791500 0.679799 4.525000
v -0.829815 0.709199 4.750000
v -0.829815 0.709199 4.525000
v -0.859215 0.747513 4.750000
v -0.859215 0.747513 4.525000
v -0.877696 0.792132 4.750000
v -0.877696 0.792132 4.525000
v -0.884000 0.840013 4.750000
v -0.884000 0.840013 4.525000
v -0.877696 0.887895 4.750000
v -0.877696 0.887895 4.525000
v -0.859215 0.932513 4.750000
v -0.859215 0.932513 4.525000
v -0.829815 0.970828 4.750000
v -0.829815 0.970828 4.525000
v -0.791500 1.000228 4.750000
v -0.791500 1.000228 4.525000
v -0.746881 1.018710 4.750000
v -0.746881 1.018710 4.525000
v -0.699000 1.025013 4.750000
v -0.699000 1.025013 4.525000
v -0.651118 1.018710 4.750000
v -0.651118 1.018710 4.525000
v -0.606500 1.000228 4.750000
v -0.606500 1.000228 4.525000
v -0.568185 0.970828 4.750000
v -0.568185 0.970828 4.525000
v -0.538785 0.932513 4.750000
v -0.538785 0.932513 4.525000
v 0.499696 0.877845 4.750000
v 0.499696 0.877845 4.525000
v 0.506000 0.829963 4.750000
v 0.506000 0.829963 4.525000
v 0.499696 0.782082 4.750000
v 0.499696 0.782082 4.525000
v 0.481215 0.737463 4.750000
v 0.481215 0.737463 4.525000
v 0.451815 0.699149 4.750000
v 0.451815 0.699149 4.525000
v 0.413500 0.669749 4.750000
v 0.413500 0.669749 4.525000
v 0.368882 0.651267 4.750000
v 0.368882 0.651267 4.525000
v 0.321000 0.644963 4.750000
v 0.321000 0.644963 4.525000
v 0.273119 0.651267 4.750000
v 0.273119 0.651267 4.525000
v 0.228500 0.669749 4.750000
v 0.228500 0.669749 4.525000
v 0.190185 0.699149 4.750000
v 0.190185 0.699149 4.525000
v 0.160785 0.737463 4.750000
v 0.160785 0.737463 4.525000
v 0.142304 0.782082 4.750000
v 0.142304 0.782082 4.525000
v 0.136000 0.829963 4.750000
v 0.136000 0.829963 4.525000
v 0.142304 0.877845 4.750000
v 0.142304 0.877845 4.525000
v 0.160785 0.922463 4.750000
v 0.160785 0.922463 4.525000
v 0.190185 0.960778 4.750000
v 0.190185 0.960778 4.525000
v 0.228500 0.990178 4.750000
v 0.228500 0.990178 4.525000
v 0.273119 1.008660 4.750000
v 0.273119 1.008660 4.525000
v 0.321000 1.014963 4.750000
v 0.321000 1.014963 4.525000
v 0.368882 1.008660 4.750000
v 0.368882 1.008660 4.525000
v 0.413500 0.990178 4.750000
v 0.413500 0.990178 4.525000
v 0.451815 0.960778 4.750000
v 0.451815 0.960778 4.525000
v 0.481215 0.922463 4.750000
v 0.481215 0.922463 4.525000
v 0.144889 2.193836 1.450000
v 0.150000 2.155014 1.450000
v 0.144889 2.116191 1.450000
v 0.129904 2.080014 1.450000
v 0.106066 2.048948 1.450000
v 0.075000 2.025110 1.450000
v 0.038823 2.010125 1.450000
v 0.000000 2.005014 1.450000
v -0.038823 2.010125 1.450000
v -0.075000 2.025110 1.450000
v -0.106066 2.048948 1.450000
v -0.129904 2.080014 1.450000
v -0.144889 2.116191 1.450000
v -0.150000 2.155014 1.450000
v -0.144889 2.193836 1.450000
v -0.129904 2.230014 1.450000
v -0.106066 2.261080 1.450000
v -0.075000 2.284917 1.450000
v -0.038823 2.299902 1.450000
v 0.000000 2.305014 1.450000
v 0.038823 2.299902 1.450000
v 0.075000 2.284917 1.450000
v 0.106066 2.261080 1.450000
v 0.129904 2.230014 1.450000
v 0.144889 3.811850 1.450000
v 0.150000 3.773027 1.450000
v 0.144889 3.734204 1.450000
v 0.129904 3.698027 1.450000
v 0.106066 3.666961 1.450000
v 0.075000 3.643123 1.450000
v 0.038823 3.628138 1.450000
v 0.000000 3.623027 1.450000
v -0.038823 3.628138 1.450000
v -0.075000 3.643123 1.450000
v -0.106066 3.666961 1.450000
v -0.129904 3.698027 1.450000
v -0.144889 3.734204 1.450000
v -0.150000 3.773027 1.450000
v -0.144889 3.811850 1.450000
v -0.129904 3.848027 1.450000
v -0.106066 3.879093 1.450000
v -0.075000 3.902931 1.450000
v -0.038823 3.917916 1.450000
v 0.000000 3.923027 1.450000
v 0.038823 3.917916 1.450000
v 0.075000 3.902931 1.450000
v 0.106066 3.879093 1.450000
v 0.129904 3.848027 1.450000
v -0.580654 4.541836 1.450000
v -0.575542 4.503014 1.450000
v -0.580654 4.464191 1.450000
v -0.595639 4.428014 1.450000
v -0.619476 4.396948 1.450000
v -0.650542 4.373110 1.450000
v -0.686720 4.358125 1.450000
v -0.725542 4.353014 1.450000
v -0.764365 4.358125 1.450000
v -0.800542 4.373110 1.450000
v -0.831608 4.396948 1.450000
v -0.855446 4.428014 1.450000
v -0.870431 4.464191 1.450000
v -0.875542 4.503014 1.450000
v -0.870431 4.541836 1.450000
v -0.855446 4.578014 1.450000
v -0.831608 4.609080 1.450000
v -0.800542 4.632917 1.450000
v -0.764365 4.647902 1.450000
v -0.725542 4.653014 1.450000
v -0.686720 4.647902 1.450000
v -0.650542 4.632917 1.450000
v -0.619476 4.609080 1.450000
v -0.595639 4.578014 1.450000
v 0.879346 4.541836 1.450000
v 0.884458 4.503014 1.450000
v 0.879346 4.464191 1.450000
v 0.864361 4.428014 1.450000
v 0.840524 4.396948 1.450000
v 0.809458 4.373110 1.450000
v 0.773280 4.358125 1.450000
v 0.734458 4.353014 1.450000
v 0.695635 4.358125 1.450000
v 0.659458 4.373110 1.450000
v 0.628392 4.396948 1.450000
v 0.604554 4.428014 1.450000
v 0.589569 4.464191 1.450000
v 0.584458 4.503014 1.450000
v 0.589569 4.541836 1.450000
v 0.604554 4.578014 1.450000
v 0.628392 4.609080 1.450000
v 0.659458 4.632917 1.450000
v 0.695635 4.647902 1.450000
v 0.734458 4.653014 1.450000
v 0.773280 4.647902 1.450000
v 0.809458 4.632917 1.450000
v 0.840524 4.609080 1.450000
v 0.864361 4.578014 1.450000
v 0.144889 1.463836 1.450000
v 0.150000 1.425014 1.450000
v 0.144889 1.386191 1.450000
v 0.129904 1.350014 1.450000
v 0.106066 1.318948 1.450000
v 0.075000 1.295110 1.450000
v 0.038823 1.280125 1.450000
v 0.000000 1.275014 1.450000
v -0.038823 1.280125 1.450000
v -0.075000 1.295110 1.450000
v -0.106066 1.318948 1.450000
v -0.129904 1.350014 1.450000
v -0.144889 1.386191 1.450000
v -0.150000 1.425014 1.450000
v -0.144889 1.463836 1.450000
v -0.129904 1.500014 1.450000
v -0.106066 1.531080 1.450000
v -0.075000 1.554917 1.450000
v -0.038823 1.569902 1.450000
v 0.000000 1.575014 1.450000
v 0.038823 1.569902 1.450000
v 0.075000 1.554917 1.450000
v 0.106066 1.531080 1.450000
v 0.129904 1.500014 1.450000
v -0.585111 2.193836 1.450000
v -0.580000 2.155014 1.450000
v -0.585111 2.116191 1.450000
v -0.600096 2.080014 1.450000
v -0.623934 2.048948 1.450000
v -0.655000 2.025110 1.450000
v -0.691177 2.010125 1.450000
v -0.730000 2.005014 1.450000
v -0.768823 2.010125 1.450000
v -0.805000 2.025110 1.450000
v -0.836066 2.048948 1.450000
v -0.859904 2.080014 1.450000
v -0.874889 2.116191 1.450000
v -0.880000 2.155014 1.450000
v -0.874889 2.193836 1.450000
v -0.859904 2.230014 1.450000
v -0.836066 2.261080 1.450000
v -0.805000 2.284917 1.450000
v -0.768823 2.299902 1.450000
v -0.730000 2.305014 1.450000
v -0.691177 2.299902 1.450000
v -0.655000 2.284917 1.450000
v -0.623934 2.261080 1.450000
v -0.600096 2.230014 1.450000
v 0.144889 5.271823 1.450000
v 0.150000 5.233000 1.450000
v 0.144889 5.194177 1.450000
v 0.129904 5.158000 1.450000
v 0.106066 5.126934 1.450000
v 0.075000 5.103096 1.450000
v 0.038823 5.088111 1.450000
v 0.000000 5.083000 1.450000
v -0.038823 5.088111 1.450000
v -0.075000 5.103096 1.450000
v -0.106066 5.126934 1.450000
v -0.129904 5.158000 1.450000
v -0.144889 5.194177 1.450000
v -0.150000 5.233000 1.450000
v -0.144889 5.271823 1.450000
v -0.129904 5.308000 1.450000
v -0.106066 5.339066 1.450000
v -0.075000 5.362904 1.450000
v -0.038823 5.377889 1.450000
v 0.000000 5.383000 1.450000
v 0.038823 5.377889 1.450000
v 0.075000 5.362904 1.450000
v 0.106066 5.339066 1.450000
v 0.129904 5.308000 1.450000
v 0.149346 4.541836 1.450000
v 0.154458 4.503014 1.450000
v 0.149346 4.464191 1.450000
v 0.134361 4.428014 1.450000
v 0.110524 4.396948 1.450000
v 0.079458 4.373110 1.450000
v 0.043280 4.358125 1.450000
v 0.004458 4.353014 1.450000
v -0.034365 4.358125 1.450000
v -0.070542 4.373110 1.450000
v -0.101608 4.396948 1.450000
v -0.125446 4.428014 1.450000
v -0.140431 4.464191 1.450000
v -0.145542 4.503014 1.450000
v -0.140431 4.541836 1.450000
v -0.125446 4.578014 1.450000
v -0.101608 4.609080 1.450000
v -0.070542 4.632917 1.450000
v -0.034365 4.647902 1.450000
v 0.004458 4.653014 1.450000
v 0.043280 4.647902 1.450000
v 0.079458 4.632917 1.450000
v 0.110524 4.609080 1.450000
v 0.134361 4.578014 1.450000
v 0.144889 2.923836 1.450000
v 0.150000 2.885014 1.450000
v 0.144889 2.846191 1.450000
v 0.129904 2.810014 1.450000
v 0.106066 2.778948 1.450000
v 0.075000 2.755110 1.450000
v 0.038823 2.740125 1.450000
v 0.000000 2.735014 1.450000
v -0.038823 2.740125 1.450000
v -0.075000 2.755110 1.450000
v -0.106066 2.778948 1.450000
v -0.129904 2.810014 1.450000
v -0.144889 2.846191 1.450000
v -0.150000 2.885014 1.450000
v -0.144889 2.923836 1.450000
v -0.129904 2.960014 1.450000
v -0.106066 2.991080 1.450000
v -0.075000 3.014917 1.450000
v -0.038823 3.029902 1.450000
v 0.000000 3.035014 1.450000
v 0.038823 3.029902 1.450000
v 0.075000 3.014917 1.450000
v 0.106066 2.991080 1.450000
v 0.129904 2.960014 1.450000
v 0.874889 2.193836 1.450000
v 0.880000 2.155014 1.450000
v 0.874889 2.116191 1.450000
v 0.859904 2.080014 1.450000
v 0.836066 2.048948 1.450000
v 0.805000 2.025110 1.450000
v 0.768823 2.010125 1.450000
v 0.730000 2.005014 1.450000
v 0.691177 2.010125 1.450000
v 0.655000 2.025110 1.450000
v 0.623934 2.048948 1.450000
v 0.600096 2.080014 1.450000
v 0.585111 2.116191 1.450000
v 0.580000 2.155014 1.450000
v 0.585111 2.193836 1.450000
v 0.600096 2.230014 1.450000
v 0.623934 2.261080 1.450000
v 0.655000 2.284917 1.450000
v 0.691177 2.299902 1.450000
v 0.730000 2.305014 1.450000
v 0.768823 2.299902 1.450000
v 0.805000 2.284917 1.450000
v 0.836066 2.261080 1.450000
v 0.859904 2.230014 1.450000
v -0.953000 5.433014 1.450000
v -1.004764 5.426199 1.450000
v -1.053000 5.406219 1.450000
v -1.094421 5.374435 1.450000
v -1.126205 5.333014 1.450000
v -1.146185 5.284777 1.450000
v -1.153000 5.233014 1.450000
v -1.153000 1.410014 1.450000
v -0.953000 1.210014 1.450000
v -1.004764 1.216828 1.450000
v -1.053000 1.236808 1.450000
v -1.094421 1.268592 1.450000
v -1.126205 1.310014 1.450000
v -1.146185 1.358250 1.450000
v -0.953000 5.433014 4.525000
v -0.953000 5.433014 4.750000
v -1.004764 5.439828 4.525000
v -1.004764 5.439828 4.750000
v -1.053000 5.459809 4.525000
v -1.053000 5.459809 4.750000
v -1.094421 5.491592 4.525000
v -1.094421 5.491592 4.750000
v -1.126205 5.533014 4.525000
v -1.126205 5.533014 4.750000
v -1.146185 5.581250 4.525000
v -1.146185 5.581250 4.750000
v -1.153000 5.633014 4.525000
v -1.153000 5.633014 4.750000
v -0.953000 6.298014 4.525000
v -1.126205 6.198014 4.525000
v -1.146185 6.149777 4.525000
v -1.153000 6.098014 4.525000
v 1.147000 5.433014 4.525000
v 1.147000 6.298014 4.525000
v -1.094421 6.239435 4.525000
v -1.053000 6.271219 4.525000
v -1.004764 6.291199 4.525000
v -1.153000 6.098014 4.750000
v -0.953000 6.298014 4.750000
v -1.004764 6.291199 4.750000
v -1.053000 6.271219 4.750000
v -1.094421 6.239435 4.750000
v -1.126205 6.198014 4.750000
v -1.146185 6.149777 4.750000
v -0.953000 1.210013 4.750000
v -0.953000 1.210013 4.525000
v -1.004764 1.203199 4.750000
v -1.004764 1.203199 4.525000
v -1.053000 1.183218 4.750000
v -1.053000 1.183218 4.525000
v -1.094421 1.151435 4.750000
v -1.094421 1.151435 4.525000
v -1.126205 1.110013 4.750000
v -1.126205 1.110013 4.525000
v -1.146185 1.061777 4.750000
v -1.146185 1.061777 4.525000
v -1.153000 1.010013 4.750000
v -1.153000 1.010013 4.525000
v 1.147000 1.210013 4.525000
v 1.172000 1.210013 4.750000
v 1.313422 1.210013 4.691421
v 1.272000 1.210013 4.723205
v 1.223764 1.210013 4.743185
v 1.345205 1.210013 4.650000
v 1.365185 1.210013 4.601764
v 1.372000 1.210013 4.550000
v 1.372000 1.210014 4.210000
v 1.147000 1.210014 4.210000
v -0.953000 0.345013 4.750000
v 1.172000 0.345013 4.750000
v -1.126205 0.445013 4.750000
v -1.094421 0.403592 4.750000
v -1.153000 0.545013 4.750000
v -1.146185 0.493250 4.750000
v -1.053000 0.371808 4.750000
v -1.004764 0.351828 4.750000
v 1.372000 5.218014 4.968000
v 1.147000 5.218014 4.968000
v 1.372000 5.211199 5.019764
v 1.147000 5.211199 5.019764
v 1.372000 5.191219 5.068000
v 1.147000 5.191219 5.068000
v 1.372000 5.159435 5.109421
v 1.147000 5.159435 5.109421
v 1.372000 5.118014 5.141205
v 1.147000 5.118014 5.141205
v 1.372000 5.069777 5.161185
v 1.147000 5.069777 5.161185
v 1.372000 5.018014 5.168000
v 1.147000 5.018014 5.168000
v 1.147000 1.625014 5.168000
v 1.372000 1.625014 5.168000
v 1.147000 5.218014 4.210000
v 1.147000 5.433014 4.210000
v 1.147000 5.433014 2.295000
v 1.147000 6.098014 2.295000
v 1.147000 6.298014 2.495000
v 1.147000 6.291199 2.443236
v 1.147000 0.345013 2.495000
v 1.147000 0.345013 4.525000
v 1.147000 0.545013 2.295000
v 1.147000 1.210013 2.295000
v 1.147000 1.425014 4.968000
v 1.147000 1.425014 4.210000
v 1.147000 0.493250 2.301815
v 1.147000 0.445013 2.321795
v 1.147000 0.403592 2.353579
v 1.147000 0.371808 2.395000
v 1.147000 0.351828 2.443236
v 1.147000 1.431828 5.019764
v 1.147000 1.451808 5.068000
v 1.147000 1.483592 5.109421
v 1.147000 1.525014 5.141205
v 1.147000 1.573250 5.161185
v 1.147000 6.271219 2.395000
v 1.147000 6.239435 2.353579
v 1.147000 6.198014 2.321795
v 1.147000 6.149777 2.301815
v 1.372000 6.098014 2.295000
v 1.372000 6.149777 2.301815
v 1.372000 6.198014 2.321795
v 1.372000 6.239435 2.353579
v 1.372000 6.271219 2.395000
v 1.372000 6.291199 2.443236
v 1.372000 6.298014 2.495000
v 1.372000 5.433014 2.295000
v 1.372000 5.433014 4.210000
v 1.372000 6.298014 4.550000
v 1.372000 5.433014 4.550000
v 1.372000 0.345013 2.495000
v 1.372000 0.345013 4.550000
v 1.372000 1.210013 2.295000
v 1.372000 0.545013 2.295000
v 1.372000 1.425014 4.210000
v 1.372000 1.425014 4.968000
v 1.372000 5.218014 4.210000
v 1.372000 1.573250 5.161185
v 1.372000 1.525014 5.141205
v 1.372000 1.483592 5.109421
v 1.372000 1.451808 5.068000
v 1.372000 1.431828 5.019764
v 1.372000 0.351828 2.443236
v 1.372000 0.371808 2.395000
v 1.372000 0.403592 2.353579
v 1.372000 0.445013 2.321795
v 1.372000 0.493250 2.301815
v 1.365185 6.298014 4.601764
v 1.365185 5.433014 4.601764
v 1.345205 5.433014 4.650000
v 1.345205 6.298014 4.650000
v 1.313422 5.433014 4.691421
v 1.313422 6.298014 4.691421
v 1.272000 5.433014 4.723205
v 1.272000 6.298014 4.723205
v 1.223764 5.433014 4.743185
v 1.223764 6.298014 4.743185
v 1.172000 5.433014 4.750000
v 1.172000 6.298014 4.750000
v 1.365185 0.345013 4.601764
v 1.345205 0.345013 4.650000
v 1.313422 0.345013 4.691421
v 1.272000 0.345013 4.723205
v 1.223764 0.345013 4.743185
v -0.953000 0.345013 4.525000
v -1.004764 0.351828 4.525000
v -1.053000 0.371808 4.525000
v -1.094421 0.403592 4.525000
v -1.126205 0.445013 4.525000
v -1.146185 0.493250 4.525000
v -1.153000 0.545013 4.525000
f 7378 7379 7380
f 7380 7379 7381
f 7380 7381 7382
f 7382 7381 7383
f 7382 7383 7384
f 7380 7385 7378
f 7378 7385 7386
f 7378 7386 7387
f 7387 7386 7388
f 7387 7388 7389
f 7389 7388 7390
f 7389 7390 7391
f 7391 7390 7392
f 7391 7392 7393
f 7393 7392 7394
f 7393 7394 7395
f 7395 7394 7396
f 7395 7396 7397
f 7397 7396 7398
f 7397 7398 7399
f 7399 7398 7400
f 7399 7400 7401
f 7401 7400 7402
f 7401 7402 7403
f 7403 7402 7404
f 7403 7404 7405
f 7405 7404 7406
f 7406 7404 7407
f 7406 7407 7408
f 7408 7407 7409
f 7408 7409 7410
f 7410 7409 7411
f 7410 7411 7412
f 7412 7411 7413
f 7412 7413 7414
f 7414 7413 7415
f 7414 7415 7416
f 7416 7415 7417
f 7416 7417 7418
f 7418 7417 7419
f 7418 7419 7420
f 7420 7419 7421
f 7420 7421 7379
f 7379 7421 7422
f 7379 7422 7381
f 7381 7422 7423
f 7381 7423 7383
f 7383 7423 7424
f 7383 7424 7384
f 7384 7424 7425
f 7384 7425 7426
f 7385 7380 7427
f 7427 7380 7382
f 7427 7382 7426
f 7426 7382 7384
f 7428 7429 7430
f 7430 7429 7431
f 7430 7431 7432
f 7432 7431 7433
f 7432 7433 7434
f 7434 7433 7435
f 7434 7435 7436
f 7436 7435 7437
f 7436 7437 7438
f 7438 7437 7439
f 7438 7439 7440
f 7440 7439 7441
f 7440 7441 7442
f 7442 7441 7443
f 7442 7443 7444
f 7444 7443 7445
f 7444 7445 7446
f 7446 7445 7447
f 7446 7447 7448
f 7448 7447 7449
f 7448 7449 7450
f 7450 7449 7451
f 7450 7451 7452
f 7452 7451 7453
f 7452 7453 7454
f 7454 7453 7455
f 7454 7455 7456
f 7456 7455 7457
f 7456 7457 7458
f 7458 7457 7459
f 7458 7459 7460
f 7460 7459 7461
f 7460 7461 7462
f 7462 7461 7463
f 7462 7463 7464
f 7464 7463 7465
f 7464 7465 7466
f 7466 7465 7467
f 7466 7467 7468
f 7468 7467 7469
f 7468 7469 7470
f 7470 7469 7471
f 7470 7471 7472
f 7472 7471 7473
f 7472 7473 7474
f 7474 7473 7475
f 7474 7475 7428
f 7428 7475 7429
f 7476 7477 7478
f 7478 7477 7479
f 7478 7479 7480
f 7480 7479 7481
f 7480 7481 7482
f 7482 7481 7483
f 7482 7483 7484
f 7484 7483 7485
f 7484 7485 7486
f 7486 7485 7487
f 7486 7487 7488
f 7488 7487 7489
f 7488 7489 7490
f 7490 7489 7491
f 7490 7491 7492
f 7492 7491 7493
f 7492 7493 7494
f 7494 7493 7495
f 7494 7495 7496
f 7496 7495 7497
f 7496 7497 7498
f 7498 7497 7499
f 7498 7499 7500
f 7500 7499 7501
f 7500 7501 7502
f 7502 7501 7503
f 7502 7503 7504
f 7504 7503 7505
f 7504 7505 7506
f 7506 7505 7507
f 7506 7507 7508
f 7508 7507 7509
f 7508 7509 7510
f 7510 7509 7511
f 7510 7511 7512
f 7512 7511 7513
f 7512 7513 7514
f 7514 7513 7515
f 7514 7515 7516
f 7516 7515 7517
f 7516 7517 7518
f 7518 7517 7519
f 7518 7519 7520
f 7520 7519 7521
f 7520 7521 7522
f 7522 7521 7523
f 7522 7523 7476
f 7476 7523 7477
f 7524 7525 7526
f 7526 7525 7527
f 7526 7527 7528
f 7528 7527 7529
f 7528 7529 7530
f 7530 7529 7531
f 7530 7531 7532
f 7532 7531 7533
f 7532 7533 7534
f 7534 7533 7535
f 7534 7535 7536
f 7536 7535 7537
f 7536 7537 7538
f 7538 7537 7539
f 7538 7539 7540
f 7540 7539 7541
f 7540 7541 7542
f 7542 7541 7543
f 7542 7543 7544
f 7544 7543 7545
f 7544 7545 7546
f 7546 7545 7547
f 7546 7547 7548
f 7548 7547 7549
f 7548 7549 7550
f 7550 7549 7551
f 7550 7551 7552
f 7552 7551 7553
f 7552 7553 7554
f 7554 7553 7555
f 7554 7555 7556
f 7556 7555 7557
f 7556 7557 7558
f 7558 7557 7559
f 7558 7559 7560
f 7560 7559 7561
f 7560 7561 7562
f 7562 7561 7563
f 7562 7563 7564
f 7564 7563 7565
f 7564 7565 7566
f 7566 7565 7567
f 7566 7567 7568
f 7568 7567 7569
f 7568 7569 7570
f 7570 7569 7571
f 7570 7571 7524
f 7524 7571 7525
f 7572 7573 7574
f 7574 7573 7575
f 7574 7575 7576
f 7576 7575 7577
f 7576 7577 7578
f 7578 7577 7579
f 7578 7579 7580
f 7580 7579 7581
f 7580 7581 7582
f 7582 7581 7583
f 7582 7583 7584
f 7584 7583 7585
f 7584 7585 7586
f 7586 7585 7587
f 7586 7587 7588
f 7588 7587 7589
f 7588 7589 7590
f 7590 7589 7591
f 7590 7591 7592
f 7592 7591 7593
f 7592 7593 7594
f 7594 7593 7595
f 7594 7595 7596
f 7596 7595 7597
f 7596 7597 7598
f 7598 7597 7599
f 7598 7599 7600
f 7600 7599 7601
f 7600 7601 7602
f 7602 7601 7603
f 7602 7603 7604
f 7604 7603 7605
f 7604 7605 7606
f 7606 7605 7607
f 7606 7607 7608
f 7608 7607 7609
f 7608 7609 7610
f 7610 7609 7611
f 7610 7611 7612
f 7612 7611 7613
f 7612 7613 7614
f 7614 7613 7615
f 7614 7615 7616
f 7616 7615 7617
f 7616 7617 7618
f 7618 7617 7619
f 7618 7619 7572
f 7572 7619 7573
f 7620 7621 7622
f 7622 7621 7623
f 7622 7623 7624
f 7624 7623 7625
f 7624 7625 7626
f 7626 7625 7627
f 7626 7627 7628
f 7628 7627 7629
f 7628 7629 7630
f 7630 7629 7631
f 7630 7631 7632
f 7632 7631 7633
f 7632 7633 7634
f 7634 7633 7635
f 7634 7635 7636
f 7636 7635 7637
f 7636 7637 7638
f 7638 7637 7639
f 7638 7639 7640
f 7640 7639 7641
f 7640 7641 7642
f 7642 7641 7643
f 7642 7643 7644
f 7644 7643 7645
f 7644 7645 7646
f 7646 7645 7647
f 7646 7647 7648
f 7648 7647 7649
f 7648 7649 7650
f 7650 7649 7651
f 7650 7651 7652
f 7652 7651 7653
f 7652 7653 7654
f 7654 7653 7655
f 7654 7655 7656
f 7656 7655 7657
f 7656 7657 7658
f 7658 7657 7659
f 7658 7659 7660
f 7660 7659 7661
f 7660 7661 7662
f 7662 7661 7663
f 7662 7663 7664
f 7664 7663 7665
f 7664 7665 7666
f 7666 7665 7667
f 7666 7667 7620
f 7620 7667 7621
f 7668 7669 7670
f 7670 7669 7671
f 7670 7671 7672
f 7672 7671 7673
f 7672 7673 7674
f 7674 7673 7675
f 7674 7675 7676
f 7676 7675 7677
f 7676 7677 7678
f 7678 7677 7679
f 7678 7679 7680
f 7680 7679 7681
f 7680 7681 7682
f 7682 7681 7683
f 7682 7683 7684
f 7684 7683 7685
f 7684 7685 7686
f 7686 7685 7687
f 7686 7687 7688
f 7688 7687 7689
f 7688 7689 7690
f 7690 7689 7691
f 7690 7691 7692
f 7692 7691 7693
f 7692 7693 7694
f 7694 7693 7695
f 7694 7695 7696
f 7696 7695 7697
f 7696 7697 7698
f 7698 7697 7699
f 7698 7699 7700
f 7700 7699 7701
f 7700 7701 7702
f 7702 7701 7703
f 7702 7703 7704
f 7704 7703 7705
f 7704 7705 7706
f 7706 7705 7707
f 7706 7707 7708
f 7708 7707 7709
f 7708 7709 7710
f 7710 7709 7711
f 7710 7711 7712
f 7712 7711 7713
f 7712 7713 7714
f 7714 7713 7715
f 7714 7715 7668
f 7668 7715 7669
f 7716 7717 7718
f 7718 7717 7719
f 7718 7719 7720
f 7720 7719 7721
f 7720 7721 7722
f 7722 7721 7723
f 7722 7723 7724
f 7724 7723 7725
f 7724 7725 7726
f 7726 7725 7727
f 7726 7727 7728
f 7728 7727 7729
f 7728 7729 7730
f 7730 7729 7731
f 7730 7731 7732
f 7732 7731 7733
f 7732 7733 7734
f 7734 7733 7735
f 7734 7735 7736
f 7736 7735 7737
f 7736 7737 7738
f 7738 7737 7739
f 7738 7739 7740
f 7740 7739 7741
f 7740 7741 7742
f 7742 7741 7743
f 7742 7743 7744
f 7744 7743 7745
f 7744 7745 7746
f 7746 7745 7747
f 7746 7747 7748
f 7748 7747 7749
f 7748 7749 7750
f 7750 7749 7751
f 7750 7751 7752
f 7752 7751 7753
f 7752 7753 7754
f 7754 7753 7755
f 7754 7755 7756
f 7756 7755 7757
f 7756 7757 7758
f 7758 7757 7759
f 7758 7759 7760
f 7760 7759 7761
f 7760 7761 7762
f 7762 7761 7763
f 7762 7763 7716
f 7716 7763 7717
f 7764 7765 7766
f 7766 7765 7767
f 7766 7767 7768
f 7768 7767 7769
f 7768 7769 7770
f 7770 7769 7771
f 7770 7771 7772
f 7772 7771 7773
f 7772 7773 7774
f 7774 7773 7775
f 7774 7775 7776
f 7776 7775 7777
f 7776 7777 7778
f 7778 7777 7779
f 7778 7779 7780
f 7780 7779 7781
f 7780 7781 7782
f 7782 7781 7783
f 7782 7783 7784
f 7784 7783 7785
f 7784 7785 7786
f 7786 7785 7787
f 7786 7787 7788
f 7788 7787 7789
f 7788 7789 7790
f 7790 7789 7791
f 7790 7791 7792
f 7792 7791 7793
f 7792 7793 7794
f 7794 7793 7795
f 7794 7795 7796
f 7796 7795 7797
f 7796 7797 7798
f 7798 7797 7799
f 7798 7799 7800
f 7800 7799 7801
f 7800 7801 7802
f 7802 7801 7803
f 7802 7803 7804
f 7804 7803 7805
f 7804 7805 7806
f 7806 7805 7807
f 7806 7807 7808
f 7808 7807 7809
f 7808 7809 7810
f 7810 7809 7811
f 7810 7811 7764
f 7764 7811 7765
f 7812 7813 7814
f 7814 7813 7815
f 7814 7815 7816
f 7816 7815 7817
f 7816 7817 7818
f 7818 7817 7819
f 7818 7819 7820
f 7820 7819 7821
f 7820 7821 7822
f 7822 7821 7823
f 7822 7823 7824
f 7824 7823 7825
f 7824 7825 7826
f 7826 7825 7827
f 7826 7827 7828
f 7828 7827 7829
f 7828 7829 7830
f 7830 7829 7831
f 7830 7831 7832
f 7832 7831 7833
f 7832 7833 7834
f 7834 7833 7835
f 7834 7835 7836
f 7836 7835 7837
f 7836 7837 7838
f 7838 7837 7839
f 7838 7839 7840
f 7840 7839 7841
f 7840 7841 7842
f 7842 7841 7843
f 7842 7843 7844
f 7844 7843 7845
f 7844 7845 7846
f 7846 7845 7847
f 7846 7847 7848
f 7848 7847 7849
f 7848 7849 7850
f 7850 7849 7851
f 7850 7851 7852
f 7852 7851 7853
f 7852 7853 7854
f 7854 7853 7855
f 7854 7855 7856
f 7856 7855 7857
f 7856 7857 7858
f 7858 7857 7859
f 7858 7859 7812
f 7812 7859 7813
f 7860 7861 7862
f 7862 7861 7863
f 7862 7863 7864
f 7864 7863 7865
f 7864 7865 7866
f 7866 7865 7867
f 7866 7867 7868
f 7868 7867 7869
f 7868 7869 7870
f 7870 7869 7871
f 7870 7871 7872
f 7872 7871 7873
f 7872 7873 7874
f 7874 7873 7875
f 7874 7875 7876
f 7876 7875 7877
f 7876 7877 7878
f 7878 7877 7879
f 7878 7879 7880
f 7880 7879 7881
f 7880 7881 7882
f 7882 7881 7883
f 7882 7883 7884
f 7884 7883 7885
f 7884 7885 7886
f 7886 7885 7887
f 7886 7887 7888
f 7888 7887 7889
f 7888 7889 7890
f 7890 7889 7891
f 7890 7891 7892
f 7892 7891 7893
f 7892 7893 7894
f 7894 7893 7895
f 7894 7895 7896
f 7896 7895 7897
f 7896 7897 7898
f 7898 7897 7899
f 7898 7899 7900
f 7900 7899 7901
f 7900 7901 7902
f 7902 7901 7903
f 7902 7903 7904
f 7904 7903 7905
f 7904 7905 7906
f 7906 7905 7907
f 7906 7907 7860
f 7860 7907 7861
f 7908 7909 7910
f 7910 7909 7911
f 7910 7911 7912
f 7912 7911 7913
f 7912 7913 7914
f 7914 7913 7915
f 7914 7915 7916
f 7916 7915 7917
f 7916 7917 7918
f 7918 7917 7919
f 7918 7919 7920
f 7920 7919 7921
f 7920 7921 7922
f 7922 7921 7923
f 7922 7923 7924
f 7924 7923 7925
f 7924 7925 7926
f 7926 7925 7927
f 7926 7927 7928
f 7928 7927 7929
f 7928 7929 7930
f 7930 7929 7931
f 7930 7931 7932
f 7932 7931 7933
f 7932 7933 7934
f 7934 7933 7935
f 7934 7935 7936
f 7936 7935 7937
f 7936 7937 7938
f 7938 7937 7939
f 7938 7939 7940
f 7940 7939 7941
f 7940 7941 7942
f 7942 7941 7943
f 7942 7943 7944
f 7944 7943 7945
f 7944 7945 7946
f 7946 7945 7947
f 7946 7947 7948
f 7948 7947 7949
f 7948 7949 7950
f 7950 7949 7951
f 7950 7951 7952
f 7952 7951 7953
f 7952 7953 7954
f 7954 7953 7955
f 7954 7955 7908
f 7908 7955 7909
f 7956 7957 7958
f 7958 7957 7959
f 7958 7959 7960
f 7960 7959 7961
f 7960 7961 7962
f 7962 7961 7963
f 7962 7963 7964
f 7964 7963 7965
f 7964 7965 7966
f 7966 7965 7967
f 7966 7967 7968
f 7968 7967 7969
f 7968 7969 7970
f 7970 7969 7971
f 7970 7971 7972
f 7972 7971 7973
f 7972 7973 7974
f 7974 7973 7975
f 7974 7975 7976
f 7976 7975 7977
f 7976 7977 7978
f 7978 7977 7979
f 7978 7979 7980
f 7980 7979 7981
f 7980 7981 7982
f 7982 7981 7983
f 7982 7983 7984
f 7984 7983 7985
f 7984 7985 7986
f 7986 7985 7987
f 7986 7987 7988
f 7988 7987 7989
f 7988 7989 7990
f 7990 7989 7991
f 7990 7991 7992
f 7992 7991 7993
f 7992 7993 7994
f 7994 7993 7995
f 7994 7995 7996
f 7996 7995 7997
f 7996 7997 7998
f 7998 7997 7999
f 7998 7999 8000
f 8000 7999 8001
f 8000 8001 8002
f 8002 8001 8003
f 8002 8003 7956
f 7956 8003 7957
f 8004 8005 8006
f 8006 8005 8007
f 8006 8007 8008
f 8008 8007 8009
f 8008 8009 8010
f 8010 8009 8011
f 8010 8011 8012
f 8012 8011 8013
f 8012 8013 8014
f 8014 8013 8015
f 8014 8015 8016
f 8016 8015 8017
f 8016 8017 8018
f 8018 8017 8019
f 8018 8019 8020
f 8020 8019 8021
f 8020 8021 8022
f 8022 8021 8023
f 8022 8023 8024
f 8024 8023 8025
f 8024 8025 8026
f 8026 8025 8027
f 8026 8027 8028
f 8028 8027 8029
f 8028 8029 8030
f 8030 8029 8031
f 8030 8031 8032
f 8032 8031 8033
f 8032 8033 8034
f 8034 8033 8035
f 8034 8035 8036
f 8036 8035 8037
f 8036 8037 8038
f 8038 8037 8039
f 8038 8039 8040
f 8040 8039 8041
f 8040 8041 8042
f 8042 8041 8043
f 8042 8043 8044
f 8044 8043 8045
f 8044 8045 8046
f 8046 8045 8047
f 8046 8047 8048
f 8048 8047 8049
f 8048 8049 8050
f 8050 8049 8051
f 8050 8051 8004
f 8004 8051 8005
f 8052 8053 8054
f 8054 8053 8055
f 8054 8055 8056
f 8056 8055 8057
f 8056 8057 8058
f 8058 8057 8059
f 8058 8059 8060
f 8060 8059 8061
f 8060 8061 8062
f 8062 8061 8063
f 8062 8063 8064
f 8064 8063 8065
f 8064 8065 8066
f 8066 8065 8067
f 8066 8067 8068
f 8068 8067 8069
f 8068 8069 8070
f 8070 8069 8071
f 8070 8071 8072
f 8072 8071 8073
f 8072 8073 8074
f 8074 8073 8075
f 8074 8075 8076
f 8076 8075 8077
f 8076 8077 8078
f 8078 8077 8079
f 8078 8079 8080
f 8080 8079 8081
f 8080 8081 8082
f 8082 8081 8083
f 8082 8083 8084
f 8084 8083 8085
f 8084 8085 8086
f 8086 8085 8087
f 8086 8087 8088
f 8088 8087 8089
f 8088 8089 8090
f 8090 8089 8091
f 8090 8091 8092
f 8092 8091 8093
f 8092 8093 8094
f 8094 8093 8095
f 8094 8095 8096
f 8096 8095 8097
f 8096 8097 8098
f 8098 8097 8099
f 8098 8099 8052
f 8052 8099 8053
f 8100 8101 7378
f 7378 8101 8102
f 7378 8102 8103
f 8104 8105 8100
f 8100 8105 8106
f 8100 8106 8107
f 8108 8109 8104
f 8104 8109 8110
f 8104 8110 8111
f 8108 8112 8109
f 8109 8112 8113
f 8109 8113 8114
f 8114 8115 8109
f 8116 8117 8109
f 8109 8117 8118
f 8109 8118 8119
f 8120 8121 8116
f 8116 8121 8122
f 8116 8122 8123
f 8123 8124 8116
f 8116 8124 8125
f 8116 8125 8126
f 8126 8125 8127
f 8127 8125 8128
f 8128 8125 8129
f 8129 8125 8130
f 8130 8125 8131
f 8131 8125 8132
f 8131 8132 8133
f 8133 8132 8134
f 8133 8134 8135
f 8135 8134 8136
f 8136 8134 8137
f 8136 8137 8138
f 8139 8140 8125
f 8125 8140 8141
f 8125 8141 8142
f 7379 8143 8139
f 8139 8143 8144
f 8139 8144 8145
f 7378 8146 7379
f 7379 8146 8147
f 7379 8147 8148
f 8145 8149 8139
f 8139 8149 8150
f 8139 8150 8151
f 8151 8152 8139
f 8139 8152 8153
f 8139 8153 8154
f 8154 8153 8155
f 8155 8153 8156
f 8155 8156 8157
f 8155 8157 8158
f 8158 8157 8159
f 8158 8159 8160
f 8161 8162 8160
f 8160 8162 8163
f 8160 8163 8158
f 8158 8163 8164
f 8158 8164 8165
f 8165 8164 8166
f 8165 8166 8167
f 8167 8166 8168
f 8167 8168 8169
f 8169 8168 8170
f 8169 8170 8171
f 8171 8170 8172
f 8171 8172 8173
f 8173 8172 8174
f 8173 8174 8175
f 8175 8174 8176
f 8175 8176 8177
f 8177 8176 8178
f 8177 8178 8179
f 8179 8178 8180
f 8179 8180 8181
f 8181 8180 8137
f 8181 8137 8134
f 8162 8161 8182
f 8182 8161 8183
f 8182 8183 8184
f 8184 8183 8185
f 8184 8185 8186
f 8184 8186 8187
f 8187 8186 8188
f 8187 8188 8147
f 8148 8189 7379
f 7379 8189 8190
f 7379 8190 8191
f 8191 8192 7379
f 7379 8192 8193
f 7379 8193 8143
f 8182 8184 8194
f 8194 8184 8195
f 8194 8195 8196
f 8196 8195 8197
f 8196 8197 8198
f 8198 8197 8199
f 8198 8199 8200
f 8200 8199 8201
f 8200 8201 8202
f 8202 8201 8203
f 8202 8203 8204
f 8204 8203 8205
f 8204 8205 8206
f 8206 8205 8207
f 8206 8207 8208
f 8208 8207 8209
f 8208 8209 8210
f 8210 8209 8211
f 8210 8211 8212
f 8212 8211 8213
f 8212 8213 8214
f 8214 8213 8215
f 8215 8213 8216
f 8216 8213 8217
f 8216 8217 8218
f 8218 8217 8219
f 8219 8217 8220
f 8219 8220 8221
f 8221 8220 8222
f 8221 8222 8223
f 8223 8222 8224
f 8223 8224 8225
f 8225 8224 8226
f 8225 8226 8227
f 8227 8226 8228
f 8227 8228 8229
f 8229 8228 8230
f 8229 8230 8231
f 8231 8230 8232
f 8231 8232 8233
f 8233 8232 8234
f 8233 8234 8235
f 8235 8234 8236
f 8235 8236 8237
f 8237 8236 8238
f 8237 8238 8239
f 8239 8238 8146
f 8239 8146 8240
f 8240 8146 7378
f 8240 7378 8241
f 8241 7378 8242
f 8242 7378 8243
f 8243 7378 8244
f 8244 7378 8245
f 8245 7378 8103
f 8146 8187 8147
f 8246 8247 8248
f 8248 8247 8249
f 8248 8249 8250
f 8247 8246 8251
f 8251 8246 8252
f 8251 8252 8253
f 8253 8252 8254
f 8253 8254 8255
f 8255 8254 8256
f 8255 8256 8257
f 8257 8256 8258
f 8257 8258 8259
f 8259 8258 8260
f 8259 8260 8261
f 8261 8260 8262
f 8261 8262 8263
f 8263 8262 8264
f 8263 8264 8265
f 8265 8264 8266
f 8265 8266 8267
f 8267 8266 8268
f 8267 8268 8269
f 8269 8268 8270
f 8269 8270 8271
f 8271 8270 8272
f 8272 8270 8273
f 8272 8273 8274
f 8275 8276 8274
f 8274 8276 8277
f 8274 8277 8272
f 8276 8275 8278
f 8278 8275 8279
f 8278 8279 8280
f 8280 8279 8281
f 8280 8281 8282
f 8282 8281 8283
f 8282 8283 8284
f 8284 8283 8285
f 8284 8285 8286
f 8286 8285 8287
f 8286 8287 8288
f 8288 8287 8289
f 8288 8289 8290
f 8290 8289 8291
f 8290 8291 8292
f 8292 8291 8293
f 8292 8293 8294
f 8294 8293 8295
f 8294 8295 8250
f 8250 8295 8248
f 8294 8296 8297
f 8297 8296 8298
f 8297 8298 8299
f 8276 8300 8277
f 8277 8300 8301
f 8301 8300 8302
f 8302 8300 8303
f 8302 8303 8304
f 8304 8303 8104
f 8304 8104 8305
f 8305 8104 8306
f 8306 8104 8307
f 8307 8104 8111
f 8303 8308 8104
f 8104 8308 8309
f 8104 8309 8310
f 8310 8311 8104
f 8104 8311 8312
f 8104 8312 8105
f 8107 8313 8100
f 8100 8313 8314
f 8100 8314 8315
f 8100 8315 8299
f 8299 8315 8297
f 8136 8138 8316
f 8316 8138 8212
f 8316 8212 8214
f 8126 8317 8116
f 8116 8317 8318
f 8116 8318 8319
f 8319 8117 8116
f 8117 8320 8118
f 8118 8320 8321
f 8321 8320 8322
f 8321 8322 8323
f 8323 8322 8324
f 8323 8324 8325
f 8325 8324 8326
f 8325 8326 8327
f 8327 8326 8328
f 8327 8328 8329
f 8329 8328 8219
f 8329 8219 8330
f 8330 8219 8221
f 8330 8221 8331
f 8154 8332 8139
f 8139 8332 8333
f 8139 8333 8334
f 8334 8335 8139
f 8139 8335 8140
f 8142 8336 8125
f 8125 8336 8337
f 8125 8337 8338
f 8338 8132 8125
f 8240 8241 8339
f 8339 8241 8340
f 8339 8340 8341
f 8339 8341 8251
f 8251 8341 8342
f 8251 8342 8247
f 8250 8343 8294
f 8294 8343 8296
f 8299 8344 8100
f 8100 8344 8345
f 8100 8345 8346
f 8346 8347 8100
f 8100 8347 8348
f 8100 8348 8349
f 8349 8101 8100
f 8269 8271 8350
f 8350 8271 8351
f 8350 8351 8352
f 8350 8352 8331
f 8331 8352 8353
f 8331 8353 8330
f 8119 8354 8109
f 8109 8354 8355
f 8109 8355 8110
f 8356 7427 8357
f 8357 7427 7426
f 8357 7426 7425
f 7424 8358 7425
f 7425 8358 8359
f 7425 8359 8357
f 8357 8359 8360
f 8357 8360 8361
f 8361 8360 8362
f 8362 8360 8363
f 8362 8363 8364
f 8364 8363 8365
f 8364 8365 8366
f 8366 8365 8367
f 8366 8367 8368
f 8368 8367 8369
f 8368 8369 8370
f 8370 8369 8371
f 8370 8371 8372
f 8372 8371 8373
f 8373 8371 8374
f 8373 8374 8375
f 8375 8374 8376
f 8375 8376 8377
f 8377 8376 8378
f 8377 8378 8379
f 8379 8378 8358
f 8379 8358 8380
f 8380 8358 7424
f 8380 7424 7423
f 8361 8381 8357
f 8357 8381 8356
f 8359 8358 8382
f 8382 8358 8378
f 8382 8378 8383
f 8383 8378 8376
f 8383 8376 8384
f 8384 8376 8374
f 8384 8374 8369
f 8369 8374 8371
f 8363 8360 8382
f 8382 8360 8359
f 8363 8382 8383
f 8365 8363 8383
f 8365 8383 8384
f 8367 8365 8384
f 8367 8384 8369
f 8385 8386 8387
f 8387 8386 8388
f 8387 8388 8389
f 8389 8388 8390
f 8389 8390 8391
f 8391 8390 8392
f 8391 8392 8393
f 8393 8392 8394
f 8393 8394 8395
f 8395 8394 8396
f 8395 8396 8397
f 8397 8396 8398
f 8397 8398 8399
f 8399 8398 8400
f 8399 8400 8401
f 8401 8400 8402
f 8401 8402 8403
f 8403 8402 8404
f 8403 8404 8405
f 8405 8404 8406
f 8405 8406 8407
f 8407 8406 8408
f 8407 8408 8409
f 8409 8408 8410
f 8409 8410 8411
f 8411 8410 8412
f 8411 8412 8413
f 8413 8412 8414
f 8413 8414 8415
f 8415 8414 8416
f 8415 8416 8417
f 8417 8416 8418
f 8417 8418 8419
f 8419 8418 8420
f 8419 8420 8421
f 8421 8420 8422
f 8421 8422 8423
f 8423 8422 8424
f 8423 8424 8425
f 8425 8424 8426
f 8425 8426 8427
f 8427 8426 8428
f 8427 8428 8429
f 8429 8428 8430
f 8429 8430 8431
f 8431 8430 8432
f 8431 8432 8385
f 8385 8432 8386
f 8433 8434 8435
f 8435 8434 8436
f 8435 8436 8437
f 8437 8436 8438
f 8437 8438 8439
f 8439 8438 8440
f 8439 8440 8441
f 8441 8440 8442
f 8441 8442 8443
f 8443 8442 8444
f 8443 8444 8445
f 8445 8444 8446
f 8445 8446 8447
f 8447 8446 8448
f 8447 8448 8449
f 8449 8448 8450
f 8449 8450 8451
f 8451 8450 8452
f 8451 8452 8453
f 8453 8452 8454
f 8453 8454 8455
f 8455 8454 8456
f 8455 8456 8457
f 8457 8456 8458
f 8457 8458 8459
f 8459 8458 8460
f 8459 8460 8461
f 8461 8460 8462
f 8461 8462 8463
f 8463 8462 8464
f 8463 8464 8465
f 8465 8464 8466
f 8465 8466 8467
f 8467 8466 8468
f 8467 8468 8469
f 8469 8468 8470
f 8469 8470 8471
f 8471 8470 8472
f 8471 8472 8473
f 8473 8472 8474
f 8473 8474 8475
f 8475 8474 8476
f 8475 8476 8477
f 8477 8476 8478
f 8477 8478 8479
f 8479 8478 8480
f 8479 8480 8433
f 8433 8480 8434
f 8481 8482 8483
f 8483 8482 8484
f 8483 8484 8485
f 8485 8484 8486
f 8485 8486 8487
f 8487 8486 8488
f 8487 8488 8489
f 8489 8488 8490
f 8489 8490 8491
f 8491 8490 8492
f 8491 8492 8493
f 8493 8492 8494
f 8493 8494 8495
f 8495 8494 8496
f 8495 8496 8497
f 8497 8496 8498
f 8497 8498 8499
f 8499 8498 8500
f 8499 8500 8501
f 8501 8500 8502
f 8501 8502 8503
f 8503 8502 8504
f 8503 8504 8505
f 8505 8504 8506
f 8505 8506 8507
f 8507 8506 8508
f 8507 8508 8509
f 8509 8508 8510
f 8509 8510 8511
f 8511 8510 8512
f 8511 8512 8513
f 8513 8512 8514
f 8513 8514 8515
f 8515 8514 8516
f 8515 8516 8517
f 8517 8516 8518
f 8517 8518 8519
f 8519 8518 8520
f 8519 8520 8521
f 8521 8520 8522
f 8521 8522 8523
f 8523 8522 8524
f 8523 8524 8525
f 8525 8524 8526
f 8525 8526 8527
f 8527 8526 8528
f 8527 8528 8481
f 8481 8528 8482
f 8529 8530 8531
f 8531 8530 8532
f 8531 8532 8533
f 8533 8532 8534
f 8533 8534 8535
f 8535 8534 8536
f 8535 8536 8537
f 8537 8536 8538
f 8537 8538 8539
f 8539 8538 8540
f 8539 8540 8541
f 8541 8540 8542
f 8541 8542 8543
f 8543 8542 8544
f 8543 8544 8545
f 8545 8544 8546
f 8545 8546 8547
f 8547 8546 8548
f 8547 8548 8549
f 8549 8548 8550
f 8549 8550 8551
f 8551 8550 8552
f 8551 8552 8553
f 8553 8552 8554
f 8553 8554 8555
f 8555 8554 8556
f 8555 8556 8557
f 8557 8556 8558
f 8557 8558 8559
f 8559 8558 8560
f 8559 8560 8561
f 8561 8560 8562
f 8561 8562 8563
f 8563 8562 8564
f 8563 8564 8565
f 8565 8564 8566
f 8565 8566 8567
f 8567 8566 8568
f 8567 8568 8569
f 8569 8568 8570
f 8569 8570 8571
f 8571 8570 8572
f 8571 8572 8573
f 8573 8572 8574
f 8573 8574 8575
f 8575 8574 8576
f 8575 8576 8529
f 8529 8576 8530
f 8577 8578 8579
f 8579 8578 8580
f 8579 8580 8581
f 8581 8580 8582
f 8581 8582 8583
f 8583 8582 8584
f 8583 8584 8585
f 8585 8584 8586
f 8585 8586 8587
f 8587 8586 8588
f 8587 8588 8589
f 8589 8588 8590
f 8589 8590 8591
f 8591 8590 8592
f 8591 8592 8593
f 8593 8592 8594
f 8593 8594 8595
f 8595 8594 8596
f 8595 8596 8597
f 8597 8596 8598
f 8597 8598 8599
f 8599 8598 8600
f 8599 8600 8601
f 8601 8600 8602
f 8601 8602 8603
f 8603 8602 8604
f 8603 8604 8605
f 8605 8604 8606
f 8605 8606 8607
f 8607 8606 8608
f 8607 8608 8609
f 8609 8608 8610
f 8609 8610 8611
f 8611 8610 8612
f 8611 8612 8613
f 8613 8612 8614
f 8613 8614 8615
f 8615 8614 8616
f 8615 8616 8617
f 8617 8616 8618
f 8617 8618 8619
f 8619 8618 8620
f 8619 8620 8621
f 8621 8620 8622
f 8621 8622 8623
f 8623 8622 8624
f 8623 8624 8577
f 8577 8624 8578
f 8625 8626 8627
f 8627 8626 8628
f 8627 8628 8629
f 8629 8628 8630
f 8629 8630 8631
f 8631 8630 8632
f 8631 8632 8633
f 8633 8632 8634
f 8633 8634 8635
f 8635 8634 8636
f 8635 8636 8637
f 8637 8636 8638
f 8637 8638 8639
f 8639 8638 8640
f 8639 8640 8641
f 8641 8640 8642
f 8641 8642 8643
f 8643 8642 8644
f 8643 8644 8645
f 8645 8644 8646
f 8645 8646 8647
f 8647 8646 8648
f 8647 8648 8649
f 8649 8648 8650
f 8649 8650 8651
f 8651 8650 8652
f 8651 8652 8653
f 8653 8652 8654
f 8653 8654 8655
f 8655 8654 8656
f 8655 8656 8657
f 8657 8656 8658
f 8657 8658 8659
f 8659 8658 8660
f 8659 8660 8661
f 8661 8660 8662
f 8661 8662 8663
f 8663 8662 8664
f 8663 8664 8665
f 8665 8664 8666
f 8665 8666 8667
f 8667 8666 8668
f 8667 8668 8669
f 8669 8668 8670
f 8669 8670 8671
f 8671 8670 8672
f 8671 8672 8625
f 8625 8672 8626
f 8673 8674 8675
f 8675 8674 8676
f 8675 8676 8677
f 8677 8676 8678
f 8677 8678 8679
f 8679 8678 8680
f 8679 8680 8681
f 8681 8680 8682
f 8681 8682 8683
f 8683 8682 8684
f 8683 8684 8685
f 8685 8684 8686
f 8685 8686 8687
f 8687 8686 8688
f 8687 8688 8689
f 8689 8688 8690
f 8689 8690 8691
f 8691 8690 8692
f 8691 8692 8693
f 8693 8692 8694
f 8693 8694 8695
f 8695 8694 8696
f 8695 8696 8697
f 8697 8696 8698
f 8697 8698 8699
f 8699 8698 8700
f 8699 8700 8701
f 8701 8700 8702
f 8701 8702 8703
f 8703 8702 8704
f 8703 8704 8705
f 8705 8704 8706
f 8705 8706 8707
f 8707 8706 8708
f 8707 8708 8709
f 8709 8708 8710
f 8709 8710 8711
f 8711 8710 8712
f 8711 8712 8713
f 8713 8712 8714
f 8713 8714 8715
f 8715 8714 8716
f 8715 8716 8717
f 8717 8716 8718
f 8717 8718 8719
f 8719 8718 8720
f 8719 8720 8673
f 8673 8720 8674
f 8721 8722 8723
f 8723 8722 8724
f 8723 8724 8725
f 8725 8724 8726
f 8725 8726 8727
f 8727 8726 8728
f 8727 8728 8729
f 8729 8728 8730
f 8729 8730 8731
f 8731 8730 8732
f 8731 8732 8733
f 8733 8732 8734
f 8733 8734 8735
f 8735 8734 8736
f 8735 8736 8737
f 8737 8736 8738
f 8737 8738 8739
f 8739 8738 8740
f 8739 8740 8741
f 8741 8740 8742
f 8741 8742 8743
f 8743 8742 8744
f 8743 8744 8745
f 8745 8744 8746
f 8745 8746 8747
f 8747 8746 8748
f 8747 8748 8749
f 8749 8748 8750
f 8749 8750 8751
f 8751 8750 8752
f 8751 8752 8753
f 8753 8752 8754
f 8753 8754 8755
f 8755 8754 8756
f 8755 8756 8757
f 8757 8756 8758
f 8757 8758 8759
f 8759 8758 8760
f 8759 8760 8761
f 8761 8760 8762
f 8761 8762 8763
f 8763 8762 8764
f 8763 8764 8765
f 8765 8764 8766
f 8765 8766 8767
f 8767 8766 8768
f 8767 8768 8721
f 8721 8768 8722
f 8182 8769 8162
f 8162 8769 8770
f 8162 8770 8163
f 8163 8770 8771
f 8163 8771 8164
f 8164 8771 8772
f 8164 8772 8166
f 8166 8772 8773
f 8166 8773 8168
f 8168 8773 8774
f 8168 8774 8170
f 8170 8774 8775
f 8170 8775 8172
f 8172 8775 8776
f 8172 8776 8174
f 8174 8776 8777
f 8174 8777 8176
f 8176 8777 8778
f 8176 8778 8178
f 8178 8778 8779
f 8178 8779 8180
f 8180 8779 8780
f 8180 8780 8137
f 8137 8780 8781
f 8137 8781 8138
f 8138 8781 8782
f 8138 8782 8212
f 8212 8782 8783
f 8212 8783 8210
f 8210 8783 8784
f 8210 8784 8208
f 8208 8784 8785
f 8208 8785 8206
f 8206 8785 8786
f 8206 8786 8204
f 8204 8786 8787
f 8204 8787 8202
f 8202 8787 8788
f 8202 8788 8200
f 8200 8788 8789
f 8200 8789 8198
f 8198 8789 8790
f 8198 8790 8196
f 8196 8790 8791
f 8196 8791 8194
f 8194 8791 8792
f 8194 8792 8182
f 8182 8792 8769
f 8251 8793 8339
f 8339 8793 8794
f 8339 8794 8240
f 8240 8794 8795
f 8240 8795 8239
f 8239 8795 8796
f 8239 8796 8237
f 8237 8796 8797
f 8237 8797 8235
f 8235 8797 8798
f 8235 8798 8233
f 8233 8798 8799
f 8233 8799 8231
f 8231 8799 8800
f 8231 8800 8229
f 8229 8800 8801
f 8229 8801 8227
f 8227 8801 8802
f 8227 8802 8225
f 8225 8802 8803
f 8225 8803 8223
f 8223 8803 8804
f 8223 8804 8221
f 8221 8804 8805
f 8221 8805 8331
f 8331 8805 8806
f 8331 8806 8350
f 8350 8806 8807
f 8350 8807 8269
f 8269 8807 8808
f 8269 8808 8267
f 8267 8808 8809
f 8267 8809 8265
f 8265 8809 8810
f 8265 8810 8263
f 8263 8810 8811
f 8263 8811 8261
f 8261 8811 8812
f 8261 8812 8259
f 8259 8812 8813
f 8259 8813 8257
f 8257 8813 8814
f 8257 8814 8255
f 8255 8814 8815
f 8255 8815 8253
f 8253 8815 8816
f 8253 8816 8251
f 8251 8816 8793
f 8277 8817 8272
f 8272 8817 8818
f 8272 8818 8271
f 8271 8818 8819
f 8271 8819 8351
f 8351 8819 8820
f 8351 8820 8352
f 8352 8820 8821
f 8352 8821 8353
f 8353 8821 8822
f 8353 8822 8330
f 8330 8822 8823
f 8330 8823 8329
f 8329 8823 8824
f 8329 8824 8327
f 8327 8824 8825
f 8327 8825 8325
f 8325 8825 8826
f 8325 8826 8323
f 8323 8826 8827
f 8323 8827 8321
f 8321 8827 8828
f 8321 8828 8118
f 8118 8828 8829
f 8118 8829 8119
f 8119 8829 8830
f 8119 8830 8354
f 8354 8830 8831
f 8354 8831 8355
f 8355 8831 8832
f 8355 8832 8110
f 8110 8832 8833
f 8110 8833 8111
f 8111 8833 8834
f 8111 8834 8307
f 8307 8834 8835
f 8307 8835 8306
f 8306 8835 8836
f 8306 8836 8305
f 8305 8836 8837
f 8305 8837 8304
f 8304 8837 8838
f 8304 8838 8302
f 8302 8838 8839
f 8302 8839 8301
f 8301 8839 8840
f 8301 8840 8277
f 8277 8840 8817
f 8349 8841 8101
f 8101 8841 8842
f 8101 8842 8102
f 8102 8842 8843
f 8102 8843 8103
f 8103 8843 8844
f 8103 8844 8245
f 8245 8844 8845
f 8245 8845 8244
f 8244 8845 8846
f 8244 8846 8243
f 8243 8846 8847
f 8243 8847 8242
f 8242 8847 8848
f 8242 8848 8241
f 8241 8848 8849
f 8241 8849 8340
f 8340 8849 8850
f 8340 8850 8341
f 8341 8850 8851
f 8341 8851 8342
f 8342 8851 8852
f 8342 8852 8247
f 8247 8852 8853
f 8247 8853 8249
f 8249 8853 8854
f 8249 8854 8250
f 8250 8854 8855
f 8250 8855 8343
f 8343 8855 8856
f 8343 8856 8296
f 8296 8856 8857
f 8296 8857 8298
f 8298 8857 8858
f 8298 8858 8299
f 8299 8858 8859
f 8299 8859 8344
f 8344 8859 8860
f 8344 8860 8345
f 8345 8860 8861
f 8345 8861 8346
f 8346 8861 8862
f 8346 8862 8347
f 8347 8862 8863
f 8347 8863 8348
f 8348 8863 8864
f 8348 8864 8349
f 8349 8864 8841
f 8158 8865 8155
f 8155 8865 8866
f 8155 8866 8154
f 8154 8866 8867
f 8154 8867 8332
f 8332 8867 8868
f 8332 8868 8333
f 8333 8868 8869
f 8333 8869 8334
f 8334 8869 8870
f 8334 8870 8335
f 8335 8870 8871
f 8335 8871 8140
f 8140 8871 8872
f 8140 8872 8141
f 8141 8872 8873
f 8141 8873 8142
f 8142 8873 8874
f 8142 8874 8336
f 8336 8874 8875
f 8336 8875 8337
f 8337 8875 8876
f 8337 8876 8338
f 8338 8876 8877
f 8338 8877 8132
f 8132 8877 8878
f 8132 8878 8134
f 8134 8878 8879
f 8134 8879 8181
f 8181 8879 8880
f 8181 8880 8179
f 8179 8880 8881
f 8179 8881 8177
f 8177 8881 8882
f 8177 8882 8175
f 8175 8882 8883
f 8175 8883 8173
f 8173 8883 8884
f 8173 8884 8171
f 8171 8884 8885
f 8171 8885 8169
f 8169 8885 8886
f 8169 8886 8167
f 8167 8886 8887
f 8167 8887 8165
f 8165 8887 8888
f 8165 8888 8158
f 8158 8888 8865
f 8214 8889 8316
f 8316 8889 8890
f 8316 8890 8136
f 8136 8890 8891
f 8136 8891 8135
f 8135 8891 8892
f 8135 8892 8133
f 8133 8892 8893
f 8133 8893 8131
f 8131 8893 8894
f 8131 8894 8130
f 8130 8894 8895
f 8130 8895 8129
f 8129 8895 8896
f 8129 8896 8128
f 8128 8896 8897
f 8128 8897 8127
f 8127 8897 8898
f 8127 8898 8126
f 8126 8898 8899
f 8126 8899 8317
f 8317 8899 8900
f 8317 8900 8318
f 8318 8900 8901
f 8318 8901 8319
f 8319 8901 8902
f 8319 8902 8117
f 8117 8902 8903
f 8117 8903 8320
f 8320 8903 8904
f 8320 8904 8322
f 8322 8904 8905
f 8322 8905 8324
f 8324 8905 8906
f 8324 8906 8326
f 8326 8906 8907
f 8326 8907 8328
f 8328 8907 8908
f 8328 8908 8219
f 8219 8908 8909
f 8219 8909 8218
f 8218 8909 8910
f 8218 8910 8216
f 8216 8910 8911
f 8216 8911 8215
f 8215 8911 8912
f 8215 8912 8214
f 8214 8912 8889
f 8315 8913 8297
f 8297 8913 8914
f 8297 8914 8294
f 8294 8914 8915
f 8294 8915 8292
f 8292 8915 8916
f 8292 8916 8290
f 8290 8916 8917
f 8290 8917 8288
f 8288 8917 8918
f 8288 8918 8286
f 8286 8918 8919
f 8286 8919 8284
f 8284 8919 8920
f 8284 8920 8282
f 8282 8920 8921
f 8282 8921 8280
f 8280 8921 8922
f 8280 8922 8278
f 8278 8922 8923
f 8278 8923 8276
f 8276 8923 8924
f 8276 8924 8300
f 8300 8924 8925
f 8300 8925 8303
f 8303 8925 8926
f 8303 8926 8308
f 8308 8926 8927
f 8308 8927 8309
f 8309 8927 8928
f 8309 8928 8310
f 8310 8928 8929
f 8310 8929 8311
f 8311 8929 8930
f 8311 8930 8312
f 8312 8930 8931
f 8312 8931 8105
f 8105 8931 8932
f 8105 8932 8106
f 8106 8932 8933
f 8106 8933 8107
f 8107 8933 8934
f 8107 8934 8313
f 8313 8934 8935
f 8313 8935 8314
f 8314 8935 8936
f 8314 8936 8315
f 8315 8936 8913
f 8295 8937 8248
f 8248 8937 8938
f 8248 8938 8246
f 8246 8938 8939
f 8246 8939 8252
f 8252 8939 8940
f 8252 8940 8254
f 8254 8940 8941
f 8254 8941 8256
f 8256 8941 8942
f 8256 8942 8258
f 8258 8942 8943
f 8258 8943 8260
f 8260 8943 8944
f 8260 8944 8262
f 8262 8944 8945
f 8262 8945 8264
f 8264 8945 8946
f 8264 8946 8266
f 8266 8946 8947
f 8266 8947 8268
f 8268 8947 8948
f 8268 8948 8270
f 8270 8948 8949
f 8270 8949 8273
f 8273 8949 8950
f 8273 8950 8274
f 8274 8950 8951
f 8274 8951 8275
f 8275 8951 8952
f 8275 8952 8279
f 8279 8952 8953
f 8279 8953 8281
f 8281 8953 8954
f 8281 8954 8283
f 8283 8954 8955
f 8283 8955 8285
f 8285 8955 8956
f 8285 8956 8287
f 8287 8956 8957
f 8287 8957 8289
f 8289 8957 8958
f 8289 8958 8291
f 8291 8958 8959
f 8291 8959 8293
f 8293 8959 8960
f 8293 8960 8295
f 8295 8960 8937
f 8146 8961 8187
f 8187 8961 8962
f 8187 8962 8184
f 8184 8962 8963
f 8184 8963 8195
f 8195 8963 8964
f 8195 8964 8197
f 8197 8964 8965
f 8197 8965 8199
f 8199 8965 8966
f 8199 8966 8201
f 8201 8966 8967
f 8201 8967 8203
f 8203 8967 8968
f 8203 8968 8205
f 8205 8968 8969
f 8205 8969 8207
f 8207 8969 8970
f 8207 8970 8209
f 8209 8970 8971
f 8209 8971 8211
f 8211 8971 8972
f 8211 8972 8213
f 8213 8972 8973
f 8213 8973 8217
f 8217 8973 8974
f 8217 8974 8220
f 8220 8974 8975
f 8220 8975 8222
f 8222 8975 8976
f 8222 8976 8224
f 8224 8976 8977
f 8224 8977 8226
f 8226 8977 8978
f 8226 8978 8228
f 8228 8978 8979
f 8228 8979 8230
f 8230 8979 8980
f 8230 8980 8232
f 8232 8980 8981
f 8232 8981 8234
f 8234 8981 8982
f 8234 8982 8236
f 8236 8982 8983
f 8236 8983 8238
f 8238 8983 8984
f 8238 8984 8146
f 8146 8984 8961
f 8193 8985 8143
f 8143 8985 8986
f 8143 8986 8144
f 8144 8986 8987
f 8144 8987 8145
f 8145 8987 8988
f 8145 8988 8149
f 8149 8988 8989
f 8149 8989 8150
f 8150 8989 8990
f 8150 8990 8151
f 8151 8990 8991
f 8151 8991 8152
f 8152 8991 8992
f 8152 8992 8153
f 8153 8992 8993
f 8153 8993 8156
f 8156 8993 8994
f 8156 8994 8157
f 8157 8994 8995
f 8157 8995 8159
f 8159 8995 8996
f 8159 8996 8160
f 8160 8996 8997
f 8160 8997 8161
f 8161 8997 8998
f 8161 8998 8183
f 8183 8998 8999
f 8183 8999 8185
f 8185 8999 9000
f 8185 9000 8186
f 8186 9000 9001
f 8186 9001 8188
f 8188 9001 9002
f 8188 9002 8147
f 8147 9002 9003
f 8147 9003 8148
f 8148 9003 9004
f 8148 9004 8189
f 8189 9004 9005
f 8189 9005 8190
f 8190 9005 9006
f 8190 9006 8191
f 8191 9006 9007
f 8191 9007 8192
f 8192 9007 9008
f 8192 9008 8193
f 8193 9008 8985
f 8104 9009 8108
f 8108 9009 9010
f 8108 9010 8112
f 8112 9010 9011
f 8112 9011 8113
f 8113 9011 9012
f 8113 9012 8114
f 8114 9012 9013
f 8114 9013 8115
f 8115 9013 9014
f 8115 9014 8109
f 8109 9014 9015
f 9015 9016 8109
f 8109 9016 8116
f 9017 8125 9018
f 9018 8125 8124
f 9018 8124 9019
f 9019 8124 8123
f 9019 8123 9020
f 9020 8123 8122
f 9020 8122 9021
f 9021 8122 8121
f 9021 8121 9022
f 9022 8121 8120
f 9022 8120 9016
f 9016 8120 8116
f 9023 9024 9025
f 9025 9024 9026
f 9025 9026 9027
f 9027 9026 9028
f 9027 9028 9029
f 9029 9028 9030
f 9029 9030 9031
f 9031 9030 9032
f 9031 9032 9033
f 9033 9032 9034
f 9033 9034 9035
f 9035 9034 9036
f 8581 8649 8579
f 8579 8649 8651
f 8579 8651 8653
f 8649 8581 8647
f 8647 8581 8583
f 8647 8583 8645
f 8645 8583 8585
f 8645 8585 8643
f 8643 8585 8587
f 8643 8587 8641
f 8641 8587 8589
f 8641 8589 9037
f 9037 8589 8591
f 9037 8591 9038
f 9038 8591 9039
f 9039 8591 9040
f 9040 8591 8593
f 9040 8593 8595
f 8595 8597 9040
f 9040 8597 8599
f 9040 8599 8601
f 9040 8601 9035
f 9035 8601 8603
f 9035 8603 8605
f 8605 8607 9035
f 9035 8607 8609
f 9035 8609 8611
f 9035 8611 9033
f 9033 8611 8613
f 9033 8613 9031
f 9031 8613 9029
f 9029 8613 9027
f 9027 8613 9023
f 9027 9023 9025
f 8613 8615 9023
f 9023 8615 8617
f 9023 8617 8661
f 8661 8617 8619
f 8661 8619 8659
f 8659 8619 8621
f 8659 8621 8657
f 8657 8621 8623
f 8657 8623 8655
f 8655 8623 8577
f 8655 8577 8653
f 8653 8577 8579
f 8625 8627 9041
f 9041 8627 8629
f 9041 8629 9042
f 9042 8629 8631
f 9042 8631 8633
f 8633 8635 9042
f 9042 8635 8637
f 9042 8637 8639
f 9042 8639 9037
f 9037 8639 8641
f 8661 8663 9023
f 9023 8663 9041
f 9041 8663 8665
f 9041 8665 8667
f 8667 8669 9041
f 9041 8669 8671
f 9041 8671 8625
f 9038 9043 9037
f 9037 9043 9044
f 9037 9044 9045
f 9036 9046 9035
f 9035 9046 9040
f 9047 9037 9048
f 9048 9037 9045
f 9048 9045 9049
f 9049 9045 9044
f 9049 9044 9050
f 9050 9044 9043
f 9050 9043 9051
f 9051 9043 9038
f 9051 9038 9052
f 9052 9038 9039
f 9052 9039 9046
f 9046 9039 9040
f 9053 9054 9055
f 9055 9054 9056
f 9055 9056 9057
f 9057 9056 9058
f 9057 9058 9059
f 9059 9058 9060
f 9059 9060 9061
f 9061 9060 9062
f 9061 9062 9063
f 9063 9062 9064
f 9063 9064 9065
f 9065 9064 9066
f 9054 9053 9067
f 9067 9053 9068
f 9067 9068 9069
f 9069 9068 9070
f 9070 9068 9071
f 9069 9072 9067
f 9067 9072 9073
f 9067 9073 9074
f 9074 9075 9067
f 9067 9075 9076
f 8677 8747 8675
f 8675 8747 8749
f 8675 8749 8673
f 8673 8749 8751
f 8673 8751 8719
f 8719 8751 8753
f 8719 8753 8717
f 8717 8753 8755
f 8717 8755 8715
f 8715 8755 8757
f 8715 8757 8713
f 8713 8757 9053
f 8713 9053 8711
f 8711 9053 8709
f 8709 9053 9057
f 8709 9057 9059
f 8747 8677 8745
f 8745 8677 8679
f 8745 8679 8743
f 8743 8679 8681
f 8743 8681 8741
f 8741 8681 8683
f 8741 8683 8739
f 8739 8683 8685
f 8739 8685 8737
f 8737 8685 9077
f 8737 9077 8735
f 8735 9077 9078
f 8735 9078 8733
f 8733 9078 8731
f 8731 9078 8729
f 8729 9078 8727
f 8727 9078 8725
f 8725 9078 9068
f 8725 9068 8723
f 8723 9068 8721
f 8721 9068 8767
f 8767 9068 8765
f 8765 9068 8763
f 8763 9068 8761
f 8761 9068 8759
f 8759 9068 9053
f 8759 9053 8757
f 8685 8687 9077
f 9077 8687 9079
f 9077 9079 9080
f 8689 9081 8687
f 8687 9081 9082
f 8687 9082 9079
f 8689 8691 9081
f 9081 8691 8693
f 9081 8693 8695
f 8695 8697 9081
f 9081 8697 9065
f 9065 8697 8699
f 9065 8699 8701
f 8701 8703 9065
f 9065 8703 8705
f 9065 8705 8707
f 9065 8707 9063
f 9063 8707 8709
f 9063 8709 9061
f 9061 8709 9059
f 9053 9055 9057
f 9080 9083 9077
f 9077 9083 9084
f 9085 9086 9087
f 9087 9086 9088
f 9087 9088 9089
f 9089 9088 9090
f 9089 9090 9091
f 9091 9090 9092
f 9091 9092 9093
f 9093 9092 9094
f 9093 9094 9095
f 9095 9094 9096
f 9095 9096 9097
f 9097 9096 9098
f 9098 9099 9097
f 9097 9099 9100
f 8533 7650 8531
f 8531 7650 8507
f 8531 8507 8509
f 7650 8533 7648
f 7648 8533 8535
f 7648 8535 7646
f 7646 8535 7604
f 7646 7604 7644
f 7644 7604 7606
f 7644 7606 7642
f 7642 7606 7640
f 7640 7606 7608
f 7640 7608 7638
f 7638 7608 7636
f 7636 7608 7610
f 7636 7610 7634
f 7634 7610 7632
f 7632 7610 7612
f 7632 7612 7630
f 7630 7612 7628
f 7628 7612 7614
f 7628 7614 7626
f 7626 7614 7624
f 7624 7614 9101
f 7624 9101 7622
f 7622 9101 7620
f 7620 9101 7666
f 7666 9101 7664
f 7664 9101 9102
f 7664 9102 7662
f 7662 9102 8495
f 7662 8495 8497
f 8537 7900 8535
f 8535 7900 7902
f 8535 7902 7604
f 7604 7902 7602
f 7602 7902 7904
f 7602 7904 7906
f 7900 8537 7898
f 7898 8537 8539
f 7898 8539 7896
f 7896 8539 7894
f 7894 8539 8541
f 7894 8541 7892
f 7892 8541 8543
f 7892 8543 7890
f 7890 8543 8545
f 7890 8545 7470
f 7470 8545 8547
f 7470 8547 7468
f 7468 8547 9103
f 7468 9103 7466
f 7466 9103 7464
f 7464 9103 7462
f 7462 9103 7460
f 7460 9103 7458
f 7458 9103 8100
f 7458 8100 7456
f 7456 8100 7393
f 7456 7393 7454
f 7454 7393 7395
f 7454 7395 7940
f 7940 7395 7938
f 7938 7395 7397
f 7938 7397 7399
f 8547 8549 9103
f 9103 8549 8551
f 9103 8551 8553
f 8553 8555 9103
f 9103 8555 9104
f 9104 8555 9105
f 9104 9105 9106
f 8555 8557 9105
f 9105 8557 8559
f 9105 8559 8561
f 8561 8563 9105
f 9105 8563 8565
f 9105 8565 8567
f 8567 8569 9105
f 9105 8569 8571
f 9105 8571 8515
f 8515 8571 8573
f 8515 8573 8513
f 8513 8573 8575
f 8513 8575 8511
f 8511 8575 8529
f 8511 8529 8509
f 8509 8529 8531
f 8485 9041 8483
f 8483 9041 9042
f 8483 9042 8481
f 8481 9042 8527
f 8527 9042 8525
f 8525 9042 8523
f 8523 9042 8521
f 8521 9042 8519
f 8519 9042 8517
f 8517 9042 9105
f 8517 9105 8515
f 8485 8487 9041
f 9041 8487 9102
f 9102 8487 8489
f 9102 8489 8491
f 8491 8493 9102
f 9102 8493 8495
f 7662 8497 7660
f 7660 8497 8499
f 7660 8499 7658
f 7658 8499 8501
f 7658 8501 7656
f 7656 8501 8503
f 7656 8503 7654
f 7654 8503 7652
f 7652 8503 8505
f 7652 8505 7650
f 7650 8505 8507
f 8437 8411 8435
f 8435 8411 7834
f 8435 7834 8433
f 8433 7834 7836
f 8433 7836 8479
f 8479 7836 7838
f 8479 7838 7976
f 7976 7838 7840
f 7976 7840 7974
f 7974 7840 7842
f 7974 7842 7844
f 8411 8437 8409
f 8409 8437 8439
f 8409 8439 8407
f 8407 8439 8441
f 8407 8441 8405
f 8405 8441 8443
f 8405 8443 8403
f 8403 8443 9107
f 8403 9107 8401
f 8401 9107 9108
f 8401 9108 8399
f 8399 9108 8397
f 8397 9108 8395
f 8395 9108 8393
f 8393 9108 8391
f 8391 9108 8389
f 8389 9108 8387
f 8387 9108 9067
f 8387 9067 8385
f 8385 9067 8431
f 8431 9067 9076
f 8431 9076 8429
f 8429 9076 8427
f 8427 9076 8425
f 8425 9076 8423
f 8423 9076 7820
f 8423 7820 7822
f 8443 8445 9107
f 9107 8445 8447
f 9107 8447 8449
f 8449 8451 9107
f 9107 8451 8453
f 9107 8453 8455
f 8455 8457 9107
f 9107 8457 8459
f 9107 8459 9109
f 9109 8459 9110
f 9110 8459 8461
f 9110 8461 8463
f 8463 8465 9110
f 9110 8465 8467
f 9110 8467 7776
f 7776 8467 7774
f 7774 8467 8469
f 7774 8469 7498
f 7498 8469 8471
f 7498 8471 7496
f 7496 8471 8473
f 7496 8473 7494
f 7494 8473 8475
f 7494 8475 7492
f 7492 8475 7490
f 7490 8475 8477
f 7490 8477 7488
f 7488 8477 8479
f 7488 8479 7486
f 7486 8479 7976
f 7486 7976 7978
f 8411 8413 7834
f 7834 8413 7832
f 7832 8413 8415
f 7832 8415 7830
f 7830 8415 7828
f 7828 8415 8417
f 7828 8417 7826
f 7826 8417 8419
f 7826 8419 7824
f 7824 8419 8421
f 7824 8421 7822
f 7822 8421 8423
f 8052 8054 9099
f 9099 8054 8056
f 9099 8056 8058
f 9099 8058 9111
f 9111 8058 8060
f 9111 8060 8062
f 8062 8064 9111
f 9111 8064 8066
f 9111 8066 8068
f 9111 8068 9112
f 9112 8068 8070
f 9112 8070 7962
f 7962 8070 8072
f 7962 8072 8074
f 7962 8074 7960
f 7960 8074 8076
f 7960 8076 7958
f 7958 8076 8078
f 7958 8078 8080
f 7958 8080 7956
f 7956 8080 8082
f 7956 8082 8002
f 8002 8082 8084
f 8002 8084 8086
f 8088 7670 8086
f 8086 7670 8000
f 8086 8000 8002
f 8090 8018 8088
f 8088 8018 8020
f 8088 8020 7668
f 7668 8020 7528
f 7668 7528 7714
f 7714 7528 7530
f 7714 7530 7712
f 7712 7530 7532
f 7712 7532 7710
f 7710 7532 7534
f 7710 7534 7708
f 7708 7534 7536
f 7708 7536 7706
f 7706 7536 7538
f 7706 7538 7704
f 7704 7538 7540
f 7704 7540 7702
f 7702 7540 7542
f 7702 7542 7700
f 7700 7542 7544
f 7700 7544 7698
f 7698 7544 7546
f 7698 7546 7718
f 7718 7546 7548
f 7718 7548 7716
f 7716 7548 7550
f 7716 7550 7762
f 7762 7550 7592
f 7762 7592 7760
f 7760 7592 7594
f 7760 7594 7758
f 7758 7594 7868
f 7758 7868 7870
f 8018 8090 8016
f 8016 8090 8092
f 8016 8092 8014
f 8014 8092 8094
f 8014 8094 8012
f 8012 8094 8096
f 8012 8096 8010
f 8010 8096 8098
f 8010 8098 8008
f 8008 8098 8052
f 8008 8052 9099
f 8004 8006 9098
f 9098 8006 8008
f 9098 8008 9099
f 7528 8020 7526
f 7526 8020 8022
f 7526 8022 7580
f 7580 8022 7578
f 7578 8022 8024
f 7578 8024 8026
f 7578 8026 7576
f 7576 8026 8028
f 7576 8028 7574
f 7574 8028 8030
f 7574 8030 8032
f 7574 8032 7572
f 7572 8032 8034
f 7572 8034 7618
f 7618 8034 8036
f 7618 8036 8038
f 7618 8038 9101
f 9101 8038 8040
f 9101 8040 9086
f 9086 8040 8042
f 9086 8042 8044
f 8044 8046 9086
f 9086 8046 8048
f 9086 8048 8050
f 9086 8050 9098
f 9098 8050 8004
f 7962 7964 9112
f 9112 7964 7966
f 9112 7966 7812
f 7812 7966 7858
f 7858 7966 7856
f 7856 7966 7968
f 7856 7968 7854
f 7854 7968 7852
f 7852 7968 7970
f 7852 7970 7850
f 7850 7970 7848
f 7848 7970 7972
f 7848 7972 7846
f 7846 7972 7844
f 7844 7972 7974
f 7980 7482 7978
f 7978 7482 7484
f 7978 7484 7486
f 7482 7980 7480
f 7480 7980 7982
f 7480 7982 7478
f 7478 7982 7476
f 7476 7982 7984
f 7476 7984 7522
f 7522 7984 7986
f 7522 7986 7520
f 7520 7986 7726
f 7520 7726 7518
f 7518 7726 7728
f 7518 7728 7516
f 7516 7728 7730
f 7516 7730 7514
f 7514 7730 7732
f 7514 7732 7512
f 7512 7732 7734
f 7512 7734 7510
f 7510 7734 7736
f 7510 7736 7914
f 7914 7736 7738
f 7914 7738 7912
f 7912 7738 7740
f 7912 7740 7910
f 7910 7740 7742
f 7910 7742 7744
f 7726 7986 7724
f 7724 7986 7988
f 7724 7988 7722
f 7722 7988 7694
f 7722 7694 7720
f 7720 7694 7696
f 7720 7696 7718
f 7718 7696 7698
f 7694 7988 7692
f 7692 7988 7990
f 7692 7990 7690
f 7690 7990 7688
f 7688 7990 7992
f 7688 7992 7686
f 7686 7992 7684
f 7684 7992 7994
f 7684 7994 7682
f 7682 7994 7680
f 7680 7994 7996
f 7680 7996 7678
f 7678 7996 7676
f 7676 7996 7998
f 7676 7998 7674
f 7674 7998 7672
f 7672 7998 8000
f 7672 8000 7670
f 7510 7914 7508
f 7508 7914 7916
f 7508 7916 7506
f 7506 7916 7766
f 7506 7766 7504
f 7504 7766 7768
f 7504 7768 7502
f 7502 7768 7770
f 7502 7770 7500
f 7500 7770 7772
f 7500 7772 7774
f 7766 7916 7764
f 7764 7916 7918
f 7764 7918 7810
f 7810 7918 7808
f 7808 7918 7920
f 7808 7920 7806
f 7806 7920 7804
f 7804 7920 7922
f 7804 7922 7802
f 7802 7922 7800
f 7800 7922 7924
f 7800 7924 7798
f 7798 7924 7796
f 7796 7924 7926
f 7796 7926 7794
f 7794 7926 7792
f 7792 7926 7928
f 7792 7928 7790
f 7790 7928 7412
f 7790 7412 7414
f 7928 7930 7412
f 7412 7930 7410
f 7410 7930 7408
f 7408 7930 7932
f 7408 7932 7406
f 7406 7932 7405
f 7405 7932 7934
f 7405 7934 7403
f 7403 7934 7936
f 7403 7936 7401
f 7401 7936 7399
f 7399 7936 7938
f 7454 7940 7452
f 7452 7940 7942
f 7452 7942 7450
f 7450 7942 7448
f 7448 7942 7944
f 7448 7944 7446
f 7446 7944 7444
f 7444 7944 7946
f 7444 7946 7442
f 7442 7946 7440
f 7440 7946 7948
f 7440 7948 7438
f 7438 7948 7436
f 7436 7948 7950
f 7436 7950 7434
f 7434 7950 7432
f 7432 7950 7952
f 7432 7952 7430
f 7430 7952 7882
f 7430 7882 7884
f 7882 7952 7880
f 7880 7952 7954
f 7880 7954 7878
f 7878 7954 7748
f 7878 7748 7750
f 7748 7954 7746
f 7746 7954 7908
f 7746 7908 7744
f 7744 7908 7910
f 7860 7862 7598
f 7598 7862 7864
f 7598 7864 7596
f 7596 7864 7866
f 7596 7866 7594
f 7594 7866 7868
f 7758 7870 7756
f 7756 7870 7872
f 7756 7872 7754
f 7754 7872 7874
f 7754 7874 7752
f 7752 7874 7876
f 7752 7876 7750
f 7750 7876 7878
f 7430 7884 7428
f 7428 7884 7886
f 7428 7886 7474
f 7474 7886 7888
f 7474 7888 7472
f 7472 7888 7470
f 7470 7888 7890
f 7602 7906 7600
f 7600 7906 7860
f 7600 7860 7598
f 7812 7814 9112
f 9112 7814 7816
f 9112 7816 7818
f 9112 7818 9076
f 9076 7818 7820
f 7776 7778 9110
f 9110 7778 7780
f 9110 7780 7782
f 7782 7784 9110
f 9110 7784 7786
f 9110 7786 8139
f 8139 7786 7788
f 8139 7788 7414
f 7414 7788 7790
f 7668 7670 8088
f 7526 7580 7524
f 7524 7580 7582
f 7524 7582 7570
f 7570 7582 7568
f 7568 7582 7584
f 7568 7584 7566
f 7566 7584 7564
f 7564 7584 7586
f 7564 7586 7562
f 7562 7586 7560
f 7560 7586 7588
f 7560 7588 7558
f 7558 7588 7556
f 7556 7588 7590
f 7556 7590 7554
f 7554 7590 7552
f 7552 7590 7592
f 7552 7592 7550
f 7614 7616 9101
f 9101 7616 7618
f 7498 7500 7774
f 7378 7387 8100
f 8100 7387 7389
f 8100 7389 7391
f 7391 7393 8100
f 7414 7416 8139
f 8139 7416 7418
f 8139 7418 7420
f 7420 7379 8139
f 9113 9114 9109
f 9109 9114 9115
f 9109 9115 9116
f 9116 9117 9109
f 9109 9117 9107
f 9111 9118 9099
f 9099 9118 9119
f 9099 9119 9120
f 9120 9121 9099
f 9099 9121 9122
f 9096 9094 9098
f 9098 9094 9092
f 9098 9092 9090
f 9090 9088 9098
f 9098 9088 9086
f 9106 9123 9104
f 9104 9123 9124
f 9104 9124 9125
f 9125 9126 9104
f 9127 9104 9128
f 9128 9104 9126
f 9128 9126 9129
f 9129 9126 9125
f 9129 9125 9130
f 9130 9125 9124
f 9130 9124 9131
f 9131 9124 9123
f 9131 9123 9132
f 9132 9123 9106
f 9132 9106 9133
f 9133 9106 9105
f 9127 9134 9104
f 9104 9134 9103
f 8530 8510 8532
f 8532 8510 8508
f 8532 8508 7651
f 7651 8508 8506
f 7651 8506 7653
f 7653 8506 8504
f 7653 8504 7655
f 7655 8504 7657
f 7657 8504 8502
f 7657 8502 7659
f 7659 8502 8500
f 7659 8500 7661
f 7661 8500 8498
f 7661 8498 7663
f 7663 8498 8496
f 7663 8496 9135
f 9135 8496 8494
f 9135 8494 8492
f 8510 8530 8512
f 8512 8530 8576
f 8512 8576 8514
f 8514 8576 8574
f 8514 8574 8516
f 8516 8574 8572
f 8516 8572 9133
f 9133 8572 8570
f 9133 8570 8568
f 8568 8566 9133
f 9133 8566 8564
f 9133 8564 8562
f 8562 8560 9133
f 9133 8560 8558
f 9133 8558 8556
f 8554 9134 8556
f 8556 9134 9127
f 8556 9127 9133
f 9133 9127 9132
f 9132 9127 9131
f 9131 9127 9130
f 9130 9127 9129
f 9129 9127 9128
f 8554 8552 9134
f 9134 8552 8550
f 9134 8550 8548
f 8546 7471 8548
f 8548 7471 7469
f 8548 7469 9134
f 9134 7469 7467
f 9134 7467 7465
f 8544 7893 8546
f 8546 7893 7891
f 8546 7891 7471
f 7471 7891 7889
f 7471 7889 7473
f 7473 7889 7475
f 7475 7889 7887
f 7475 7887 7429
f 7429 7887 7885
f 7429 7885 7431
f 7431 7885 7883
f 7431 7883 7953
f 7953 7883 7881
f 7953 7881 7955
f 7955 7881 7879
f 7955 7879 7749
f 7749 7879 7751
f 7751 7879 7877
f 7751 7877 7753
f 7753 7877 7875
f 7753 7875 7755
f 7755 7875 7873
f 7755 7873 7757
f 7757 7873 7871
f 7757 7871 7759
f 7759 7871 7869
f 7759 7869 7595
f 7595 7869 7867
f 7595 7867 7597
f 7597 7867 7865
f 7597 7865 7599
f 7599 7865 7863
f 7599 7863 7861
f 8544 8542 7893
f 7893 8542 7895
f 7895 8542 8540
f 7895 8540 7897
f 7897 8540 7899
f 7899 8540 8538
f 7899 8538 7901
f 7901 8538 8536
f 7901 8536 7903
f 7903 8536 7605
f 7903 7605 7603
f 8534 7649 8536
f 8536 7649 7647
f 8536 7647 7605
f 7605 7647 7645
f 7605 7645 7607
f 7607 7645 7643
f 7607 7643 7641
f 7649 8534 7651
f 7651 8534 8532
f 8482 9136 8484
f 8484 9136 9137
f 8484 9137 8486
f 8486 9137 8488
f 8488 9137 9135
f 8488 9135 8490
f 8490 9135 8492
f 8482 8528 9136
f 9136 8528 8526
f 9136 8526 8524
f 8524 8522 9136
f 9136 8522 8520
f 9136 8520 8518
f 9136 8518 9133
f 9133 8518 8516
f 8434 7835 8436
f 8436 7835 8412
f 8436 8412 8438
f 8438 8412 8410
f 8438 8410 8440
f 8440 8410 8408
f 8440 8408 8442
f 8442 8408 8406
f 8442 8406 8444
f 8444 8406 8404
f 8444 8404 9138
f 9138 8404 8402
f 9138 8402 9139
f 9139 8402 8400
f 9139 8400 8398
f 7835 8434 7837
f 7837 8434 8480
f 7837 8480 7839
f 7839 8480 7489
f 7839 7489 7487
f 8480 8478 7489
f 7489 8478 7491
f 7491 8478 8476
f 7491 8476 7493
f 7493 8476 7495
f 7495 8476 8474
f 7495 8474 7497
f 7497 8474 8472
f 7497 8472 8470
f 8468 7775 8470
f 8470 7775 7499
f 8470 7499 7497
f 8466 9140 8468
f 8468 9140 7777
f 8468 7777 7775
f 8466 8464 9140
f 9140 8464 8462
f 9140 8462 8460
f 8458 9138 8460
f 8460 9138 9141
f 8460 9141 9140
f 8458 8456 9138
f 9138 8456 8454
f 9138 8454 8452
f 8452 8450 9138
f 9138 8450 8448
f 9138 8448 8446
f 8446 8444 9138
f 8386 9074 8388
f 8388 9074 9139
f 8388 9139 8390
f 8390 9139 8392
f 8392 9139 8394
f 8394 9139 8396
f 8396 9139 8398
f 8386 8432 9074
f 9074 8432 9075
f 9075 8432 8430
f 9075 8430 8428
f 8428 8426 9075
f 9075 8426 8424
f 9075 8424 7823
f 7823 8424 8422
f 7823 8422 7825
f 7825 8422 8420
f 7825 8420 7827
f 7827 8420 8418
f 7827 8418 7829
f 7829 8418 8416
f 7829 8416 7831
f 7831 8416 7833
f 7833 8416 8414
f 7833 8414 7835
f 7835 8414 8412
f 8057 8055 9100
f 9100 8055 8053
f 9100 8053 8009
f 8009 8053 8011
f 8011 8053 8099
f 8011 8099 8097
f 8011 8097 8013
f 8013 8097 8095
f 8013 8095 8015
f 8015 8095 8093
f 8015 8093 8017
f 8017 8093 8091
f 8017 8091 8019
f 8019 8091 8021
f 8021 8091 8089
f 8021 8089 7529
f 7529 8089 7669
f 7529 7669 7531
f 7531 7669 7715
f 7531 7715 7533
f 7533 7715 7713
f 7533 7713 7711
f 7669 8089 7671
f 7671 8089 8087
f 7671 8087 8001
f 8001 8087 8003
f 8003 8087 8085
f 8003 8085 8083
f 8003 8083 7957
f 7957 8083 8081
f 7957 8081 7959
f 7959 8081 8079
f 7959 8079 8077
f 7959 8077 7961
f 7961 8077 8075
f 7961 8075 7963
f 7963 8075 8073
f 7963 8073 8071
f 7963 8071 9142
f 9142 8071 8069
f 9142 8069 9143
f 9143 8069 8067
f 9143 8067 8065
f 8065 8063 9143
f 9143 8063 8061
f 9143 8061 8059
f 9143 8059 9100
f 9100 8059 8057
f 8009 8007 9097
f 9097 8007 8005
f 9097 8005 8051
f 9097 8051 9085
f 9085 8051 8049
f 9085 8049 8047
f 8047 8045 9085
f 9085 8045 8043
f 9085 8043 8041
f 9085 8041 9144
f 9144 8041 8039
f 9144 8039 7619
f 7619 8039 8037
f 7619 8037 8035
f 7619 8035 7573
f 7573 8035 8033
f 7573 8033 7575
f 7575 8033 8031
f 7575 8031 8029
f 7575 8029 7577
f 7577 8029 8027
f 7577 8027 7579
f 7579 8027 8025
f 7579 8025 8023
f 8021 7527 8023
f 8023 7527 7581
f 8023 7581 7579
f 9100 8009 9097
f 7671 8001 7673
f 7673 8001 7999
f 7673 7999 7675
f 7675 7999 7677
f 7677 7999 7997
f 7677 7997 7679
f 7679 7997 7681
f 7681 7997 7995
f 7681 7995 7683
f 7683 7995 7685
f 7685 7995 7993
f 7685 7993 7687
f 7687 7993 7689
f 7689 7993 7991
f 7689 7991 7691
f 7691 7991 7693
f 7693 7991 7989
f 7693 7989 7695
f 7695 7989 7723
f 7695 7723 7721
f 7723 7989 7725
f 7725 7989 7987
f 7725 7987 7727
f 7727 7987 7521
f 7727 7521 7519
f 7521 7987 7523
f 7523 7987 7985
f 7523 7985 7477
f 7477 7985 7983
f 7477 7983 7479
f 7479 7983 7481
f 7481 7983 7981
f 7481 7981 7483
f 7483 7981 7979
f 7483 7979 7485
f 7485 7979 7487
f 7487 7979 7977
f 7487 7977 7839
f 7839 7977 7841
f 7841 7977 7975
f 7841 7975 7843
f 7843 7975 7845
f 7845 7975 7973
f 7845 7973 7847
f 7847 7973 7849
f 7849 7973 7971
f 7849 7971 7851
f 7851 7971 7853
f 7853 7971 7969
f 7853 7969 7855
f 7855 7969 7857
f 7857 7969 7967
f 7857 7967 7859
f 7859 7967 7813
f 7813 7967 9142
f 7813 9142 7815
f 7815 9142 7817
f 7817 9142 7819
f 7819 9142 7821
f 7821 9142 9075
f 7821 9075 7823
f 7967 7965 9142
f 9142 7965 7963
f 7909 7745 7911
f 7911 7745 7743
f 7911 7743 7741
f 7745 7909 7747
f 7747 7909 7955
f 7747 7955 7749
f 7431 7953 7433
f 7433 7953 7951
f 7433 7951 7435
f 7435 7951 7437
f 7437 7951 7949
f 7437 7949 7439
f 7439 7949 7441
f 7441 7949 7947
f 7441 7947 7443
f 7443 7947 7445
f 7445 7947 7945
f 7445 7945 7447
f 7447 7945 7449
f 7449 7945 7943
f 7449 7943 7451
f 7451 7943 7453
f 7453 7943 7941
f 7453 7941 7455
f 7455 7941 7394
f 7455 7394 7457
f 7457 7394 7392
f 7457 7392 8356
f 8356 7392 7390
f 8356 7390 7388
f 7941 7939 7394
f 7394 7939 7396
f 7396 7939 7398
f 7398 7939 7937
f 7398 7937 7400
f 7400 7937 7402
f 7402 7937 7935
f 7402 7935 7404
f 7404 7935 7933
f 7404 7933 7407
f 7407 7933 7409
f 7409 7933 7931
f 7409 7931 7411
f 7411 7931 7413
f 7413 7931 7929
f 7413 7929 7791
f 7791 7929 7793
f 7793 7929 7927
f 7793 7927 7795
f 7795 7927 7797
f 7797 7927 7925
f 7797 7925 7799
f 7799 7925 7801
f 7801 7925 7923
f 7801 7923 7803
f 7803 7923 7805
f 7805 7923 7921
f 7805 7921 7807
f 7807 7921 7809
f 7809 7921 7919
f 7809 7919 7811
f 7811 7919 7765
f 7765 7919 7917
f 7765 7917 7767
f 7767 7917 7507
f 7767 7507 7505
f 7507 7917 7509
f 7509 7917 7915
f 7509 7915 7511
f 7511 7915 7737
f 7511 7737 7735
f 7737 7915 7739
f 7739 7915 7913
f 7739 7913 7741
f 7741 7913 7911
f 7599 7861 7601
f 7601 7861 7907
f 7601 7907 7603
f 7603 7907 7905
f 7603 7905 7903
f 7791 7789 7413
f 7413 7789 7415
f 7415 7789 8380
f 7415 8380 7417
f 7417 8380 7419
f 7419 8380 7421
f 7421 8380 7422
f 7422 8380 7423
f 7789 7787 8380
f 8380 7787 9140
f 9140 7787 7785
f 9140 7785 7783
f 7783 7781 9140
f 9140 7781 7779
f 9140 7779 7777
f 7499 7775 7501
f 7501 7775 7773
f 7501 7773 7771
f 7501 7771 7503
f 7503 7771 7769
f 7503 7769 7505
f 7505 7769 7767
f 7717 7549 7719
f 7719 7549 7547
f 7719 7547 7699
f 7699 7547 7545
f 7699 7545 7701
f 7701 7545 7543
f 7701 7543 7703
f 7703 7543 7705
f 7705 7543 7541
f 7705 7541 7707
f 7707 7541 7539
f 7707 7539 7537
f 7549 7717 7551
f 7551 7717 7763
f 7551 7763 7593
f 7593 7763 7761
f 7593 7761 7595
f 7595 7761 7759
f 7511 7735 7513
f 7513 7735 7733
f 7513 7733 7515
f 7515 7733 7731
f 7515 7731 7517
f 7517 7731 7729
f 7517 7729 7519
f 7519 7729 7727
f 7695 7721 7697
f 7697 7721 7719
f 7697 7719 7699
f 7533 7711 7535
f 7535 7711 7709
f 7535 7709 7537
f 7537 7709 7707
f 7625 7623 9144
f 9144 7623 7621
f 9144 7621 7667
f 7667 7665 9144
f 9144 7665 9135
f 9135 7665 7663
f 7607 7641 7609
f 7609 7641 7639
f 7609 7639 7637
f 7609 7637 7611
f 7611 7637 7635
f 7611 7635 7633
f 7611 7633 7613
f 7613 7633 7631
f 7613 7631 7629
f 7613 7629 7615
f 7615 7629 7627
f 7615 7627 7625
f 7615 7625 9144
f 7619 7617 9144
f 9144 7617 7615
f 7551 7593 7553
f 7553 7593 7591
f 7553 7591 7555
f 7555 7591 7557
f 7557 7591 7589
f 7557 7589 7559
f 7559 7589 7561
f 7561 7589 7587
f 7561 7587 7563
f 7563 7587 7565
f 7565 7587 7585
f 7565 7585 7567
f 7567 7585 7569
f 7569 7585 7583
f 7569 7583 7571
f 7571 7583 7525
f 7525 7583 7581
f 7525 7581 7527
f 7529 7527 8021
f 7465 7463 9134
f 9134 7463 7461
f 9134 7461 7459
f 9134 7459 8356
f 8356 7459 7457
f 7388 7386 8356
f 8356 7386 7385
f 8356 7385 7427
f 9085 9087 9097
f 9097 9087 9089
f 9097 9089 9091
f 9091 9093 9097
f 9097 9093 9095
f 9145 9146 9100
f 9100 9146 9147
f 9100 9147 9148
f 9148 9149 9100
f 9100 9149 9143
f 9138 9150 9141
f 9141 9150 9151
f 9141 9151 9152
f 9152 9153 9141
f 9141 9153 9154
f 9136 9155 9137
f 9137 9155 9156
f 9156 9155 9157
f 9157 9155 9158
f 9157 9158 9159
f 9159 9158 9160
f 9159 9160 9161
f 9161 9160 9162
f 9161 9162 9163
f 9163 9162 9164
f 9163 9164 9165
f 9165 9164 9166
f 9023 9041 9024
f 9024 9041 9165
f 9165 9041 9159
f 9165 9159 9161
f 9102 9135 9041
f 9041 9135 9137
f 9041 9137 9156
f 9156 9157 9041
f 9041 9157 9159
f 9161 9163 9165
f 8578 8654 8580
f 8580 8654 8652
f 8580 8652 8650
f 8654 8578 8656
f 8656 8578 8624
f 8656 8624 8658
f 8658 8624 8622
f 8658 8622 8660
f 8660 8622 8620
f 8660 8620 8662
f 8662 8620 8618
f 8662 8618 9024
f 9024 8618 8616
f 9024 8616 8614
f 8612 9034 8614
f 8614 9034 9032
f 8614 9032 9030
f 9034 8612 9036
f 9036 8612 8610
f 9036 8610 8608
f 8608 8606 9036
f 9036 8606 8604
f 9036 8604 8602
f 9036 8602 9046
f 9046 8602 8600
f 9046 8600 8598
f 8598 8596 9046
f 9046 8596 8594
f 9046 8594 8592
f 8590 9047 8592
f 8592 9047 9051
f 8592 9051 9052
f 9047 8590 8642
f 8642 8590 8588
f 8642 8588 8644
f 8644 8588 8586
f 8644 8586 8646
f 8646 8586 8584
f 8646 8584 8648
f 8648 8584 8582
f 8648 8582 8650
f 8650 8582 8580
f 8630 8628 9165
f 9165 8628 8626
f 9165 8626 8672
f 8672 8670 9165
f 9165 8670 8668
f 9165 8668 8666
f 8666 8664 9165
f 9165 8664 9024
f 9024 8664 8662
f 8642 8640 9047
f 9047 8640 9166
f 9166 8640 8638
f 9166 8638 8636
f 8636 8634 9166
f 9166 8634 8632
f 9166 8632 8630
f 9166 8630 9165
f 9030 9028 8614
f 8614 9028 9024
f 9028 9026 9024
f 9048 9049 9047
f 9047 9049 9050
f 9047 9050 9051
f 9052 9046 8592
f 8104 8100 9009
f 9009 8100 8368
f 8368 8100 8362
f 8368 8362 8364
f 9103 9134 8100
f 8100 9134 8356
f 8100 8356 8381
f 8381 8361 8100
f 8100 8361 8362
f 8364 8366 8368
f 9014 9013 9015
f 9015 9013 9012
f 9015 9012 9011
f 9011 9010 9015
f 9015 9010 9009
f 9015 9009 8833
f 8833 9009 8834
f 8834 9009 8835
f 8835 9009 8836
f 8836 9009 8837
f 8837 9009 8838
f 8838 9009 8926
f 8838 8926 8839
f 8839 8926 8925
f 8839 8925 8840
f 8840 8925 8924
f 8840 8924 8817
f 8817 8924 8951
f 8817 8951 8818
f 8818 8951 8950
f 8818 8950 8949
f 8368 8932 9009
f 9009 8932 8931
f 9009 8931 8930
f 8370 8843 8368
f 8368 8843 8842
f 8368 8842 8841
f 9017 8872 8370
f 8370 8872 8871
f 8370 8871 8870
f 9018 9016 9017
f 9017 9016 8899
f 9017 8899 8898
f 9018 9019 9016
f 9016 9019 9020
f 9016 9020 9021
f 9021 9022 9016
f 9015 8903 9016
f 9016 8903 8902
f 9016 8902 8901
f 8987 8986 8370
f 8370 8986 8985
f 8370 8985 8843
f 8843 8985 8844
f 8844 8985 9008
f 8844 9008 8845
f 8845 9008 9007
f 8845 9007 8846
f 8846 9007 9006
f 8846 9006 8847
f 8847 9006 9005
f 8847 9005 8848
f 8848 9005 9004
f 8848 9004 8849
f 8849 9004 9003
f 8849 9003 8961
f 8961 9003 8962
f 8962 9003 9002
f 8962 9002 9001
f 8962 9001 8963
f 8963 9001 9000
f 8963 9000 8999
f 8963 8999 8769
f 8769 8999 8998
f 8769 8998 8770
f 8770 8998 8997
f 8770 8997 8771
f 8771 8997 8865
f 8771 8865 8772
f 8772 8865 8888
f 8772 8888 8773
f 8773 8888 8887
f 8773 8887 8774
f 8774 8887 8886
f 8774 8886 8775
f 8775 8886 8885
f 8775 8885 8776
f 8776 8885 8884
f 8776 8884 8777
f 8777 8884 8883
f 8777 8883 8778
f 8778 8883 8882
f 8778 8882 8779
f 8779 8882 8881
f 8779 8881 8780
f 8780 8881 8880
f 8780 8880 8781
f 8781 8880 8879
f 8781 8879 8891
f 8891 8879 8892
f 8892 8879 8893
f 8893 8879 8878
f 8893 8878 8894
f 8894 8878 9017
f 8894 9017 8895
f 8895 9017 8896
f 8896 9017 8897
f 8897 9017 8898
f 8997 8996 8865
f 8865 8996 8995
f 8865 8995 8866
f 8866 8995 8994
f 8866 8994 8993
f 8992 8370 8993
f 8993 8370 8867
f 8993 8867 8866
f 8992 8991 8370
f 8370 8991 8990
f 8370 8990 8989
f 8989 8988 8370
f 8370 8988 8987
f 8984 8796 8961
f 8961 8796 8795
f 8961 8795 8849
f 8849 8795 8794
f 8849 8794 8850
f 8850 8794 8851
f 8851 8794 8793
f 8851 8793 8852
f 8852 8793 8940
f 8852 8940 8939
f 8796 8984 8797
f 8797 8984 8983
f 8797 8983 8798
f 8798 8983 8982
f 8798 8982 8799
f 8799 8982 8981
f 8799 8981 8800
f 8800 8981 8980
f 8800 8980 8801
f 8801 8980 8979
f 8801 8979 8802
f 8802 8979 8978
f 8802 8978 8803
f 8803 8978 8977
f 8803 8977 8804
f 8804 8977 8976
f 8804 8976 8805
f 8805 8976 8975
f 8805 8975 8823
f 8823 8975 8824
f 8824 8975 8909
f 8824 8909 8908
f 8975 8974 8909
f 8909 8974 8910
f 8910 8974 8911
f 8911 8974 8973
f 8911 8973 8912
f 8912 8973 8889
f 8889 8973 8783
f 8889 8783 8890
f 8890 8783 8782
f 8890 8782 8781
f 8973 8972 8783
f 8783 8972 8784
f 8784 8972 8971
f 8784 8971 8785
f 8785 8971 8970
f 8785 8970 8786
f 8786 8970 8969
f 8786 8969 8787
f 8787 8969 8968
f 8787 8968 8788
f 8788 8968 8967
f 8788 8967 8789
f 8789 8967 8966
f 8789 8966 8790
f 8790 8966 8965
f 8790 8965 8791
f 8791 8965 8964
f 8791 8964 8792
f 8792 8964 8963
f 8792 8963 8769
f 8937 8855 8938
f 8938 8855 8854
f 8938 8854 8853
f 8937 8960 8855
f 8855 8960 8856
f 8856 8960 8915
f 8856 8915 8857
f 8857 8915 8914
f 8857 8914 8858
f 8858 8914 8859
f 8859 8914 8913
f 8859 8913 8368
f 8368 8913 8936
f 8368 8936 8935
f 8915 8960 8916
f 8916 8960 8959
f 8916 8959 8917
f 8917 8959 8958
f 8917 8958 8918
f 8918 8958 8957
f 8918 8957 8919
f 8919 8957 8956
f 8919 8956 8920
f 8920 8956 8955
f 8920 8955 8921
f 8921 8955 8954
f 8921 8954 8922
f 8922 8954 8953
f 8922 8953 8923
f 8923 8953 8952
f 8923 8952 8924
f 8924 8952 8951
f 8948 8808 8949
f 8949 8808 8819
f 8949 8819 8818
f 8808 8948 8809
f 8809 8948 8947
f 8809 8947 8810
f 8810 8947 8946
f 8810 8946 8811
f 8811 8946 8945
f 8811 8945 8812
f 8812 8945 8944
f 8812 8944 8813
f 8813 8944 8943
f 8813 8943 8814
f 8814 8943 8942
f 8814 8942 8815
f 8815 8942 8941
f 8815 8941 8816
f 8816 8941 8940
f 8816 8940 8793
f 8852 8939 8853
f 8853 8939 8938
f 8935 8934 8368
f 8368 8934 8933
f 8368 8933 8932
f 8930 8929 9009
f 9009 8929 8928
f 9009 8928 8927
f 8927 8926 9009
f 8824 8908 8825
f 8825 8908 8907
f 8825 8907 8826
f 8826 8907 8906
f 8826 8906 8827
f 8827 8906 8905
f 8827 8905 8828
f 8828 8905 8904
f 8828 8904 8829
f 8829 8904 8903
f 8829 8903 9015
f 8901 8900 9016
f 9016 8900 8899
f 8891 8890 8781
f 8878 8877 9017
f 9017 8877 8876
f 9017 8876 8875
f 8875 8874 9017
f 9017 8874 8873
f 9017 8873 8872
f 8870 8869 8370
f 8370 8869 8868
f 8370 8868 8867
f 8841 8864 8368
f 8368 8864 8863
f 8368 8863 8862
f 8862 8861 8368
f 8368 8861 8860
f 8368 8860 8859
f 8833 8832 9015
f 9015 8832 8831
f 9015 8831 8830
f 8830 8829 9015
f 8805 8823 8806
f 8806 8823 8822
f 8806 8822 8821
f 8806 8821 8807
f 8807 8821 8820
f 8807 8820 8808
f 8808 8820 8819
f 9138 9107 9150
f 9150 9107 9117
f 9150 9117 9151
f 9151 9117 9116
f 9151 9116 9152
f 9152 9116 9115
f 9152 9115 9153
f 9153 9115 9114
f 9153 9114 9154
f 9154 9114 9113
f 9154 9113 9141
f 9141 9113 9109
f 9107 9138 9108
f 9108 9138 9139
f 9108 9139 9167
f 9167 9168 9108
f 9108 9168 9169
f 9108 9169 9170
f 9170 9171 9108
f 9108 9171 9078
f 9108 9078 9077
f 9077 9172 9108
f 9068 9078 9071
f 9071 9078 9171
f 9071 9171 9070
f 9070 9171 9170
f 9070 9170 9069
f 9069 9170 9169
f 9069 9169 9072
f 9072 9169 9168
f 9072 9168 9073
f 9073 9168 9167
f 9073 9167 9074
f 9074 9167 9139
f 9100 9099 9145
f 9145 9099 9122
f 9145 9122 9146
f 9146 9122 9121
f 9146 9121 9147
f 9147 9121 9120
f 9147 9120 9148
f 9148 9120 9119
f 9148 9119 9149
f 9149 9119 9118
f 9149 9118 9143
f 9143 9118 9111
f 9111 9112 9143
f 9143 9112 9142
f 9172 9077 9173
f 9173 9077 9084
f 9173 9084 9174
f 9174 9084 9083
f 9174 9083 9175
f 9175 9083 9080
f 9175 9080 9176
f 9176 9080 9079
f 9176 9079 9177
f 9177 9079 9082
f 9177 9082 9178
f 9178 9082 9081
f 9066 9178 9065
f 9065 9178 9081
f 8674 8750 8676
f 8676 8750 8748
f 8676 8748 8678
f 8678 8748 8746
f 8678 8746 8680
f 8680 8746 8744
f 8680 8744 8682
f 8682 8744 8742
f 8682 8742 8684
f 8684 8742 8740
f 8684 8740 8686
f 8686 8740 8738
f 8686 8738 9172
f 9172 8738 8736
f 9172 8736 9108
f 9108 8736 8734
f 9108 8734 8732
f 8750 8674 8752
f 8752 8674 8720
f 8752 8720 8754
f 8754 8720 8718
f 8754 8718 8756
f 8756 8718 8716
f 8756 8716 8758
f 8758 8716 8714
f 8758 8714 9054
f 9054 8714 8712
f 9054 8712 8710
f 8708 9064 8710
f 8710 9064 9062
f 8710 9062 9060
f 9064 8708 9066
f 9066 8708 8706
f 9066 8706 8704
f 8704 8702 9066
f 9066 8702 8700
f 9066 8700 8698
f 9066 8698 9178
f 9178 8698 8696
f 9178 8696 8694
f 8694 8692 9178
f 9178 8692 8690
f 9178 8690 8688
f 8686 9172 8688
f 8688 9172 9176
f 8688 9176 9177
f 8726 8724 9067
f 9067 8724 8722
f 9067 8722 8768
f 8768 8766 9067
f 9067 8766 8764
f 9067 8764 8762
f 8762 8760 9067
f 9067 8760 9054
f 9054 8760 8758
f 8732 8730 9108
f 9108 8730 8728
f 9108 8728 8726
f 9108 8726 9067
f 9060 9058 8710
f 8710 9058 9054
f 9058 9056 9054
f 9173 9174 9172
f 9172 9174 9175
f 9172 9175 9176
f 9177 9178 8688
f 9109 9110 9141
f 9141 9110 9140
f 9144 9135 9101
f 9101 9135 9102
f 9085 9144 9086
f 9086 9144 9101
f 9075 9142 9076
f 9076 9142 9112
f 8125 9017 8139
f 8139 9017 8370
f 8139 8370 8375
f 8375 8370 8373
f 8373 8370 8372
f 8375 8377 8139
f 8139 8377 8379
f 8139 8379 8380
f 8380 9140 8139
f 8139 9140 9110
f 9037 9047 9042
f 9042 9047 9166
f 9042 9166 9164
f 9164 9162 9042
f 9042 9162 9160
f 9042 9160 9158
f 9158 9155 9042
f 9042 9155 9136
f 9042 9136 9133
f 9133 9105 9042
# 9178 vertices
# 0 texture params
# 0 normals
# 18832 facets

# 8 groups
