# WaveFront *.obj file (generated by Autodesk ATF)

mtllib P2.mtl

g Body1

v 1.634000 0.581421 -0.458041
v 1.634000 0.785382 -0.458041
v 1.655753 0.611700 -0.458041
v 1.655753 0.755104 -0.458041
v 1.669367 0.646408 -0.458041
v 1.669367 0.720395 -0.458041
v 1.674000 0.683402 -0.458041
v 1.638021 0.585938 -0.683041
v 1.609596 0.560221 -0.683041
v 1.605098 0.557215 -0.458041
v 1.575581 0.542549 -0.683041
v 1.571073 0.540979 -0.458041
v 1.538198 0.534075 -0.683041
v 1.534074 0.533740 -0.458041
v 1.499887 0.535353 -0.683041
v 1.496439 0.535956 -0.458041
v 1.463152 0.546298 -0.683041
v 1.460545 0.547485 -0.458041
v 1.430390 0.566197 -0.683041
v 1.428659 0.567600 -0.458041
v 1.403740 0.593749 -0.683041
v 1.402796 0.595030 -0.458041
v 1.384945 0.627156 -0.683041
v 1.384589 0.628042 -0.458041
v 1.375230 0.664236 -0.683041
v 1.375189 0.664552 -0.458041
v 1.375230 0.702568 -0.683041
v 1.375189 0.702252 -0.458041
v 1.384589 0.738761 -0.458041
v 1.384945 0.739648 -0.683041
v 1.402796 0.771774 -0.458041
v 1.403740 0.773055 -0.683041
v 1.428659 0.799204 -0.458041
v 1.430390 0.800607 -0.683041
v 1.460545 0.819319 -0.458041
v 1.463152 0.820506 -0.683041
v 1.496439 0.830848 -0.458041
v 1.499887 0.831451 -0.683041
v 1.534074 0.833063 -0.458041
v 1.538198 0.832728 -0.683041
v 1.571073 0.825824 -0.458041
v 1.575581 0.824254 -0.683041
v 1.605098 0.809589 -0.458041
v 1.609596 0.806582 -0.683041
v 1.638021 0.780866 -0.683041
v 1.659000 0.748785 -0.683041
v 1.670217 0.716693 -0.682759
v 1.674000 0.683402 -0.682477
v 1.670217 0.650111 -0.682759
v 1.659000 0.618018 -0.683041
v 0.644111 -0.090421 -0.458041
v 0.644111 -0.090421 -0.683041
v 0.639000 -0.051598 -0.458041
v 0.639000 -0.051598 -0.683041
v 0.644111 -0.012775 -0.458041
v 0.644111 -0.012775 -0.683041
v 0.659096 0.023402 -0.458041
v 0.659096 0.023402 -0.683041
v 0.682934 0.054468 -0.458041
v 0.682934 0.054468 -0.683041
v 0.714000 0.078306 -0.458041
v 0.714000 0.078306 -0.683041
v 0.750177 0.093291 -0.458041
v 0.750177 0.093291 -0.683041
v 0.789000 0.098402 -0.458041
v 0.789000 0.098402 -0.683041
v 0.827823 0.093291 -0.458041
v 0.827823 0.093291 -0.683041
v 0.864000 0.078306 -0.458041
v 0.864000 0.078306 -0.683041
v 0.895066 0.054468 -0.458041
v 0.895066 0.054468 -0.683041
v 0.918904 0.023402 -0.458041
v 0.918904 0.023402 -0.683041
v 0.933889 -0.012775 -0.458041
v 0.933889 -0.012775 -0.683041
v 0.939000 -0.051598 -0.458041
v 0.939000 -0.051598 -0.683041
v 0.933889 -0.090421 -0.458041
v 0.933889 -0.090421 -0.683041
v 0.918904 -0.126598 -0.458041
v 0.918904 -0.126598 -0.683041
v 0.895066 -0.157664 -0.458041
v 0.895066 -0.157664 -0.683041
v 0.864000 -0.181502 -0.458041
v 0.864000 -0.181502 -0.683041
v 0.827823 -0.196487 -0.458041
v 0.827823 -0.196487 -0.683041
v 0.789000 -0.201598 -0.458041
v 0.789000 -0.201598 -0.683041
v 0.750177 -0.196487 -0.458041
v 0.750177 -0.196487 -0.683041
v 0.714000 -0.181502 -0.458041
v 0.714000 -0.181502 -0.683041
v 0.682934 -0.157664 -0.458041
v 0.682934 -0.157664 -0.683041
v 0.659096 -0.126598 -0.458041
v 0.659096 -0.126598 -0.683041
v -0.038889 1.674579 -0.458041
v -0.038889 1.674579 -0.683041
v -0.044000 1.713402 -0.458041
v -0.044000 1.713402 -0.683041
v -0.038889 1.752225 -0.458041
v -0.038889 1.752225 -0.683041
v -0.023904 1.788402 -0.458041
v -0.023904 1.788402 -0.683041
v -0.000066 1.819468 -0.458041
v -0.000066 1.819468 -0.683041
v 0.031000 1.843306 -0.458041
v 0.031000 1.843306 -0.683041
v 0.067177 1.858291 -0.458041
v 0.067177 1.858291 -0.683041
v 0.106000 1.863402 -0.458041
v 0.106000 1.863402 -0.683041
v 0.144823 1.858291 -0.458041
v 0.144823 1.858291 -0.683041
v 0.181000 1.843306 -0.458041
v 0.181000 1.843306 -0.683041
v 0.212066 1.819468 -0.458041
v 0.212066 1.819468 -0.683041
v 0.235904 1.788402 -0.458041
v 0.235904 1.788402 -0.683041
v 0.250889 1.752225 -0.458041
v 0.250889 1.752225 -0.683041
v 0.256000 1.713402 -0.458041
v 0.256000 1.713402 -0.683041
v 0.250889 1.674579 -0.458041
v 0.250889 1.674579 -0.683041
v 0.235904 1.638402 -0.458041
v 0.235904 1.638402 -0.683041
v 0.212066 1.607336 -0.458041
v 0.212066 1.607336 -0.683041
v 0.181000 1.583498 -0.458041
v 0.181000 1.583498 -0.683041
v 0.144823 1.568513 -0.458041
v 0.144823 1.568513 -0.683041
v 0.106000 1.563402 -0.458041
v 0.106000 1.563402 -0.683041
v 0.067177 1.568513 -0.458041
v 0.067177 1.568513 -0.683041
v 0.031000 1.583498 -0.458041
v 0.031000 1.583498 -0.683041
v -0.000066 1.607336 -0.458041
v -0.000066 1.607336 -0.683041
v -0.023904 1.638402 -0.458041
v -0.023904 1.638402 -0.683041
v -0.773889 0.353079 -0.458041
v -0.773889 0.353079 -0.683041
v -0.779000 0.391902 -0.458041
v -0.779000 0.391902 -0.683041
v -0.773889 0.430725 -0.458041
v -0.773889 0.430725 -0.683041
v -0.758904 0.466902 -0.458041
v -0.758904 0.466902 -0.683041
v -0.735066 0.497968 -0.458041
v -0.735066 0.497968 -0.683041
v -0.704000 0.521806 -0.458041
v -0.704000 0.521806 -0.683041
v -0.667823 0.536791 -0.458041
v -0.667823 0.536791 -0.683041
v -0.629000 0.541902 -0.458041
v -0.629000 0.541902 -0.683041
v -0.590177 0.536791 -0.458041
v -0.590177 0.536791 -0.683041
v -0.554000 0.521806 -0.458041
v -0.554000 0.521806 -0.683041
v -0.522934 0.497968 -0.458041
v -0.522934 0.497968 -0.683041
v -0.499096 0.466902 -0.458041
v -0.499096 0.466902 -0.683041
v -0.484111 0.430725 -0.458041
v -0.484111 0.430725 -0.683041
v -0.479000 0.391902 -0.458041
v -0.479000 0.391902 -0.683041
v -0.484111 0.353079 -0.458041
v -0.484111 0.353079 -0.683041
v -0.499096 0.316902 -0.458041
v -0.499096 0.316902 -0.683041
v -0.522934 0.285836 -0.458041
v -0.522934 0.285836 -0.683041
v -0.554000 0.261998 -0.458041
v -0.554000 0.261998 -0.683041
v -0.590177 0.247013 -0.458041
v -0.590177 0.247013 -0.683041
v -0.629000 0.241902 -0.458041
v -0.629000 0.241902 -0.683041
v -0.667823 0.247013 -0.458041
v -0.667823 0.247013 -0.683041
v -0.704000 0.261998 -0.458041
v -0.704000 0.261998 -0.683041
v -0.735066 0.285836 -0.458041
v -0.735066 0.285836 -0.683041
v -0.758904 0.316902 -0.458041
v -0.758904 0.316902 -0.683041
v -1.015370 -0.446626 -0.458041
v -1.015370 -0.446626 -0.683041
v -1.029000 -0.343098 -0.458041
v -1.029000 -0.343098 -0.683041
v -1.015370 -0.239571 -0.458041
v -1.015370 -0.239571 -0.683041
v -0.975410 -0.143098 -0.458041
v -0.975410 -0.143098 -0.683041
v -0.911843 -0.060256 -0.458041
v -0.911843 -0.060256 -0.683041
v -0.829000 0.003312 -0.458041
v -0.829000 0.003312 -0.683041
v -0.732528 0.043272 -0.458041
v -0.732528 0.043272 -0.683041
v -0.629000 0.056902 -0.458041
v -0.629000 0.056902 -0.683041
v -0.525472 0.043272 -0.458041
v -0.525472 0.043272 -0.683041
v -0.429000 0.003312 -0.458041
v -0.429000 0.003312 -0.683041
v -0.346157 -0.060256 -0.458041
v -0.346157 -0.060256 -0.683041
v -0.282590 -0.143098 -0.458041
v -0.282590 -0.143098 -0.683041
v -0.242630 -0.239571 -0.458041
v -0.242630 -0.239571 -0.683041
v -0.229000 -0.343098 -0.458041
v -0.229000 -0.343098 -0.683041
v -0.242630 -0.446626 -0.458041
v -0.242630 -0.446626 -0.683041
v -0.282590 -0.543098 -0.458041
v -0.282590 -0.543098 -0.683041
v -0.346157 -0.625941 -0.458041
v -0.346157 -0.625941 -0.683041
v -0.429000 -0.689508 -0.458041
v -0.429000 -0.689508 -0.683041
v -0.525472 -0.729469 -0.458041
v -0.525472 -0.729469 -0.683041
v -0.629000 -0.743098 -0.458041
v -0.629000 -0.743098 -0.683041
v -0.732528 -0.729469 -0.458041
v -0.732528 -0.729469 -0.683041
v -0.829000 -0.689508 -0.458041
v -0.829000 -0.689508 -0.683041
v -0.911843 -0.625941 -0.458041
v -0.911843 -0.625941 -0.683041
v -0.975410 -0.543098 -0.458041
v -0.975410 -0.543098 -0.683041
v -0.773889 -1.116921 -0.458041
v -0.773889 -1.116921 -0.683041
v -0.779000 -1.078098 -0.458041
v -0.779000 -1.078098 -0.683041
v -0.773889 -1.039275 -0.458041
v -0.773889 -1.039275 -0.683041
v -0.758904 -1.003098 -0.458041
v -0.758904 -1.003098 -0.683041
v -0.735066 -0.972032 -0.458041
v -0.735066 -0.972032 -0.683041
v -0.704000 -0.948194 -0.458041
v -0.704000 -0.948194 -0.683041
v -0.667823 -0.933209 -0.458041
v -0.667823 -0.933209 -0.683041
v -0.629000 -0.928098 -0.458041
v -0.629000 -0.928098 -0.683041
v -0.590177 -0.933209 -0.458041
v -0.590177 -0.933209 -0.683041
v -0.554000 -0.948194 -0.458041
v -0.554000 -0.948194 -0.683041
v -0.522934 -0.972032 -0.458041
v -0.522934 -0.972032 -0.683041
v -0.499096 -1.003098 -0.458041
v -0.499096 -1.003098 -0.683041
v -0.484111 -1.039275 -0.458041
v -0.484111 -1.039275 -0.683041
v -0.479000 -1.078098 -0.458041
v -0.479000 -1.078098 -0.683041
v -0.484111 -1.116921 -0.458041
v -0.484111 -1.116921 -0.683041
v -0.499096 -1.153098 -0.458041
v -0.499096 -1.153098 -0.683041
v -0.522934 -1.184164 -0.458041
v -0.522934 -1.184164 -0.683041
v -0.554000 -1.208002 -0.458041
v -0.554000 -1.208002 -0.683041
v -0.590177 -1.222987 -0.458041
v -0.590177 -1.222987 -0.683041
v -0.629000 -1.228098 -0.458041
v -0.629000 -1.228098 -0.683041
v -0.667823 -1.222987 -0.458041
v -0.667823 -1.222987 -0.683041
v -0.704000 -1.208002 -0.458041
v -0.704000 -1.208002 -0.683041
v -0.735066 -1.184164 -0.458041
v -0.735066 -1.184164 -0.683041
v -0.758904 -1.153098 -0.458041
v -0.758904 -1.153098 -0.683041
v -0.773889 0.939579 -0.458041
v -0.773889 0.939579 -0.683041
v -0.779000 0.978402 -0.458041
v -0.779000 0.978402 -0.683041
v -0.773889 1.017225 -0.458041
v -0.773889 1.017225 -0.683041
v -0.758904 1.053402 -0.458041
v -0.758904 1.053402 -0.683041
v -0.735066 1.084468 -0.458041
v -0.735066 1.084468 -0.683041
v -0.704000 1.108306 -0.458041
v -0.704000 1.108306 -0.683041
v -0.667823 1.123291 -0.458041
v -0.667823 1.123291 -0.683041
v -0.629000 1.128402 -0.458041
v -0.629000 1.128402 -0.683041
v -0.590177 1.123291 -0.458041
v -0.590177 1.123291 -0.683041
v -0.554000 1.108306 -0.458041
v -0.554000 1.108306 -0.683041
v -0.522934 1.084468 -0.458041
v -0.522934 1.084468 -0.683041
v -0.499096 1.053402 -0.458041
v -0.499096 1.053402 -0.683041
v -0.484111 1.017225 -0.458041
v -0.484111 1.017225 -0.683041
v -0.479000 0.978402 -0.458041
v -0.479000 0.978402 -0.683041
v -0.484111 0.939579 -0.458041
v -0.484111 0.939579 -0.683041
v -0.499096 0.903402 -0.458041
v -0.499096 0.903402 -0.683041
v -0.522934 0.872336 -0.458041
v -0.522934 0.872336 -0.683041
v -0.554000 0.848498 -0.458041
v -0.554000 0.848498 -0.683041
v -0.590177 0.833513 -0.458041
v -0.590177 0.833513 -0.683041
v -0.629000 0.828402 -0.458041
v -0.629000 0.828402 -0.683041
v -0.667823 0.833513 -0.458041
v -0.667823 0.833513 -0.683041
v -0.704000 0.848498 -0.458041
v -0.704000 0.848498 -0.683041
v -0.735066 0.872336 -0.458041
v -0.735066 0.872336 -0.683041
v -0.758904 0.903402 -0.458041
v -0.758904 0.903402 -0.683041
v -0.090889 0.644579 -0.458041
v -0.090889 0.644579 -0.683041
v -0.096000 0.683402 -0.458041
v -0.096000 0.683402 -0.683041
v -0.090889 0.722225 -0.458041
v -0.090889 0.722225 -0.683041
v -0.075904 0.758402 -0.458041
v -0.075904 0.758402 -0.683041
v -0.052066 0.789468 -0.458041
v -0.052066 0.789468 -0.683041
v -0.021000 0.813306 -0.458041
v -0.021000 0.813306 -0.683041
v 0.015177 0.828291 -0.458041
v 0.015177 0.828291 -0.683041
v 0.054000 0.833402 -0.458041
v 0.054000 0.833402 -0.683041
v 0.092823 0.828291 -0.458041
v 0.092823 0.828291 -0.683041
v 0.129000 0.813306 -0.458041
v 0.129000 0.813306 -0.683041
v 0.160066 0.789468 -0.458041
v 0.160066 0.789468 -0.683041
v 0.183904 0.758402 -0.458041
v 0.183904 0.758402 -0.683041
v 0.198889 0.722225 -0.458041
v 0.198889 0.722225 -0.683041
v 0.204000 0.683402 -0.458041
v 0.204000 0.683402 -0.683041
v 0.198889 0.644579 -0.458041
v 0.198889 0.644579 -0.683041
v 0.183904 0.608402 -0.458041
v 0.183904 0.608402 -0.683041
v 0.160066 0.577336 -0.458041
v 0.160066 0.577336 -0.683041
v 0.129000 0.553498 -0.458041
v 0.129000 0.553498 -0.683041
v 0.092823 0.538513 -0.458041
v 0.092823 0.538513 -0.683041
v 0.054000 0.533402 -0.458041
v 0.054000 0.533402 -0.683041
v 0.015177 0.538513 -0.458041
v 0.015177 0.538513 -0.683041
v -0.021000 0.553498 -0.458041
v -0.021000 0.553498 -0.683041
v -0.052066 0.577336 -0.458041
v -0.052066 0.577336 -0.683041
v -0.075904 0.608402 -0.458041
v -0.075904 0.608402 -0.683041
v 0.644111 1.379579 -0.458041
v 0.644111 1.379579 -0.683041
v 0.639000 1.418402 -0.458041
v 0.639000 1.418402 -0.683041
v 0.644111 1.457225 -0.458041
v 0.644111 1.457225 -0.683041
v 0.659096 1.493402 -0.458041
v 0.659096 1.493402 -0.683041
v 0.682934 1.524468 -0.458041
v 0.682934 1.524468 -0.683041
v 0.714000 1.548306 -0.458041
v 0.714000 1.548306 -0.683041
v 0.750177 1.563291 -0.458041
v 0.750177 1.563291 -0.683041
v 0.789000 1.568402 -0.458041
v 0.789000 1.568402 -0.683041
v 0.827823 1.563291 -0.458041
v 0.827823 1.563291 -0.683041
v 0.864000 1.548306 -0.458041
v 0.864000 1.548306 -0.683041
v 0.895066 1.524468 -0.458041
v 0.895066 1.524468 -0.683041
v 0.918904 1.493402 -0.458041
v 0.918904 1.493402 -0.683041
v 0.933889 1.457225 -0.458041
v 0.933889 1.457225 -0.683041
v 0.939000 1.418402 -0.458041
v 0.939000 1.418402 -0.683041
v 0.933889 1.379579 -0.458041
v 0.933889 1.379579 -0.683041
v 0.918904 1.343402 -0.458041
v 0.918904 1.343402 -0.683041
v 0.895066 1.312336 -0.458041
v 0.895066 1.312336 -0.683041
v 0.864000 1.288498 -0.458041
v 0.864000 1.288498 -0.683041
v 0.827823 1.273513 -0.458041
v 0.827823 1.273513 -0.683041
v 0.789000 1.268402 -0.458041
v 0.789000 1.268402 -0.683041
v 0.750177 1.273513 -0.458041
v 0.750177 1.273513 -0.683041
v 0.714000 1.288498 -0.458041
v 0.714000 1.288498 -0.683041
v 0.682934 1.312336 -0.458041
v 0.682934 1.312336 -0.683041
v 0.659096 1.343402 -0.458041
v 0.659096 1.343402 -0.683041
v -0.773889 2.409579 -0.458041
v -0.773889 2.409579 -0.683041
v -0.779000 2.448402 -0.458041
v -0.779000 2.448402 -0.683041
v -0.773889 2.487225 -0.458041
v -0.773889 2.487225 -0.683041
v -0.758904 2.523402 -0.458041
v -0.758904 2.523402 -0.683041
v -0.735066 2.554468 -0.458041
v -0.735066 2.554468 -0.683041
v -0.704000 2.578306 -0.458041
v -0.704000 2.578306 -0.683041
v -0.667823 2.593291 -0.458041
v -0.667823 2.593291 -0.683041
v -0.629000 2.598402 -0.458041
v -0.629000 2.598402 -0.683041
v -0.590177 2.593291 -0.458041
v -0.590177 2.593291 -0.683041
v -0.554000 2.578306 -0.458041
v -0.554000 2.578306 -0.683041
v -0.522934 2.554468 -0.458041
v -0.522934 2.554468 -0.683041
v -0.499096 2.523402 -0.458041
v -0.499096 2.523402 -0.683041
v -0.484111 2.487225 -0.458041
v -0.484111 2.487225 -0.683041
v -0.479000 2.448402 -0.458041
v -0.479000 2.448402 -0.683041
v -0.484111 2.409579 -0.458041
v -0.484111 2.409579 -0.683041
v -0.499096 2.373402 -0.458041
v -0.499096 2.373402 -0.683041
v -0.522934 2.342336 -0.458041
v -0.522934 2.342336 -0.683041
v -0.554000 2.318498 -0.458041
v -0.554000 2.318498 -0.683041
v -0.590177 2.303513 -0.458041
v -0.590177 2.303513 -0.683041
v -0.629000 2.298402 -0.458041
v -0.629000 2.298402 -0.683041
v -0.667823 2.303513 -0.458041
v -0.667823 2.303513 -0.683041
v -0.704000 2.318498 -0.458041
v -0.704000 2.318498 -0.683041
v -0.735066 2.342336 -0.458041
v -0.735066 2.342336 -0.683041
v -0.758904 2.373402 -0.458041
v -0.758904 2.373402 -0.683041
v -0.038889 -0.381921 -0.458041
v -0.038889 -0.381921 -0.683041
v -0.044000 -0.343098 -0.458041
v -0.044000 -0.343098 -0.683041
v -0.038889 -0.304275 -0.458041
v -0.038889 -0.304275 -0.683041
v -0.023904 -0.268098 -0.458041
v -0.023904 -0.268098 -0.683041
v -0.000066 -0.237032 -0.458041
v -0.000066 -0.237032 -0.683041
v 0.031000 -0.213194 -0.458041
v 0.031000 -0.213194 -0.683041
v 0.067177 -0.198209 -0.458041
v 0.067177 -0.198209 -0.683041
v 0.106000 -0.193098 -0.458041
v 0.106000 -0.193098 -0.683041
v 0.144823 -0.198209 -0.458041
v 0.144823 -0.198209 -0.683041
v 0.181000 -0.213194 -0.458041
v 0.181000 -0.213194 -0.683041
v 0.212066 -0.237032 -0.458041
v 0.212066 -0.237032 -0.683041
v 0.235904 -0.268098 -0.458041
v 0.235904 -0.268098 -0.683041
v 0.250889 -0.304275 -0.458041
v 0.250889 -0.304275 -0.683041
v 0.256000 -0.343098 -0.458041
v 0.256000 -0.343098 -0.683041
v 0.250889 -0.381921 -0.458041
v 0.250889 -0.381921 -0.683041
v 0.235904 -0.418098 -0.458041
v 0.235904 -0.418098 -0.683041
v 0.212066 -0.449164 -0.458041
v 0.212066 -0.449164 -0.683041
v 0.181000 -0.473002 -0.458041
v 0.181000 -0.473002 -0.683041
v 0.144823 -0.487987 -0.458041
v 0.144823 -0.487987 -0.683041
v 0.106000 -0.493098 -0.458041
v 0.106000 -0.493098 -0.683041
v 0.067177 -0.487987 -0.458041
v 0.067177 -0.487987 -0.683041
v 0.031000 -0.473002 -0.458041
v 0.031000 -0.473002 -0.683041
v -0.000066 -0.449164 -0.458041
v -0.000066 -0.449164 -0.683041
v -0.023904 -0.418098 -0.458041
v -0.023904 -0.418098 -0.683041
v 0.402630 0.579874 -0.458041
v 0.402630 0.579874 -0.683041
v 0.389000 0.683402 -0.458041
v 0.389000 0.683402 -0.683041
v 0.402630 0.786929 -0.458041
v 0.402630 0.786929 -0.683041
v 0.442590 0.883402 -0.458041
v 0.442590 0.883402 -0.683041
v 0.506157 0.966245 -0.458041
v 0.506157 0.966245 -0.683041
v 0.589000 1.029812 -0.458041
v 0.589000 1.029812 -0.683041
v 0.685472 1.069772 -0.458041
v 0.685472 1.069772 -0.683041
v 0.789000 1.083402 -0.458041
v 0.789000 1.083402 -0.683041
v 0.892528 1.069772 -0.458041
v 0.892528 1.069772 -0.683041
v 0.989000 1.029812 -0.458041
v 0.989000 1.029812 -0.683041
v 1.071843 0.966245 -0.458041
v 1.071843 0.966245 -0.683041
v 1.135410 0.883402 -0.458041
v 1.135410 0.883402 -0.683041
v 1.175370 0.786929 -0.458041
v 1.175370 0.786929 -0.683041
v 1.189000 0.683402 -0.458041
v 1.189000 0.683402 -0.683041
v 1.175370 0.579874 -0.458041
v 1.175370 0.579874 -0.683041
v 1.135410 0.483402 -0.458041
v 1.135410 0.483402 -0.683041
v 1.071843 0.400559 -0.458041
v 1.071843 0.400559 -0.683041
v 0.989000 0.336992 -0.458041
v 0.989000 0.336992 -0.683041
v 0.892528 0.297032 -0.458041
v 0.892528 0.297032 -0.683041
v 0.789000 0.283402 -0.458041
v 0.789000 0.283402 -0.683041
v 0.685472 0.297032 -0.458041
v 0.685472 0.297032 -0.683041
v 0.589000 0.336992 -0.458041
v 0.589000 0.336992 -0.683041
v 0.506157 0.400559 -0.458041
v 0.506157 0.400559 -0.683041
v 0.442590 0.483402 -0.458041
v 0.442590 0.483402 -0.683041
v -1.015370 1.609874 -0.458041
v -1.015370 1.609874 -0.683041
v -1.029000 1.713402 -0.458041
v -1.029000 1.713402 -0.683041
v -1.015370 1.816929 -0.458041
v -1.015370 1.816929 -0.683041
v -0.975410 1.913402 -0.458041
v -0.975410 1.913402 -0.683041
v -0.911843 1.996245 -0.458041
v -0.911843 1.996245 -0.683041
v -0.829000 2.059812 -0.458041
v -0.829000 2.059812 -0.683041
v -0.732528 2.099772 -0.458041
v -0.732528 2.099772 -0.683041
v -0.629000 2.113402 -0.458041
v -0.629000 2.113402 -0.683041
v -0.525472 2.099772 -0.458041
v -0.525472 2.099772 -0.683041
v -0.429000 2.059812 -0.458041
v -0.429000 2.059812 -0.683041
v -0.346157 1.996245 -0.458041
v -0.346157 1.996245 -0.683041
v -0.282590 1.913402 -0.458041
v -0.282590 1.913402 -0.683041
v -0.242630 1.816929 -0.458041
v -0.242630 1.816929 -0.683041
v -0.229000 1.713402 -0.458041
v -0.229000 1.713402 -0.683041
v -0.242630 1.609874 -0.458041
v -0.242630 1.609874 -0.683041
v -0.282590 1.513402 -0.458041
v -0.282590 1.513402 -0.683041
v -0.346157 1.430559 -0.458041
v -0.346157 1.430559 -0.683041
v -0.429000 1.366992 -0.458041
v -0.429000 1.366992 -0.683041
v -0.525472 1.327032 -0.458041
v -0.525472 1.327032 -0.683041
v -0.629000 1.313402 -0.458041
v -0.629000 1.313402 -0.683041
v -0.732528 1.327032 -0.458041
v -0.732528 1.327032 -0.683041
v -0.829000 1.366992 -0.458041
v -0.829000 1.366992 -0.683041
v -0.911843 1.430559 -0.458041
v -0.911843 1.430559 -0.683041
v -0.975410 1.513402 -0.458041
v -0.975410 1.513402 -0.683041
v -1.508889 -0.381921 -0.458041
v -1.508889 -0.381921 -0.683041
v -1.514000 -0.343098 -0.458041
v -1.514000 -0.343098 -0.683041
v -1.508889 -0.304275 -0.458041
v -1.508889 -0.304275 -0.683041
v -1.493904 -0.268098 -0.458041
v -1.493904 -0.268098 -0.683041
v -1.470066 -0.237032 -0.458041
v -1.470066 -0.237032 -0.683041
v -1.439000 -0.213194 -0.458041
v -1.439000 -0.213194 -0.683041
v -1.402823 -0.198209 -0.458041
v -1.402823 -0.198209 -0.683041
v -1.364000 -0.193098 -0.458041
v -1.364000 -0.193098 -0.683041
v -1.325177 -0.198209 -0.458041
v -1.325177 -0.198209 -0.683041
v -1.289000 -0.213194 -0.458041
v -1.289000 -0.213194 -0.683041
v -1.257934 -0.237032 -0.458041
v -1.257934 -0.237032 -0.683041
v -1.234096 -0.268098 -0.458041
v -1.234096 -0.268098 -0.683041
v -1.219111 -0.304275 -0.458041
v -1.219111 -0.304275 -0.683041
v -1.214000 -0.343098 -0.458041
v -1.214000 -0.343098 -0.683041
v -1.219111 -0.381921 -0.458041
v -1.219111 -0.381921 -0.683041
v -1.234096 -0.418098 -0.458041
v -1.234096 -0.418098 -0.683041
v -1.257934 -0.449164 -0.458041
v -1.257934 -0.449164 -0.683041
v -1.289000 -0.473002 -0.458041
v -1.289000 -0.473002 -0.683041
v -1.325177 -0.487987 -0.458041
v -1.325177 -0.487987 -0.683041
v -1.364000 -0.493098 -0.458041
v -1.364000 -0.493098 -0.683041
v -1.402823 -0.487987 -0.458041
v -1.402823 -0.487987 -0.683041
v -1.439000 -0.473002 -0.458041
v -1.439000 -0.473002 -0.683041
v -1.470066 -0.449164 -0.458041
v -1.470066 -0.449164 -0.683041
v -1.493904 -0.418098 -0.458041
v -1.493904 -0.418098 -0.683041
v -1.508889 1.674579 -0.458041
v -1.508889 1.674579 -0.683041
v -1.514000 1.713402 -0.458041
v -1.514000 1.713402 -0.683041
v -1.508889 1.752225 -0.458041
v -1.508889 1.752225 -0.683041
v -1.493904 1.788402 -0.458041
v -1.493904 1.788402 -0.683041
v -1.470066 1.819468 -0.458041
v -1.470066 1.819468 -0.683041
v -1.439000 1.843306 -0.458041
v -1.439000 1.843306 -0.683041
v -1.402823 1.858291 -0.458041
v -1.402823 1.858291 -0.683041
v -1.364000 1.863402 -0.458041
v -1.364000 1.863402 -0.683041
v -1.325177 1.858291 -0.458041
v -1.325177 1.858291 -0.683041
v -1.289000 1.843306 -0.458041
v -1.289000 1.843306 -0.683041
v -1.257934 1.819468 -0.458041
v -1.257934 1.819468 -0.683041
v -1.234096 1.788402 -0.458041
v -1.234096 1.788402 -0.683041
v -1.219111 1.752225 -0.458041
v -1.219111 1.752225 -0.683041
v -1.214000 1.713402 -0.458041
v -1.214000 1.713402 -0.683041
v -1.219111 1.674579 -0.458041
v -1.219111 1.674579 -0.683041
v -1.234096 1.638402 -0.458041
v -1.234096 1.638402 -0.683041
v -1.257934 1.607336 -0.458041
v -1.257934 1.607336 -0.683041
v -1.289000 1.583498 -0.458041
v -1.289000 1.583498 -0.683041
v -1.325177 1.568513 -0.458041
v -1.325177 1.568513 -0.683041
v -1.364000 1.563402 -0.458041
v -1.364000 1.563402 -0.683041
v -1.402823 1.568513 -0.458041
v -1.402823 1.568513 -0.683041
v -1.439000 1.583498 -0.458041
v -1.439000 1.583498 -0.683041
v -1.470066 1.607336 -0.458041
v -1.470066 1.607336 -0.683041
v -1.493904 1.638402 -0.458041
v -1.493904 1.638402 -0.683041
v 1.634000 -1.428098 -0.458041
v 1.634000 -0.498098 -0.195498
v 1.634000 -0.459275 -0.190387
v 1.634000 -0.423098 -0.175402
v 1.634000 -1.428098 1.641959
v 1.634000 -1.378085 0.688960
v 1.634000 -1.372974 0.650137
v 1.634000 -1.357988 0.613960
v 1.634000 -1.421283 1.693723
v 1.634000 -1.228098 1.841959
v 1.634000 -0.604164 1.520568
v 1.634000 -0.628002 1.489502
v 1.634000 -1.401303 1.741959
v 1.634000 -1.369520 1.783381
v 1.634000 -1.328098 1.815165
v 1.634000 -1.279862 1.835145
v 1.634000 2.594902 1.841959
v 1.634000 1.811079 1.563848
v 1.634000 -0.459275 1.559391
v 1.634000 -0.498098 1.564502
v 1.634000 2.646666 1.835145
v 1.634000 2.694902 1.815165
v 1.634000 2.736323 1.783381
v 1.634000 2.768107 1.741959
v 1.634000 2.788087 1.693723
v 1.634000 2.794902 1.641959
v 1.634000 1.955968 1.525025
v 1.634000 1.979806 1.493959
v 1.634000 1.994791 1.457782
v 1.634000 1.999902 1.418959
v 1.634000 1.994791 1.380137
v 1.634000 1.979806 1.343959
v 1.634000 2.579902 0.838960
v 1.634000 1.955968 1.312893
v 1.634000 2.541079 0.833848
v 1.634000 1.924902 1.289056
v 1.634000 1.888725 1.274071
v 1.634000 1.888725 0.833848
v 1.634000 1.849902 0.838959
v 1.634000 2.794902 -0.458041
v 1.634000 2.729902 0.688960
v 1.634000 2.724791 0.727782
v 1.634000 2.709806 0.763960
v 1.634000 1.849902 -0.191041
v 1.634000 1.888725 -0.185929
v 1.634000 1.924902 -0.170944
v 1.634000 1.081079 0.544071
v 1.634000 1.705013 -0.002218
v 1.634000 1.699902 -0.041041
v 1.634000 1.955968 -0.147107
v 1.634000 1.979806 -0.116041
v 1.634000 1.994791 -0.079863
v 1.634000 1.999902 -0.041041
v 1.634000 1.994791 -0.002218
v 1.634000 2.618725 0.544071
v 1.634000 2.579902 0.538960
v 1.634000 1.979806 0.033959
v 1.634000 1.955968 0.065025
v 1.634000 2.541079 0.544071
v 1.634000 1.924902 0.088863
v 1.634000 1.888725 0.103848
v 1.634000 1.849902 0.108959
v 1.634000 1.849902 0.538959
v 1.634000 1.888725 0.544071
v 1.634000 1.924902 0.559056
v 1.634000 2.504902 0.559056
v 1.634000 1.955968 0.582893
v 1.634000 2.473836 0.582893
v 1.634000 1.979806 0.613959
v 1.634000 2.449998 0.613960
v 1.634000 1.994791 0.650137
v 1.634000 2.435013 0.650137
v 1.634000 1.999902 0.688959
v 1.634000 2.429902 0.688960
v 1.634000 1.994791 0.727782
v 1.634000 2.435013 0.727782
v 1.634000 1.979806 0.763959
v 1.634000 2.449998 0.763960
v 1.634000 1.955968 0.795025
v 1.634000 2.473836 0.795026
v 1.634000 1.924902 0.818863
v 1.634000 2.504902 0.818863
v 1.634000 1.811079 0.544071
v 1.634000 1.811079 0.103848
v 1.634000 1.158725 0.544071
v 1.634000 1.774902 0.088863
v 1.634000 1.743836 0.065025
v 1.634000 1.119902 0.538960
v 1.634000 1.719998 0.033959
v 1.634000 1.705013 -0.079863
v 1.634000 1.719998 -0.116041
v 1.634000 1.743836 -0.147107
v 1.634000 1.774902 -0.170944
v 1.634000 1.811079 -0.185929
v 1.634000 1.774902 0.559056
v 1.634000 1.194902 0.559056
v 1.634000 1.743836 0.582893
v 1.634000 1.225968 0.582894
v 1.634000 1.719998 0.613959
v 1.634000 1.249806 0.613960
v 1.634000 1.705013 0.650137
v 1.634000 1.264791 0.650137
v 1.634000 1.699902 0.688959
v 1.634000 1.269902 0.688960
v 1.634000 1.705013 0.727782
v 1.634000 1.264791 0.727782
v 1.634000 1.719998 0.763959
v 1.634000 1.249806 0.763960
v 1.634000 1.743836 0.795025
v 1.634000 1.225968 0.795026
v 1.634000 1.774902 0.818863
v 1.634000 1.194902 0.818863
v 1.634000 1.811079 0.833848
v 1.634000 1.158725 0.833848
v 1.634000 1.811079 1.274071
v 1.634000 1.774902 1.289056
v 1.634000 1.743836 1.312893
v 1.634000 1.119902 0.838960
v 1.634000 1.719998 1.343959
v 1.634000 1.705013 1.380137
v 1.634000 1.081079 0.833848
v 1.634000 0.270711 0.833848
v 1.634000 1.044902 0.818863
v 1.634000 0.306888 0.818863
v 1.634000 1.013836 0.795026
v 1.634000 0.337954 0.795026
v 1.634000 0.989998 0.763960
v 1.634000 0.361792 0.763960
v 1.634000 0.975013 0.727782
v 1.634000 0.376777 0.727782
v 1.634000 0.969902 0.688960
v 1.634000 0.381888 0.688960
v 1.634000 0.975013 0.650137
v 1.634000 0.376777 0.650137
v 1.634000 0.989998 0.613960
v 1.634000 0.361792 0.613960
v 1.634000 1.013836 0.582894
v 1.634000 0.337954 0.582894
v 1.634000 1.044902 0.559056
v 1.634000 0.306888 0.559056
v 1.634000 0.270711 0.544071
v 1.634000 -0.353209 -0.006675
v 1.634000 -0.348098 -0.045498
v 1.634000 -0.353209 -0.084321
v 1.634000 -0.368194 -0.120498
v 1.634000 -0.392032 -0.151564
v 1.634000 -0.459275 0.539613
v 1.634000 -0.459275 0.099391
v 1.634000 -0.498098 0.534502
v 1.634000 -0.498098 0.104502
v 1.634000 -0.536921 0.099391
v 1.634000 0.193065 0.544071
v 1.634000 -0.423098 0.554598
v 1.634000 0.156888 0.559056
v 1.634000 -0.392032 0.578436
v 1.634000 0.125822 0.582894
v 1.634000 -0.368194 0.609502
v 1.634000 0.101984 0.613960
v 1.634000 -0.353209 0.645679
v 1.634000 0.086999 0.650137
v 1.634000 -0.348098 0.684502
v 1.634000 0.081888 0.688960
v 1.634000 -0.353209 0.723325
v 1.634000 0.086999 0.727782
v 1.634000 -0.368194 0.759502
v 1.634000 0.101984 0.763960
v 1.634000 -0.392032 0.790568
v 1.634000 0.125822 0.795026
v 1.634000 -0.423098 0.814406
v 1.634000 0.156888 0.818863
v 1.634000 -0.459275 0.829391
v 1.634000 -0.459275 1.269613
v 1.634000 -0.498098 1.264502
v 1.634000 -0.498098 0.834502
v 1.634000 -0.536921 0.829391
v 1.634000 -0.573098 0.814406
v 1.634000 -1.153085 0.818863
v 1.634000 -0.536921 1.269613
v 1.634000 -1.122019 0.795026
v 1.634000 -0.604164 0.790568
v 1.634000 -1.098181 0.763960
v 1.634000 -0.628002 0.759502
v 1.634000 -1.083196 0.727783
v 1.634000 -0.642987 0.723325
v 1.634000 -1.078085 0.688960
v 1.634000 -0.648098 0.684502
v 1.634000 -1.083196 0.650137
v 1.634000 -0.642987 0.645679
v 1.634000 -1.098181 0.613960
v 1.634000 -0.628002 0.609502
v 1.634000 -1.122019 0.582894
v 1.634000 -0.604164 0.578436
v 1.634000 -1.153085 0.559056
v 1.634000 -0.573098 0.554598
v 1.634000 -1.189262 0.544071
v 1.634000 -0.536921 0.539613
v 1.634000 -0.604164 0.060568
v 1.634000 -1.228085 0.538960
v 1.634000 -0.628002 0.029502
v 1.634000 -0.642987 -0.006675
v 1.634000 -1.189262 0.833849
v 1.634000 -0.573098 1.284598
v 1.634000 -0.604164 1.308436
v 1.634000 -1.228085 0.838960
v 1.634000 -0.628002 1.339502
v 1.634000 -0.642987 1.375679
v 1.634000 -0.648098 1.414502
v 1.634000 -0.642987 1.453325
v 1.634000 -1.266908 0.833849
v 1.634000 -1.303085 0.818863
v 1.634000 -1.334151 0.795026
v 1.634000 -1.357988 0.763960
v 1.634000 -1.372974 0.727783
v 1.634000 -1.334151 0.582894
v 1.634000 -1.303085 0.559056
v 1.634000 -1.266908 0.544071
v 1.634000 1.849902 1.268959
v 1.634000 1.924902 1.548863
v 1.634000 1.888725 1.563848
v 1.634000 1.849902 1.568959
v 1.634000 1.774902 1.548863
v 1.634000 -0.423098 1.544406
v 1.634000 1.743836 1.525025
v 1.634000 -0.392032 1.520568
v 1.634000 1.719998 1.493959
v 1.634000 -0.368194 1.489502
v 1.634000 1.705013 1.457782
v 1.634000 -0.353209 1.453325
v 1.634000 1.699902 1.418959
v 1.634000 -0.348098 1.414502
v 1.634000 -0.353209 1.375679
v 1.634000 0.231888 0.838960
v 1.634000 2.654902 0.559056
v 1.634000 2.685968 0.582893
v 1.634000 2.709806 0.613960
v 1.634000 2.724791 0.650137
v 1.634000 2.685968 0.795026
v 1.634000 2.654902 0.818863
v 1.634000 2.618725 0.833848
v 1.634000 0.231888 0.538960
v 1.634000 -0.368194 0.029502
v 1.634000 -0.392032 0.060568
v 1.634000 -0.423098 0.084406
v 1.634000 -0.573098 0.084406
v 1.634000 -0.648098 -0.045498
v 1.634000 -0.642987 -0.084321
v 1.634000 -0.628002 -0.120498
v 1.634000 -0.604164 -0.151564
v 1.634000 -0.573098 -0.175402
v 1.634000 -0.536921 -0.190387
v 1.634000 0.193065 0.833848
v 1.634000 -0.423098 1.284598
v 1.634000 -0.392032 1.308436
v 1.634000 -0.368194 1.339502
v 1.634000 -0.536921 1.559391
v 1.634000 -0.573098 1.544406
v 1.659000 -1.428098 -0.683041
v 1.710764 -0.372348 -0.676226
v 1.710764 1.739152 -0.676226
v 1.710764 0.683402 -0.676226
v 1.759000 -0.372348 -0.656246
v 1.759000 -1.428098 -0.656246
v 1.800421 -1.428098 -0.624462
v 1.800421 -0.372348 -0.624462
v 1.832205 -1.428098 -0.583041
v 1.832205 -0.372348 -0.583041
v 1.852185 -1.428098 -0.534804
v 1.852185 -0.372348 -0.534804
v 1.859000 -1.428098 -0.483041
v 1.852185 0.683402 -0.534804
v 1.859000 2.794902 -0.483041
v 1.852185 1.739152 -0.534804
v 1.852185 2.794902 -0.534804
v 1.832205 2.794902 -0.583041
v 1.832205 1.739152 -0.583041
v 1.800421 2.794902 -0.624462
v 1.800421 1.739152 -0.624462
v 1.759000 2.794902 -0.656246
v 1.759000 1.739152 -0.656246
v 1.710764 2.794902 -0.676226
v 1.659000 2.794902 -0.683041
v 1.710764 -1.428098 -0.676226
v 1.759000 0.683402 -0.656246
v 1.800421 0.683402 -0.624462
v 1.832205 0.683402 -0.583041
v -0.967827 3.126115 -0.458041
v -0.967827 3.126115 -0.683041
v -0.974250 3.174902 -0.458041
v -0.974250 3.174902 -0.683041
v -0.967827 3.223689 -0.458041
v -0.967827 3.223689 -0.683041
v -0.948996 3.269152 -0.458041
v -0.948996 3.269152 -0.683041
v -0.919040 3.308192 -0.458041
v -0.919040 3.308192 -0.683041
v -0.880000 3.338148 -0.458041
v -0.880000 3.338148 -0.683041
v -0.834537 3.356979 -0.458041
v -0.834537 3.356979 -0.683041
v -0.785750 3.363402 -0.458041
v -0.785750 3.363402 -0.683041
v -0.736963 3.356979 -0.458041
v -0.736963 3.356979 -0.683041
v -0.691500 3.338148 -0.458041
v -0.691500 3.338148 -0.683041
v -0.652460 3.308192 -0.458041
v -0.652460 3.308192 -0.683041
v -0.622504 3.269152 -0.458041
v -0.622504 3.269152 -0.683041
v -0.603673 3.223689 -0.458041
v -0.603673 3.223689 -0.683041
v -0.597250 3.174902 -0.458041
v -0.597250 3.174902 -0.683041
v -0.603673 3.126115 -0.458041
v -0.603673 3.126115 -0.683041
v -0.622504 3.080652 -0.458041
v -0.622504 3.080652 -0.683041
v -0.652460 3.041612 -0.458041
v -0.652460 3.041612 -0.683041
v -0.691500 3.011656 -0.458041
v -0.691500 3.011656 -0.683041
v -0.736963 2.992825 -0.458041
v -0.736963 2.992825 -0.683041
v -0.785750 2.986402 -0.458041
v -0.785750 2.986402 -0.683041
v -0.834537 2.992825 -0.458041
v -0.834537 2.992825 -0.683041
v -0.880000 3.011656 -0.458041
v -0.880000 3.011656 -0.683041
v -0.919040 3.041612 -0.458041
v -0.919040 3.041612 -0.683041
v -0.948996 3.080652 -0.458041
v -0.948996 3.080652 -0.683041
v 0.230317 3.127020 -0.458041
v 0.230317 3.127020 -0.683041
v 0.224013 3.174902 -0.458041
v 0.224013 3.174902 -0.683041
v 0.230317 3.222784 -0.458041
v 0.230317 3.222784 -0.683041
v 0.248799 3.267402 -0.458041
v 0.248799 3.267402 -0.683041
v 0.278199 3.305717 -0.458041
v 0.278199 3.305717 -0.683041
v 0.316513 3.335117 -0.458041
v 0.316513 3.335117 -0.683041
v 0.361132 3.353598 -0.458041
v 0.361132 3.353598 -0.683041
v 0.409013 3.359902 -0.458041
v 0.409013 3.359902 -0.683041
v 0.456895 3.353598 -0.458041
v 0.456895 3.353598 -0.683041
v 0.501513 3.335117 -0.458041
v 0.501513 3.335117 -0.683041
v 0.539828 3.305717 -0.458041
v 0.539828 3.305717 -0.683041
v 0.569228 3.267402 -0.458041
v 0.569228 3.267402 -0.683041
v 0.587710 3.222784 -0.458041
v 0.587710 3.222784 -0.683041
v 0.594013 3.174902 -0.458041
v 0.594013 3.174902 -0.683041
v 0.587710 3.127020 -0.458041
v 0.587710 3.127020 -0.683041
v 0.569228 3.082402 -0.458041
v 0.569228 3.082402 -0.683041
v 0.539828 3.044087 -0.458041
v 0.539828 3.044087 -0.683041
v 0.501513 3.014687 -0.458041
v 0.501513 3.014687 -0.683041
v 0.456895 2.996206 -0.458041
v 0.456895 2.996206 -0.683041
v 0.409013 2.989902 -0.458041
v 0.409013 2.989902 -0.683041
v 0.361132 2.996206 -0.458041
v 0.361132 2.996206 -0.683041
v 0.316513 3.014687 -0.458041
v 0.316513 3.014687 -0.683041
v 0.278199 3.044087 -0.458041
v 0.278199 3.044087 -0.683041
v 0.248799 3.082402 -0.458041
v 0.248799 3.082402 -0.683041
v -0.964446 -1.855980 -0.458041
v -0.964446 -1.855980 -0.683041
v -0.970750 -1.808098 -0.458041
v -0.970750 -1.808098 -0.683041
v -0.964446 -1.760217 -0.458041
v -0.964446 -1.760217 -0.683041
v -0.945965 -1.715598 -0.458041
v -0.945965 -1.715598 -0.683041
v -0.916565 -1.677284 -0.458041
v -0.916565 -1.677284 -0.683041
v -0.878250 -1.647884 -0.458041
v -0.878250 -1.647884 -0.683041
v -0.833631 -1.629402 -0.458041
v -0.833631 -1.629402 -0.683041
v -0.785750 -1.623098 -0.458041
v -0.785750 -1.623098 -0.683041
v -0.737868 -1.629402 -0.458041
v -0.737868 -1.629402 -0.683041
v -0.693250 -1.647884 -0.458041
v -0.693250 -1.647884 -0.683041
v -0.654935 -1.677284 -0.458041
v -0.654935 -1.677284 -0.683041
v -0.625535 -1.715598 -0.458041
v -0.625535 -1.715598 -0.683041
v -0.607054 -1.760217 -0.458041
v -0.607054 -1.760217 -0.683041
v -0.600750 -1.808098 -0.458041
v -0.600750 -1.808098 -0.683041
v -0.607054 -1.855980 -0.458041
v -0.607054 -1.855980 -0.683041
v -0.625535 -1.900598 -0.458041
v -0.625535 -1.900598 -0.683041
v -0.654935 -1.938913 -0.458041
v -0.654935 -1.938913 -0.683041
v -0.693250 -1.968313 -0.458041
v -0.693250 -1.968313 -0.683041
v -0.737868 -1.986795 -0.458041
v -0.737868 -1.986795 -0.683041
v -0.785750 -1.993098 -0.458041
v -0.785750 -1.993098 -0.683041
v -0.833631 -1.986795 -0.458041
v -0.833631 -1.986795 -0.683041
v -0.878250 -1.968313 -0.458041
v -0.878250 -1.968313 -0.683041
v -0.916565 -1.938913 -0.458041
v -0.916565 -1.938913 -0.683041
v -0.945965 -1.900598 -0.458041
v -0.945965 -1.900598 -0.683041
v 0.230304 -1.855980 -0.458041
v 0.230304 -1.855980 -0.683041
v 0.224000 -1.808098 -0.458041
v 0.224000 -1.808098 -0.683041
v 0.230304 -1.760217 -0.458041
v 0.230304 -1.760217 -0.683041
v 0.248785 -1.715598 -0.458041
v 0.248785 -1.715598 -0.683041
v 0.278185 -1.677284 -0.458041
v 0.278185 -1.677284 -0.683041
v 0.316500 -1.647884 -0.458041
v 0.316500 -1.647884 -0.683041
v 0.361119 -1.629402 -0.458041
v 0.361119 -1.629402 -0.683041
v 0.409000 -1.623098 -0.458041
v 0.409000 -1.623098 -0.683041
v 0.456882 -1.629402 -0.458041
v 0.456882 -1.629402 -0.683041
v 0.501500 -1.647884 -0.458041
v 0.501500 -1.647884 -0.683041
v 0.539815 -1.677284 -0.458041
v 0.539815 -1.677284 -0.683041
v 0.569215 -1.715598 -0.458041
v 0.569215 -1.715598 -0.683041
v 0.587696 -1.760217 -0.458041
v 0.587696 -1.760217 -0.683041
v 0.594000 -1.808098 -0.458041
v 0.594000 -1.808098 -0.683041
v 0.587696 -1.855980 -0.458041
v 0.587696 -1.855980 -0.683041
v 0.569215 -1.900598 -0.458041
v 0.569215 -1.900598 -0.683041
v 0.539815 -1.938913 -0.458041
v 0.539815 -1.938913 -0.683041
v 0.501500 -1.968313 -0.458041
v 0.501500 -1.968313 -0.683041
v 0.456882 -1.986795 -0.458041
v 0.456882 -1.986795 -0.683041
v 0.409000 -1.993098 -0.458041
v 0.409000 -1.993098 -0.683041
v 0.361119 -1.986795 -0.458041
v 0.361119 -1.986795 -0.683041
v 0.316500 -1.968313 -0.458041
v 0.316500 -1.968313 -0.683041
v 0.278185 -1.938913 -0.458041
v 0.278185 -1.938913 -0.683041
v 0.248785 -1.900598 -0.458041
v 0.248785 -1.900598 -0.683041
v -1.216000 -1.748717 1.209263
v -1.441000 -1.748717 1.209263
v -1.216000 -1.796598 1.202959
v -1.441000 -1.796598 1.202959
v -1.216000 -1.844480 1.209263
v -1.441000 -1.844480 1.209263
v -1.216000 -1.889098 1.227745
v -1.441000 -1.889098 1.227745
v -1.216000 -1.927413 1.257145
v -1.441000 -1.927413 1.257145
v -1.216000 -1.956813 1.295459
v -1.441000 -1.956813 1.295459
v -1.216000 -1.975294 1.340078
v -1.441000 -1.975294 1.340078
v -1.216000 -1.981598 1.387959
v -1.441000 -1.981598 1.387959
v -1.216000 -1.975294 1.435841
v -1.441000 -1.975294 1.435841
v -1.216000 -1.956813 1.480459
v -1.441000 -1.956813 1.480459
v -1.216000 -1.927413 1.518774
v -1.441000 -1.927413 1.518774
v -1.216000 -1.889098 1.548174
v -1.441000 -1.889098 1.548174
v -1.216000 -1.844480 1.566656
v -1.441000 -1.844480 1.566656
v -1.216000 -1.796598 1.572959
v -1.441000 -1.796598 1.572959
v -1.216000 -1.748717 1.566656
v -1.441000 -1.748717 1.566656
v -1.216000 -1.704098 1.548174
v -1.441000 -1.704098 1.548174
v -1.216000 -1.665783 1.518774
v -1.441000 -1.665783 1.518774
v -1.216000 -1.636383 1.480459
v -1.441000 -1.636383 1.480459
v -1.216000 -1.617902 1.435841
v -1.441000 -1.617902 1.435841
v -1.216000 -1.611598 1.387959
v -1.441000 -1.611598 1.387959
v -1.216000 -1.617902 1.340078
v -1.441000 -1.617902 1.340078
v -1.216000 -1.636383 1.295459
v -1.441000 -1.636383 1.295459
v -1.216000 -1.665783 1.257145
v -1.441000 -1.665783 1.257145
v -1.216000 -1.704098 1.227745
v -1.441000 -1.704098 1.227745
v -1.216000 -1.748717 0.189263
v -1.441000 -1.748717 0.189263
v -1.216000 -1.796598 0.182959
v -1.441000 -1.796598 0.182959
v -1.216000 -1.844480 0.189263
v -1.441000 -1.844480 0.189263
v -1.216000 -1.889098 0.207745
v -1.441000 -1.889098 0.207745
v -1.216000 -1.927413 0.237145
v -1.441000 -1.927413 0.237145
v -1.216000 -1.956813 0.275459
v -1.441000 -1.956813 0.275459
v -1.216000 -1.975294 0.320078
v -1.441000 -1.975294 0.320078
v -1.216000 -1.981598 0.367959
v -1.441000 -1.981598 0.367959
v -1.216000 -1.975294 0.415841
v -1.441000 -1.975294 0.415841
v -1.216000 -1.956813 0.460459
v -1.441000 -1.956813 0.460459
v -1.216000 -1.927413 0.498774
v -1.441000 -1.927413 0.498774
v -1.216000 -1.889098 0.528174
v -1.441000 -1.889098 0.528174
v -1.216000 -1.844480 0.546656
v -1.441000 -1.844480 0.546656
v -1.216000 -1.796598 0.552959
v -1.441000 -1.796598 0.552959
v -1.216000 -1.748717 0.546656
v -1.441000 -1.748717 0.546656
v -1.216000 -1.704098 0.528174
v -1.441000 -1.704098 0.528174
v -1.216000 -1.665783 0.498774
v -1.441000 -1.665783 0.498774
v -1.216000 -1.636383 0.460459
v -1.441000 -1.636383 0.460459
v -1.216000 -1.617902 0.415841
v -1.441000 -1.617902 0.415841
v -1.216000 -1.611598 0.367959
v -1.441000 -1.611598 0.367959
v -1.216000 -1.617902 0.320078
v -1.441000 -1.617902 0.320078
v -1.216000 -1.636383 0.275459
v -1.441000 -1.636383 0.275459
v -1.216000 -1.665783 0.237145
v -1.441000 -1.665783 0.237145
v -1.216000 -1.704098 0.207745
v -1.441000 -1.704098 0.207745
v -1.441000 3.117020 1.209263
v -1.216000 3.117020 1.209263
v -1.441000 3.164902 1.202960
v -1.216000 3.164902 1.202960
v -1.441000 3.212783 1.209263
v -1.216000 3.212783 1.209263
v -1.441000 3.257402 1.227745
v -1.216000 3.257402 1.227745
v -1.441000 3.295717 1.257145
v -1.216000 3.295717 1.257145
v -1.441000 3.325117 1.295460
v -1.216000 3.325117 1.295460
v -1.441000 3.343598 1.340078
v -1.216000 3.343598 1.340078
v -1.441000 3.349902 1.387960
v -1.216000 3.349902 1.387960
v -1.441000 3.343598 1.435841
v -1.216000 3.343598 1.435841
v -1.441000 3.325117 1.480460
v -1.216000 3.325117 1.480460
v -1.441000 3.295717 1.518774
v -1.216000 3.295717 1.518774
v -1.441000 3.257402 1.548174
v -1.216000 3.257402 1.548174
v -1.441000 3.212783 1.566656
v -1.216000 3.212783 1.566656
v -1.441000 3.164902 1.572960
v -1.216000 3.164902 1.572960
v -1.441000 3.117020 1.566656
v -1.216000 3.117020 1.566656
v -1.441000 3.072402 1.548174
v -1.216000 3.072402 1.548174
v -1.441000 3.034087 1.518774
v -1.216000 3.034087 1.518774
v -1.441000 3.004687 1.480460
v -1.216000 3.004687 1.480460
v -1.441000 2.986206 1.435841
v -1.216000 2.986206 1.435841
v -1.441000 2.979902 1.387960
v -1.216000 2.979902 1.387960
v -1.441000 2.986206 1.340078
v -1.216000 2.986206 1.340078
v -1.441000 3.004687 1.295460
v -1.216000 3.004687 1.295460
v -1.441000 3.034087 1.257145
v -1.216000 3.034087 1.257145
v -1.441000 3.072402 1.227745
v -1.216000 3.072402 1.227745
v -1.441000 3.127070 0.189263
v -1.216000 3.127070 0.189263
v -1.441000 3.174952 0.182960
v -1.216000 3.174952 0.182960
v -1.441000 3.222834 0.189263
v -1.216000 3.222834 0.189263
v -1.441000 3.267452 0.207745
v -1.216000 3.267452 0.207745
v -1.441000 3.305767 0.237145
v -1.216000 3.305767 0.237145
v -1.441000 3.335167 0.275460
v -1.216000 3.335167 0.275460
v -1.441000 3.353648 0.320078
v -1.216000 3.353648 0.320078
v -1.441000 3.359952 0.367960
v -1.216000 3.359952 0.367960
v -1.441000 3.353648 0.415841
v -1.216000 3.353648 0.415841
v -1.441000 3.335167 0.460460
v -1.216000 3.335167 0.460460
v -1.441000 3.305767 0.498774
v -1.216000 3.305767 0.498774
v -1.441000 3.267452 0.528174
v -1.216000 3.267452 0.528174
v -1.441000 3.222834 0.546656
v -1.216000 3.222834 0.546656
v -1.441000 3.174952 0.552960
v -1.216000 3.174952 0.552960
v -1.441000 3.127070 0.546656
v -1.216000 3.127070 0.546656
v -1.441000 3.082452 0.528174
v -1.216000 3.082452 0.528174
v -1.441000 3.044137 0.498774
v -1.216000 3.044137 0.498774
v -1.441000 3.014737 0.460460
v -1.216000 3.014737 0.460460
v -1.441000 2.996256 0.415841
v -1.216000 2.996256 0.415841
v -1.441000 2.989952 0.367960
v -1.216000 2.989952 0.367960
v -1.441000 2.996256 0.320078
v -1.216000 2.996256 0.320078
v -1.441000 3.014737 0.275460
v -1.216000 3.014737 0.275460
v -1.441000 3.044137 0.237145
v -1.216000 3.044137 0.237145
v -1.441000 3.082452 0.207745
v -1.216000 3.082452 0.207745
v 1.859000 1.811079 0.544071
v 1.859000 1.849902 0.538959
v 1.859000 1.888725 0.544071
v 1.859000 1.924902 0.559056
v 1.859000 1.955968 0.582893
v 1.859000 1.979806 0.613959
v 1.859000 1.994791 0.650137
v 1.859000 1.999902 0.688959
v 1.859000 1.994791 0.727782
v 1.859000 1.979806 0.763959
v 1.859000 1.955968 0.795025
v 1.859000 1.924902 0.818863
v 1.859000 1.888725 0.833848
v 1.859000 1.849902 0.838959
v 1.859000 1.811079 0.833848
v 1.859000 1.774902 0.818863
v 1.859000 1.743836 0.795025
v 1.859000 1.719998 0.763959
v 1.859000 1.705013 0.727782
v 1.859000 1.699902 0.688959
v 1.859000 1.705013 0.650137
v 1.859000 1.719998 0.613959
v 1.859000 1.743836 0.582893
v 1.859000 1.774902 0.559056
v 1.859000 0.193065 0.544071
v 1.859000 0.231888 0.538960
v 1.859000 0.270711 0.544071
v 1.859000 0.306888 0.559056
v 1.859000 0.337954 0.582894
v 1.859000 0.361792 0.613960
v 1.859000 0.376777 0.650137
v 1.859000 0.381888 0.688960
v 1.859000 0.376777 0.727782
v 1.859000 0.361792 0.763960
v 1.859000 0.337954 0.795026
v 1.859000 0.306888 0.818863
v 1.859000 0.270711 0.833848
v 1.859000 0.231888 0.838960
v 1.859000 0.193065 0.833848
v 1.859000 0.156888 0.818863
v 1.859000 0.125822 0.795026
v 1.859000 0.101984 0.763960
v 1.859000 0.086999 0.727782
v 1.859000 0.081888 0.688960
v 1.859000 0.086999 0.650137
v 1.859000 0.101984 0.613960
v 1.859000 0.125822 0.582894
v 1.859000 0.156888 0.559056
v 1.859000 -0.536921 1.269613
v 1.859000 -0.498098 1.264502
v 1.859000 -0.459275 1.269613
v 1.859000 -0.423098 1.284598
v 1.859000 -0.392032 1.308436
v 1.859000 -0.368194 1.339502
v 1.859000 -0.353209 1.375679
v 1.859000 -0.348098 1.414502
v 1.859000 -0.353209 1.453325
v 1.859000 -0.368194 1.489502
v 1.859000 -0.392032 1.520568
v 1.859000 -0.423098 1.544406
v 1.859000 -0.459275 1.559391
v 1.859000 -0.498098 1.564502
v 1.859000 -0.536921 1.559391
v 1.859000 -0.573098 1.544406
v 1.859000 -0.604164 1.520568
v 1.859000 -0.628002 1.489502
v 1.859000 -0.642987 1.453325
v 1.859000 -0.648098 1.414502
v 1.859000 -0.642987 1.375679
v 1.859000 -0.628002 1.339502
v 1.859000 -0.604164 1.308436
v 1.859000 -0.573098 1.284598
v 1.859000 -0.536921 -0.190387
v 1.859000 -0.498098 -0.195498
v 1.859000 -0.459275 -0.190387
v 1.859000 -0.423098 -0.175402
v 1.859000 -0.392032 -0.151564
v 1.859000 -0.368194 -0.120498
v 1.859000 -0.353209 -0.084321
v 1.859000 -0.348098 -0.045498
v 1.859000 -0.353209 -0.006675
v 1.859000 -0.368194 0.029502
v 1.859000 -0.392032 0.060568
v 1.859000 -0.423098 0.084406
v 1.859000 -0.459275 0.099391
v 1.859000 -0.498098 0.104502
v 1.859000 -0.536921 0.099391
v 1.859000 -0.573098 0.084406
v 1.859000 -0.604164 0.060568
v 1.859000 -0.628002 0.029502
v 1.859000 -0.642987 -0.006675
v 1.859000 -0.648098 -0.045498
v 1.859000 -0.642987 -0.084321
v 1.859000 -0.628002 -0.120498
v 1.859000 -0.604164 -0.151564
v 1.859000 -0.573098 -0.175402
v 1.859000 2.541079 0.544071
v 1.859000 2.579902 0.538960
v 1.859000 2.618725 0.544071
v 1.859000 2.654902 0.559056
v 1.859000 2.685968 0.582893
v 1.859000 2.709806 0.613960
v 1.859000 2.724791 0.650137
v 1.859000 2.729902 0.688960
v 1.859000 2.724791 0.727782
v 1.859000 2.709806 0.763960
v 1.859000 2.685968 0.795026
v 1.859000 2.654902 0.818863
v 1.859000 2.618725 0.833848
v 1.859000 2.579902 0.838960
v 1.859000 2.541079 0.833848
v 1.859000 2.504902 0.818863
v 1.859000 2.473836 0.795026
v 1.859000 2.449998 0.763960
v 1.859000 2.435013 0.727782
v 1.859000 2.429902 0.688960
v 1.859000 2.435013 0.650137
v 1.859000 2.449998 0.613960
v 1.859000 2.473836 0.582893
v 1.859000 2.504902 0.559056
v 1.859000 1.811079 1.274071
v 1.859000 1.849902 1.268959
v 1.859000 1.888725 1.274071
v 1.859000 1.924902 1.289056
v 1.859000 1.955968 1.312893
v 1.859000 1.979806 1.343959
v 1.859000 1.994791 1.380137
v 1.859000 1.999902 1.418959
v 1.859000 1.994791 1.457782
v 1.859000 1.979806 1.493959
v 1.859000 1.955968 1.525025
v 1.859000 1.924902 1.548863
v 1.859000 1.888725 1.563848
v 1.859000 1.849902 1.568959
v 1.859000 1.811079 1.563848
v 1.859000 1.774902 1.548863
v 1.859000 1.743836 1.525025
v 1.859000 1.719998 1.493959
v 1.859000 1.705013 1.457782
v 1.859000 1.699902 1.418959
v 1.859000 1.705013 1.380137
v 1.859000 1.719998 1.343959
v 1.859000 1.743836 1.312893
v 1.859000 1.774902 1.289056
v 1.859000 -1.266908 0.544071
v 1.859000 -1.228085 0.538960
v 1.859000 -1.189262 0.544071
v 1.859000 -1.153085 0.559056
v 1.859000 -1.122019 0.582894
v 1.859000 -1.098181 0.613960
v 1.859000 -1.083196 0.650137
v 1.859000 -1.078085 0.688960
v 1.859000 -1.083196 0.727783
v 1.859000 -1.098181 0.763960
v 1.859000 -1.122019 0.795026
v 1.859000 -1.153085 0.818863
v 1.859000 -1.189262 0.833849
v 1.859000 -1.228085 0.838960
v 1.859000 -1.266908 0.833849
v 1.859000 -1.303085 0.818863
v 1.859000 -1.334151 0.795026
v 1.859000 -1.357988 0.763960
v 1.859000 -1.372974 0.727783
v 1.859000 -1.378085 0.688960
v 1.859000 -1.372974 0.650137
v 1.859000 -1.357988 0.613960
v 1.859000 -1.334151 0.582894
v 1.859000 -1.303085 0.559056
v 1.859000 -0.536921 0.539613
v 1.859000 -0.498098 0.534502
v 1.859000 -0.459275 0.539613
v 1.859000 -0.423098 0.554598
v 1.859000 -0.392032 0.578436
v 1.859000 -0.368194 0.609502
v 1.859000 -0.353209 0.645679
v 1.859000 -0.348098 0.684502
v 1.859000 -0.353209 0.723325
v 1.859000 -0.368194 0.759502
v 1.859000 -0.392032 0.790568
v 1.859000 -0.423098 0.814406
v 1.859000 -0.459275 0.829391
v 1.859000 -0.498098 0.834502
v 1.859000 -0.536921 0.829391
v 1.859000 -0.573098 0.814406
v 1.859000 -0.604164 0.790568
v 1.859000 -0.628002 0.759502
v 1.859000 -0.642987 0.723325
v 1.859000 -0.648098 0.684502
v 1.859000 -0.642987 0.645679
v 1.859000 -0.628002 0.609502
v 1.859000 -0.604164 0.578436
v 1.859000 -0.573098 0.554598
v 1.859000 1.081079 0.544071
v 1.859000 1.119902 0.538960
v 1.859000 1.158725 0.544071
v 1.859000 1.194902 0.559056
v 1.859000 1.225968 0.582894
v 1.859000 1.249806 0.613960
v 1.859000 1.264791 0.650137
v 1.859000 1.269902 0.688960
v 1.859000 1.264791 0.727782
v 1.859000 1.249806 0.763960
v 1.859000 1.225968 0.795026
v 1.859000 1.194902 0.818863
v 1.859000 1.158725 0.833848
v 1.859000 1.119902 0.838960
v 1.859000 1.081079 0.833848
v 1.859000 1.044902 0.818863
v 1.859000 1.013836 0.795026
v 1.859000 0.989998 0.763960
v 1.859000 0.975013 0.727782
v 1.859000 0.969902 0.688960
v 1.859000 0.975013 0.650137
v 1.859000 0.989998 0.613960
v 1.859000 1.013836 0.582894
v 1.859000 1.044902 0.559056
v 1.859000 1.811079 -0.185929
v 1.859000 1.849902 -0.191041
v 1.859000 1.888725 -0.185929
v 1.859000 1.924902 -0.170944
v 1.859000 1.955968 -0.147107
v 1.859000 1.979806 -0.116041
v 1.859000 1.994791 -0.079863
v 1.859000 1.999902 -0.041041
v 1.859000 1.994791 -0.002218
v 1.859000 1.979806 0.033959
v 1.859000 1.955968 0.065025
v 1.859000 1.924902 0.088863
v 1.859000 1.888725 0.103848
v 1.859000 1.849902 0.108959
v 1.859000 1.811079 0.103848
v 1.859000 1.774902 0.088863
v 1.859000 1.743836 0.065025
v 1.859000 1.719998 0.033959
v 1.859000 1.705013 -0.002218
v 1.859000 1.699902 -0.041041
v 1.859000 1.705013 -0.079863
v 1.859000 1.719998 -0.116041
v 1.859000 1.743836 -0.147107
v 1.859000 1.774902 -0.170944
v 1.859000 -1.428098 1.641959
v 1.859000 -1.421283 1.693723
v 1.859000 -1.401303 1.741959
v 1.859000 -1.369520 1.783381
v 1.859000 -1.328098 1.815165
v 1.859000 -1.279862 1.835145
v 1.859000 -1.228098 1.841959
v 1.859000 2.594902 1.841959
v 1.859000 2.794902 1.641959
v 1.859000 2.788087 1.693723
v 1.859000 2.768107 1.741959
v 1.859000 2.736323 1.783381
v 1.859000 2.694902 1.815165
v 1.859000 2.646666 1.835145
v -1.216000 -1.428098 1.641959
v -1.441000 -1.428098 1.641959
v -1.216000 -1.434913 1.693723
v -1.441000 -1.434913 1.693723
v -1.216000 -1.454893 1.741959
v -1.441000 -1.454893 1.741959
v -1.216000 -1.486677 1.783381
v -1.441000 -1.486677 1.783381
v -1.216000 -1.528098 1.815165
v -1.441000 -1.528098 1.815165
v -1.216000 -1.576334 1.835145
v -1.441000 -1.576334 1.835145
v -1.216000 -1.628098 1.841959
v -1.441000 -1.628098 1.841959
v -1.216000 -2.293098 1.641959
v -1.216000 -2.193098 1.815165
v -1.216000 -2.144862 1.835145
v -1.216000 -2.093098 1.841959
v -1.216000 -1.428098 -0.458041
v -1.216000 -2.293098 -0.458041
v -1.216000 -2.234520 1.783381
v -1.216000 -2.266303 1.741959
v -1.216000 -2.286283 1.693723
v -1.441000 -2.093098 1.841959
v -1.441000 -2.293098 1.641959
v -1.441000 -2.286283 1.693723
v -1.441000 -2.266303 1.741959
v -1.441000 -2.234520 1.783381
v -1.441000 -2.193098 1.815165
v -1.441000 -2.144862 1.835145
v -1.441000 2.794902 1.641959
v -1.216000 2.794902 1.641959
v -1.441000 2.801717 1.693723
v -1.216000 2.801717 1.693723
v -1.441000 2.821697 1.741959
v -1.216000 2.821697 1.741959
v -1.441000 2.853481 1.783381
v -1.216000 2.853481 1.783381
v -1.441000 2.894902 1.815165
v -1.216000 2.894902 1.815165
v -1.441000 2.943138 1.835145
v -1.216000 2.943138 1.835145
v -1.441000 2.994902 1.841959
v -1.216000 2.994902 1.841959
v -1.216000 2.794902 -0.458041
v -1.441000 2.794902 -0.483041
v -1.382421 2.794902 -0.624462
v -1.414205 2.794902 -0.583041
v -1.434185 2.794902 -0.534804
v -1.341000 2.794902 -0.656246
v -1.292764 2.794902 -0.676226
v -1.241000 2.794902 -0.683041
v -0.901000 2.794902 -0.683041
v -0.901000 2.794902 -0.458041
v -1.441000 3.659902 1.641959
v -1.441000 3.659902 -0.483041
v -1.441000 3.559902 1.815165
v -1.441000 3.601323 1.783381
v -1.441000 3.459902 1.841959
v -1.441000 3.511666 1.835145
v -1.441000 3.633107 1.741959
v -1.441000 3.653087 1.693723
v -1.659000 -1.213098 -0.683041
v -1.659000 -1.213098 -0.458041
v -1.710764 -1.206283 -0.683041
v -1.710764 -1.206283 -0.458041
v -1.759000 -1.186303 -0.683041
v -1.759000 -1.186303 -0.458041
v -1.800421 -1.154520 -0.683041
v -1.800421 -1.154520 -0.458041
v -1.832205 -1.113098 -0.683041
v -1.832205 -1.113098 -0.458041
v -1.852185 -1.064862 -0.683041
v -1.852185 -1.064862 -0.458041
v -1.859000 -1.013098 -0.683041
v -1.859000 -1.013098 -0.458041
v -1.859000 2.379902 -0.458041
v -1.859000 2.379902 -0.683041
v -0.901000 -1.213098 -0.458041
v -0.901000 -1.428098 -0.458041
v 1.014000 -1.428098 -0.458041
v 1.014000 -2.093098 -0.458041
v 0.814000 -2.293098 -0.458041
v 0.865764 -2.286283 -0.458041
v 0.814000 3.659902 -0.458041
v -1.216000 3.659902 -0.458041
v 1.014000 3.459902 -0.458041
v 1.014000 2.794902 -0.458041
v -1.659000 2.579902 -0.458041
v -0.901000 2.579902 -0.458041
v 1.007185 3.511666 -0.458041
v 0.987205 3.559902 -0.458041
v 0.955421 3.601323 -0.458041
v 0.914000 3.633107 -0.458041
v 0.865764 3.653087 -0.458041
v -1.710764 2.573087 -0.458041
v -1.759000 2.553107 -0.458041
v -1.800421 2.521323 -0.458041
v -1.832205 2.479902 -0.458041
v -1.852185 2.431666 -0.458041
v 0.914000 -2.266303 -0.458041
v 0.955421 -2.234520 -0.458041
v 0.987205 -2.193098 -0.458041
v 1.007185 -2.144862 -0.458041
v 1.014000 -2.093098 -0.683041
v 1.007185 -2.144862 -0.683041
v 0.987205 -2.193098 -0.683041
v 0.955421 -2.234520 -0.683041
v 0.914000 -2.266303 -0.683041
v 0.865764 -2.286283 -0.683041
v 0.814000 -2.293098 -0.683041
v 1.014000 -1.428098 -0.683041
v -0.901000 -1.428098 -0.683041
v -1.241000 -2.293098 -0.683041
v -1.241000 -1.428098 -0.683041
v 0.814000 3.659902 -0.683041
v -1.241000 3.659902 -0.683041
v 1.014000 2.794902 -0.683041
v 1.014000 3.459902 -0.683041
v -0.901000 2.579902 -0.683041
v -1.659000 2.579902 -0.683041
v -0.901000 -1.213098 -0.683041
v -1.852185 2.431666 -0.683041
v -1.832205 2.479902 -0.683041
v -1.800421 2.521323 -0.683041
v -1.759000 2.553107 -0.683041
v -1.710764 2.573087 -0.683041
v 0.865764 3.653087 -0.683041
v 0.914000 3.633107 -0.683041
v 0.955421 3.601323 -0.683041
v 0.987205 3.559902 -0.683041
v 1.007185 3.511666 -0.683041
v -1.292764 -2.293098 -0.676226
v -1.292764 -1.428098 -0.676226
v -1.341000 -1.428098 -0.656246
v -1.341000 -2.293098 -0.656246
v -1.382421 -1.428098 -0.624462
v -1.382421 -2.293098 -0.624462
v -1.414205 -1.428098 -0.583041
v -1.414205 -2.293098 -0.583041
v -1.434185 -1.428098 -0.534804
v -1.434185 -2.293098 -0.534804
v -1.441000 -1.428098 -0.483041
v -1.441000 -2.293098 -0.483041
v -1.292764 3.659902 -0.676226
v -1.341000 3.659902 -0.656246
v -1.382421 3.659902 -0.624462
v -1.414205 3.659902 -0.583041
v -1.434185 3.659902 -0.534804
v -1.216000 3.659902 1.641959
v -1.216000 3.653087 1.693723
v -1.216000 3.633107 1.741959
v -1.216000 3.601323 1.783381
v -1.216000 3.559902 1.815165
v -1.216000 3.511666 1.835145
v -1.216000 3.459902 1.841959
usemtl Steel_-_Satin
f 1 2 3
f 3 2 4
f 3 4 5
f 5 4 6
f 5 6 7
f 3 8 1
f 1 8 9
f 1 9 10
f 10 9 11
f 10 11 12
f 12 11 13
f 12 13 14
f 14 13 15
f 14 15 16
f 16 15 17
f 16 17 18
f 18 17 19
f 18 19 20
f 20 19 21
f 20 21 22
f 22 21 23
f 22 23 24
f 24 23 25
f 24 25 26
f 26 25 27
f 26 27 28
f 28 27 29
f 29 27 30
f 29 30 31
f 31 30 32
f 31 32 33
f 33 32 34
f 33 34 35
f 35 34 36
f 35 36 37
f 37 36 38
f 37 38 39
f 39 38 40
f 39 40 41
f 41 40 42
f 41 42 43
f 43 42 44
f 43 44 2
f 2 44 45
f 2 45 4
f 4 45 46
f 4 46 6
f 6 46 47
f 6 47 7
f 7 47 48
f 7 48 49
f 8 3 50
f 50 3 5
f 50 5 49
f 49 5 7
f 51 52 53
f 53 52 54
f 53 54 55
f 55 54 56
f 55 56 57
f 57 56 58
f 57 58 59
f 59 58 60
f 59 60 61
f 61 60 62
f 61 62 63
f 63 62 64
f 63 64 65
f 65 64 66
f 65 66 67
f 67 66 68
f 67 68 69
f 69 68 70
f 69 70 71
f 71 70 72
f 71 72 73
f 73 72 74
f 73 74 75
f 75 74 76
f 75 76 77
f 77 76 78
f 77 78 79
f 79 78 80
f 79 80 81
f 81 80 82
f 81 82 83
f 83 82 84
f 83 84 85
f 85 84 86
f 85 86 87
f 87 86 88
f 87 88 89
f 89 88 90
f 89 90 91
f 91 90 92
f 91 92 93
f 93 92 94
f 93 94 95
f 95 94 96
f 95 96 97
f 97 96 98
f 97 98 51
f 51 98 52
f 99 100 101
f 101 100 102
f 101 102 103
f 103 102 104
f 103 104 105
f 105 104 106
f 105 106 107
f 107 106 108
f 107 108 109
f 109 108 110
f 109 110 111
f 111 110 112
f 111 112 113
f 113 112 114
f 113 114 115
f 115 114 116
f 115 116 117
f 117 116 118
f 117 118 119
f 119 118 120
f 119 120 121
f 121 120 122
f 121 122 123
f 123 122 124
f 123 124 125
f 125 124 126
f 125 126 127
f 127 126 128
f 127 128 129
f 129 128 130
f 129 130 131
f 131 130 132
f 131 132 133
f 133 132 134
f 133 134 135
f 135 134 136
f 135 136 137
f 137 136 138
f 137 138 139
f 139 138 140
f 139 140 141
f 141 140 142
f 141 142 143
f 143 142 144
f 143 144 145
f 145 144 146
f 145 146 99
f 99 146 100
f 147 148 149
f 149 148 150
f 149 150 151
f 151 150 152
f 151 152 153
f 153 152 154
f 153 154 155
f 155 154 156
f 155 156 157
f 157 156 158
f 157 158 159
f 159 158 160
f 159 160 161
f 161 160 162
f 161 162 163
f 163 162 164
f 163 164 165
f 165 164 166
f 165 166 167
f 167 166 168
f 167 168 169
f 169 168 170
f 169 170 171
f 171 170 172
f 171 172 173
f 173 172 174
f 173 174 175
f 175 174 176
f 175 176 177
f 177 176 178
f 177 178 179
f 179 178 180
f 179 180 181
f 181 180 182
f 181 182 183
f 183 182 184
f 183 184 185
f 185 184 186
f 185 186 187
f 187 186 188
f 187 188 189
f 189 188 190
f 189 190 191
f 191 190 192
f 191 192 193
f 193 192 194
f 193 194 147
f 147 194 148
f 195 196 197
f 197 196 198
f 197 198 199
f 199 198 200
f 199 200 201
f 201 200 202
f 201 202 203
f 203 202 204
f 203 204 205
f 205 204 206
f 205 206 207
f 207 206 208
f 207 208 209
f 209 208 210
f 209 210 211
f 211 210 212
f 211 212 213
f 213 212 214
f 213 214 215
f 215 214 216
f 215 216 217
f 217 216 218
f 217 218 219
f 219 218 220
f 219 220 221
f 221 220 222
f 221 222 223
f 223 222 224
f 223 224 225
f 225 224 226
f 225 226 227
f 227 226 228
f 227 228 229
f 229 228 230
f 229 230 231
f 231 230 232
f 231 232 233
f 233 232 234
f 233 234 235
f 235 234 236
f 235 236 237
f 237 236 238
f 237 238 239
f 239 238 240
f 239 240 241
f 241 240 242
f 241 242 195
f 195 242 196
f 243 244 245
f 245 244 246
f 245 246 247
f 247 246 248
f 247 248 249
f 249 248 250
f 249 250 251
f 251 250 252
f 251 252 253
f 253 252 254
f 253 254 255
f 255 254 256
f 255 256 257
f 257 256 258
f 257 258 259
f 259 258 260
f 259 260 261
f 261 260 262
f 261 262 263
f 263 262 264
f 263 264 265
f 265 264 266
f 265 266 267
f 267 266 268
f 267 268 269
f 269 268 270
f 269 270 271
f 271 270 272
f 271 272 273
f 273 272 274
f 273 274 275
f 275 274 276
f 275 276 277
f 277 276 278
f 277 278 279
f 279 278 280
f 279 280 281
f 281 280 282
f 281 282 283
f 283 282 284
f 283 284 285
f 285 284 286
f 285 286 287
f 287 286 288
f 287 288 289
f 289 288 290
f 289 290 243
f 243 290 244
f 291 292 293
f 293 292 294
f 293 294 295
f 295 294 296
f 295 296 297
f 297 296 298
f 297 298 299
f 299 298 300
f 299 300 301
f 301 300 302
f 301 302 303
f 303 302 304
f 303 304 305
f 305 304 306
f 305 306 307
f 307 306 308
f 307 308 309
f 309 308 310
f 309 310 311
f 311 310 312
f 311 312 313
f 313 312 314
f 313 314 315
f 315 314 316
f 315 316 317
f 317 316 318
f 317 318 319
f 319 318 320
f 319 320 321
f 321 320 322
f 321 322 323
f 323 322 324
f 323 324 325
f 325 324 326
f 325 326 327
f 327 326 328
f 327 328 329
f 329 328 330
f 329 330 331
f 331 330 332
f 331 332 333
f 333 332 334
f 333 334 335
f 335 334 336
f 335 336 337
f 337 336 338
f 337 338 291
f 291 338 292
f 339 340 341
f 341 340 342
f 341 342 343
f 343 342 344
f 343 344 345
f 345 344 346
f 345 346 347
f 347 346 348
f 347 348 349
f 349 348 350
f 349 350 351
f 351 350 352
f 351 352 353
f 353 352 354
f 353 354 355
f 355 354 356
f 355 356 357
f 357 356 358
f 357 358 359
f 359 358 360
f 359 360 361
f 361 360 362
f 361 362 363
f 363 362 364
f 363 364 365
f 365 364 366
f 365 366 367
f 367 366 368
f 367 368 369
f 369 368 370
f 369 370 371
f 371 370 372
f 371 372 373
f 373 372 374
f 373 374 375
f 375 374 376
f 375 376 377
f 377 376 378
f 377 378 379
f 379 378 380
f 379 380 381
f 381 380 382
f 381 382 383
f 383 382 384
f 383 384 385
f 385 384 386
f 385 386 339
f 339 386 340
f 387 388 389
f 389 388 390
f 389 390 391
f 391 390 392
f 391 392 393
f 393 392 394
f 393 394 395
f 395 394 396
f 395 396 397
f 397 396 398
f 397 398 399
f 399 398 400
f 399 400 401
f 401 400 402
f 401 402 403
f 403 402 404
f 403 404 405
f 405 404 406
f 405 406 407
f 407 406 408
f 407 408 409
f 409 408 410
f 409 410 411
f 411 410 412
f 411 412 413
f 413 412 414
f 413 414 415
f 415 414 416
f 415 416 417
f 417 416 418
f 417 418 419
f 419 418 420
f 419 420 421
f 421 420 422
f 421 422 423
f 423 422 424
f 423 424 425
f 425 424 426
f 425 426 427
f 427 426 428
f 427 428 429
f 429 428 430
f 429 430 431
f 431 430 432
f 431 432 433
f 433 432 434
f 433 434 387
f 387 434 388
f 435 436 437
f 437 436 438
f 437 438 439
f 439 438 440
f 439 440 441
f 441 440 442
f 441 442 443
f 443 442 444
f 443 444 445
f 445 444 446
f 445 446 447
f 447 446 448
f 447 448 449
f 449 448 450
f 449 450 451
f 451 450 452
f 451 452 453
f 453 452 454
f 453 454 455
f 455 454 456
f 455 456 457
f 457 456 458
f 457 458 459
f 459 458 460
f 459 460 461
f 461 460 462
f 461 462 463
f 463 462 464
f 463 464 465
f 465 464 466
f 465 466 467
f 467 466 468
f 467 468 469
f 469 468 470
f 469 470 471
f 471 470 472
f 471 472 473
f 473 472 474
f 473 474 475
f 475 474 476
f 475 476 477
f 477 476 478
f 477 478 479
f 479 478 480
f 479 480 481
f 481 480 482
f 481 482 435
f 435 482 436
f 483 484 485
f 485 484 486
f 485 486 487
f 487 486 488
f 487 488 489
f 489 488 490
f 489 490 491
f 491 490 492
f 491 492 493
f 493 492 494
f 493 494 495
f 495 494 496
f 495 496 497
f 497 496 498
f 497 498 499
f 499 498 500
f 499 500 501
f 501 500 502
f 501 502 503
f 503 502 504
f 503 504 505
f 505 504 506
f 505 506 507
f 507 506 508
f 507 508 509
f 509 508 510
f 509 510 511
f 511 510 512
f 511 512 513
f 513 512 514
f 513 514 515
f 515 514 516
f 515 516 517
f 517 516 518
f 517 518 519
f 519 518 520
f 519 520 521
f 521 520 522
f 521 522 523
f 523 522 524
f 523 524 525
f 525 524 526
f 525 526 527
f 527 526 528
f 527 528 529
f 529 528 530
f 529 530 483
f 483 530 484
f 531 532 533
f 533 532 534
f 533 534 535
f 535 534 536
f 535 536 537
f 537 536 538
f 537 538 539
f 539 538 540
f 539 540 541
f 541 540 542
f 541 542 543
f 543 542 544
f 543 544 545
f 545 544 546
f 545 546 547
f 547 546 548
f 547 548 549
f 549 548 550
f 549 550 551
f 551 550 552
f 551 552 553
f 553 552 554
f 553 554 555
f 555 554 556
f 555 556 557
f 557 556 558
f 557 558 559
f 559 558 560
f 559 560 561
f 561 560 562
f 561 562 563
f 563 562 564
f 563 564 565
f 565 564 566
f 565 566 567
f 567 566 568
f 567 568 569
f 569 568 570
f 569 570 571
f 571 570 572
f 571 572 573
f 573 572 574
f 573 574 575
f 575 574 576
f 575 576 577
f 577 576 578
f 577 578 531
f 531 578 532
f 579 580 581
f 581 580 582
f 581 582 583
f 583 582 584
f 583 584 585
f 585 584 586
f 585 586 587
f 587 586 588
f 587 588 589
f 589 588 590
f 589 590 591
f 591 590 592
f 591 592 593
f 593 592 594
f 593 594 595
f 595 594 596
f 595 596 597
f 597 596 598
f 597 598 599
f 599 598 600
f 599 600 601
f 601 600 602
f 601 602 603
f 603 602 604
f 603 604 605
f 605 604 606
f 605 606 607
f 607 606 608
f 607 608 609
f 609 608 610
f 609 610 611
f 611 610 612
f 611 612 613
f 613 612 614
f 613 614 615
f 615 614 616
f 615 616 617
f 617 616 618
f 617 618 619
f 619 618 620
f 619 620 621
f 621 620 622
f 621 622 623
f 623 622 624
f 623 624 625
f 625 624 626
f 625 626 579
f 579 626 580
f 627 628 629
f 629 628 630
f 629 630 631
f 631 630 632
f 631 632 633
f 633 632 634
f 633 634 635
f 635 634 636
f 635 636 637
f 637 636 638
f 637 638 639
f 639 638 640
f 639 640 641
f 641 640 642
f 641 642 643
f 643 642 644
f 643 644 645
f 645 644 646
f 645 646 647
f 647 646 648
f 647 648 649
f 649 648 650
f 649 650 651
f 651 650 652
f 651 652 653
f 653 652 654
f 653 654 655
f 655 654 656
f 655 656 657
f 657 656 658
f 657 658 659
f 659 658 660
f 659 660 661
f 661 660 662
f 661 662 663
f 663 662 664
f 663 664 665
f 665 664 666
f 665 666 667
f 667 666 668
f 667 668 669
f 669 668 670
f 669 670 671
f 671 670 672
f 671 672 673
f 673 672 674
f 673 674 627
f 627 674 628
f 675 676 677
f 677 676 678
f 677 678 679
f 679 678 680
f 679 680 681
f 681 680 682
f 681 682 683
f 683 682 684
f 683 684 685
f 685 684 686
f 685 686 687
f 687 686 688
f 687 688 689
f 689 688 690
f 689 690 691
f 691 690 692
f 691 692 693
f 693 692 694
f 693 694 695
f 695 694 696
f 695 696 697
f 697 696 698
f 697 698 699
f 699 698 700
f 699 700 701
f 701 700 702
f 701 702 703
f 703 702 704
f 703 704 705
f 705 704 706
f 705 706 707
f 707 706 708
f 707 708 709
f 709 708 710
f 709 710 711
f 711 710 712
f 711 712 713
f 713 712 714
f 713 714 715
f 715 714 716
f 715 716 717
f 717 716 718
f 717 718 719
f 719 718 720
f 719 720 721
f 721 720 722
f 721 722 675
f 675 722 676
f 723 724 1
f 1 724 725
f 1 725 726
f 727 728 723
f 723 728 729
f 723 729 730
f 731 732 727
f 727 732 733
f 727 733 734
f 731 735 732
f 732 735 736
f 732 736 737
f 737 738 732
f 739 740 732
f 732 740 741
f 732 741 742
f 743 744 739
f 739 744 745
f 739 745 746
f 746 747 739
f 739 747 748
f 739 748 749
f 749 748 750
f 750 748 751
f 751 748 752
f 752 748 753
f 753 748 754
f 754 748 755
f 754 755 756
f 756 755 757
f 756 757 758
f 758 757 759
f 759 757 760
f 759 760 761
f 762 763 748
f 748 763 764
f 748 764 765
f 2 766 762
f 762 766 767
f 762 767 768
f 1 769 2
f 2 769 770
f 2 770 771
f 768 772 762
f 762 772 773
f 762 773 774
f 774 775 762
f 762 775 776
f 762 776 777
f 777 776 778
f 778 776 779
f 778 779 780
f 778 780 781
f 781 780 782
f 781 782 783
f 784 785 783
f 783 785 786
f 783 786 781
f 781 786 787
f 781 787 788
f 788 787 789
f 788 789 790
f 790 789 791
f 790 791 792
f 792 791 793
f 792 793 794
f 794 793 795
f 794 795 796
f 796 795 797
f 796 797 798
f 798 797 799
f 798 799 800
f 800 799 801
f 800 801 802
f 802 801 803
f 802 803 804
f 804 803 760
f 804 760 757
f 785 784 805
f 805 784 806
f 805 806 807
f 807 806 808
f 807 808 809
f 807 809 810
f 810 809 811
f 810 811 770
f 771 812 2
f 2 812 813
f 2 813 814
f 814 815 2
f 2 815 816
f 2 816 766
f 805 807 817
f 817 807 818
f 817 818 819
f 819 818 820
f 819 820 821
f 821 820 822
f 821 822 823
f 823 822 824
f 823 824 825
f 825 824 826
f 825 826 827
f 827 826 828
f 827 828 829
f 829 828 830
f 829 830 831
f 831 830 832
f 831 832 833
f 833 832 834
f 833 834 835
f 835 834 836
f 835 836 837
f 837 836 838
f 838 836 839
f 839 836 840
f 839 840 841
f 841 840 842
f 842 840 843
f 842 843 844
f 844 843 845
f 844 845 846
f 846 845 847
f 846 847 848
f 848 847 849
f 848 849 850
f 850 849 851
f 850 851 852
f 852 851 853
f 852 853 854
f 854 853 855
f 854 855 856
f 856 855 857
f 856 857 858
f 858 857 859
f 858 859 860
f 860 859 861
f 860 861 862
f 862 861 769
f 862 769 863
f 863 769 1
f 863 1 864
f 864 1 865
f 865 1 866
f 866 1 867
f 867 1 868
f 868 1 726
f 769 810 770
f 869 870 871
f 871 870 872
f 871 872 873
f 870 869 874
f 874 869 875
f 874 875 876
f 876 875 877
f 876 877 878
f 878 877 879
f 878 879 880
f 880 879 881
f 880 881 882
f 882 881 883
f 882 883 884
f 884 883 885
f 884 885 886
f 886 885 887
f 886 887 888
f 888 887 889
f 888 889 890
f 890 889 891
f 890 891 892
f 892 891 893
f 892 893 894
f 894 893 895
f 895 893 896
f 895 896 897
f 898 899 897
f 897 899 900
f 897 900 895
f 899 898 901
f 901 898 902
f 901 902 903
f 903 902 904
f 903 904 905
f 905 904 906
f 905 906 907
f 907 906 908
f 907 908 909
f 909 908 910
f 909 910 911
f 911 910 912
f 911 912 913
f 913 912 914
f 913 914 915
f 915 914 916
f 915 916 917
f 917 916 918
f 917 918 873
f 873 918 871
f 917 919 920
f 920 919 921
f 920 921 922
f 899 923 900
f 900 923 924
f 924 923 925
f 925 923 926
f 925 926 927
f 927 926 727
f 927 727 928
f 928 727 929
f 929 727 930
f 930 727 734
f 926 931 727
f 727 931 932
f 727 932 933
f 933 934 727
f 727 934 935
f 727 935 728
f 730 936 723
f 723 936 937
f 723 937 938
f 723 938 922
f 922 938 920
f 759 761 939
f 939 761 835
f 939 835 837
f 749 940 739
f 739 940 941
f 739 941 942
f 942 740 739
f 740 943 741
f 741 943 944
f 944 943 945
f 944 945 946
f 946 945 947
f 946 947 948
f 948 947 949
f 948 949 950
f 950 949 951
f 950 951 952
f 952 951 842
f 952 842 953
f 953 842 844
f 953 844 954
f 777 955 762
f 762 955 956
f 762 956 957
f 957 958 762
f 762 958 763
f 765 959 748
f 748 959 960
f 748 960 961
f 961 755 748
f 863 864 962
f 962 864 963
f 962 963 964
f 962 964 874
f 874 964 965
f 874 965 870
f 873 966 917
f 917 966 919
f 922 967 723
f 723 967 968
f 723 968 969
f 969 970 723
f 723 970 971
f 723 971 972
f 972 724 723
f 892 894 973
f 973 894 974
f 973 974 975
f 973 975 954
f 954 975 976
f 954 976 953
f 742 977 732
f 732 977 978
f 732 978 733
f 979 50 980
f 980 50 49
f 980 49 48
f 47 981 48
f 48 981 982
f 48 982 980
f 980 982 983
f 980 983 984
f 984 983 985
f 985 983 986
f 985 986 987
f 987 986 988
f 987 988 989
f 989 988 990
f 989 990 991
f 991 990 992
f 991 992 993
f 993 992 994
f 993 994 995
f 995 994 996
f 996 994 997
f 996 997 998
f 998 997 999
f 998 999 1000
f 1000 999 1001
f 1000 1001 1002
f 1002 1001 981
f 1002 981 1003
f 1003 981 47
f 1003 47 46
f 984 1004 980
f 980 1004 979
f 982 981 1005
f 1005 981 1001
f 1005 1001 1006
f 1006 1001 999
f 1006 999 1007
f 1007 999 997
f 1007 997 992
f 992 997 994
f 986 983 1005
f 1005 983 982
f 986 1005 1006
f 988 986 1006
f 988 1006 1007
f 990 988 1007
f 990 1007 992
f 1008 1009 1010
f 1010 1009 1011
f 1010 1011 1012
f 1012 1011 1013
f 1012 1013 1014
f 1014 1013 1015
f 1014 1015 1016
f 1016 1015 1017
f 1016 1017 1018
f 1018 1017 1019
f 1018 1019 1020
f 1020 1019 1021
f 1020 1021 1022
f 1022 1021 1023
f 1022 1023 1024
f 1024 1023 1025
f 1024 1025 1026
f 1026 1025 1027
f 1026 1027 1028
f 1028 1027 1029
f 1028 1029 1030
f 1030 1029 1031
f 1030 1031 1032
f 1032 1031 1033
f 1032 1033 1034
f 1034 1033 1035
f 1034 1035 1036
f 1036 1035 1037
f 1036 1037 1038
f 1038 1037 1039
f 1038 1039 1040
f 1040 1039 1041
f 1040 1041 1042
f 1042 1041 1043
f 1042 1043 1044
f 1044 1043 1045
f 1044 1045 1046
f 1046 1045 1047
f 1046 1047 1048
f 1048 1047 1049
f 1048 1049 1050
f 1050 1049 1051
f 1050 1051 1052
f 1052 1051 1053
f 1052 1053 1054
f 1054 1053 1055
f 1054 1055 1008
f 1008 1055 1009
f 1056 1057 1058
f 1058 1057 1059
f 1058 1059 1060
f 1060 1059 1061
f 1060 1061 1062
f 1062 1061 1063
f 1062 1063 1064
f 1064 1063 1065
f 1064 1065 1066
f 1066 1065 1067
f 1066 1067 1068
f 1068 1067 1069
f 1068 1069 1070
f 1070 1069 1071
f 1070 1071 1072
f 1072 1071 1073
f 1072 1073 1074
f 1074 1073 1075
f 1074 1075 1076
f 1076 1075 1077
f 1076 1077 1078
f 1078 1077 1079
f 1078 1079 1080
f 1080 1079 1081
f 1080 1081 1082
f 1082 1081 1083
f 1082 1083 1084
f 1084 1083 1085
f 1084 1085 1086
f 1086 1085 1087
f 1086 1087 1088
f 1088 1087 1089
f 1088 1089 1090
f 1090 1089 1091
f 1090 1091 1092
f 1092 1091 1093
f 1092 1093 1094
f 1094 1093 1095
f 1094 1095 1096
f 1096 1095 1097
f 1096 1097 1098
f 1098 1097 1099
f 1098 1099 1100
f 1100 1099 1101
f 1100 1101 1102
f 1102 1101 1103
f 1102 1103 1056
f 1056 1103 1057
f 1104 1105 1106
f 1106 1105 1107
f 1106 1107 1108
f 1108 1107 1109
f 1108 1109 1110
f 1110 1109 1111
f 1110 1111 1112
f 1112 1111 1113
f 1112 1113 1114
f 1114 1113 1115
f 1114 1115 1116
f 1116 1115 1117
f 1116 1117 1118
f 1118 1117 1119
f 1118 1119 1120
f 1120 1119 1121
f 1120 1121 1122
f 1122 1121 1123
f 1122 1123 1124
f 1124 1123 1125
f 1124 1125 1126
f 1126 1125 1127
f 1126 1127 1128
f 1128 1127 1129
f 1128 1129 1130
f 1130 1129 1131
f 1130 1131 1132
f 1132 1131 1133
f 1132 1133 1134
f 1134 1133 1135
f 1134 1135 1136
f 1136 1135 1137
f 1136 1137 1138
f 1138 1137 1139
f 1138 1139 1140
f 1140 1139 1141
f 1140 1141 1142
f 1142 1141 1143
f 1142 1143 1144
f 1144 1143 1145
f 1144 1145 1146
f 1146 1145 1147
f 1146 1147 1148
f 1148 1147 1149
f 1148 1149 1150
f 1150 1149 1151
f 1150 1151 1104
f 1104 1151 1105
f 1152 1153 1154
f 1154 1153 1155
f 1154 1155 1156
f 1156 1155 1157
f 1156 1157 1158
f 1158 1157 1159
f 1158 1159 1160
f 1160 1159 1161
f 1160 1161 1162
f 1162 1161 1163
f 1162 1163 1164
f 1164 1163 1165
f 1164 1165 1166
f 1166 1165 1167
f 1166 1167 1168
f 1168 1167 1169
f 1168 1169 1170
f 1170 1169 1171
f 1170 1171 1172
f 1172 1171 1173
f 1172 1173 1174
f 1174 1173 1175
f 1174 1175 1176
f 1176 1175 1177
f 1176 1177 1178
f 1178 1177 1179
f 1178 1179 1180
f 1180 1179 1181
f 1180 1181 1182
f 1182 1181 1183
f 1182 1183 1184
f 1184 1183 1185
f 1184 1185 1186
f 1186 1185 1187
f 1186 1187 1188
f 1188 1187 1189
f 1188 1189 1190
f 1190 1189 1191
f 1190 1191 1192
f 1192 1191 1193
f 1192 1193 1194
f 1194 1193 1195
f 1194 1195 1196
f 1196 1195 1197
f 1196 1197 1198
f 1198 1197 1199
f 1198 1199 1152
f 1152 1199 1153
f 1200 1201 1202
f 1202 1201 1203
f 1202 1203 1204
f 1204 1203 1205
f 1204 1205 1206
f 1206 1205 1207
f 1206 1207 1208
f 1208 1207 1209
f 1208 1209 1210
f 1210 1209 1211
f 1210 1211 1212
f 1212 1211 1213
f 1212 1213 1214
f 1214 1213 1215
f 1214 1215 1216
f 1216 1215 1217
f 1216 1217 1218
f 1218 1217 1219
f 1218 1219 1220
f 1220 1219 1221
f 1220 1221 1222
f 1222 1221 1223
f 1222 1223 1224
f 1224 1223 1225
f 1224 1225 1226
f 1226 1225 1227
f 1226 1227 1228
f 1228 1227 1229
f 1228 1229 1230
f 1230 1229 1231
f 1230 1231 1232
f 1232 1231 1233
f 1232 1233 1234
f 1234 1233 1235
f 1234 1235 1236
f 1236 1235 1237
f 1236 1237 1238
f 1238 1237 1239
f 1238 1239 1240
f 1240 1239 1241
f 1240 1241 1242
f 1242 1241 1243
f 1242 1243 1244
f 1244 1243 1245
f 1244 1245 1246
f 1246 1245 1247
f 1246 1247 1200
f 1200 1247 1201
f 1248 1249 1250
f 1250 1249 1251
f 1250 1251 1252
f 1252 1251 1253
f 1252 1253 1254
f 1254 1253 1255
f 1254 1255 1256
f 1256 1255 1257
f 1256 1257 1258
f 1258 1257 1259
f 1258 1259 1260
f 1260 1259 1261
f 1260 1261 1262
f 1262 1261 1263
f 1262 1263 1264
f 1264 1263 1265
f 1264 1265 1266
f 1266 1265 1267
f 1266 1267 1268
f 1268 1267 1269
f 1268 1269 1270
f 1270 1269 1271
f 1270 1271 1272
f 1272 1271 1273
f 1272 1273 1274
f 1274 1273 1275
f 1274 1275 1276
f 1276 1275 1277
f 1276 1277 1278
f 1278 1277 1279
f 1278 1279 1280
f 1280 1279 1281
f 1280 1281 1282
f 1282 1281 1283
f 1282 1283 1284
f 1284 1283 1285
f 1284 1285 1286
f 1286 1285 1287
f 1286 1287 1288
f 1288 1287 1289
f 1288 1289 1290
f 1290 1289 1291
f 1290 1291 1292
f 1292 1291 1293
f 1292 1293 1294
f 1294 1293 1295
f 1294 1295 1248
f 1248 1295 1249
f 1296 1297 1298
f 1298 1297 1299
f 1298 1299 1300
f 1300 1299 1301
f 1300 1301 1302
f 1302 1301 1303
f 1302 1303 1304
f 1304 1303 1305
f 1304 1305 1306
f 1306 1305 1307
f 1306 1307 1308
f 1308 1307 1309
f 1308 1309 1310
f 1310 1309 1311
f 1310 1311 1312
f 1312 1311 1313
f 1312 1313 1314
f 1314 1313 1315
f 1314 1315 1316
f 1316 1315 1317
f 1316 1317 1318
f 1318 1317 1319
f 1318 1319 1320
f 1320 1319 1321
f 1320 1321 1322
f 1322 1321 1323
f 1322 1323 1324
f 1324 1323 1325
f 1324 1325 1326
f 1326 1325 1327
f 1326 1327 1328
f 1328 1327 1329
f 1328 1329 1330
f 1330 1329 1331
f 1330 1331 1332
f 1332 1331 1333
f 1332 1333 1334
f 1334 1333 1335
f 1334 1335 1336
f 1336 1335 1337
f 1336 1337 1338
f 1338 1337 1339
f 1338 1339 1340
f 1340 1339 1341
f 1340 1341 1342
f 1342 1341 1343
f 1342 1343 1296
f 1296 1343 1297
f 1344 1345 1346
f 1346 1345 1347
f 1346 1347 1348
f 1348 1347 1349
f 1348 1349 1350
f 1350 1349 1351
f 1350 1351 1352
f 1352 1351 1353
f 1352 1353 1354
f 1354 1353 1355
f 1354 1355 1356
f 1356 1355 1357
f 1356 1357 1358
f 1358 1357 1359
f 1358 1359 1360
f 1360 1359 1361
f 1360 1361 1362
f 1362 1361 1363
f 1362 1363 1364
f 1364 1363 1365
f 1364 1365 1366
f 1366 1365 1367
f 1366 1367 1368
f 1368 1367 1369
f 1368 1369 1370
f 1370 1369 1371
f 1370 1371 1372
f 1372 1371 1373
f 1372 1373 1374
f 1374 1373 1375
f 1374 1375 1376
f 1376 1375 1377
f 1376 1377 1378
f 1378 1377 1379
f 1378 1379 1380
f 1380 1379 1381
f 1380 1381 1382
f 1382 1381 1383
f 1382 1383 1384
f 1384 1383 1385
f 1384 1385 1386
f 1386 1385 1387
f 1386 1387 1388
f 1388 1387 1389
f 1388 1389 1390
f 1390 1389 1391
f 1390 1391 1344
f 1344 1391 1345
f 805 1392 785
f 785 1392 1393
f 785 1393 786
f 786 1393 1394
f 786 1394 787
f 787 1394 1395
f 787 1395 789
f 789 1395 1396
f 789 1396 791
f 791 1396 1397
f 791 1397 793
f 793 1397 1398
f 793 1398 795
f 795 1398 1399
f 795 1399 797
f 797 1399 1400
f 797 1400 799
f 799 1400 1401
f 799 1401 801
f 801 1401 1402
f 801 1402 803
f 803 1402 1403
f 803 1403 760
f 760 1403 1404
f 760 1404 761
f 761 1404 1405
f 761 1405 835
f 835 1405 1406
f 835 1406 833
f 833 1406 1407
f 833 1407 831
f 831 1407 1408
f 831 1408 829
f 829 1408 1409
f 829 1409 827
f 827 1409 1410
f 827 1410 825
f 825 1410 1411
f 825 1411 823
f 823 1411 1412
f 823 1412 821
f 821 1412 1413
f 821 1413 819
f 819 1413 1414
f 819 1414 817
f 817 1414 1415
f 817 1415 805
f 805 1415 1392
f 874 1416 962
f 962 1416 1417
f 962 1417 863
f 863 1417 1418
f 863 1418 862
f 862 1418 1419
f 862 1419 860
f 860 1419 1420
f 860 1420 858
f 858 1420 1421
f 858 1421 856
f 856 1421 1422
f 856 1422 854
f 854 1422 1423
f 854 1423 852
f 852 1423 1424
f 852 1424 850
f 850 1424 1425
f 850 1425 848
f 848 1425 1426
f 848 1426 846
f 846 1426 1427
f 846 1427 844
f 844 1427 1428
f 844 1428 954
f 954 1428 1429
f 954 1429 973
f 973 1429 1430
f 973 1430 892
f 892 1430 1431
f 892 1431 890
f 890 1431 1432
f 890 1432 888
f 888 1432 1433
f 888 1433 886
f 886 1433 1434
f 886 1434 884
f 884 1434 1435
f 884 1435 882
f 882 1435 1436
f 882 1436 880
f 880 1436 1437
f 880 1437 878
f 878 1437 1438
f 878 1438 876
f 876 1438 1439
f 876 1439 874
f 874 1439 1416
f 900 1440 895
f 895 1440 1441
f 895 1441 894
f 894 1441 1442
f 894 1442 974
f 974 1442 1443
f 974 1443 975
f 975 1443 1444
f 975 1444 976
f 976 1444 1445
f 976 1445 953
f 953 1445 1446
f 953 1446 952
f 952 1446 1447
f 952 1447 950
f 950 1447 1448
f 950 1448 948
f 948 1448 1449
f 948 1449 946
f 946 1449 1450
f 946 1450 944
f 944 1450 1451
f 944 1451 741
f 741 1451 1452
f 741 1452 742
f 742 1452 1453
f 742 1453 977
f 977 1453 1454
f 977 1454 978
f 978 1454 1455
f 978 1455 733
f 733 1455 1456
f 733 1456 734
f 734 1456 1457
f 734 1457 930
f 930 1457 1458
f 930 1458 929
f 929 1458 1459
f 929 1459 928
f 928 1459 1460
f 928 1460 927
f 927 1460 1461
f 927 1461 925
f 925 1461 1462
f 925 1462 924
f 924 1462 1463
f 924 1463 900
f 900 1463 1440
f 972 1464 724
f 724 1464 1465
f 724 1465 725
f 725 1465 1466
f 725 1466 726
f 726 1466 1467
f 726 1467 868
f 868 1467 1468
f 868 1468 867
f 867 1468 1469
f 867 1469 866
f 866 1469 1470
f 866 1470 865
f 865 1470 1471
f 865 1471 864
f 864 1471 1472
f 864 1472 963
f 963 1472 1473
f 963 1473 964
f 964 1473 1474
f 964 1474 965
f 965 1474 1475
f 965 1475 870
f 870 1475 1476
f 870 1476 872
f 872 1476 1477
f 872 1477 873
f 873 1477 1478
f 873 1478 966
f 966 1478 1479
f 966 1479 919
f 919 1479 1480
f 919 1480 921
f 921 1480 1481
f 921 1481 922
f 922 1481 1482
f 922 1482 967
f 967 1482 1483
f 967 1483 968
f 968 1483 1484
f 968 1484 969
f 969 1484 1485
f 969 1485 970
f 970 1485 1486
f 970 1486 971
f 971 1486 1487
f 971 1487 972
f 972 1487 1464
f 781 1488 778
f 778 1488 1489
f 778 1489 777
f 777 1489 1490
f 777 1490 955
f 955 1490 1491
f 955 1491 956
f 956 1491 1492
f 956 1492 957
f 957 1492 1493
f 957 1493 958
f 958 1493 1494
f 958 1494 763
f 763 1494 1495
f 763 1495 764
f 764 1495 1496
f 764 1496 765
f 765 1496 1497
f 765 1497 959
f 959 1497 1498
f 959 1498 960
f 960 1498 1499
f 960 1499 961
f 961 1499 1500
f 961 1500 755
f 755 1500 1501
f 755 1501 757
f 757 1501 1502
f 757 1502 804
f 804 1502 1503
f 804 1503 802
f 802 1503 1504
f 802 1504 800
f 800 1504 1505
f 800 1505 798
f 798 1505 1506
f 798 1506 796
f 796 1506 1507
f 796 1507 794
f 794 1507 1508
f 794 1508 792
f 792 1508 1509
f 792 1509 790
f 790 1509 1510
f 790 1510 788
f 788 1510 1511
f 788 1511 781
f 781 1511 1488
f 837 1512 939
f 939 1512 1513
f 939 1513 759
f 759 1513 1514
f 759 1514 758
f 758 1514 1515
f 758 1515 756
f 756 1515 1516
f 756 1516 754
f 754 1516 1517
f 754 1517 753
f 753 1517 1518
f 753 1518 752
f 752 1518 1519
f 752 1519 751
f 751 1519 1520
f 751 1520 750
f 750 1520 1521
f 750 1521 749
f 749 1521 1522
f 749 1522 940
f 940 1522 1523
f 940 1523 941
f 941 1523 1524
f 941 1524 942
f 942 1524 1525
f 942 1525 740
f 740 1525 1526
f 740 1526 943
f 943 1526 1527
f 943 1527 945
f 945 1527 1528
f 945 1528 947
f 947 1528 1529
f 947 1529 949
f 949 1529 1530
f 949 1530 951
f 951 1530 1531
f 951 1531 842
f 842 1531 1532
f 842 1532 841
f 841 1532 1533
f 841 1533 839
f 839 1533 1534
f 839 1534 838
f 838 1534 1535
f 838 1535 837
f 837 1535 1512
f 938 1536 920
f 920 1536 1537
f 920 1537 917
f 917 1537 1538
f 917 1538 915
f 915 1538 1539
f 915 1539 913
f 913 1539 1540
f 913 1540 911
f 911 1540 1541
f 911 1541 909
f 909 1541 1542
f 909 1542 907
f 907 1542 1543
f 907 1543 905
f 905 1543 1544
f 905 1544 903
f 903 1544 1545
f 903 1545 901
f 901 1545 1546
f 901 1546 899
f 899 1546 1547
f 899 1547 923
f 923 1547 1548
f 923 1548 926
f 926 1548 1549
f 926 1549 931
f 931 1549 1550
f 931 1550 932
f 932 1550 1551
f 932 1551 933
f 933 1551 1552
f 933 1552 934
f 934 1552 1553
f 934 1553 935
f 935 1553 1554
f 935 1554 728
f 728 1554 1555
f 728 1555 729
f 729 1555 1556
f 729 1556 730
f 730 1556 1557
f 730 1557 936
f 936 1557 1558
f 936 1558 937
f 937 1558 1559
f 937 1559 938
f 938 1559 1536
f 918 1560 871
f 871 1560 1561
f 871 1561 869
f 869 1561 1562
f 869 1562 875
f 875 1562 1563
f 875 1563 877
f 877 1563 1564
f 877 1564 879
f 879 1564 1565
f 879 1565 881
f 881 1565 1566
f 881 1566 883
f 883 1566 1567
f 883 1567 885
f 885 1567 1568
f 885 1568 887
f 887 1568 1569
f 887 1569 889
f 889 1569 1570
f 889 1570 891
f 891 1570 1571
f 891 1571 893
f 893 1571 1572
f 893 1572 896
f 896 1572 1573
f 896 1573 897
f 897 1573 1574
f 897 1574 898
f 898 1574 1575
f 898 1575 902
f 902 1575 1576
f 902 1576 904
f 904 1576 1577
f 904 1577 906
f 906 1577 1578
f 906 1578 908
f 908 1578 1579
f 908 1579 910
f 910 1579 1580
f 910 1580 912
f 912 1580 1581
f 912 1581 914
f 914 1581 1582
f 914 1582 916
f 916 1582 1583
f 916 1583 918
f 918 1583 1560
f 769 1584 810
f 810 1584 1585
f 810 1585 807
f 807 1585 1586
f 807 1586 818
f 818 1586 1587
f 818 1587 820
f 820 1587 1588
f 820 1588 822
f 822 1588 1589
f 822 1589 824
f 824 1589 1590
f 824 1590 826
f 826 1590 1591
f 826 1591 828
f 828 1591 1592
f 828 1592 830
f 830 1592 1593
f 830 1593 832
f 832 1593 1594
f 832 1594 834
f 834 1594 1595
f 834 1595 836
f 836 1595 1596
f 836 1596 840
f 840 1596 1597
f 840 1597 843
f 843 1597 1598
f 843 1598 845
f 845 1598 1599
f 845 1599 847
f 847 1599 1600
f 847 1600 849
f 849 1600 1601
f 849 1601 851
f 851 1601 1602
f 851 1602 853
f 853 1602 1603
f 853 1603 855
f 855 1603 1604
f 855 1604 857
f 857 1604 1605
f 857 1605 859
f 859 1605 1606
f 859 1606 861
f 861 1606 1607
f 861 1607 769
f 769 1607 1584
f 816 1608 766
f 766 1608 1609
f 766 1609 767
f 767 1609 1610
f 767 1610 768
f 768 1610 1611
f 768 1611 772
f 772 1611 1612
f 772 1612 773
f 773 1612 1613
f 773 1613 774
f 774 1613 1614
f 774 1614 775
f 775 1614 1615
f 775 1615 776
f 776 1615 1616
f 776 1616 779
f 779 1616 1617
f 779 1617 780
f 780 1617 1618
f 780 1618 782
f 782 1618 1619
f 782 1619 783
f 783 1619 1620
f 783 1620 784
f 784 1620 1621
f 784 1621 806
f 806 1621 1622
f 806 1622 808
f 808 1622 1623
f 808 1623 809
f 809 1623 1624
f 809 1624 811
f 811 1624 1625
f 811 1625 770
f 770 1625 1626
f 770 1626 771
f 771 1626 1627
f 771 1627 812
f 812 1627 1628
f 812 1628 813
f 813 1628 1629
f 813 1629 814
f 814 1629 1630
f 814 1630 815
f 815 1630 1631
f 815 1631 816
f 816 1631 1608
f 727 1632 731
f 731 1632 1633
f 731 1633 735
f 735 1633 1634
f 735 1634 736
f 736 1634 1635
f 736 1635 737
f 737 1635 1636
f 737 1636 738
f 738 1636 1637
f 738 1637 732
f 732 1637 1638
f 1638 1639 732
f 732 1639 739
f 1640 748 1641
f 1641 748 747
f 1641 747 1642
f 1642 747 746
f 1642 746 1643
f 1643 746 745
f 1643 745 1644
f 1644 745 744
f 1644 744 1645
f 1645 744 743
f 1645 743 1639
f 1639 743 739
f 1646 1647 1648
f 1648 1647 1649
f 1648 1649 1650
f 1650 1649 1651
f 1650 1651 1652
f 1652 1651 1653
f 1652 1653 1654
f 1654 1653 1655
f 1654 1655 1656
f 1656 1655 1657
f 1656 1657 1658
f 1658 1657 1659
f 1204 1272 1202
f 1202 1272 1274
f 1202 1274 1276
f 1272 1204 1270
f 1270 1204 1206
f 1270 1206 1268
f 1268 1206 1208
f 1268 1208 1266
f 1266 1208 1210
f 1266 1210 1264
f 1264 1210 1212
f 1264 1212 1660
f 1660 1212 1214
f 1660 1214 1661
f 1661 1214 1662
f 1662 1214 1663
f 1663 1214 1216
f 1663 1216 1218
f 1218 1220 1663
f 1663 1220 1222
f 1663 1222 1224
f 1663 1224 1658
f 1658 1224 1226
f 1658 1226 1228
f 1228 1230 1658
f 1658 1230 1232
f 1658 1232 1234
f 1658 1234 1656
f 1656 1234 1236
f 1656 1236 1654
f 1654 1236 1652
f 1652 1236 1650
f 1650 1236 1646
f 1650 1646 1648
f 1236 1238 1646
f 1646 1238 1240
f 1646 1240 1284
f 1284 1240 1242
f 1284 1242 1282
f 1282 1242 1244
f 1282 1244 1280
f 1280 1244 1246
f 1280 1246 1278
f 1278 1246 1200
f 1278 1200 1276
f 1276 1200 1202
f 1248 1250 1664
f 1664 1250 1252
f 1664 1252 1665
f 1665 1252 1254
f 1665 1254 1256
f 1256 1258 1665
f 1665 1258 1260
f 1665 1260 1262
f 1665 1262 1660
f 1660 1262 1264
f 1284 1286 1646
f 1646 1286 1664
f 1664 1286 1288
f 1664 1288 1290
f 1290 1292 1664
f 1664 1292 1294
f 1664 1294 1248
f 1661 1666 1660
f 1660 1666 1667
f 1660 1667 1668
f 1659 1669 1658
f 1658 1669 1663
f 1670 1660 1671
f 1671 1660 1668
f 1671 1668 1672
f 1672 1668 1667
f 1672 1667 1673
f 1673 1667 1666
f 1673 1666 1674
f 1674 1666 1661
f 1674 1661 1675
f 1675 1661 1662
f 1675 1662 1669
f 1669 1662 1663
f 1676 1677 1678
f 1678 1677 1679
f 1678 1679 1680
f 1680 1679 1681
f 1680 1681 1682
f 1682 1681 1683
f 1682 1683 1684
f 1684 1683 1685
f 1684 1685 1686
f 1686 1685 1687
f 1686 1687 1688
f 1688 1687 1689
f 1677 1676 1690
f 1690 1676 1691
f 1690 1691 1692
f 1692 1691 1693
f 1693 1691 1694
f 1692 1695 1690
f 1690 1695 1696
f 1690 1696 1697
f 1697 1698 1690
f 1690 1698 1699
f 1300 1370 1298
f 1298 1370 1372
f 1298 1372 1296
f 1296 1372 1374
f 1296 1374 1342
f 1342 1374 1376
f 1342 1376 1340
f 1340 1376 1378
f 1340 1378 1338
f 1338 1378 1380
f 1338 1380 1336
f 1336 1380 1676
f 1336 1676 1334
f 1334 1676 1332
f 1332 1676 1680
f 1332 1680 1682
f 1370 1300 1368
f 1368 1300 1302
f 1368 1302 1366
f 1366 1302 1304
f 1366 1304 1364
f 1364 1304 1306
f 1364 1306 1362
f 1362 1306 1308
f 1362 1308 1360
f 1360 1308 1700
f 1360 1700 1358
f 1358 1700 1701
f 1358 1701 1356
f 1356 1701 1354
f 1354 1701 1352
f 1352 1701 1350
f 1350 1701 1348
f 1348 1701 1691
f 1348 1691 1346
f 1346 1691 1344
f 1344 1691 1390
f 1390 1691 1388
f 1388 1691 1386
f 1386 1691 1384
f 1384 1691 1382
f 1382 1691 1676
f 1382 1676 1380
f 1308 1310 1700
f 1700 1310 1702
f 1700 1702 1703
f 1312 1704 1310
f 1310 1704 1705
f 1310 1705 1702
f 1312 1314 1704
f 1704 1314 1316
f 1704 1316 1318
f 1318 1320 1704
f 1704 1320 1688
f 1688 1320 1322
f 1688 1322 1324
f 1324 1326 1688
f 1688 1326 1328
f 1688 1328 1330
f 1688 1330 1686
f 1686 1330 1332
f 1686 1332 1684
f 1684 1332 1682
f 1676 1678 1680
f 1703 1706 1700
f 1700 1706 1707
f 1708 1709 1710
f 1710 1709 1711
f 1710 1711 1712
f 1712 1711 1713
f 1712 1713 1714
f 1714 1713 1715
f 1714 1715 1716
f 1716 1715 1717
f 1716 1717 1718
f 1718 1717 1719
f 1718 1719 1720
f 1720 1719 1721
f 1721 1722 1720
f 1720 1722 1723
f 1156 273 1154
f 1154 273 1130
f 1154 1130 1132
f 273 1156 271
f 271 1156 1158
f 271 1158 269
f 269 1158 227
f 269 227 267
f 267 227 229
f 267 229 265
f 265 229 263
f 263 229 231
f 263 231 261
f 261 231 259
f 259 231 233
f 259 233 257
f 257 233 255
f 255 233 235
f 255 235 253
f 253 235 251
f 251 235 237
f 251 237 249
f 249 237 247
f 247 237 1724
f 247 1724 245
f 245 1724 243
f 243 1724 289
f 289 1724 287
f 287 1724 1725
f 287 1725 285
f 285 1725 1118
f 285 1118 1120
f 1160 523 1158
f 1158 523 525
f 1158 525 227
f 227 525 225
f 225 525 527
f 225 527 529
f 523 1160 521
f 521 1160 1162
f 521 1162 519
f 519 1162 517
f 517 1162 1164
f 517 1164 515
f 515 1164 1166
f 515 1166 513
f 513 1166 1168
f 513 1168 93
f 93 1168 1170
f 93 1170 91
f 91 1170 1726
f 91 1726 89
f 89 1726 87
f 87 1726 85
f 85 1726 83
f 83 1726 81
f 81 1726 723
f 81 723 79
f 79 723 16
f 79 16 77
f 77 16 18
f 77 18 563
f 563 18 561
f 561 18 20
f 561 20 22
f 1170 1172 1726
f 1726 1172 1174
f 1726 1174 1176
f 1176 1178 1726
f 1726 1178 1727
f 1727 1178 1728
f 1727 1728 1729
f 1178 1180 1728
f 1728 1180 1182
f 1728 1182 1184
f 1184 1186 1728
f 1728 1186 1188
f 1728 1188 1190
f 1190 1192 1728
f 1728 1192 1194
f 1728 1194 1138
f 1138 1194 1196
f 1138 1196 1136
f 1136 1196 1198
f 1136 1198 1134
f 1134 1198 1152
f 1134 1152 1132
f 1132 1152 1154
f 1108 1664 1106
f 1106 1664 1665
f 1106 1665 1104
f 1104 1665 1150
f 1150 1665 1148
f 1148 1665 1146
f 1146 1665 1144
f 1144 1665 1142
f 1142 1665 1140
f 1140 1665 1728
f 1140 1728 1138
f 1108 1110 1664
f 1664 1110 1725
f 1725 1110 1112
f 1725 1112 1114
f 1114 1116 1725
f 1725 1116 1118
f 285 1120 283
f 283 1120 1122
f 283 1122 281
f 281 1122 1124
f 281 1124 279
f 279 1124 1126
f 279 1126 277
f 277 1126 275
f 275 1126 1128
f 275 1128 273
f 273 1128 1130
f 1060 1034 1058
f 1058 1034 457
f 1058 457 1056
f 1056 457 459
f 1056 459 1102
f 1102 459 461
f 1102 461 599
f 599 461 463
f 599 463 597
f 597 463 465
f 597 465 467
f 1034 1060 1032
f 1032 1060 1062
f 1032 1062 1030
f 1030 1062 1064
f 1030 1064 1028
f 1028 1064 1066
f 1028 1066 1026
f 1026 1066 1730
f 1026 1730 1024
f 1024 1730 1731
f 1024 1731 1022
f 1022 1731 1020
f 1020 1731 1018
f 1018 1731 1016
f 1016 1731 1014
f 1014 1731 1012
f 1012 1731 1010
f 1010 1731 1690
f 1010 1690 1008
f 1008 1690 1054
f 1054 1690 1699
f 1054 1699 1052
f 1052 1699 1050
f 1050 1699 1048
f 1048 1699 1046
f 1046 1699 443
f 1046 443 445
f 1066 1068 1730
f 1730 1068 1070
f 1730 1070 1072
f 1072 1074 1730
f 1730 1074 1076
f 1730 1076 1078
f 1078 1080 1730
f 1730 1080 1082
f 1730 1082 1732
f 1732 1082 1733
f 1733 1082 1084
f 1733 1084 1086
f 1086 1088 1733
f 1733 1088 1090
f 1733 1090 399
f 399 1090 397
f 397 1090 1092
f 397 1092 121
f 121 1092 1094
f 121 1094 119
f 119 1094 1096
f 119 1096 117
f 117 1096 1098
f 117 1098 115
f 115 1098 113
f 113 1098 1100
f 113 1100 111
f 111 1100 1102
f 111 1102 109
f 109 1102 599
f 109 599 601
f 1034 1036 457
f 457 1036 455
f 455 1036 1038
f 455 1038 453
f 453 1038 451
f 451 1038 1040
f 451 1040 449
f 449 1040 1042
f 449 1042 447
f 447 1042 1044
f 447 1044 445
f 445 1044 1046
f 675 677 1722
f 1722 677 679
f 1722 679 681
f 1722 681 1734
f 1734 681 683
f 1734 683 685
f 685 687 1734
f 1734 687 689
f 1734 689 691
f 1734 691 1735
f 1735 691 693
f 1735 693 585
f 585 693 695
f 585 695 697
f 585 697 583
f 583 697 699
f 583 699 581
f 581 699 701
f 581 701 703
f 581 703 579
f 579 703 705
f 579 705 625
f 625 705 707
f 625 707 709
f 711 293 709
f 709 293 623
f 709 623 625
f 713 641 711
f 711 641 643
f 711 643 291
f 291 643 151
f 291 151 337
f 337 151 153
f 337 153 335
f 335 153 155
f 335 155 333
f 333 155 157
f 333 157 331
f 331 157 159
f 331 159 329
f 329 159 161
f 329 161 327
f 327 161 163
f 327 163 325
f 325 163 165
f 325 165 323
f 323 165 167
f 323 167 321
f 321 167 169
f 321 169 341
f 341 169 171
f 341 171 339
f 339 171 173
f 339 173 385
f 385 173 215
f 385 215 383
f 383 215 217
f 383 217 381
f 381 217 491
f 381 491 493
f 641 713 639
f 639 713 715
f 639 715 637
f 637 715 717
f 637 717 635
f 635 717 719
f 635 719 633
f 633 719 721
f 633 721 631
f 631 721 675
f 631 675 1722
f 627 629 1721
f 1721 629 631
f 1721 631 1722
f 151 643 149
f 149 643 645
f 149 645 203
f 203 645 201
f 201 645 647
f 201 647 649
f 201 649 199
f 199 649 651
f 199 651 197
f 197 651 653
f 197 653 655
f 197 655 195
f 195 655 657
f 195 657 241
f 241 657 659
f 241 659 661
f 241 661 1724
f 1724 661 663
f 1724 663 1709
f 1709 663 665
f 1709 665 667
f 667 669 1709
f 1709 669 671
f 1709 671 673
f 1709 673 1721
f 1721 673 627
f 585 587 1735
f 1735 587 589
f 1735 589 435
f 435 589 481
f 481 589 479
f 479 589 591
f 479 591 477
f 477 591 475
f 475 591 593
f 475 593 473
f 473 593 471
f 471 593 595
f 471 595 469
f 469 595 467
f 467 595 597
f 603 105 601
f 601 105 107
f 601 107 109
f 105 603 103
f 103 603 605
f 103 605 101
f 101 605 99
f 99 605 607
f 99 607 145
f 145 607 609
f 145 609 143
f 143 609 349
f 143 349 141
f 141 349 351
f 141 351 139
f 139 351 353
f 139 353 137
f 137 353 355
f 137 355 135
f 135 355 357
f 135 357 133
f 133 357 359
f 133 359 537
f 537 359 361
f 537 361 535
f 535 361 363
f 535 363 533
f 533 363 365
f 533 365 367
f 349 609 347
f 347 609 611
f 347 611 345
f 345 611 317
f 345 317 343
f 343 317 319
f 343 319 341
f 341 319 321
f 317 611 315
f 315 611 613
f 315 613 313
f 313 613 311
f 311 613 615
f 311 615 309
f 309 615 307
f 307 615 617
f 307 617 305
f 305 617 303
f 303 617 619
f 303 619 301
f 301 619 299
f 299 619 621
f 299 621 297
f 297 621 295
f 295 621 623
f 295 623 293
f 133 537 131
f 131 537 539
f 131 539 129
f 129 539 389
f 129 389 127
f 127 389 391
f 127 391 125
f 125 391 393
f 125 393 123
f 123 393 395
f 123 395 397
f 389 539 387
f 387 539 541
f 387 541 433
f 433 541 431
f 431 541 543
f 431 543 429
f 429 543 427
f 427 543 545
f 427 545 425
f 425 545 423
f 423 545 547
f 423 547 421
f 421 547 419
f 419 547 549
f 419 549 417
f 417 549 415
f 415 549 551
f 415 551 413
f 413 551 35
f 413 35 37
f 551 553 35
f 35 553 33
f 33 553 31
f 31 553 555
f 31 555 29
f 29 555 28
f 28 555 557
f 28 557 26
f 26 557 559
f 26 559 24
f 24 559 22
f 22 559 561
f 77 563 75
f 75 563 565
f 75 565 73
f 73 565 71
f 71 565 567
f 71 567 69
f 69 567 67
f 67 567 569
f 67 569 65
f 65 569 63
f 63 569 571
f 63 571 61
f 61 571 59
f 59 571 573
f 59 573 57
f 57 573 55
f 55 573 575
f 55 575 53
f 53 575 505
f 53 505 507
f 505 575 503
f 503 575 577
f 503 577 501
f 501 577 371
f 501 371 373
f 371 577 369
f 369 577 531
f 369 531 367
f 367 531 533
f 483 485 221
f 221 485 487
f 221 487 219
f 219 487 489
f 219 489 217
f 217 489 491
f 381 493 379
f 379 493 495
f 379 495 377
f 377 495 497
f 377 497 375
f 375 497 499
f 375 499 373
f 373 499 501
f 53 507 51
f 51 507 509
f 51 509 97
f 97 509 511
f 97 511 95
f 95 511 93
f 93 511 513
f 225 529 223
f 223 529 483
f 223 483 221
f 435 437 1735
f 1735 437 439
f 1735 439 441
f 1735 441 1699
f 1699 441 443
f 399 401 1733
f 1733 401 403
f 1733 403 405
f 405 407 1733
f 1733 407 409
f 1733 409 762
f 762 409 411
f 762 411 37
f 37 411 413
f 291 293 711
f 149 203 147
f 147 203 205
f 147 205 193
f 193 205 191
f 191 205 207
f 191 207 189
f 189 207 187
f 187 207 209
f 187 209 185
f 185 209 183
f 183 209 211
f 183 211 181
f 181 211 179
f 179 211 213
f 179 213 177
f 177 213 175
f 175 213 215
f 175 215 173
f 237 239 1724
f 1724 239 241
f 121 123 397
f 1 10 723
f 723 10 12
f 723 12 14
f 14 16 723
f 37 39 762
f 762 39 41
f 762 41 43
f 43 2 762
f 1736 1737 1732
f 1732 1737 1738
f 1732 1738 1739
f 1739 1740 1732
f 1732 1740 1730
f 1734 1741 1722
f 1722 1741 1742
f 1722 1742 1743
f 1743 1744 1722
f 1722 1744 1745
f 1719 1717 1721
f 1721 1717 1715
f 1721 1715 1713
f 1713 1711 1721
f 1721 1711 1709
f 1729 1746 1727
f 1727 1746 1747
f 1727 1747 1748
f 1748 1749 1727
f 1750 1727 1751
f 1751 1727 1749
f 1751 1749 1752
f 1752 1749 1748
f 1752 1748 1753
f 1753 1748 1747
f 1753 1747 1754
f 1754 1747 1746
f 1754 1746 1755
f 1755 1746 1729
f 1755 1729 1756
f 1756 1729 1728
f 1750 1757 1727
f 1727 1757 1726
f 1153 1133 1155
f 1155 1133 1131
f 1155 1131 274
f 274 1131 1129
f 274 1129 276
f 276 1129 1127
f 276 1127 278
f 278 1127 280
f 280 1127 1125
f 280 1125 282
f 282 1125 1123
f 282 1123 284
f 284 1123 1121
f 284 1121 286
f 286 1121 1119
f 286 1119 1758
f 1758 1119 1117
f 1758 1117 1115
f 1133 1153 1135
f 1135 1153 1199
f 1135 1199 1137
f 1137 1199 1197
f 1137 1197 1139
f 1139 1197 1195
f 1139 1195 1756
f 1756 1195 1193
f 1756 1193 1191
f 1191 1189 1756
f 1756 1189 1187
f 1756 1187 1185
f 1185 1183 1756
f 1756 1183 1181
f 1756 1181 1179
f 1177 1757 1179
f 1179 1757 1750
f 1179 1750 1756
f 1756 1750 1755
f 1755 1750 1754
f 1754 1750 1753
f 1753 1750 1752
f 1752 1750 1751
f 1177 1175 1757
f 1757 1175 1173
f 1757 1173 1171
f 1169 94 1171
f 1171 94 92
f 1171 92 1757
f 1757 92 90
f 1757 90 88
f 1167 516 1169
f 1169 516 514
f 1169 514 94
f 94 514 512
f 94 512 96
f 96 512 98
f 98 512 510
f 98 510 52
f 52 510 508
f 52 508 54
f 54 508 506
f 54 506 576
f 576 506 504
f 576 504 578
f 578 504 502
f 578 502 372
f 372 502 374
f 374 502 500
f 374 500 376
f 376 500 498
f 376 498 378
f 378 498 496
f 378 496 380
f 380 496 494
f 380 494 382
f 382 494 492
f 382 492 218
f 218 492 490
f 218 490 220
f 220 490 488
f 220 488 222
f 222 488 486
f 222 486 484
f 1167 1165 516
f 516 1165 518
f 518 1165 1163
f 518 1163 520
f 520 1163 522
f 522 1163 1161
f 522 1161 524
f 524 1161 1159
f 524 1159 526
f 526 1159 228
f 526 228 226
f 1157 272 1159
f 1159 272 270
f 1159 270 228
f 228 270 268
f 228 268 230
f 230 268 266
f 230 266 264
f 272 1157 274
f 274 1157 1155
f 1105 1759 1107
f 1107 1759 1760
f 1107 1760 1109
f 1109 1760 1111
f 1111 1760 1758
f 1111 1758 1113
f 1113 1758 1115
f 1105 1151 1759
f 1759 1151 1149
f 1759 1149 1147
f 1147 1145 1759
f 1759 1145 1143
f 1759 1143 1141
f 1759 1141 1756
f 1756 1141 1139
f 1057 458 1059
f 1059 458 1035
f 1059 1035 1061
f 1061 1035 1033
f 1061 1033 1063
f 1063 1033 1031
f 1063 1031 1065
f 1065 1031 1029
f 1065 1029 1067
f 1067 1029 1027
f 1067 1027 1761
f 1761 1027 1025
f 1761 1025 1762
f 1762 1025 1023
f 1762 1023 1021
f 458 1057 460
f 460 1057 1103
f 460 1103 462
f 462 1103 112
f 462 112 110
f 1103 1101 112
f 112 1101 114
f 114 1101 1099
f 114 1099 116
f 116 1099 118
f 118 1099 1097
f 118 1097 120
f 120 1097 1095
f 120 1095 1093
f 1091 398 1093
f 1093 398 122
f 1093 122 120
f 1089 1763 1091
f 1091 1763 400
f 1091 400 398
f 1089 1087 1763
f 1763 1087 1085
f 1763 1085 1083
f 1081 1761 1083
f 1083 1761 1764
f 1083 1764 1763
f 1081 1079 1761
f 1761 1079 1077
f 1761 1077 1075
f 1075 1073 1761
f 1761 1073 1071
f 1761 1071 1069
f 1069 1067 1761
f 1009 1697 1011
f 1011 1697 1762
f 1011 1762 1013
f 1013 1762 1015
f 1015 1762 1017
f 1017 1762 1019
f 1019 1762 1021
f 1009 1055 1697
f 1697 1055 1698
f 1698 1055 1053
f 1698 1053 1051
f 1051 1049 1698
f 1698 1049 1047
f 1698 1047 446
f 446 1047 1045
f 446 1045 448
f 448 1045 1043
f 448 1043 450
f 450 1043 1041
f 450 1041 452
f 452 1041 1039
f 452 1039 454
f 454 1039 456
f 456 1039 1037
f 456 1037 458
f 458 1037 1035
f 680 678 1723
f 1723 678 676
f 1723 676 632
f 632 676 634
f 634 676 722
f 634 722 720
f 634 720 636
f 636 720 718
f 636 718 638
f 638 718 716
f 638 716 640
f 640 716 714
f 640 714 642
f 642 714 644
f 644 714 712
f 644 712 152
f 152 712 292
f 152 292 154
f 154 292 338
f 154 338 156
f 156 338 336
f 156 336 334
f 292 712 294
f 294 712 710
f 294 710 624
f 624 710 626
f 626 710 708
f 626 708 706
f 626 706 580
f 580 706 704
f 580 704 582
f 582 704 702
f 582 702 700
f 582 700 584
f 584 700 698
f 584 698 586
f 586 698 696
f 586 696 694
f 586 694 1765
f 1765 694 692
f 1765 692 1766
f 1766 692 690
f 1766 690 688
f 688 686 1766
f 1766 686 684
f 1766 684 682
f 1766 682 1723
f 1723 682 680
f 632 630 1720
f 1720 630 628
f 1720 628 674
f 1720 674 1708
f 1708 674 672
f 1708 672 670
f 670 668 1708
f 1708 668 666
f 1708 666 664
f 1708 664 1767
f 1767 664 662
f 1767 662 242
f 242 662 660
f 242 660 658
f 242 658 196
f 196 658 656
f 196 656 198
f 198 656 654
f 198 654 652
f 198 652 200
f 200 652 650
f 200 650 202
f 202 650 648
f 202 648 646
f 644 150 646
f 646 150 204
f 646 204 202
f 1723 632 1720
f 294 624 296
f 296 624 622
f 296 622 298
f 298 622 300
f 300 622 620
f 300 620 302
f 302 620 304
f 304 620 618
f 304 618 306
f 306 618 308
f 308 618 616
f 308 616 310
f 310 616 312
f 312 616 614
f 312 614 314
f 314 614 316
f 316 614 612
f 316 612 318
f 318 612 346
f 318 346 344
f 346 612 348
f 348 612 610
f 348 610 350
f 350 610 144
f 350 144 142
f 144 610 146
f 146 610 608
f 146 608 100
f 100 608 606
f 100 606 102
f 102 606 104
f 104 606 604
f 104 604 106
f 106 604 602
f 106 602 108
f 108 602 110
f 110 602 600
f 110 600 462
f 462 600 464
f 464 600 598
f 464 598 466
f 466 598 468
f 468 598 596
f 468 596 470
f 470 596 472
f 472 596 594
f 472 594 474
f 474 594 476
f 476 594 592
f 476 592 478
f 478 592 480
f 480 592 590
f 480 590 482
f 482 590 436
f 436 590 1765
f 436 1765 438
f 438 1765 440
f 440 1765 442
f 442 1765 444
f 444 1765 1698
f 444 1698 446
f 590 588 1765
f 1765 588 586
f 532 368 534
f 534 368 366
f 534 366 364
f 368 532 370
f 370 532 578
f 370 578 372
f 54 576 56
f 56 576 574
f 56 574 58
f 58 574 60
f 60 574 572
f 60 572 62
f 62 572 64
f 64 572 570
f 64 570 66
f 66 570 68
f 68 570 568
f 68 568 70
f 70 568 72
f 72 568 566
f 72 566 74
f 74 566 76
f 76 566 564
f 76 564 78
f 78 564 17
f 78 17 80
f 80 17 15
f 80 15 979
f 979 15 13
f 979 13 11
f 564 562 17
f 17 562 19
f 19 562 21
f 21 562 560
f 21 560 23
f 23 560 25
f 25 560 558
f 25 558 27
f 27 558 556
f 27 556 30
f 30 556 32
f 32 556 554
f 32 554 34
f 34 554 36
f 36 554 552
f 36 552 414
f 414 552 416
f 416 552 550
f 416 550 418
f 418 550 420
f 420 550 548
f 420 548 422
f 422 548 424
f 424 548 546
f 424 546 426
f 426 546 428
f 428 546 544
f 428 544 430
f 430 544 432
f 432 544 542
f 432 542 434
f 434 542 388
f 388 542 540
f 388 540 390
f 390 540 130
f 390 130 128
f 130 540 132
f 132 540 538
f 132 538 134
f 134 538 360
f 134 360 358
f 360 538 362
f 362 538 536
f 362 536 364
f 364 536 534
f 222 484 224
f 224 484 530
f 224 530 226
f 226 530 528
f 226 528 526
f 414 412 36
f 36 412 38
f 38 412 1003
f 38 1003 40
f 40 1003 42
f 42 1003 44
f 44 1003 45
f 45 1003 46
f 412 410 1003
f 1003 410 1763
f 1763 410 408
f 1763 408 406
f 406 404 1763
f 1763 404 402
f 1763 402 400
f 122 398 124
f 124 398 396
f 124 396 394
f 124 394 126
f 126 394 392
f 126 392 128
f 128 392 390
f 340 172 342
f 342 172 170
f 342 170 322
f 322 170 168
f 322 168 324
f 324 168 166
f 324 166 326
f 326 166 328
f 328 166 164
f 328 164 330
f 330 164 162
f 330 162 160
f 172 340 174
f 174 340 386
f 174 386 216
f 216 386 384
f 216 384 218
f 218 384 382
f 134 358 136
f 136 358 356
f 136 356 138
f 138 356 354
f 138 354 140
f 140 354 352
f 140 352 142
f 142 352 350
f 318 344 320
f 320 344 342
f 320 342 322
f 156 334 158
f 158 334 332
f 158 332 160
f 160 332 330
f 248 246 1767
f 1767 246 244
f 1767 244 290
f 290 288 1767
f 1767 288 1758
f 1758 288 286
f 230 264 232
f 232 264 262
f 232 262 260
f 232 260 234
f 234 260 258
f 234 258 256
f 234 256 236
f 236 256 254
f 236 254 252
f 236 252 238
f 238 252 250
f 238 250 248
f 238 248 1767
f 242 240 1767
f 1767 240 238
f 174 216 176
f 176 216 214
f 176 214 178
f 178 214 180
f 180 214 212
f 180 212 182
f 182 212 184
f 184 212 210
f 184 210 186
f 186 210 188
f 188 210 208
f 188 208 190
f 190 208 192
f 192 208 206
f 192 206 194
f 194 206 148
f 148 206 204
f 148 204 150
f 152 150 644
f 88 86 1757
f 1757 86 84
f 1757 84 82
f 1757 82 979
f 979 82 80
f 11 9 979
f 979 9 8
f 979 8 50
f 1708 1710 1720
f 1720 1710 1712
f 1720 1712 1714
f 1714 1716 1720
f 1720 1716 1718
f 1768 1769 1723
f 1723 1769 1770
f 1723 1770 1771
f 1771 1772 1723
f 1723 1772 1766
f 1761 1773 1764
f 1764 1773 1774
f 1764 1774 1775
f 1775 1776 1764
f 1764 1776 1777
f 1759 1778 1760
f 1760 1778 1779
f 1779 1778 1780
f 1780 1778 1781
f 1780 1781 1782
f 1782 1781 1783
f 1782 1783 1784
f 1784 1783 1785
f 1784 1785 1786
f 1786 1785 1787
f 1786 1787 1788
f 1788 1787 1789
f 1646 1664 1647
f 1647 1664 1788
f 1788 1664 1782
f 1788 1782 1784
f 1725 1758 1664
f 1664 1758 1760
f 1664 1760 1779
f 1779 1780 1664
f 1664 1780 1782
f 1784 1786 1788
f 1201 1277 1203
f 1203 1277 1275
f 1203 1275 1273
f 1277 1201 1279
f 1279 1201 1247
f 1279 1247 1281
f 1281 1247 1245
f 1281 1245 1283
f 1283 1245 1243
f 1283 1243 1285
f 1285 1243 1241
f 1285 1241 1647
f 1647 1241 1239
f 1647 1239 1237
f 1235 1657 1237
f 1237 1657 1655
f 1237 1655 1653
f 1657 1235 1659
f 1659 1235 1233
f 1659 1233 1231
f 1231 1229 1659
f 1659 1229 1227
f 1659 1227 1225
f 1659 1225 1669
f 1669 1225 1223
f 1669 1223 1221
f 1221 1219 1669
f 1669 1219 1217
f 1669 1217 1215
f 1213 1670 1215
f 1215 1670 1674
f 1215 1674 1675
f 1670 1213 1265
f 1265 1213 1211
f 1265 1211 1267
f 1267 1211 1209
f 1267 1209 1269
f 1269 1209 1207
f 1269 1207 1271
f 1271 1207 1205
f 1271 1205 1273
f 1273 1205 1203
f 1253 1251 1788
f 1788 1251 1249
f 1788 1249 1295
f 1295 1293 1788
f 1788 1293 1291
f 1788 1291 1289
f 1289 1287 1788
f 1788 1287 1647
f 1647 1287 1285
f 1265 1263 1670
f 1670 1263 1789
f 1789 1263 1261
f 1789 1261 1259
f 1259 1257 1789
f 1789 1257 1255
f 1789 1255 1253
f 1789 1253 1788
f 1653 1651 1237
f 1237 1651 1647
f 1651 1649 1647
f 1671 1672 1670
f 1670 1672 1673
f 1670 1673 1674
f 1675 1669 1215
f 727 723 1632
f 1632 723 991
f 991 723 985
f 991 985 987
f 1726 1757 723
f 723 1757 979
f 723 979 1004
f 1004 984 723
f 723 984 985
f 987 989 991
f 1637 1636 1638
f 1638 1636 1635
f 1638 1635 1634
f 1634 1633 1638
f 1638 1633 1632
f 1638 1632 1456
f 1456 1632 1457
f 1457 1632 1458
f 1458 1632 1459
f 1459 1632 1460
f 1460 1632 1461
f 1461 1632 1549
f 1461 1549 1462
f 1462 1549 1548
f 1462 1548 1463
f 1463 1548 1547
f 1463 1547 1440
f 1440 1547 1574
f 1440 1574 1441
f 1441 1574 1573
f 1441 1573 1572
f 991 1555 1632
f 1632 1555 1554
f 1632 1554 1553
f 993 1466 991
f 991 1466 1465
f 991 1465 1464
f 1640 1495 993
f 993 1495 1494
f 993 1494 1493
f 1641 1639 1640
f 1640 1639 1522
f 1640 1522 1521
f 1641 1642 1639
f 1639 1642 1643
f 1639 1643 1644
f 1644 1645 1639
f 1638 1526 1639
f 1639 1526 1525
f 1639 1525 1524
f 1610 1609 993
f 993 1609 1608
f 993 1608 1466
f 1466 1608 1467
f 1467 1608 1631
f 1467 1631 1468
f 1468 1631 1630
f 1468 1630 1469
f 1469 1630 1629
f 1469 1629 1470
f 1470 1629 1628
f 1470 1628 1471
f 1471 1628 1627
f 1471 1627 1472
f 1472 1627 1626
f 1472 1626 1584
f 1584 1626 1585
f 1585 1626 1625
f 1585 1625 1624
f 1585 1624 1586
f 1586 1624 1623
f 1586 1623 1622
f 1586 1622 1392
f 1392 1622 1621
f 1392 1621 1393
f 1393 1621 1620
f 1393 1620 1394
f 1394 1620 1488
f 1394 1488 1395
f 1395 1488 1511
f 1395 1511 1396
f 1396 1511 1510
f 1396 1510 1397
f 1397 1510 1509
f 1397 1509 1398
f 1398 1509 1508
f 1398 1508 1399
f 1399 1508 1507
f 1399 1507 1400
f 1400 1507 1506
f 1400 1506 1401
f 1401 1506 1505
f 1401 1505 1402
f 1402 1505 1504
f 1402 1504 1403
f 1403 1504 1503
f 1403 1503 1404
f 1404 1503 1502
f 1404 1502 1514
f 1514 1502 1515
f 1515 1502 1516
f 1516 1502 1501
f 1516 1501 1517
f 1517 1501 1640
f 1517 1640 1518
f 1518 1640 1519
f 1519 1640 1520
f 1520 1640 1521
f 1620 1619 1488
f 1488 1619 1618
f 1488 1618 1489
f 1489 1618 1617
f 1489 1617 1616
f 1615 993 1616
f 1616 993 1490
f 1616 1490 1489
f 1615 1614 993
f 993 1614 1613
f 993 1613 1612
f 1612 1611 993
f 993 1611 1610
f 1607 1419 1584
f 1584 1419 1418
f 1584 1418 1472
f 1472 1418 1417
f 1472 1417 1473
f 1473 1417 1474
f 1474 1417 1416
f 1474 1416 1475
f 1475 1416 1563
f 1475 1563 1562
f 1419 1607 1420
f 1420 1607 1606
f 1420 1606 1421
f 1421 1606 1605
f 1421 1605 1422
f 1422 1605 1604
f 1422 1604 1423
f 1423 1604 1603
f 1423 1603 1424
f 1424 1603 1602
f 1424 1602 1425
f 1425 1602 1601
f 1425 1601 1426
f 1426 1601 1600
f 1426 1600 1427
f 1427 1600 1599
f 1427 1599 1428
f 1428 1599 1598
f 1428 1598 1446
f 1446 1598 1447
f 1447 1598 1532
f 1447 1532 1531
f 1598 1597 1532
f 1532 1597 1533
f 1533 1597 1534
f 1534 1597 1596
f 1534 1596 1535
f 1535 1596 1512
f 1512 1596 1406
f 1512 1406 1513
f 1513 1406 1405
f 1513 1405 1404
f 1596 1595 1406
f 1406 1595 1407
f 1407 1595 1594
f 1407 1594 1408
f 1408 1594 1593
f 1408 1593 1409
f 1409 1593 1592
f 1409 1592 1410
f 1410 1592 1591
f 1410 1591 1411
f 1411 1591 1590
f 1411 1590 1412
f 1412 1590 1589
f 1412 1589 1413
f 1413 1589 1588
f 1413 1588 1414
f 1414 1588 1587
f 1414 1587 1415
f 1415 1587 1586
f 1415 1586 1392
f 1560 1478 1561
f 1561 1478 1477
f 1561 1477 1476
f 1560 1583 1478
f 1478 1583 1479
f 1479 1583 1538
f 1479 1538 1480
f 1480 1538 1537
f 1480 1537 1481
f 1481 1537 1482
f 1482 1537 1536
f 1482 1536 991
f 991 1536 1559
f 991 1559 1558
f 1538 1583 1539
f 1539 1583 1582
f 1539 1582 1540
f 1540 1582 1581
f 1540 1581 1541
f 1541 1581 1580
f 1541 1580 1542
f 1542 1580 1579
f 1542 1579 1543
f 1543 1579 1578
f 1543 1578 1544
f 1544 1578 1577
f 1544 1577 1545
f 1545 1577 1576
f 1545 1576 1546
f 1546 1576 1575
f 1546 1575 1547
f 1547 1575 1574
f 1571 1431 1572
f 1572 1431 1442
f 1572 1442 1441
f 1431 1571 1432
f 1432 1571 1570
f 1432 1570 1433
f 1433 1570 1569
f 1433 1569 1434
f 1434 1569 1568
f 1434 1568 1435
f 1435 1568 1567
f 1435 1567 1436
f 1436 1567 1566
f 1436 1566 1437
f 1437 1566 1565
f 1437 1565 1438
f 1438 1565 1564
f 1438 1564 1439
f 1439 1564 1563
f 1439 1563 1416
f 1475 1562 1476
f 1476 1562 1561
f 1558 1557 991
f 991 1557 1556
f 991 1556 1555
f 1553 1552 1632
f 1632 1552 1551
f 1632 1551 1550
f 1550 1549 1632
f 1447 1531 1448
f 1448 1531 1530
f 1448 1530 1449
f 1449 1530 1529
f 1449 1529 1450
f 1450 1529 1528
f 1450 1528 1451
f 1451 1528 1527
f 1451 1527 1452
f 1452 1527 1526
f 1452 1526 1638
f 1524 1523 1639
f 1639 1523 1522
f 1514 1513 1404
f 1501 1500 1640
f 1640 1500 1499
f 1640 1499 1498
f 1498 1497 1640
f 1640 1497 1496
f 1640 1496 1495
f 1493 1492 993
f 993 1492 1491
f 993 1491 1490
f 1464 1487 991
f 991 1487 1486
f 991 1486 1485
f 1485 1484 991
f 991 1484 1483
f 991 1483 1482
f 1456 1455 1638
f 1638 1455 1454
f 1638 1454 1453
f 1453 1452 1638
f 1428 1446 1429
f 1429 1446 1445
f 1429 1445 1444
f 1429 1444 1430
f 1430 1444 1443
f 1430 1443 1431
f 1431 1443 1442
f 1761 1730 1773
f 1773 1730 1740
f 1773 1740 1774
f 1774 1740 1739
f 1774 1739 1775
f 1775 1739 1738
f 1775 1738 1776
f 1776 1738 1737
f 1776 1737 1777
f 1777 1737 1736
f 1777 1736 1764
f 1764 1736 1732
f 1730 1761 1731
f 1731 1761 1762
f 1731 1762 1790
f 1790 1791 1731
f 1731 1791 1792
f 1731 1792 1793
f 1793 1794 1731
f 1731 1794 1701
f 1731 1701 1700
f 1700 1795 1731
f 1691 1701 1694
f 1694 1701 1794
f 1694 1794 1693
f 1693 1794 1793
f 1693 1793 1692
f 1692 1793 1792
f 1692 1792 1695
f 1695 1792 1791
f 1695 1791 1696
f 1696 1791 1790
f 1696 1790 1697
f 1697 1790 1762
f 1723 1722 1768
f 1768 1722 1745
f 1768 1745 1769
f 1769 1745 1744
f 1769 1744 1770
f 1770 1744 1743
f 1770 1743 1771
f 1771 1743 1742
f 1771 1742 1772
f 1772 1742 1741
f 1772 1741 1766
f 1766 1741 1734
f 1734 1735 1766
f 1766 1735 1765
f 1795 1700 1796
f 1796 1700 1707
f 1796 1707 1797
f 1797 1707 1706
f 1797 1706 1798
f 1798 1706 1703
f 1798 1703 1799
f 1799 1703 1702
f 1799 1702 1800
f 1800 1702 1705
f 1800 1705 1801
f 1801 1705 1704
f 1689 1801 1688
f 1688 1801 1704
f 1297 1373 1299
f 1299 1373 1371
f 1299 1371 1301
f 1301 1371 1369
f 1301 1369 1303
f 1303 1369 1367
f 1303 1367 1305
f 1305 1367 1365
f 1305 1365 1307
f 1307 1365 1363
f 1307 1363 1309
f 1309 1363 1361
f 1309 1361 1795
f 1795 1361 1359
f 1795 1359 1731
f 1731 1359 1357
f 1731 1357 1355
f 1373 1297 1375
f 1375 1297 1343
f 1375 1343 1377
f 1377 1343 1341
f 1377 1341 1379
f 1379 1341 1339
f 1379 1339 1381
f 1381 1339 1337
f 1381 1337 1677
f 1677 1337 1335
f 1677 1335 1333
f 1331 1687 1333
f 1333 1687 1685
f 1333 1685 1683
f 1687 1331 1689
f 1689 1331 1329
f 1689 1329 1327
f 1327 1325 1689
f 1689 1325 1323
f 1689 1323 1321
f 1689 1321 1801
f 1801 1321 1319
f 1801 1319 1317
f 1317 1315 1801
f 1801 1315 1313
f 1801 1313 1311
f 1309 1795 1311
f 1311 1795 1799
f 1311 1799 1800
f 1349 1347 1690
f 1690 1347 1345
f 1690 1345 1391
f 1391 1389 1690
f 1690 1389 1387
f 1690 1387 1385
f 1385 1383 1690
f 1690 1383 1677
f 1677 1383 1381
f 1355 1353 1731
f 1731 1353 1351
f 1731 1351 1349
f 1731 1349 1690
f 1683 1681 1333
f 1333 1681 1677
f 1681 1679 1677
f 1796 1797 1795
f 1795 1797 1798
f 1795 1798 1799
f 1800 1801 1311
f 1732 1733 1764
f 1764 1733 1763
f 1767 1758 1724
f 1724 1758 1725
f 1708 1767 1709
f 1709 1767 1724
f 1698 1765 1699
f 1699 1765 1735
f 748 1640 762
f 762 1640 993
f 762 993 998
f 998 993 996
f 996 993 995
f 998 1000 762
f 762 1000 1002
f 762 1002 1003
f 1003 1763 762
f 762 1763 1733
f 1660 1670 1665
f 1665 1670 1789
f 1665 1789 1787
f 1787 1785 1665
f 1665 1785 1783
f 1665 1783 1781
f 1781 1778 1665
f 1665 1778 1759
f 1665 1759 1756
f 1756 1728 1665
g 1

v -1.191000 3.364902 -0.037040
v -1.441000 3.364902 -0.037040
v -1.191000 3.390784 -0.033633
v -1.441000 3.390784 -0.033633
v -1.191000 3.414902 -0.023643
v -1.441000 3.414902 -0.023643
v -1.191000 3.435613 -0.007751
v -1.441000 3.435613 -0.007751
v -1.191000 3.451505 0.012960
v -1.441000 3.451505 0.012960
v -1.191000 3.461495 0.037078
v -1.441000 3.461495 0.037078
v -1.191000 3.464902 0.062960
v -1.441000 3.464902 0.062960
v -1.191000 3.464902 0.275460
v -1.441000 3.464902 0.275460
v -1.441000 3.330261 0.275460
v -1.441000 2.764902 -0.037040
v -1.441000 3.106046 0.196816
v -1.441000 3.156048 0.188156
v -1.441000 3.206620 0.192359
v -1.441000 2.764902 1.762960
v -1.441000 2.971340 0.438296
v -1.441000 2.964902 0.387960
v -1.441000 2.971340 0.337623
v -1.441000 3.364902 1.762960
v -1.441000 3.106046 1.529120
v -1.441000 3.059833 1.508154
v -1.441000 3.020384 1.476232
v -1.441000 3.390784 1.759552
v -1.441000 3.330261 1.450476
v -1.441000 3.296624 1.488473
v -1.441000 3.254507 1.516781
v -1.441000 3.414902 1.749562
v -1.441000 3.464902 1.662960
v -1.441000 3.464902 1.450476
v -1.441000 3.435613 1.733670
v -1.441000 3.451505 1.712960
v -1.441000 3.461495 1.688842
v -1.441000 3.206620 1.533577
v -1.441000 3.156048 1.537780
v -1.441000 2.990240 1.435409
v -1.441000 2.971340 1.388313
v -1.441000 2.964902 1.337976
v -1.441000 2.971340 1.287640
v -1.441000 2.990240 0.485392
v -1.441000 2.990240 1.240544
v -1.441000 3.020384 0.526215
v -1.441000 3.020384 1.199721
v -1.441000 3.059833 0.558137
v -1.441000 3.059833 1.167799
v -1.441000 3.106046 0.579103
v -1.441000 3.106046 1.146833
v -1.441000 3.156048 0.587764
v -1.441000 3.156048 1.138172
v -1.441000 3.206620 0.583560
v -1.441000 3.206620 1.142376
v -1.441000 3.254507 0.566764
v -1.441000 3.254507 1.159172
v -1.441000 3.296624 0.538456
v -1.441000 3.296624 1.187480
v -1.441000 3.330261 0.500460
v -1.441000 3.330261 1.225476
v -1.441000 3.464902 0.500460
v -1.441000 3.464902 1.225476
v -1.441000 2.990240 0.290527
v -1.441000 3.020384 0.249704
v -1.441000 3.059833 0.217782
v -1.441000 3.254507 0.209155
v -1.441000 3.296624 0.237463
v -1.191000 3.364902 1.762960
v -1.191000 3.390784 1.759552
v -1.191000 3.414902 1.749562
v -1.191000 3.435613 1.733670
v -1.191000 3.451505 1.712960
v -1.191000 3.461495 1.688842
v -1.191000 3.464902 1.662960
v -1.191000 2.764902 1.762960
v -1.191000 3.330261 0.275460
v -1.191000 3.330261 0.500460
v -1.191000 3.296624 0.538456
v -1.191000 3.254507 0.566764
v -1.191000 3.206620 0.583560
v -1.191000 3.156048 0.587764
v -1.191000 3.106046 0.579103
v -1.191000 3.059833 0.558137
v -1.191000 3.020384 0.526215
v -1.191000 2.990240 0.485392
v -1.191000 2.971340 0.438296
v -1.191000 2.964902 0.387960
v -1.191000 2.971340 0.337623
v -1.191000 2.990240 0.290527
v -1.191000 3.020384 0.249704
v -1.191000 3.059833 0.217782
v -1.191000 3.106046 0.196816
v -1.191000 3.156048 0.188156
v -1.191000 3.206620 0.192359
v -1.191000 3.254507 0.209155
v -1.191000 3.296624 0.237463
v -1.191000 3.464902 0.500460
v -1.191000 3.464902 1.225476
v -1.191000 3.330261 1.225476
v -1.191000 3.464902 1.450476
v -1.191000 3.330261 1.450476
v -1.191000 3.296624 1.488473
v -1.191000 3.254507 1.516781
v -1.191000 3.206620 1.533577
v -1.191000 3.156048 1.537780
v -1.191000 3.106046 1.529120
v -1.191000 3.059833 1.508154
v -1.191000 3.020384 1.476232
v -1.191000 2.990240 1.435409
v -1.191000 2.971340 1.388313
v -1.191000 2.964902 1.337976
v -1.191000 2.971340 1.287640
v -1.191000 2.990240 1.240544
v -1.191000 3.020384 1.199721
v -1.191000 3.059833 1.167799
v -1.191000 3.106046 1.146833
v -1.191000 3.156048 1.138172
v -1.191000 3.206620 1.142376
v -1.191000 3.254507 1.159172
v -1.191000 3.296624 1.187480
v -1.191000 2.764902 -0.037040
v -1.891000 2.764902 1.762960
v -1.891000 2.764902 -0.037040
v 1.509000 2.764902 -0.037040
v 1.509000 2.764902 1.762960
v -2.241000 0.889902 0.664528
v -2.191000 0.889902 0.664528
v -2.241000 0.837862 0.664796
v -2.191000 0.837862 0.664796
v -2.241000 0.787653 0.678480
v -2.191000 0.787653 0.678480
v -2.241000 0.742674 0.704655
v -2.191000 0.742674 0.704655
v -2.241000 0.705971 0.741548
v -2.191000 0.705971 0.741548
v -2.241000 0.680028 0.786661
v -2.191000 0.680028 0.786661
v -2.241000 0.666602 0.836939
v -2.191000 0.666602 0.836939
v -2.241000 0.666602 0.888980
v -2.191000 0.666602 0.888980
v -2.241000 0.680028 0.939259
v -2.191000 0.680028 0.939259
v -2.241000 0.705971 0.984372
v -2.191000 0.705971 0.984372
v -2.241000 0.742674 1.021264
v -2.191000 0.742674 1.021264
v -2.241000 0.787653 1.047439
v -2.191000 0.787653 1.047439
v -2.241000 0.837862 1.061123
v -2.191000 0.837862 1.061123
v -2.241000 0.889902 1.061391
v -2.191000 0.889902 1.061391
v -2.191000 0.889902 1.762960
v -2.241000 0.889902 1.762960
v -2.191000 0.327818 1.187960
v -2.191000 0.392754 1.031192
v -2.191000 0.414902 0.862960
v -2.191000 0.392754 0.694727
v -2.191000 0.327818 0.537960
v -2.191000 0.889902 -0.037040
v -2.191000 0.224521 0.403340
v -2.191000 0.200792 -0.037040
v -2.191000 0.089902 0.300043
v -2.191000 -0.066866 0.235108
v -2.191000 -0.010647 -0.111526
v -2.191000 -0.235098 0.212960
v -2.191000 -0.233365 -0.137039
v -2.191000 -0.456171 -0.112298
v -2.191000 -0.403330 0.235108
v -2.191000 -0.667866 -0.038546
v -2.191000 -0.560098 0.300043
v -2.191000 -0.857813 0.080511
v -2.191000 -0.694717 0.403340
v -2.191000 -1.016466 0.238889
v -2.191000 -0.798015 0.537960
v -2.191000 -1.135852 0.428630
v -2.191000 -0.862950 0.694727
v -2.191000 -1.209971 0.640197
v -2.191000 -0.885098 0.862960
v -2.191000 -1.235098 0.862960
v -2.191000 -1.209971 1.085722
v -2.191000 -0.862950 1.031192
v -2.191000 -1.135852 1.297289
v -2.191000 -0.798015 1.187960
v -2.191000 -1.016466 1.487030
v -2.191000 -0.694717 1.322579
v -2.191000 -0.857813 1.645408
v -2.191000 -0.560098 1.425876
v -2.191000 -0.667866 1.764465
v -2.191000 -0.403330 1.490811
v -2.191000 -0.456171 1.838217
v -2.191000 -0.235098 1.512960
v -2.191000 -0.233365 1.862958
v -2.191000 -0.010647 1.837445
v -2.191000 -0.066866 1.490811
v -2.191000 0.200792 1.762960
v -2.191000 0.089902 1.425876
v -2.191000 0.224521 1.322579
v -2.741000 -0.090209 1.631782
v -2.991000 -0.090209 1.631782
v -2.741000 -0.085098 1.592960
v -2.991000 -0.085098 1.592960
v -2.741000 -0.090209 1.554137
v -2.991000 -0.090209 1.554137
v -2.741000 -0.105194 1.517960
v -2.991000 -0.105194 1.517960
v -2.741000 -0.129032 1.486894
v -2.991000 -0.129032 1.486894
v -2.741000 -0.160098 1.463056
v -2.991000 -0.160098 1.463056
v -2.741000 -0.196275 1.448071
v -2.991000 -0.196275 1.448071
v -2.741000 -0.235098 1.442960
v -2.991000 -0.235098 1.442960
v -2.741000 -0.273921 1.448071
v -2.991000 -0.273921 1.448071
v -2.741000 -0.310098 1.463056
v -2.991000 -0.310098 1.463056
v -2.741000 -0.341164 1.486894
v -2.991000 -0.341164 1.486894
v -2.741000 -0.365002 1.517960
v -2.991000 -0.365002 1.517960
v -2.741000 -0.379987 1.554137
v -2.991000 -0.379987 1.554137
v -2.741000 -0.385098 1.592960
v -2.991000 -0.385098 1.592960
v -2.741000 -0.379987 1.631782
v -2.991000 -0.379987 1.631782
v -2.741000 -0.365002 1.667960
v -2.991000 -0.365002 1.667960
v -2.741000 -0.341164 1.699026
v -2.991000 -0.341164 1.699026
v -2.741000 -0.310098 1.722863
v -2.991000 -0.310098 1.722863
v -2.741000 -0.273921 1.737848
v -2.991000 -0.273921 1.737848
v -2.741000 -0.235098 1.742960
v -2.991000 -0.235098 1.742960
v -2.741000 -0.196275 1.737848
v -2.991000 -0.196275 1.737848
v -2.741000 -0.160098 1.722863
v -2.991000 -0.160098 1.722863
v -2.741000 -0.129032 1.699026
v -2.991000 -0.129032 1.699026
v -2.741000 -0.105194 1.667960
v -2.991000 -0.105194 1.667960
v -2.391000 -0.090209 0.901782
v -2.991000 -0.090209 0.901782
v -2.391000 -0.085098 0.862960
v -2.991000 -0.085098 0.862960
v -2.391000 -0.090209 0.824137
v -2.991000 -0.090209 0.824137
v -2.391000 -0.105194 0.787960
v -2.991000 -0.105194 0.787960
v -2.391000 -0.129032 0.756894
v -2.991000 -0.129032 0.756894
v -2.391000 -0.160098 0.733056
v -2.991000 -0.160098 0.733056
v -2.391000 -0.196275 0.718071
v -2.991000 -0.196275 0.718071
v -2.391000 -0.235098 0.712960
v -2.991000 -0.235098 0.712960
v -2.391000 -0.273921 0.718071
v -2.991000 -0.273921 0.718071
v -2.391000 -0.310098 0.733056
v -2.991000 -0.310098 0.733056
v -2.391000 -0.341164 0.756894
v -2.991000 -0.341164 0.756894
v -2.391000 -0.365002 0.787960
v -2.991000 -0.365002 0.787960
v -2.391000 -0.379987 0.824137
v -2.991000 -0.379987 0.824137
v -2.391000 -0.385098 0.862960
v -2.991000 -0.385098 0.862960
v -2.391000 -0.379987 0.901782
v -2.991000 -0.379987 0.901782
v -2.391000 -0.365002 0.937960
v -2.991000 -0.365002 0.937960
v -2.391000 -0.341164 0.969026
v -2.991000 -0.341164 0.969026
v -2.391000 -0.310098 0.992863
v -2.991000 -0.310098 0.992863
v -2.391000 -0.273921 1.007848
v -2.991000 -0.273921 1.007848
v -2.391000 -0.235098 1.012960
v -2.991000 -0.235098 1.012960
v -2.391000 -0.196275 1.007848
v -2.991000 -0.196275 1.007848
v -2.391000 -0.160098 0.992863
v -2.991000 -0.160098 0.992863
v -2.391000 -0.129032 0.969026
v -2.991000 -0.129032 0.969026
v -2.391000 -0.105194 0.937960
v -2.991000 -0.105194 0.937960
v -2.741000 -0.820209 0.901782
v -2.991000 -0.820209 0.901782
v -2.741000 -0.815098 0.862960
v -2.991000 -0.815098 0.862960
v -2.741000 -0.820209 0.824137
v -2.991000 -0.820209 0.824137
v -2.741000 -0.835194 0.787960
v -2.991000 -0.835194 0.787960
v -2.741000 -0.859032 0.756894
v -2.991000 -0.859032 0.756894
v -2.741000 -0.890098 0.733056
v -2.991000 -0.890098 0.733056
v -2.741000 -0.926275 0.718071
v -2.991000 -0.926275 0.718071
v -2.741000 -0.965098 0.712960
v -2.991000 -0.965098 0.712960
v -2.741000 -1.003921 0.718071
v -2.991000 -1.003921 0.718071
v -2.741000 -1.040098 0.733056
v -2.991000 -1.040098 0.733056
v -2.741000 -1.071164 0.756894
v -2.991000 -1.071164 0.756894
v -2.741000 -1.095002 0.787960
v -2.991000 -1.095002 0.787960
v -2.741000 -1.109987 0.824137
v -2.991000 -1.109987 0.824137
v -2.741000 -1.115098 0.862960
v -2.991000 -1.115098 0.862960
v -2.741000 -1.109987 0.901782
v -2.991000 -1.109987 0.901782
v -2.741000 -1.095002 0.937960
v -2.991000 -1.095002 0.937960
v -2.741000 -1.071164 0.969026
v -2.991000 -1.071164 0.969026
v -2.741000 -1.040098 0.992863
v -2.991000 -1.040098 0.992863
v -2.741000 -1.003921 1.007848
v -2.991000 -1.003921 1.007848
v -2.741000 -0.965098 1.012960
v -2.991000 -0.965098 1.012960
v -2.741000 -0.926275 1.007848
v -2.991000 -0.926275 1.007848
v -2.741000 -0.890098 0.992863
v -2.991000 -0.890098 0.992863
v -2.741000 -0.859032 0.969026
v -2.991000 -0.859032 0.969026
v -2.741000 -0.835194 0.937960
v -2.991000 -0.835194 0.937960
v -2.741000 0.639791 0.901782
v -2.991000 0.639791 0.901782
v -2.741000 0.644902 0.862960
v -2.991000 0.644902 0.862960
v -2.741000 0.639791 0.824137
v -2.991000 0.639791 0.824137
v -2.741000 0.624806 0.787960
v -2.991000 0.624806 0.787960
v -2.741000 0.600968 0.756894
v -2.991000 0.600968 0.756894
v -2.741000 0.569902 0.733056
v -2.991000 0.569902 0.733056
v -2.741000 0.533725 0.718071
v -2.991000 0.533725 0.718071
v -2.741000 0.494902 0.712960
v -2.991000 0.494902 0.712960
v -2.741000 0.456079 0.718071
v -2.991000 0.456079 0.718071
v -2.741000 0.419902 0.733056
v -2.991000 0.419902 0.733056
v -2.741000 0.388836 0.756894
v -2.991000 0.388836 0.756894
v -2.741000 0.364998 0.787960
v -2.991000 0.364998 0.787960
v -2.741000 0.350013 0.824137
v -2.991000 0.350013 0.824137
v -2.741000 0.344902 0.862960
v -2.991000 0.344902 0.862960
v -2.741000 0.350013 0.901782
v -2.991000 0.350013 0.901782
v -2.741000 0.364998 0.937960
v -2.991000 0.364998 0.937960
v -2.741000 0.388836 0.969026
v -2.991000 0.388836 0.969026
v -2.741000 0.419902 0.992863
v -2.991000 0.419902 0.992863
v -2.741000 0.456079 1.007848
v -2.991000 0.456079 1.007848
v -2.741000 0.494902 1.012960
v -2.991000 0.494902 1.012960
v -2.741000 0.533725 1.007848
v -2.991000 0.533725 1.007848
v -2.741000 0.569902 0.992863
v -2.991000 0.569902 0.992863
v -2.741000 0.600968 0.969026
v -2.991000 0.600968 0.969026
v -2.741000 0.624806 0.937960
v -2.991000 0.624806 0.937960
v -2.741000 -0.090209 0.171782
v -2.991000 -0.090209 0.171782
v -2.741000 -0.085098 0.132960
v -2.991000 -0.085098 0.132960
v -2.741000 -0.090209 0.094137
v -2.991000 -0.090209 0.094137
v -2.741000 -0.105194 0.057960
v -2.991000 -0.105194 0.057960
v -2.741000 -0.129032 0.026894
v -2.991000 -0.129032 0.026894
v -2.741000 -0.160098 0.003056
v -2.991000 -0.160098 0.003056
v -2.741000 -0.196275 -0.011929
v -2.991000 -0.196275 -0.011929
v -2.741000 -0.235098 -0.017040
v -2.991000 -0.235098 -0.017040
v -2.741000 -0.273921 -0.011929
v -2.991000 -0.273921 -0.011929
v -2.741000 -0.310098 0.003056
v -2.991000 -0.310098 0.003056
v -2.741000 -0.341164 0.026894
v -2.991000 -0.341164 0.026894
v -2.741000 -0.365002 0.057960
v -2.991000 -0.365002 0.057960
v -2.741000 -0.379987 0.094137
v -2.991000 -0.379987 0.094137
v -2.741000 -0.385098 0.132960
v -2.991000 -0.385098 0.132960
v -2.741000 -0.379987 0.171782
v -2.991000 -0.379987 0.171782
v -2.741000 -0.365002 0.207960
v -2.991000 -0.365002 0.207960
v -2.741000 -0.341164 0.239026
v -2.991000 -0.341164 0.239026
v -2.741000 -0.310098 0.262863
v -2.991000 -0.310098 0.262863
v -2.741000 -0.273921 0.277848
v -2.991000 -0.273921 0.277848
v -2.741000 -0.235098 0.282960
v -2.991000 -0.235098 0.282960
v -2.741000 -0.196275 0.277848
v -2.991000 -0.196275 0.277848
v -2.741000 -0.160098 0.262863
v -2.991000 -0.160098 0.262863
v -2.741000 -0.129032 0.239026
v -2.991000 -0.129032 0.239026
v -2.741000 -0.105194 0.207960
v -2.991000 -0.105194 0.207960
v -2.741000 0.199569 0.746491
v -2.741000 0.214902 0.862960
v -2.741000 0.154613 0.637960
v -2.741000 0.083100 0.544762
v -2.741000 0.530946 0.220172
v -2.741000 0.658535 0.414160
v -2.741000 0.737947 0.632344
v -2.741000 0.764902 0.862960
v -2.741000 0.737947 1.093575
v -2.741000 0.658535 1.311759
v -2.741000 0.154613 1.087960
v -2.741000 0.199569 0.979428
v -2.741000 0.362061 0.060836
v -2.741000 -0.010098 0.473248
v -2.741000 -0.118629 0.428293
v -2.741000 -0.235098 0.412960
v -2.741000 -0.351567 0.428293
v -2.741000 -0.460098 0.473248
v -2.741000 -0.735098 -0.003066
v -2.741000 -0.521901 -0.095030
v -2.741000 -0.293243 -0.135349
v -2.741000 -0.061450 -0.121848
v -2.741000 0.160982 -0.055257
v -2.741000 -0.921340 0.135586
v -2.741000 -0.553296 0.544762
v -2.741000 -1.070586 0.313451
v -2.741000 -0.624809 0.637960
v -2.741000 -0.669765 0.746491
v -2.741000 -0.685098 0.862960
v -2.741000 -0.669765 0.979428
v -2.741000 -0.624809 1.087960
v -2.741000 -1.070586 1.412469
v -2.741000 -1.174791 1.204980
v -2.741000 -1.228336 0.979053
v -2.741000 -1.228336 0.746867
v -2.741000 -1.174791 0.520939
v -2.741000 -0.553296 1.181158
v -2.741000 -0.921340 1.590333
v -2.741000 -0.460098 1.252671
v -2.741000 -0.735098 1.728985
v -2.741000 -0.351567 1.297626
v -2.741000 -0.235098 1.312960
v -2.741000 -0.118629 1.297626
v -2.741000 -0.010098 1.252671
v -2.741000 0.083100 1.181158
v -2.741000 0.362061 1.665083
v -2.741000 0.530946 1.505747
v -2.741000 0.160982 1.781176
v -2.741000 -0.061450 1.847767
v -2.741000 -0.293243 1.861268
v -2.741000 -0.521901 1.820949
v -2.991000 0.737947 1.093575
v -2.991000 0.764902 0.862960
v -2.991000 0.737947 0.632344
v -2.991000 0.658535 0.414160
v -2.991000 0.530946 0.220172
v -2.991000 0.362061 0.060836
v -2.991000 0.160982 -0.055257
v -2.991000 -0.061450 -0.121848
v -2.991000 -0.293243 -0.135349
v -2.991000 -0.521901 -0.095030
v -2.991000 -0.735098 -0.003066
v -2.991000 -0.921340 0.135586
v -2.991000 -1.070586 0.313451
v -2.991000 -1.174791 0.520939
v -2.991000 -1.228336 0.746867
v -2.991000 -1.228336 0.979053
v -2.991000 -1.174791 1.204980
v -2.991000 -1.070586 1.412469
v -2.991000 -0.921340 1.590333
v -2.991000 -0.735098 1.728985
v -2.991000 -0.521901 1.820949
v -2.991000 -0.293243 1.861268
v -2.991000 -0.061450 1.847767
v -2.991000 0.160982 1.781176
v -2.991000 0.362061 1.665083
v -2.991000 0.530946 1.505747
v -2.991000 0.658535 1.311759
v -2.591000 0.199569 0.979428
v -2.591000 0.054680 0.940605
v -2.591000 0.214902 0.862960
v -2.591000 0.064902 0.862960
v -2.591000 0.199569 0.746491
v -2.591000 0.054680 0.785314
v -2.591000 0.024710 0.712960
v -2.591000 0.024710 1.012960
v -2.591000 0.154613 1.087960
v -2.591000 -0.022966 1.075092
v -2.591000 0.083100 1.181158
v -2.591000 -0.085098 1.122767
v -2.591000 -0.010098 1.252671
v -2.591000 -0.157452 1.152737
v -2.591000 -0.118629 1.297626
v -2.591000 -0.235098 1.162960
v -2.591000 -0.235098 1.312960
v -2.591000 -0.351567 1.297626
v -2.591000 -0.312744 1.152737
v -2.591000 -0.460098 1.252671
v -2.591000 -0.385098 1.122767
v -2.591000 -0.553296 1.181158
v -2.591000 -0.447230 1.075092
v -2.591000 -0.624809 1.087960
v -2.591000 -0.494906 1.012960
v -2.591000 -0.669765 0.979428
v -2.591000 -0.524876 0.940605
v -2.591000 -0.685098 0.862960
v -2.591000 -0.535098 0.862960
v -2.591000 -0.524876 0.785314
v -2.591000 -0.669765 0.746491
v -2.591000 -0.494906 0.712960
v -2.591000 -0.624809 0.637960
v -2.591000 -0.447230 0.650828
v -2.591000 -0.553296 0.544762
v -2.591000 -0.385098 0.603152
v -2.591000 -0.460098 0.473248
v -2.591000 -0.312744 0.573182
v -2.591000 -0.351567 0.428293
v -2.591000 -0.235098 0.562960
v -2.591000 -0.235098 0.412960
v -2.591000 -0.118629 0.428293
v -2.591000 -0.157452 0.573182
v -2.591000 -0.010098 0.473248
v -2.591000 -0.085098 0.603152
v -2.591000 0.083100 0.544762
v -2.591000 -0.022966 0.650828
v -2.591000 0.154613 0.637960
v -2.391000 0.054680 0.940605
v -2.391000 0.064902 0.862960
v -2.391000 0.054680 0.785314
v -2.391000 0.024710 0.712960
v -2.391000 -0.022966 0.650828
v -2.391000 -0.085098 0.603152
v -2.391000 -0.157452 0.573182
v -2.391000 -0.235098 0.562960
v -2.391000 -0.312744 0.573182
v -2.391000 -0.385098 0.603152
v -2.391000 -0.447230 0.650828
v -2.391000 -0.494906 0.712960
v -2.391000 -0.524876 0.785314
v -2.391000 -0.535098 0.862960
v -2.391000 -0.524876 0.940605
v -2.391000 -0.494906 1.012960
v -2.391000 -0.447230 1.075092
v -2.391000 -0.385098 1.122767
v -2.391000 -0.312744 1.152737
v -2.391000 -0.235098 1.162960
v -2.391000 -0.157452 1.152737
v -2.391000 -0.085098 1.122767
v -2.391000 -0.022966 1.075092
v -2.391000 0.024710 1.012960
v -2.241000 0.889902 -0.037040
v -2.241000 2.164902 -0.037040
v -2.241000 2.164902 1.762960
v -2.191000 2.164902 -0.037040
v -2.391000 0.272013 0.998840
v -2.341000 0.272013 0.998840
v -2.391000 0.289902 0.862960
v -2.341000 0.289902 0.862960
v -2.391000 0.272013 0.727080
v -2.341000 0.272013 0.727080
v -2.391000 0.219565 0.600460
v -2.341000 0.219565 0.600460
v -2.391000 0.136133 0.491729
v -2.341000 0.136133 0.491729
v -2.391000 0.027402 0.408296
v -2.341000 0.027402 0.408296
v -2.391000 -0.099218 0.355849
v -2.341000 -0.099218 0.355849
v -2.391000 -0.235098 0.337960
v -2.341000 -0.235098 0.337960
v -2.391000 -0.370978 0.355849
v -2.341000 -0.370978 0.355849
v -2.391000 -0.497598 0.408296
v -2.341000 -0.497598 0.408296
v -2.391000 -0.606329 0.491729
v -2.341000 -0.606329 0.491729
v -2.391000 -0.689761 0.600460
v -2.341000 -0.689761 0.600460
v -2.391000 -0.742209 0.727080
v -2.341000 -0.742209 0.727080
v -2.391000 -0.760098 0.862960
v -2.341000 -0.760098 0.862960
v -2.391000 -0.742209 0.998840
v -2.341000 -0.742209 0.998840
v -2.391000 -0.689761 1.125460
v -2.341000 -0.689761 1.125460
v -2.391000 -0.606329 1.234191
v -2.341000 -0.606329 1.234191
v -2.391000 -0.497598 1.317623
v -2.341000 -0.497598 1.317623
v -2.391000 -0.370978 1.370071
v -2.341000 -0.370978 1.370071
v -2.391000 -0.235098 1.387960
v -2.341000 -0.235098 1.387960
v -2.391000 -0.099218 1.370071
v -2.341000 -0.099218 1.370071
v -2.391000 0.027402 1.317623
v -2.341000 0.027402 1.317623
v -2.391000 0.136133 1.234191
v -2.341000 0.136133 1.234191
v -2.391000 0.219565 1.125460
v -2.341000 0.219565 1.125460
v -2.341000 0.392754 1.031192
v -2.341000 0.414902 0.862960
v -2.341000 0.392754 0.694727
v -2.341000 0.327818 0.537960
v -2.341000 0.224521 0.403340
v -2.341000 0.089902 0.300043
v -2.341000 -0.066866 0.235108
v -2.341000 -0.235098 0.212960
v -2.341000 -0.403330 0.235108
v -2.341000 -0.560098 0.300043
v -2.341000 -0.694717 0.403340
v -2.341000 -0.798015 0.537960
v -2.341000 -0.862950 0.694727
v -2.341000 -0.885098 0.862960
v -2.341000 -0.862950 1.031192
v -2.341000 -0.798015 1.187960
v -2.341000 -0.694717 1.322579
v -2.341000 -0.560098 1.425876
v -2.341000 -0.403330 1.490811
v -2.341000 -0.235098 1.512960
v -2.341000 -0.066866 1.490811
v -2.341000 0.089902 1.425876
v -2.341000 0.224521 1.322579
v -2.341000 0.327818 1.187960
v -2.191000 2.164902 1.762960
v -2.191000 2.164902 1.310173
v -2.191000 2.259845 1.202123
v -2.191000 2.164902 0.415746
v -2.191000 2.259845 0.523796
v -2.191000 2.326343 0.651338
v -2.191000 2.326343 1.074581
v -2.191000 2.360576 0.791041
v -2.191000 2.360576 0.934878
v -1.991000 0.200792 1.762960
v -1.991000 2.164902 1.762960
v -1.991000 2.164902 1.310173
v -1.991000 2.164902 0.415746
v -1.991000 2.164902 -0.037040
v -1.991000 2.259845 1.202123
v -1.991000 2.326343 1.074581
v -1.991000 2.360576 0.934878
v -1.991000 2.360576 0.791041
v -1.991000 2.326343 0.651338
v -1.991000 2.259845 0.523796
v -1.991000 0.200792 -0.037040
v -1.956918 -0.013764 1.838158
v -1.891000 -0.235098 1.862960
v -1.956918 -0.456432 1.838158
v -1.981233 -0.567006 1.806194
v -1.991000 -0.670988 1.762960
v -1.991000 -0.859168 1.644328
v -1.991000 -1.016466 1.487030
v -1.991000 -1.135098 1.298850
v -1.981233 -1.178333 1.194867
v -1.956918 -1.210296 1.084294
v -1.891000 -1.235098 0.862960
v -1.956918 -1.210296 0.641625
v -1.981233 -1.178333 0.531052
v -1.991000 -1.135098 0.427070
v -1.991000 -1.016466 0.238889
v -1.991000 -0.859168 0.081591
v -1.991000 -0.670988 -0.037040
v -1.981233 -0.567006 -0.080275
v -1.956918 -0.456432 -0.112238
v -1.891000 -0.235098 -0.137040
v -1.956918 -0.013764 -0.112238
v -1.981233 0.096810 -0.080275
v -1.981233 0.096810 1.806194
v -1.891000 -1.135098 1.862960
v -1.916882 -0.685098 1.859552
v -1.941000 -0.685098 1.849562
v -1.961711 -0.685098 1.833670
v -1.961711 -1.135098 1.833670
v -1.977602 -1.135098 1.812960
v -1.977602 -0.685098 1.812960
v -1.987592 -1.135098 1.788841
v -1.987592 -0.685098 1.788841
v -1.991000 -1.135098 1.762960
v -1.941000 -1.135098 1.849562
v -1.916882 -1.135098 1.859552
v -1.987592 0.248235 1.788841
v -1.987592 0.731569 1.788841
v -1.987592 1.214902 1.788841
v -1.977602 1.214902 1.812960
v -1.977602 1.698235 1.812960
v -1.961711 1.698235 1.833670
v -1.961711 2.181569 1.833670
v -1.941000 2.181569 1.849562
v -1.941000 2.664902 1.849562
v -1.916882 2.664902 1.859552
v -1.916882 2.181569 1.859552
v -1.891000 2.664902 1.862960
v -1.916882 1.698235 1.859552
v -1.916882 1.214902 1.859552
v -1.941000 1.214902 1.849562
v -1.941000 0.731569 1.849562
v -1.961711 0.731569 1.833670
v -1.961711 0.248235 1.833670
v -1.977602 0.248235 1.812960
v -1.941000 0.248235 1.849562
v -1.916882 0.248235 1.859552
v -1.916882 0.731569 1.859552
v -1.961711 2.664902 1.833670
v -1.977602 2.181569 1.812960
v -1.987592 1.698235 1.788841
v -1.977602 2.664902 1.812960
v -1.987592 2.181569 1.788841
v -1.987592 2.664902 1.788841
v -1.991000 2.664902 1.762960
v -1.977602 0.731569 1.812960
v -1.961711 1.214902 1.833670
v -1.941000 1.698235 1.849562
v -1.891000 -1.235098 -0.037040
v -1.916882 -1.231691 0.412960
v -1.941000 -1.221701 0.412960
v -1.961711 -1.205809 0.412960
v -1.961711 -1.205809 -0.037040
v -1.977602 -1.185098 -0.037040
v -1.977602 -1.185098 0.412960
v -1.987592 -1.160980 -0.037040
v -1.987592 -1.160980 0.412960
v -1.991000 -1.135098 -0.037040
v -1.941000 -1.221701 -0.037040
v -1.916882 -1.231691 -0.037040
v -1.987592 -1.160980 1.312960
v -1.977602 -1.185098 1.312960
v -1.961711 -1.205809 1.312960
v -1.941000 -1.221701 1.312960
v -1.941000 -1.221701 1.762960
v -1.916882 -1.231691 1.762960
v -1.916882 -1.231691 1.312960
v -1.891000 -1.235098 1.762960
v -1.961711 -1.205809 1.762960
v -1.977602 -1.185098 1.762960
v -1.987592 -1.160980 1.762960
v -1.987592 -0.685098 -0.062922
v -1.977602 -0.685098 -0.087040
v -1.961711 -0.685098 -0.107751
v -1.941000 -0.685098 -0.123643
v -1.941000 -1.135098 -0.123643
v -1.916882 -1.135098 -0.133633
v -1.916882 -0.685098 -0.133633
v -1.891000 -1.135098 -0.137040
v -1.961711 -1.135098 -0.107751
v -1.977602 -1.135098 -0.087040
v -1.987592 -1.135098 -0.062922
v -1.987592 2.690784 1.762960
v -1.987592 2.690784 1.312960
v -1.987592 2.690784 0.862960
v -1.991000 2.664902 -0.037040
v -1.987592 2.690784 0.412960
v -1.987592 2.690784 -0.037040
v -1.977602 2.714902 -0.037040
v -1.977602 2.714902 0.412960
v -1.961711 2.735613 -0.037040
v -1.961711 2.735613 0.412960
v -1.941000 2.751505 -0.037040
v -1.941000 2.751505 0.412960
v -1.916882 2.761495 -0.037040
v -1.916882 2.761495 0.412960
v -1.916882 2.761495 0.862960
v -1.916882 2.761495 1.312960
v -1.916882 2.761495 1.762960
v -1.941000 2.751505 1.762960
v -1.941000 2.751505 1.312960
v -1.961711 2.735613 1.762960
v -1.961711 2.735613 1.312960
v -1.977602 2.714902 1.762960
v -1.977602 2.714902 1.312960
v -1.977602 2.714902 0.862960
v -1.961711 2.735613 0.862960
v -1.941000 2.751505 0.862960
v -1.988047 2.683476 1.778351
v -1.982750 2.673355 1.801824
v -1.974242 2.695943 1.808864
v -1.962780 2.685014 1.829616
v -1.960666 2.716790 1.812500
v -1.949343 2.705648 1.833215
v -1.942888 2.734568 1.812500
v -1.931746 2.723245 1.833215
v -1.922040 2.748144 1.808864
v -1.911112 2.736682 1.829616
v -1.891000 2.751505 1.812960
v -1.891000 2.735613 1.833670
v -1.898813 2.720328 1.845826
v -1.891000 2.714902 1.849562
v -1.917828 2.707946 1.849143
v -1.902081 2.689713 1.859197
v -1.915811 2.675983 1.859197
v -1.934043 2.691730 1.849143
v -1.946426 2.672715 1.845826
v -1.891000 2.690784 1.859552
v -1.899453 2.756652 1.801824
v -1.891000 2.761495 1.788841
v -1.909574 2.761949 1.778351
v -1.930854 2.753934 1.784983
v -1.950494 2.741144 1.788408
v -1.967242 2.724396 1.788408
v -1.980032 2.704756 1.784983
v -1.988047 -1.150489 1.781534
v -1.982750 -1.173962 1.771413
v -1.974242 -1.181002 1.794000
v -1.962780 -1.201755 1.783072
v -1.960666 -1.184638 1.814848
v -1.949343 -1.205353 1.803706
v -1.942888 -1.184638 1.832626
v -1.931746 -1.205353 1.821303
v -1.922040 -1.181002 1.846202
v -1.911112 -1.201755 1.834740
v -1.891000 -1.185098 1.849562
v -1.891000 -1.205809 1.833670
v -1.898813 -1.217965 1.818386
v -1.891000 -1.221701 1.812960
v -1.917828 -1.221281 1.806003
v -1.902081 -1.231335 1.787770
v -1.915811 -1.231335 1.774041
v -1.934043 -1.221281 1.789788
v -1.946426 -1.217965 1.770773
v -1.891000 -1.231691 1.788841
v -1.899453 -1.173962 1.854710
v -1.891000 -1.160980 1.859552
v -1.909574 -1.150489 1.860006
v -1.930854 -1.157121 1.851991
v -1.950494 -1.160547 1.839202
v -1.967242 -1.160547 1.822453
v -1.980032 -1.157121 1.802813
v -1.916882 0.248235 -0.133633
v -1.916882 0.731569 -0.133633
v -1.916882 1.214902 -0.133633
v -1.941000 1.214902 -0.123643
v -1.941000 1.698235 -0.123643
v -1.961711 1.698235 -0.107751
v -1.961711 2.181569 -0.107751
v -1.977602 2.181569 -0.087040
v -1.977602 2.664902 -0.087040
v -1.987592 2.664902 -0.062922
v -1.987592 2.181569 -0.062922
v -1.987592 1.698235 -0.062922
v -1.987592 1.214902 -0.062922
v -1.977602 1.214902 -0.087040
v -1.977602 0.731569 -0.087040
v -1.961711 0.731569 -0.107751
v -1.961711 0.248235 -0.107751
v -1.941000 0.248235 -0.123643
v -1.977602 0.248235 -0.087040
v -1.987592 0.248235 -0.062922
v -1.987592 0.731569 -0.062922
v -1.961711 2.664902 -0.107751
v -1.941000 2.181569 -0.123643
v -1.916882 1.698235 -0.133633
v -1.891000 2.664902 -0.137040
v -1.941000 2.664902 -0.123643
v -1.916882 2.181569 -0.133633
v -1.916882 2.664902 -0.133633
v -1.941000 0.731569 -0.123643
v -1.961711 1.214902 -0.107751
v -1.977602 1.698235 -0.087040
v -1.988047 -1.153672 -0.052432
v -1.982750 -1.143551 -0.075905
v -1.974242 -1.166139 -0.082945
v -1.962780 -1.155210 -0.103697
v -1.960666 -1.186986 -0.086580
v -1.949343 -1.175844 -0.107296
v -1.942888 -1.204764 -0.086580
v -1.931746 -1.193441 -0.107296
v -1.922040 -1.218340 -0.082945
v -1.911112 -1.206878 -0.103697
v -1.891000 -1.221701 -0.087040
v -1.891000 -1.205809 -0.107751
v -1.898813 -1.190524 -0.119907
v -1.891000 -1.185098 -0.123643
v -1.917828 -1.178142 -0.123223
v -1.902081 -1.159909 -0.133278
v -1.915811 -1.146179 -0.133278
v -1.934043 -1.161926 -0.123223
v -1.946426 -1.142911 -0.119907
v -1.891000 -1.160980 -0.133633
v -1.899453 -1.226848 -0.075905
v -1.891000 -1.231691 -0.062922
v -1.909574 -1.232145 -0.052432
v -1.930854 -1.224130 -0.059064
v -1.950494 -1.211340 -0.062489
v -1.967242 -1.194592 -0.062489
v -1.980032 -1.174952 -0.059064
v -1.988047 2.680293 -0.055615
v -1.982750 2.703766 -0.045493
v -1.974242 2.710806 -0.068081
v -1.962780 2.731559 -0.057153
v -1.960666 2.714442 -0.088928
v -1.949343 2.735157 -0.077787
v -1.942888 2.714442 -0.106707
v -1.931746 2.735157 -0.095383
v -1.922040 2.710806 -0.120283
v -1.911112 2.731559 -0.108820
v -1.891000 2.714902 -0.123643
v -1.891000 2.735613 -0.107751
v -1.898813 2.747769 -0.092466
v -1.891000 2.751505 -0.087040
v -1.917828 2.751085 -0.080084
v -1.902081 2.761139 -0.061851
v -1.915811 2.761139 -0.048122
v -1.934043 2.751085 -0.063868
v -1.946426 2.747769 -0.044853
v -1.891000 2.761495 -0.062922
v -1.899453 2.703766 -0.128791
v -1.891000 2.690784 -0.133633
v -1.909574 2.680293 -0.134087
v -1.930854 2.686925 -0.126072
v -1.950494 2.690351 -0.113283
v -1.967242 2.690351 -0.096534
v -1.980032 2.686925 -0.076894
v -1.324333 -1.160980 1.859552
v -0.757667 -1.160980 1.859552
v -0.191000 -1.160980 1.859552
v -0.191000 -1.185098 1.849562
v 0.375667 -1.185098 1.849562
v 0.375667 -1.205809 1.833670
v 0.942333 -1.205809 1.833670
v 0.942333 -1.221701 1.812960
v 1.509000 -1.221701 1.812960
v 1.509000 -1.231691 1.788841
v 0.942333 -1.231691 1.788841
v 1.509000 -1.235098 1.762960
v 0.375667 -1.231691 1.788841
v -0.191000 -1.231691 1.788841
v -0.191000 -1.221701 1.812960
v -0.757667 -1.221701 1.812960
v -0.757667 -1.205809 1.833670
v -1.324333 -1.205809 1.833670
v -1.324333 -1.185098 1.849562
v -1.324333 -1.221701 1.812960
v -0.757667 -1.231691 1.788841
v -1.324333 -1.231691 1.788841
v 1.509000 -1.205809 1.833670
v 0.942333 -1.185098 1.849562
v 0.375667 -1.160980 1.859552
v 1.509000 -1.135098 1.862960
v 1.509000 -1.185098 1.849562
v 0.942333 -1.160980 1.859552
v 1.509000 -1.160980 1.859552
v -0.757667 -1.185098 1.849562
v -0.191000 -1.205809 1.833670
v 0.375667 -1.221701 1.812960
v 1.509000 -1.235098 -0.037040
v -1.324333 -1.231691 -0.062922
v -0.757667 -1.231691 -0.062922
v -0.191000 -1.231691 -0.062922
v -0.191000 -1.221701 -0.087040
v 0.375667 -1.221701 -0.087040
v 0.375667 -1.205809 -0.107751
v 0.942333 -1.205809 -0.107751
v 0.942333 -1.185098 -0.123643
v 1.509000 -1.185098 -0.123643
v 1.509000 -1.160980 -0.133633
v 0.942333 -1.160980 -0.133633
v 1.509000 -1.135098 -0.137040
v 0.375667 -1.160980 -0.133633
v -0.191000 -1.160980 -0.133633
v -0.191000 -1.185098 -0.123643
v -0.757667 -1.185098 -0.123643
v -0.757667 -1.205809 -0.107751
v -1.324333 -1.205809 -0.107751
v -1.324333 -1.221701 -0.087040
v -1.324333 -1.185098 -0.123643
v -0.757667 -1.160980 -0.133633
v -1.324333 -1.160980 -0.133633
v 1.509000 -1.205809 -0.107751
v 0.942333 -1.221701 -0.087040
v 0.375667 -1.231691 -0.062922
v 1.509000 -1.221701 -0.087040
v 0.942333 -1.231691 -0.062922
v 1.509000 -1.231691 -0.062922
v -0.757667 -1.221701 -0.087040
v -0.191000 -1.205809 -0.107751
v 0.375667 -1.185098 -0.123643
v 1.509000 2.664902 -0.137040
v 1.709000 2.464902 1.462960
v 1.609000 2.464902 1.462960
v 1.709000 2.439020 1.466367
v 1.609000 2.439020 1.466367
v 1.709000 2.414902 1.476357
v 1.609000 2.414902 1.476357
v 1.709000 2.394191 1.492249
v 1.609000 2.394191 1.492249
v 1.709000 2.378299 1.512960
v 1.609000 2.378299 1.512960
v 1.709000 2.368309 1.537078
v 1.609000 2.368309 1.537078
v 1.709000 2.364902 1.562960
v 1.609000 2.364902 1.562960
v 1.709000 2.364902 1.662960
v 1.702185 2.364902 1.714723
v 1.682205 2.364902 1.762960
v 1.650421 2.364902 1.804381
v 1.609000 2.364902 1.836165
v 1.709000 2.364902 0.162960
v 1.609000 2.364902 0.162960
v 1.709000 2.368309 0.188841
v 1.609000 2.368309 0.188841
v 1.709000 2.378299 0.212960
v 1.609000 2.378299 0.212960
v 1.709000 2.394191 0.233670
v 1.609000 2.394191 0.233670
v 1.709000 2.414902 0.249562
v 1.609000 2.414902 0.249562
v 1.709000 2.439020 0.259552
v 1.609000 2.439020 0.259552
v 1.709000 2.464902 0.262960
v 1.609000 2.464902 0.262960
v 1.709000 2.564902 0.262960
v 1.702185 2.616666 0.262960
v 1.682205 2.664902 0.262960
v 1.650421 2.706323 0.262960
v 1.609000 2.738107 0.262960
v 1.709000 -0.835098 1.562960
v 1.609000 -0.835098 1.562960
v 1.709000 -0.838505 1.537078
v 1.609000 -0.838505 1.537078
v 1.709000 -0.848495 1.512960
v 1.609000 -0.848495 1.512960
v 1.709000 -0.864387 1.492249
v 1.609000 -0.864387 1.492249
v 1.709000 -0.885098 1.476357
v 1.609000 -0.885098 1.476357
v 1.709000 -0.909216 1.466367
v 1.609000 -0.909216 1.466367
v 1.709000 -0.935098 1.462960
v 1.609000 -0.935098 1.462960
v 1.709000 -1.035098 1.462960
v 1.702185 -1.086862 1.462960
v 1.682205 -1.135098 1.462960
v 1.650421 -1.176519 1.462960
v 1.609000 -1.208303 1.462960
v 1.709000 -0.935098 0.262960
v 1.609000 -0.935098 0.262960
v 1.709000 -0.909216 0.259552
v 1.609000 -0.909216 0.259552
v 1.709000 -0.885098 0.249562
v 1.609000 -0.885098 0.249562
v 1.709000 -0.864387 0.233670
v 1.609000 -0.864387 0.233670
v 1.709000 -0.848495 0.212960
v 1.609000 -0.848495 0.212960
v 1.709000 -0.838505 0.188841
v 1.609000 -0.838505 0.188841
v 1.709000 -0.835098 0.162960
v 1.609000 -0.835098 0.162960
v 1.709000 -0.835098 0.062960
v 1.702185 -0.835098 0.011196
v 1.682205 -0.835098 -0.037040
v 1.650421 -0.835098 -0.078462
v 1.609000 -0.835098 -0.110245
v 1.609000 -1.121701 -0.110245
v 1.609000 -1.138724 -0.108705
v 1.585537 -1.127486 -0.121816
v 1.575465 -1.147818 -0.123916
v 1.560764 -1.131691 -0.130226
v 1.554031 -1.151596 -0.130040
v 1.535105 -1.134242 -0.135329
v 1.531765 -1.153925 -0.133800
v 1.533112 -1.172565 -0.127952
v 1.533710 -1.183955 -0.122249
v 1.534165 -1.199233 -0.111287
v 1.558539 -1.195493 -0.107337
v 1.558422 -1.208246 -0.094035
v 1.581410 -1.201848 -0.088189
v 1.579942 -1.211918 -0.073598
v 1.609000 -1.194227 -0.072199
v 1.609000 -1.202069 -0.057046
v 1.609000 -1.155109 -0.104010
v 1.578894 -1.164834 -0.117456
v 1.556562 -1.169600 -0.123935
v 1.580415 -1.175306 -0.111667
v 1.609000 -1.170258 -0.096169
v 1.581568 -1.189509 -0.101014
v 1.609000 -1.183481 -0.085429
v 1.577198 -1.219384 -0.057683
v 1.609000 -1.206763 -0.040665
v 1.574325 -1.223191 -0.045030
v 1.585537 -1.219874 -0.029428
v 1.560764 -1.228283 -0.033633
v 1.609000 -1.208303 -0.023643
v 1.553191 -1.229159 -0.048524
v 1.535105 -1.233387 -0.036185
v 1.531318 -1.232811 -0.050670
v 1.533524 -1.222499 -0.081937
v 1.532445 -1.229621 -0.064561
v 1.534103 -1.212240 -0.097689
v 1.555309 -1.225714 -0.061930
v 1.557336 -1.218442 -0.078734
v 1.557686 -1.180631 -0.118189
v 1.560764 -1.228283 0.862960
v 1.535105 -1.233387 1.762104
v 1.609000 -1.208303 0.262960
v 1.650421 -1.176519 0.262960
v 1.650421 -1.176519 0.862960
v 1.585537 -1.219874 1.755348
v 1.560764 -1.228283 1.759552
v 1.682205 -1.135098 0.862960
v 1.682205 -1.135098 0.262960
v 1.702185 -1.086862 0.862960
v 1.702185 -1.086862 0.262960
v 1.709000 -1.035098 0.262960
v 1.609000 -1.208303 1.749562
v 1.560764 -0.185098 -0.130226
v 1.650421 -0.185098 -0.078462
v 1.560764 0.764902 -0.130226
v 1.650421 0.764902 -0.078462
v 1.560764 1.714902 -0.130226
v 1.650421 1.714902 -0.078462
v 1.609000 2.364902 -0.110245
v 1.650421 2.364902 -0.078462
v 1.535105 2.664046 -0.135329
v 1.560764 2.661495 -0.130226
v 1.585537 2.657290 -0.121816
v 1.609000 2.651505 -0.110245
v 1.682205 1.714902 -0.037040
v 1.682205 2.364902 -0.037040
v 1.702185 1.714902 0.011196
v 1.702185 2.364902 0.011196
v 1.709000 2.364902 0.062960
v 1.702185 0.764902 0.011196
v 1.702185 -0.185098 0.011196
v 1.682205 -0.185098 -0.037040
v 1.682205 0.764902 -0.037040
v 1.609000 -1.206763 1.766585
v 1.575465 -1.221974 1.775679
v 1.554031 -1.228097 1.779458
v 1.531765 -1.231858 1.781787
v 1.533112 -1.226010 1.800426
v 1.533710 -1.220307 1.811817
v 1.534165 -1.209344 1.827095
v 1.558539 -1.205395 1.823354
v 1.558422 -1.192093 1.836108
v 1.581410 -1.186247 1.829710
v 1.579942 -1.171656 1.839780
v 1.609000 -1.170257 1.822089
v 1.609000 -1.155103 1.829931
v 1.609000 -1.202067 1.782970
v 1.578894 -1.215514 1.792696
v 1.556562 -1.221993 1.797461
v 1.580415 -1.209724 1.803167
v 1.609000 -1.194226 1.798120
v 1.581568 -1.199072 1.817371
v 1.609000 -1.183486 1.811343
v 1.577198 -1.155741 1.847246
v 1.609000 -1.138723 1.834625
v 1.574325 -1.143087 1.851053
v 1.585537 -1.127486 1.847735
v 1.560764 -1.131691 1.856145
v 1.609000 -1.121701 1.836165
v 1.553191 -1.146582 1.857020
v 1.535105 -1.134242 1.861249
v 1.531318 -1.148727 1.860672
v 1.533524 -1.179994 1.850360
v 1.532445 -1.162619 1.857483
v 1.534103 -1.195747 1.840102
v 1.555309 -1.159987 1.853576
v 1.557336 -1.176792 1.846304
v 1.557686 -1.216247 1.808493
v 1.509000 2.664902 1.862960
v 1.560764 -0.185098 1.856145
v 1.560764 0.764902 1.856145
v 1.535105 2.664046 1.861249
v 1.560764 1.714902 1.856145
v 1.560764 2.661495 1.856145
v 1.585537 2.657290 1.847735
v 1.609000 2.651505 1.836165
v 1.609000 -0.835098 1.836165
v 1.650421 -0.185098 1.804381
v 1.650421 -0.835098 1.804381
v 1.682205 -0.185098 1.762960
v 1.682205 -0.835098 1.762960
v 1.702185 -0.185098 1.714723
v 1.702185 -0.835098 1.714723
v 1.709000 -0.835098 1.662960
v 1.702185 0.764902 1.714723
v 1.702185 1.714902 1.714723
v 1.682205 1.714902 1.762960
v 1.650421 1.714902 1.804381
v 1.650421 0.764902 1.804381
v 1.682205 0.764902 1.762960
v 1.609000 2.738107 -0.023643
v 1.609000 2.736567 -0.040666
v 1.585537 2.749678 -0.029428
v 1.575465 2.751778 -0.049760
v 1.560764 2.758087 -0.033633
v 1.554031 2.757901 -0.053539
v 1.535105 2.763191 -0.036185
v 1.531765 2.761662 -0.055868
v 1.509000 2.761495 -0.062922
v 1.533112 2.755814 -0.074507
v 1.509000 2.751505 -0.087040
v 1.533710 2.750111 -0.085897
v 1.534165 2.739148 -0.101175
v 1.558539 2.735199 -0.097435
v 1.558422 2.721897 -0.110189
v 1.581410 2.716051 -0.103791
v 1.579942 2.701460 -0.113861
v 1.609000 2.700061 -0.096170
v 1.609000 2.684907 -0.104012
v 1.609000 2.731871 -0.057051
v 1.578894 2.745318 -0.066776
v 1.556562 2.751797 -0.071542
v 1.580415 2.739528 -0.077248
v 1.609000 2.724030 -0.072201
v 1.581568 2.728876 -0.091451
v 1.609000 2.713290 -0.085424
v 1.577198 2.685545 -0.121327
v 1.609000 2.668527 -0.108706
v 1.574325 2.672891 -0.125133
v 1.553191 2.676386 -0.131101
v 1.531318 2.678531 -0.134753
v 1.509000 2.690784 -0.133633
v 1.509000 2.714902 -0.123643
v 1.533524 2.709798 -0.124441
v 1.532445 2.692423 -0.131564
v 1.534103 2.725551 -0.114183
v 1.509000 2.735613 -0.107751
v 1.555309 2.689791 -0.127657
v 1.557336 2.706596 -0.120385
v 1.557686 2.746051 -0.082574
v -1.324333 2.690784 -0.133633
v -0.757667 2.690784 -0.133633
v -0.191000 2.690784 -0.133633
v -0.191000 2.714902 -0.123643
v 0.375667 2.714902 -0.123643
v 0.375667 2.735613 -0.107751
v 0.942333 2.735613 -0.107751
v 0.942333 2.751505 -0.087040
v 0.942333 2.761495 -0.062922
v 0.375667 2.761495 -0.062922
v -0.191000 2.761495 -0.062922
v -0.757667 2.761495 -0.062922
v -0.757667 2.751505 -0.087040
v -1.324333 2.751505 -0.087040
v -1.324333 2.735613 -0.107751
v -1.324333 2.714902 -0.123643
v -1.324333 2.761495 -0.062922
v 0.942333 2.714902 -0.123643
v 0.375667 2.690784 -0.133633
v 0.942333 2.690784 -0.133633
v -0.757667 2.714902 -0.123643
v -0.757667 2.735613 -0.107751
v -0.191000 2.735613 -0.107751
v 0.375667 2.751505 -0.087040
v -0.191000 2.751505 -0.087040
v 1.560764 2.758087 0.862960
v 1.609000 2.738107 1.462960
v 1.585537 2.749678 1.755348
v 1.609000 2.738107 1.749562
v 1.535105 2.763191 1.762104
v 1.560764 2.758087 1.759552
v 1.650421 2.706323 0.862960
v 1.650421 2.706323 1.462960
v 1.682205 2.664902 0.862960
v 1.682205 2.664902 1.462960
v 1.702185 2.616666 0.862960
v 1.702185 2.616666 1.462960
v 1.709000 2.564902 1.462960
v 1.609000 2.668528 1.834625
v 1.575465 2.677622 1.849835
v 1.554031 2.681400 1.855959
v 1.531765 2.683729 1.859719
v 1.509000 2.690784 1.859552
v 1.533112 2.702369 1.853872
v 1.509000 2.714902 1.849562
v 1.533710 2.713759 1.848169
v 1.534165 2.729037 1.837206
v 1.558539 2.725297 1.833256
v 1.558422 2.738050 1.819955
v 1.581410 2.731652 1.814109
v 1.579942 2.741722 1.799517
v 1.609000 2.724031 1.798119
v 1.609000 2.731873 1.782965
v 1.609000 2.684913 1.829929
v 1.578894 2.694638 1.843376
v 1.556562 2.699404 1.849855
v 1.580415 2.705110 1.837586
v 1.609000 2.700062 1.822088
v 1.581568 2.719313 1.826933
v 1.609000 2.713285 1.811348
v 1.577198 2.749188 1.783602
v 1.609000 2.736567 1.766584
v 1.574325 2.752995 1.770949
v 1.553191 2.758962 1.774443
v 1.531318 2.762615 1.776589
v 1.509000 2.761495 1.788841
v 1.509000 2.751505 1.812960
v 1.533524 2.752303 1.807856
v 1.532445 2.759425 1.790480
v 1.534103 2.742044 1.823608
v 1.509000 2.735613 1.833670
v 1.555309 2.755518 1.787849
v 1.557336 2.748246 1.804653
v 1.557686 2.710435 1.844108
v -1.324333 2.761495 1.788841
v -0.757667 2.761495 1.788841
v -0.191000 2.761495 1.788841
v -0.191000 2.751505 1.812960
v 0.375667 2.751505 1.812960
v 0.375667 2.735613 1.833670
v 0.942333 2.735613 1.833670
v 0.942333 2.714902 1.849562
v 0.942333 2.690784 1.859552
v 0.375667 2.690784 1.859552
v -0.191000 2.690784 1.859552
v -0.191000 2.714902 1.849562
v -0.757667 2.714902 1.849562
v -0.757667 2.735613 1.833670
v -1.324333 2.735613 1.833670
v -1.324333 2.751505 1.812960
v -1.324333 2.714902 1.849562
v -0.757667 2.690784 1.859552
v -1.324333 2.690784 1.859552
v 0.942333 2.751505 1.812960
v 0.375667 2.761495 1.788841
v 0.942333 2.761495 1.788841
v -0.757667 2.751505 1.812960
v -0.191000 2.735613 1.833670
v 0.375667 2.714902 1.849562
v 1.609000 0.716606 0.875901
v 1.709000 0.716606 0.875901
v 1.609000 0.714902 0.862960
v 1.709000 0.714902 0.862960
v 1.609000 0.716606 0.850019
v 1.709000 0.716606 0.850019
v 1.609000 0.721601 0.837960
v 1.709000 0.721601 0.837960
v 1.609000 0.729547 0.827604
v 1.709000 0.729547 0.827604
v 1.609000 0.739902 0.819658
v 1.709000 0.739902 0.819658
v 1.609000 0.751961 0.814663
v 1.709000 0.751961 0.814663
v 1.609000 0.764902 0.812960
v 1.709000 0.764902 0.812960
v 1.609000 0.777843 0.814663
v 1.709000 0.777843 0.814663
v 1.609000 0.789902 0.819658
v 1.709000 0.789902 0.819658
v 1.609000 0.800257 0.827604
v 1.709000 0.800257 0.827604
v 1.609000 0.808203 0.837960
v 1.709000 0.808203 0.837960
v 1.609000 0.813198 0.850019
v 1.709000 0.813198 0.850019
v 1.609000 0.814902 0.862960
v 1.709000 0.814902 0.862960
v 1.609000 0.813198 0.875901
v 1.709000 0.813198 0.875901
v 1.609000 0.808203 0.887960
v 1.709000 0.808203 0.887960
v 1.609000 0.800257 0.898315
v 1.709000 0.800257 0.898315
v 1.609000 0.789902 0.906261
v 1.709000 0.789902 0.906261
v 1.609000 0.777843 0.911256
v 1.709000 0.777843 0.911256
v 1.609000 0.764902 0.912960
v 1.709000 0.764902 0.912960
v 1.609000 0.751961 0.911256
v 1.709000 0.751961 0.911256
v 1.609000 0.739902 0.906261
v 1.709000 0.739902 0.906261
v 1.609000 0.729547 0.898315
v 1.709000 0.729547 0.898315
v 1.609000 0.721601 0.887960
v 1.709000 0.721601 0.887960
f 1802 1803 1804
f 1804 1803 1805
f 1804 1805 1806
f 1806 1805 1807
f 1806 1807 1808
f 1808 1807 1809
f 1808 1809 1810
f 1810 1809 1811
f 1810 1811 1812
f 1812 1811 1813
f 1812 1813 1814
f 1814 1813 1815
f 1814 1815 1816
f 1816 1815 1817
f 1813 1811 1815
f 1815 1811 1809
f 1815 1809 1807
f 1815 1807 1818
f 1818 1807 1805
f 1818 1805 1803
f 1819 1820 1803
f 1803 1820 1821
f 1803 1821 1822
f 1823 1824 1819
f 1819 1824 1825
f 1819 1825 1826
f 1827 1828 1823
f 1823 1828 1829
f 1823 1829 1830
f 1831 1832 1827
f 1827 1832 1833
f 1827 1833 1834
f 1831 1835 1832
f 1832 1835 1836
f 1832 1836 1837
f 1835 1838 1836
f 1836 1838 1839
f 1836 1839 1840
f 1834 1841 1827
f 1827 1841 1842
f 1827 1842 1828
f 1830 1843 1823
f 1823 1843 1844
f 1823 1844 1845
f 1845 1846 1823
f 1823 1846 1824
f 1824 1846 1847
f 1847 1846 1848
f 1847 1848 1849
f 1849 1848 1850
f 1849 1850 1851
f 1851 1850 1852
f 1851 1852 1853
f 1853 1852 1854
f 1853 1854 1855
f 1855 1854 1856
f 1855 1856 1857
f 1857 1856 1858
f 1857 1858 1859
f 1859 1858 1860
f 1859 1860 1861
f 1861 1860 1862
f 1861 1862 1863
f 1863 1862 1864
f 1863 1864 1865
f 1865 1864 1866
f 1826 1867 1819
f 1819 1867 1868
f 1819 1868 1869
f 1869 1820 1819
f 1822 1870 1803
f 1803 1870 1871
f 1803 1871 1818
f 1818 1817 1815
f 1827 1872 1831
f 1831 1872 1873
f 1831 1873 1835
f 1835 1873 1874
f 1835 1874 1838
f 1838 1874 1875
f 1838 1875 1839
f 1839 1875 1876
f 1839 1876 1840
f 1840 1876 1877
f 1840 1877 1836
f 1836 1877 1878
f 1872 1827 1879
f 1879 1827 1823
f 1817 1818 1816
f 1816 1818 1880
f 1863 1881 1861
f 1861 1881 1882
f 1861 1882 1859
f 1859 1882 1883
f 1859 1883 1857
f 1857 1883 1884
f 1857 1884 1855
f 1855 1884 1885
f 1855 1885 1853
f 1853 1885 1886
f 1853 1886 1851
f 1851 1886 1887
f 1851 1887 1849
f 1849 1887 1888
f 1849 1888 1847
f 1847 1888 1889
f 1847 1889 1824
f 1824 1889 1890
f 1824 1890 1825
f 1825 1890 1891
f 1825 1891 1826
f 1826 1891 1892
f 1826 1892 1867
f 1867 1892 1893
f 1867 1893 1868
f 1868 1893 1894
f 1868 1894 1869
f 1869 1894 1895
f 1869 1895 1820
f 1820 1895 1896
f 1820 1896 1821
f 1821 1896 1897
f 1821 1897 1822
f 1822 1897 1898
f 1822 1898 1870
f 1870 1898 1899
f 1870 1899 1871
f 1871 1899 1900
f 1871 1900 1818
f 1818 1900 1880
f 1901 1881 1865
f 1865 1881 1863
f 1866 1864 1902
f 1902 1864 1903
f 1904 1905 1837
f 1837 1905 1832
f 1832 1905 1833
f 1833 1905 1906
f 1833 1906 1834
f 1834 1906 1907
f 1834 1907 1841
f 1841 1907 1908
f 1841 1908 1842
f 1842 1908 1909
f 1842 1909 1828
f 1828 1909 1910
f 1828 1910 1829
f 1829 1910 1911
f 1829 1911 1830
f 1830 1911 1912
f 1830 1912 1843
f 1843 1912 1913
f 1843 1913 1844
f 1844 1913 1914
f 1844 1914 1845
f 1845 1914 1915
f 1845 1915 1846
f 1846 1915 1916
f 1846 1916 1848
f 1848 1916 1917
f 1848 1917 1850
f 1850 1917 1918
f 1850 1918 1852
f 1852 1918 1919
f 1852 1919 1854
f 1854 1919 1920
f 1854 1920 1856
f 1856 1920 1921
f 1856 1921 1858
f 1858 1921 1922
f 1858 1922 1860
f 1860 1922 1923
f 1860 1923 1862
f 1862 1923 1924
f 1862 1924 1864
f 1864 1924 1903
f 1836 1878 1837
f 1837 1878 1904
f 1803 1802 1819
f 1819 1802 1925
f 1804 1880 1802
f 1802 1880 1900
f 1802 1900 1899
f 1804 1806 1880
f 1880 1806 1814
f 1880 1814 1816
f 1806 1808 1814
f 1814 1808 1810
f 1814 1810 1812
f 1899 1898 1802
f 1802 1898 1897
f 1802 1897 1896
f 1802 1896 1925
f 1925 1896 1895
f 1925 1895 1894
f 1894 1893 1925
f 1925 1893 1892
f 1925 1892 1891
f 1891 1890 1925
f 1925 1890 1879
f 1879 1890 1916
f 1879 1916 1915
f 1916 1890 1917
f 1917 1890 1889
f 1917 1889 1918
f 1918 1889 1888
f 1918 1888 1919
f 1919 1888 1887
f 1919 1887 1920
f 1920 1887 1886
f 1920 1886 1921
f 1921 1886 1885
f 1921 1885 1922
f 1922 1885 1884
f 1922 1884 1923
f 1923 1884 1883
f 1923 1883 1924
f 1924 1883 1882
f 1924 1882 1903
f 1903 1882 1881
f 1903 1881 1902
f 1902 1881 1901
f 1915 1914 1879
f 1879 1914 1913
f 1879 1913 1912
f 1912 1911 1879
f 1879 1911 1910
f 1879 1910 1872
f 1872 1910 1909
f 1872 1909 1908
f 1908 1907 1872
f 1872 1907 1906
f 1872 1906 1905
f 1904 1878 1905
f 1905 1878 1874
f 1905 1874 1873
f 1877 1876 1878
f 1878 1876 1875
f 1878 1875 1874
f 1873 1872 1905
f 1901 1865 1902
f 1902 1865 1866
f 1823 1819 1926
f 1926 1819 1927
f 1925 1879 1928
f 1928 1879 1929
f 1930 1931 1932
f 1932 1931 1933
f 1932 1933 1934
f 1934 1933 1935
f 1934 1935 1936
f 1936 1935 1937
f 1936 1937 1938
f 1938 1937 1939
f 1938 1939 1940
f 1940 1939 1941
f 1940 1941 1942
f 1942 1941 1943
f 1942 1943 1944
f 1944 1943 1945
f 1944 1945 1946
f 1946 1945 1947
f 1946 1947 1948
f 1948 1947 1949
f 1948 1949 1950
f 1950 1949 1951
f 1950 1951 1952
f 1952 1951 1953
f 1952 1953 1954
f 1954 1953 1955
f 1954 1955 1956
f 1956 1955 1957
f 1957 1958 1956
f 1956 1958 1959
f 1957 1955 1958
f 1958 1955 1953
f 1958 1953 1960
f 1960 1953 1951
f 1960 1951 1961
f 1961 1951 1949
f 1961 1949 1947
f 1961 1947 1962
f 1962 1947 1945
f 1962 1945 1943
f 1943 1941 1962
f 1962 1941 1963
f 1963 1941 1939
f 1963 1939 1937
f 1963 1937 1964
f 1964 1937 1935
f 1964 1935 1965
f 1965 1935 1933
f 1965 1933 1931
f 1964 1965 1966
f 1966 1965 1967
f 1966 1967 1968
f 1968 1967 1969
f 1969 1967 1970
f 1969 1970 1971
f 1971 1970 1972
f 1971 1972 1973
f 1971 1973 1974
f 1974 1973 1975
f 1974 1975 1976
f 1976 1975 1977
f 1976 1977 1978
f 1978 1977 1979
f 1978 1979 1980
f 1980 1979 1981
f 1980 1981 1982
f 1982 1981 1983
f 1982 1983 1984
f 1984 1983 1985
f 1984 1985 1986
f 1984 1986 1987
f 1987 1986 1988
f 1987 1988 1989
f 1989 1988 1990
f 1989 1990 1991
f 1991 1990 1992
f 1991 1992 1993
f 1993 1992 1994
f 1993 1994 1995
f 1995 1994 1996
f 1995 1996 1997
f 1997 1996 1998
f 1997 1998 1999
f 1997 1999 2000
f 2000 1999 2001
f 2000 2001 2002
f 2002 2001 2003
f 2003 2001 1958
f 2003 1958 1960
f 2004 2005 2006
f 2006 2005 2007
f 2006 2007 2008
f 2008 2007 2009
f 2008 2009 2010
f 2010 2009 2011
f 2010 2011 2012
f 2012 2011 2013
f 2012 2013 2014
f 2014 2013 2015
f 2014 2015 2016
f 2016 2015 2017
f 2016 2017 2018
f 2018 2017 2019
f 2018 2019 2020
f 2020 2019 2021
f 2020 2021 2022
f 2022 2021 2023
f 2022 2023 2024
f 2024 2023 2025
f 2024 2025 2026
f 2026 2025 2027
f 2026 2027 2028
f 2028 2027 2029
f 2028 2029 2030
f 2030 2029 2031
f 2030 2031 2032
f 2032 2031 2033
f 2032 2033 2034
f 2034 2033 2035
f 2034 2035 2036
f 2036 2035 2037
f 2036 2037 2038
f 2038 2037 2039
f 2038 2039 2040
f 2040 2039 2041
f 2040 2041 2042
f 2042 2041 2043
f 2042 2043 2044
f 2044 2043 2045
f 2044 2045 2046
f 2046 2045 2047
f 2046 2047 2048
f 2048 2047 2049
f 2048 2049 2050
f 2050 2049 2051
f 2050 2051 2004
f 2004 2051 2005
f 2052 2053 2054
f 2054 2053 2055
f 2054 2055 2056
f 2056 2055 2057
f 2056 2057 2058
f 2058 2057 2059
f 2058 2059 2060
f 2060 2059 2061
f 2060 2061 2062
f 2062 2061 2063
f 2062 2063 2064
f 2064 2063 2065
f 2064 2065 2066
f 2066 2065 2067
f 2066 2067 2068
f 2068 2067 2069
f 2068 2069 2070
f 2070 2069 2071
f 2070 2071 2072
f 2072 2071 2073
f 2072 2073 2074
f 2074 2073 2075
f 2074 2075 2076
f 2076 2075 2077
f 2076 2077 2078
f 2078 2077 2079
f 2078 2079 2080
f 2080 2079 2081
f 2080 2081 2082
f 2082 2081 2083
f 2082 2083 2084
f 2084 2083 2085
f 2084 2085 2086
f 2086 2085 2087
f 2086 2087 2088
f 2088 2087 2089
f 2088 2089 2090
f 2090 2089 2091
f 2090 2091 2092
f 2092 2091 2093
f 2092 2093 2094
f 2094 2093 2095
f 2094 2095 2096
f 2096 2095 2097
f 2096 2097 2098
f 2098 2097 2099
f 2098 2099 2052
f 2052 2099 2053
f 2056 2076 2054
f 2054 2076 2078
f 2054 2078 2052
f 2052 2078 2080
f 2052 2080 2098
f 2098 2080 2082
f 2098 2082 2096
f 2096 2082 2084
f 2096 2084 2094
f 2094 2084 2086
f 2094 2086 2092
f 2092 2086 2088
f 2092 2088 2090
f 2076 2056 2074
f 2074 2056 2058
f 2074 2058 2072
f 2072 2058 2060
f 2072 2060 2070
f 2070 2060 2062
f 2070 2062 2068
f 2068 2062 2064
f 2068 2064 2066
f 2100 2101 2102
f 2102 2101 2103
f 2102 2103 2104
f 2104 2103 2105
f 2104 2105 2106
f 2106 2105 2107
f 2106 2107 2108
f 2108 2107 2109
f 2108 2109 2110
f 2110 2109 2111
f 2110 2111 2112
f 2112 2111 2113
f 2112 2113 2114
f 2114 2113 2115
f 2114 2115 2116
f 2116 2115 2117
f 2116 2117 2118
f 2118 2117 2119
f 2118 2119 2120
f 2120 2119 2121
f 2120 2121 2122
f 2122 2121 2123
f 2122 2123 2124
f 2124 2123 2125
f 2124 2125 2126
f 2126 2125 2127
f 2126 2127 2128
f 2128 2127 2129
f 2128 2129 2130
f 2130 2129 2131
f 2130 2131 2132
f 2132 2131 2133
f 2132 2133 2134
f 2134 2133 2135
f 2134 2135 2136
f 2136 2135 2137
f 2136 2137 2138
f 2138 2137 2139
f 2138 2139 2140
f 2140 2139 2141
f 2140 2141 2142
f 2142 2141 2143
f 2142 2143 2144
f 2144 2143 2145
f 2144 2145 2146
f 2146 2145 2147
f 2146 2147 2100
f 2100 2147 2101
f 2148 2149 2150
f 2150 2149 2151
f 2150 2151 2152
f 2152 2151 2153
f 2152 2153 2154
f 2154 2153 2155
f 2154 2155 2156
f 2156 2155 2157
f 2156 2157 2158
f 2158 2157 2159
f 2158 2159 2160
f 2160 2159 2161
f 2160 2161 2162
f 2162 2161 2163
f 2162 2163 2164
f 2164 2163 2165
f 2164 2165 2166
f 2166 2165 2167
f 2166 2167 2168
f 2168 2167 2169
f 2168 2169 2170
f 2170 2169 2171
f 2170 2171 2172
f 2172 2171 2173
f 2172 2173 2174
f 2174 2173 2175
f 2174 2175 2176
f 2176 2175 2177
f 2176 2177 2178
f 2178 2177 2179
f 2178 2179 2180
f 2180 2179 2181
f 2180 2181 2182
f 2182 2181 2183
f 2182 2183 2184
f 2184 2183 2185
f 2184 2185 2186
f 2186 2185 2187
f 2186 2187 2188
f 2188 2187 2189
f 2188 2189 2190
f 2190 2189 2191
f 2190 2191 2192
f 2192 2191 2193
f 2192 2193 2194
f 2194 2193 2195
f 2194 2195 2148
f 2148 2195 2149
f 2196 2197 2198
f 2198 2197 2199
f 2198 2199 2200
f 2200 2199 2201
f 2200 2201 2202
f 2202 2201 2203
f 2202 2203 2204
f 2204 2203 2205
f 2204 2205 2206
f 2206 2205 2207
f 2206 2207 2208
f 2208 2207 2209
f 2208 2209 2210
f 2210 2209 2211
f 2210 2211 2212
f 2212 2211 2213
f 2212 2213 2214
f 2214 2213 2215
f 2214 2215 2216
f 2216 2215 2217
f 2216 2217 2218
f 2218 2217 2219
f 2218 2219 2220
f 2220 2219 2221
f 2220 2221 2222
f 2222 2221 2223
f 2222 2223 2224
f 2224 2223 2225
f 2224 2225 2226
f 2226 2225 2227
f 2226 2227 2228
f 2228 2227 2229
f 2228 2229 2230
f 2230 2229 2231
f 2230 2231 2232
f 2232 2231 2233
f 2232 2233 2234
f 2234 2233 2235
f 2234 2235 2236
f 2236 2235 2237
f 2236 2237 2238
f 2238 2237 2239
f 2238 2239 2240
f 2240 2239 2241
f 2240 2241 2242
f 2242 2241 2243
f 2242 2243 2196
f 2196 2243 2197
f 2244 2172 2245
f 2245 2172 2174
f 2245 2174 2176
f 2246 2168 2244
f 2244 2168 2170
f 2244 2170 2172
f 2247 2248 2246
f 2246 2248 2249
f 2246 2249 2164
f 2164 2249 2162
f 2162 2249 2160
f 2160 2249 2250
f 2160 2250 2158
f 2158 2250 2156
f 2156 2250 2154
f 2154 2250 2251
f 2154 2251 2152
f 2152 2251 2150
f 2150 2251 2148
f 2148 2251 2194
f 2194 2251 2252
f 2194 2252 2192
f 2192 2252 2190
f 2190 2252 2188
f 2188 2252 2253
f 2188 2253 2186
f 2186 2253 2184
f 2184 2253 2254
f 2184 2254 2182
f 2182 2254 2180
f 2180 2254 2255
f 2180 2255 2178
f 2178 2255 2176
f 2176 2255 2245
f 2248 2247 2256
f 2256 2247 2257
f 2256 2257 2196
f 2196 2257 2242
f 2242 2257 2240
f 2240 2257 2258
f 2240 2258 2238
f 2238 2258 2236
f 2236 2258 2259
f 2236 2259 2234
f 2234 2259 2232
f 2232 2259 2260
f 2232 2260 2230
f 2230 2260 2228
f 2228 2260 2261
f 2228 2261 2226
f 2226 2261 2224
f 2224 2261 2262
f 2224 2262 2222
f 2222 2262 2220
f 2220 2262 2263
f 2220 2263 2218
f 2218 2263 2216
f 2216 2263 2264
f 2216 2264 2214
f 2214 2264 2212
f 2212 2264 2210
f 2210 2264 2208
f 2208 2264 2265
f 2208 2265 2206
f 2206 2265 2204
f 2204 2265 2202
f 2202 2265 2266
f 2202 2266 2200
f 2200 2266 2198
f 2198 2266 2196
f 2196 2266 2256
f 2262 2261 2267
f 2267 2261 2268
f 2267 2268 2269
f 2269 2268 2270
f 2269 2270 2112
f 2112 2270 2110
f 2110 2270 2108
f 2108 2270 2271
f 2108 2271 2106
f 2106 2271 2104
f 2104 2271 2272
f 2104 2272 2102
f 2102 2272 2100
f 2100 2272 2273
f 2100 2273 2146
f 2146 2273 2144
f 2144 2273 2274
f 2144 2274 2142
f 2142 2274 2140
f 2140 2274 2275
f 2140 2275 2138
f 2138 2275 2276
f 2138 2276 2136
f 2136 2276 2134
f 2134 2276 2132
f 2132 2276 2277
f 2132 2277 2130
f 2130 2277 2128
f 2128 2277 2126
f 2126 2277 2278
f 2126 2278 2124
f 2124 2278 2122
f 2122 2278 2120
f 2120 2278 2279
f 2120 2279 2118
f 2118 2279 2116
f 2116 2279 2114
f 2114 2279 2269
f 2114 2269 2112
f 2274 2280 2275
f 2275 2280 2281
f 2281 2280 2282
f 2281 2282 2283
f 2283 2282 2028
f 2283 2028 2030
f 2284 2024 2282
f 2282 2024 2026
f 2282 2026 2028
f 2285 2020 2284
f 2284 2020 2022
f 2284 2022 2024
f 2286 2016 2285
f 2285 2016 2018
f 2285 2018 2020
f 2287 2012 2286
f 2286 2012 2014
f 2286 2014 2016
f 2288 2289 2287
f 2287 2289 2008
f 2287 2008 2010
f 2289 2288 2290
f 2290 2288 2254
f 2290 2254 2253
f 2289 2291 2008
f 2008 2291 2006
f 2006 2291 2004
f 2004 2291 2050
f 2050 2291 2292
f 2050 2292 2048
f 2048 2292 2046
f 2046 2292 2044
f 2044 2292 2293
f 2044 2293 2042
f 2042 2293 2040
f 2040 2293 2038
f 2038 2293 2036
f 2036 2293 2294
f 2036 2294 2034
f 2034 2294 2032
f 2032 2294 2283
f 2032 2283 2030
f 2164 2166 2246
f 2246 2166 2168
f 2010 2012 2287
f 2295 2252 2296
f 2296 2252 2251
f 2296 2251 2297
f 2297 2251 2250
f 2297 2250 2298
f 2298 2250 2249
f 2298 2249 2299
f 2299 2249 2248
f 2299 2248 2300
f 2300 2248 2256
f 2300 2256 2301
f 2301 2256 2266
f 2301 2266 2302
f 2302 2266 2265
f 2302 2265 2303
f 2303 2265 2264
f 2303 2264 2304
f 2304 2264 2263
f 2304 2263 2305
f 2305 2263 2262
f 2305 2262 2306
f 2306 2262 2267
f 2306 2267 2307
f 2307 2267 2269
f 2307 2269 2308
f 2308 2269 2279
f 2308 2279 2309
f 2309 2279 2278
f 2309 2278 2310
f 2310 2278 2277
f 2310 2277 2311
f 2311 2277 2276
f 2311 2276 2312
f 2312 2276 2275
f 2312 2275 2313
f 2313 2275 2281
f 2313 2281 2314
f 2314 2281 2283
f 2314 2283 2315
f 2315 2283 2294
f 2315 2294 2316
f 2316 2294 2293
f 2316 2293 2317
f 2317 2293 2292
f 2317 2292 2318
f 2318 2292 2291
f 2318 2291 2319
f 2319 2291 2289
f 2319 2289 2320
f 2320 2289 2290
f 2320 2290 2321
f 2321 2290 2253
f 2321 2253 2295
f 2295 2253 2252
f 2297 2155 2296
f 2296 2155 2153
f 2296 2153 2151
f 2298 2161 2297
f 2297 2161 2159
f 2297 2159 2157
f 2299 2165 2298
f 2298 2165 2163
f 2298 2163 2161
f 2300 2243 2299
f 2299 2243 2167
f 2299 2167 2165
f 2243 2300 2197
f 2197 2300 2301
f 2197 2301 2199
f 2199 2301 2201
f 2201 2301 2203
f 2203 2301 2302
f 2203 2302 2205
f 2205 2302 2207
f 2207 2302 2209
f 2209 2302 2303
f 2209 2303 2211
f 2211 2303 2213
f 2213 2303 2215
f 2215 2303 2217
f 2217 2303 2304
f 2217 2304 2219
f 2219 2304 2221
f 2221 2304 2305
f 2221 2305 2223
f 2223 2305 2225
f 2225 2305 2306
f 2225 2306 2227
f 2227 2306 2111
f 2227 2111 2109
f 2306 2307 2111
f 2111 2307 2113
f 2113 2307 2115
f 2115 2307 2308
f 2115 2308 2117
f 2117 2308 2119
f 2119 2308 2121
f 2121 2308 2309
f 2121 2309 2123
f 2123 2309 2125
f 2125 2309 2127
f 2127 2309 2310
f 2127 2310 2129
f 2129 2310 2131
f 2131 2310 2133
f 2133 2310 2311
f 2133 2311 2135
f 2135 2311 2137
f 2137 2311 2139
f 2139 2311 2312
f 2139 2312 2141
f 2141 2312 2143
f 2143 2312 2313
f 2143 2313 2027
f 2027 2313 2029
f 2029 2313 2314
f 2029 2314 2031
f 2031 2314 2033
f 2033 2314 2315
f 2033 2315 2035
f 2035 2315 2037
f 2037 2315 2316
f 2037 2316 2039
f 2039 2316 2041
f 2041 2316 2043
f 2043 2316 2045
f 2045 2316 2317
f 2045 2317 2047
f 2047 2317 2049
f 2049 2317 2051
f 2051 2317 2318
f 2051 2318 2005
f 2005 2318 2007
f 2007 2318 2009
f 2009 2318 2319
f 2009 2319 2011
f 2011 2319 2320
f 2011 2320 2183
f 2183 2320 2185
f 2185 2320 2321
f 2185 2321 2187
f 2187 2321 2189
f 2189 2321 2295
f 2189 2295 2191
f 2191 2295 2193
f 2193 2295 2195
f 2195 2295 2296
f 2195 2296 2149
f 2149 2296 2151
f 2167 2243 2169
f 2169 2243 2241
f 2169 2241 2061
f 2061 2241 2063
f 2063 2241 2239
f 2063 2239 2065
f 2065 2239 2237
f 2065 2237 2067
f 2067 2237 2235
f 2067 2235 2233
f 2067 2233 2069
f 2069 2233 2231
f 2069 2231 2071
f 2071 2231 2229
f 2071 2229 2073
f 2073 2229 2109
f 2073 2109 2075
f 2075 2109 2107
f 2075 2107 2077
f 2077 2107 2105
f 2077 2105 2079
f 2079 2105 2103
f 2079 2103 2081
f 2081 2103 2101
f 2081 2101 2083
f 2083 2101 2147
f 2083 2147 2085
f 2085 2147 2145
f 2085 2145 2025
f 2025 2145 2027
f 2027 2145 2143
f 2229 2227 2109
f 2183 2181 2011
f 2011 2181 2013
f 2013 2181 2097
f 2013 2097 2095
f 2097 2181 2099
f 2099 2181 2179
f 2099 2179 2053
f 2053 2179 2177
f 2053 2177 2055
f 2055 2177 2175
f 2055 2175 2057
f 2057 2175 2173
f 2057 2173 2059
f 2059 2173 2171
f 2059 2171 2061
f 2061 2171 2169
f 2157 2155 2297
f 2013 2095 2015
f 2015 2095 2093
f 2015 2093 2017
f 2017 2093 2091
f 2017 2091 2019
f 2019 2091 2089
f 2019 2089 2021
f 2021 2089 2087
f 2021 2087 2023
f 2023 2087 2085
f 2023 2085 2025
f 2322 2323 2324
f 2324 2323 2325
f 2324 2325 2326
f 2326 2325 2327
f 2326 2327 2328
f 2323 2322 2329
f 2329 2322 2330
f 2329 2330 2331
f 2331 2330 2332
f 2331 2332 2333
f 2333 2332 2334
f 2333 2334 2335
f 2335 2334 2336
f 2335 2336 2337
f 2337 2336 2338
f 2337 2338 2339
f 2337 2339 2340
f 2340 2339 2341
f 2340 2341 2342
f 2342 2341 2343
f 2342 2343 2344
f 2344 2343 2345
f 2344 2345 2346
f 2346 2345 2347
f 2346 2347 2348
f 2348 2347 2349
f 2348 2349 2350
f 2350 2349 2351
f 2351 2349 2352
f 2351 2352 2353
f 2353 2352 2354
f 2353 2354 2355
f 2355 2354 2356
f 2355 2356 2357
f 2357 2356 2358
f 2357 2358 2359
f 2359 2358 2360
f 2359 2360 2361
f 2361 2360 2362
f 2361 2362 2363
f 2361 2363 2364
f 2364 2363 2365
f 2364 2365 2366
f 2366 2365 2367
f 2366 2367 2368
f 2368 2367 2369
f 2368 2369 2328
f 2328 2369 2326
f 2255 2322 2245
f 2245 2322 2324
f 2245 2324 2244
f 2244 2324 2326
f 2244 2326 2246
f 2246 2326 2369
f 2246 2369 2247
f 2247 2369 2367
f 2247 2367 2257
f 2257 2367 2365
f 2257 2365 2258
f 2258 2365 2363
f 2258 2363 2259
f 2259 2363 2362
f 2259 2362 2260
f 2260 2362 2360
f 2260 2360 2261
f 2261 2360 2358
f 2261 2358 2268
f 2268 2358 2356
f 2268 2356 2270
f 2270 2356 2354
f 2270 2354 2271
f 2271 2354 2352
f 2271 2352 2272
f 2272 2352 2349
f 2272 2349 2273
f 2273 2349 2347
f 2273 2347 2274
f 2274 2347 2345
f 2274 2345 2280
f 2280 2345 2343
f 2280 2343 2282
f 2282 2343 2341
f 2282 2341 2284
f 2284 2341 2339
f 2284 2339 2285
f 2285 2339 2338
f 2285 2338 2286
f 2286 2338 2336
f 2286 2336 2287
f 2287 2336 2334
f 2287 2334 2288
f 2288 2334 2332
f 2288 2332 2254
f 2254 2332 2330
f 2254 2330 2255
f 2255 2330 2322
f 2323 2370 2325
f 2325 2370 2371
f 2325 2371 2327
f 2327 2371 2372
f 2327 2372 2328
f 2328 2372 2373
f 2328 2373 2368
f 2368 2373 2374
f 2368 2374 2366
f 2366 2374 2375
f 2366 2375 2364
f 2364 2375 2376
f 2364 2376 2361
f 2361 2376 2377
f 2361 2377 2359
f 2359 2377 2378
f 2359 2378 2357
f 2357 2378 2379
f 2357 2379 2355
f 2355 2379 2380
f 2355 2380 2353
f 2353 2380 2381
f 2353 2381 2351
f 2351 2381 2382
f 2351 2382 2350
f 2350 2382 2383
f 2350 2383 2348
f 2348 2383 2384
f 2348 2384 2346
f 2346 2384 2385
f 2346 2385 2344
f 2344 2385 2386
f 2344 2386 2342
f 2342 2386 2387
f 2342 2387 2340
f 2340 2387 2388
f 2340 2388 2337
f 2337 2388 2389
f 2337 2389 2335
f 2335 2389 2390
f 2335 2390 2333
f 2333 2390 2391
f 2333 2391 2331
f 2331 2391 2392
f 2331 2392 2329
f 2329 2392 2393
f 2329 2393 2323
f 2323 2393 2370
f 2394 1930 2395
f 2395 1930 2396
f 2396 1930 1956
f 2396 1956 1959
f 1930 1932 1956
f 1956 1932 1954
f 1954 1932 1952
f 1952 1932 1934
f 1952 1934 1950
f 1950 1934 1936
f 1950 1936 1948
f 1948 1936 1938
f 1948 1938 1946
f 1946 1938 1940
f 1946 1940 1944
f 1944 1940 1942
f 1930 2394 1931
f 1931 2394 1965
f 2394 2395 1965
f 1965 2395 2397
f 2398 2399 2400
f 2400 2399 2401
f 2400 2401 2402
f 2402 2401 2403
f 2402 2403 2404
f 2404 2403 2405
f 2404 2405 2406
f 2406 2405 2407
f 2406 2407 2408
f 2408 2407 2409
f 2408 2409 2410
f 2410 2409 2411
f 2410 2411 2412
f 2412 2411 2413
f 2412 2413 2414
f 2414 2413 2415
f 2414 2415 2416
f 2416 2415 2417
f 2416 2417 2418
f 2418 2417 2419
f 2418 2419 2420
f 2420 2419 2421
f 2420 2421 2422
f 2422 2421 2423
f 2422 2423 2424
f 2424 2423 2425
f 2424 2425 2426
f 2426 2425 2427
f 2426 2427 2428
f 2428 2427 2429
f 2428 2429 2430
f 2430 2429 2431
f 2430 2431 2432
f 2432 2431 2433
f 2432 2433 2434
f 2434 2433 2435
f 2434 2435 2436
f 2436 2435 2437
f 2436 2437 2438
f 2438 2437 2439
f 2438 2439 2440
f 2440 2439 2441
f 2440 2441 2442
f 2442 2441 2443
f 2442 2443 2444
f 2444 2443 2445
f 2444 2445 2398
f 2398 2445 2399
f 2372 2371 2400
f 2400 2371 2370
f 2400 2370 2398
f 2398 2370 2393
f 2398 2393 2444
f 2444 2393 2392
f 2444 2392 2442
f 2442 2392 2391
f 2442 2391 2440
f 2440 2391 2390
f 2440 2390 2438
f 2438 2390 2389
f 2438 2389 2436
f 2436 2389 2434
f 2434 2389 2388
f 2434 2388 2432
f 2432 2388 2387
f 2432 2387 2430
f 2430 2387 2386
f 2430 2386 2428
f 2428 2386 2385
f 2428 2385 2426
f 2426 2385 2384
f 2426 2384 2424
f 2424 2384 2383
f 2424 2383 2422
f 2422 2383 2382
f 2422 2382 2381
f 2422 2381 2420
f 2420 2381 2380
f 2420 2380 2418
f 2418 2380 2379
f 2418 2379 2416
f 2416 2379 2378
f 2416 2378 2414
f 2414 2378 2377
f 2414 2377 2412
f 2412 2377 2410
f 2410 2377 2376
f 2410 2376 2408
f 2408 2376 2375
f 2408 2375 2406
f 2406 2375 2374
f 2406 2374 2404
f 2404 2374 2373
f 2404 2373 2402
f 2402 2373 2372
f 2402 2372 2400
f 2446 1961 2447
f 2447 1961 1962
f 2447 1962 2448
f 2448 1962 1963
f 2448 1963 2449
f 2449 1963 1964
f 2449 1964 2450
f 2450 1964 1966
f 2450 1966 2451
f 2451 1966 1968
f 2451 1968 2452
f 2452 1968 1969
f 2452 1969 2453
f 2453 1969 1971
f 2453 1971 2454
f 2454 1971 1974
f 2454 1974 2455
f 2455 1974 1976
f 2455 1976 2456
f 2456 1976 1978
f 2456 1978 2457
f 2457 1978 1980
f 2457 1980 2458
f 2458 1980 1982
f 2458 1982 2459
f 2459 1982 1984
f 2459 1984 2460
f 2460 1984 1987
f 2460 1987 2461
f 2461 1987 1989
f 2461 1989 2462
f 2462 1989 1991
f 2462 1991 2463
f 2463 1991 1993
f 2463 1993 2464
f 2464 1993 1995
f 2464 1995 2465
f 2465 1995 1997
f 2465 1997 2466
f 2466 1997 2000
f 2466 2000 2467
f 2467 2000 2002
f 2467 2002 2468
f 2468 2002 2003
f 2468 2003 2469
f 2469 2003 1960
f 2469 1960 2446
f 2446 1960 1961
f 2403 2401 2447
f 2447 2401 2399
f 2447 2399 2446
f 2446 2399 2445
f 2446 2445 2469
f 2469 2445 2443
f 2469 2443 2468
f 2468 2443 2441
f 2468 2441 2467
f 2467 2441 2439
f 2467 2439 2466
f 2466 2439 2437
f 2466 2437 2465
f 2465 2437 2464
f 2464 2437 2435
f 2464 2435 2463
f 2463 2435 2433
f 2463 2433 2462
f 2462 2433 2431
f 2462 2431 2461
f 2461 2431 2429
f 2461 2429 2460
f 2460 2429 2427
f 2460 2427 2459
f 2459 2427 2425
f 2459 2425 2458
f 2458 2425 2423
f 2458 2423 2421
f 2458 2421 2457
f 2457 2421 2419
f 2457 2419 2456
f 2456 2419 2417
f 2456 2417 2455
f 2455 2417 2415
f 2455 2415 2454
f 2454 2415 2413
f 2454 2413 2453
f 2453 2413 2452
f 2452 2413 2411
f 2452 2411 2451
f 2451 2411 2409
f 2451 2409 2450
f 2450 2409 2407
f 2450 2407 2449
f 2449 2407 2405
f 2449 2405 2448
f 2448 2405 2403
f 2448 2403 2447
f 2396 1959 2470
f 2470 1959 1958
f 2471 2472 2473
f 2473 2472 2474
f 2474 2472 2475
f 2475 2472 2476
f 2475 2476 2477
f 2477 2476 2478
f 2001 2479 1958
f 1958 2479 2480
f 1958 2480 2470
f 2397 2395 2473
f 2473 2395 2396
f 2473 2396 2471
f 2471 2396 2470
f 2471 2470 2481
f 2481 2470 2480
f 2482 2483 2473
f 2473 2483 2397
f 2471 2481 2472
f 2472 2481 2484
f 2472 2484 2476
f 2476 2484 2485
f 2476 2485 2478
f 2478 2485 2486
f 2478 2486 2477
f 2477 2486 2487
f 2477 2487 2475
f 2475 2487 2488
f 2475 2488 2474
f 2474 2488 2489
f 2474 2489 2473
f 2473 2489 2482
f 2397 2483 1965
f 1965 2483 2490
f 1965 2490 1967
f 2491 1998 2492
f 2492 1998 1996
f 2492 1996 2493
f 2493 1996 2494
f 2494 1996 1994
f 2494 1994 2495
f 2495 1994 1992
f 2495 1992 2496
f 2496 1992 1990
f 2496 1990 2497
f 2497 1990 2498
f 2498 1990 1988
f 2498 1988 2499
f 2499 1988 1986
f 2499 1986 2500
f 2500 1986 1985
f 2500 1985 2501
f 2501 1985 2502
f 2502 1985 1983
f 2502 1983 2503
f 2503 1983 1981
f 2503 1981 2504
f 2504 1981 1979
f 2504 1979 2505
f 2505 1979 2506
f 2506 1979 1977
f 2506 1977 2507
f 2507 1977 1975
f 2507 1975 2508
f 2508 1975 1973
f 2508 1973 2509
f 2509 1973 2510
f 2510 1973 1972
f 2510 1972 2511
f 2511 1972 1970
f 2511 1970 2512
f 2512 1970 1967
f 2512 1967 2490
f 1998 2491 1999
f 1999 2491 2513
f 1999 2513 2001
f 2001 2513 2479
f 2514 2492 2515
f 2515 2492 2493
f 2515 2493 2516
f 2516 2493 2517
f 2516 2517 2518
f 2518 2517 2519
f 2519 2517 2520
f 2519 2520 2521
f 2521 2520 2522
f 2521 2522 2523
f 2523 2522 2495
f 2495 2522 2494
f 2494 2522 2520
f 2494 2520 2493
f 2493 2520 2517
f 2518 2524 2516
f 2516 2524 2515
f 2524 2525 2515
f 2515 2525 2514
f 2513 2526 2479
f 2479 2526 2527
f 2479 2527 2528
f 2528 2527 2529
f 2528 2529 2530
f 2530 2529 2531
f 2530 2531 2532
f 2532 2531 2533
f 2532 2533 2534
f 2534 2533 2535
f 2535 2533 2536
f 2535 2536 2537
f 2537 2536 2538
f 2537 2538 2539
f 2539 2538 2540
f 2539 2540 2541
f 2541 2540 2542
f 2541 2542 2543
f 2543 2542 2544
f 2543 2544 2491
f 2491 2544 2513
f 2513 2544 2526
f 2543 2491 2545
f 2545 2491 2492
f 2545 2492 2546
f 2546 2492 2547
f 2546 2547 2545
f 2545 2547 2541
f 2545 2541 2543
f 2547 2492 2539
f 2539 2492 2537
f 2534 2548 2532
f 2532 2548 2549
f 2532 2549 2530
f 2530 2549 2550
f 2530 2550 2528
f 2528 2550 2480
f 2528 2480 2479
f 2548 2551 2549
f 2549 2551 2552
f 2549 2552 2550
f 2550 2552 2480
f 2551 2553 2552
f 2552 2553 2554
f 2552 2554 2480
f 2527 2526 2555
f 2555 2526 2544
f 2555 2544 2542
f 2527 2555 2529
f 2529 2555 2556
f 2529 2556 2531
f 2531 2556 2557
f 2531 2557 2533
f 2533 2557 2536
f 2556 2555 2542
f 2556 2542 2540
f 2539 2541 2547
f 2556 2540 2557
f 2557 2540 2538
f 2557 2538 2536
f 2558 2501 2559
f 2559 2501 2502
f 2559 2502 2560
f 2560 2502 2561
f 2560 2561 2562
f 2562 2561 2563
f 2563 2561 2564
f 2563 2564 2565
f 2565 2564 2566
f 2565 2566 2567
f 2567 2566 2504
f 2504 2566 2503
f 2503 2566 2564
f 2503 2564 2502
f 2502 2564 2561
f 2562 2568 2560
f 2560 2568 2559
f 2568 2569 2559
f 2559 2569 2558
f 2523 2498 2570
f 2570 2498 2499
f 2570 2499 2571
f 2571 2499 2500
f 2571 2500 2572
f 2572 2500 2573
f 2572 2573 2574
f 2574 2573 2575
f 2575 2573 2576
f 2575 2576 2577
f 2577 2576 2501
f 2501 2576 2573
f 2501 2573 2500
f 2574 2578 2572
f 2572 2578 2571
f 2578 2579 2571
f 2571 2579 2570
f 2579 2580 2570
f 2570 2580 2523
f 2504 2505 2567
f 2567 2505 2506
f 2567 2506 2507
f 2495 2496 2523
f 2523 2496 2497
f 2523 2497 2498
f 2567 2507 2581
f 2581 2507 2508
f 2581 2508 2582
f 2582 2508 2509
f 2582 2509 2583
f 2583 2509 2584
f 2583 2584 2585
f 2585 2584 2586
f 2586 2584 2587
f 2586 2587 2588
f 2588 2587 2510
f 2510 2587 2584
f 2510 2584 2509
f 2585 2589 2583
f 2583 2589 2582
f 2589 2590 2582
f 2582 2590 2581
f 2590 2591 2581
f 2581 2591 2567
f 2592 2593 2554
f 2554 2593 2594
f 2554 2594 2595
f 2595 2594 2596
f 2595 2596 2597
f 2597 2596 2598
f 2598 2596 2599
f 2598 2599 2600
f 2600 2599 2601
f 2600 2601 2602
f 2602 2601 2603
f 2602 2603 2604
f 2604 2603 2605
f 2604 2605 1927
f 1927 2605 2606
f 1927 2606 1926
f 1926 2606 2607
f 1926 2607 2608
f 2608 2607 2609
f 2609 2607 2610
f 2609 2610 2611
f 2611 2610 2612
f 2611 2612 2613
f 2613 2612 2614
f 2613 2614 2592
f 2592 2614 2593
f 2599 2596 2594
f 2594 2593 2615
f 2615 2593 2614
f 2615 2614 2616
f 2616 2614 2612
f 2616 2612 2617
f 2617 2612 2610
f 2617 2610 2606
f 2606 2610 2607
f 2601 2599 2615
f 2615 2599 2594
f 2601 2615 2616
f 2603 2601 2616
f 2603 2616 2617
f 2605 2603 2617
f 2605 2617 2606
f 2592 2554 2618
f 2618 2554 2553
f 2618 2553 2619
f 2619 2553 2551
f 2619 2551 2620
f 2620 2551 2621
f 2620 2621 2622
f 2622 2621 2623
f 2622 2623 2624
f 2624 2623 2625
f 2624 2625 2626
f 2626 2625 2627
f 2626 2627 2628
f 2628 2627 2629
f 2629 2627 2630
f 2629 2630 2631
f 2631 2630 2632
f 2631 2632 2633
f 2633 2632 2634
f 2633 2634 2537
f 2537 2634 2535
f 2535 2634 2534
f 2534 2634 2635
f 2534 2635 2636
f 2636 2635 2623
f 2636 2623 2621
f 2551 2548 2621
f 2621 2548 2636
f 2548 2534 2636
f 2537 2637 2633
f 2633 2637 2631
f 2626 2628 2638
f 2638 2628 2639
f 2638 2639 2640
f 2640 2639 1926
f 2640 1926 2608
f 2640 2608 2641
f 2641 2608 2609
f 2641 2609 2642
f 2642 2609 2611
f 2642 2611 2643
f 2643 2611 2613
f 2643 2613 2644
f 2644 2613 2592
f 2644 2592 2618
f 2644 2618 2619
f 2643 2644 2620
f 2620 2644 2619
f 2643 2620 2622
f 2625 2623 2635
f 2625 2635 2632
f 2632 2635 2634
f 2642 2643 2622
f 2642 2622 2624
f 2627 2625 2632
f 2630 2627 2632
f 2641 2642 2624
f 2641 2624 2626
f 2640 2641 2626
f 2638 2640 2626
f 2521 2523 2645
f 2645 2523 2580
f 2645 2580 2646
f 2646 2580 2579
f 2646 2579 2647
f 2647 2579 2648
f 2647 2648 2649
f 2649 2648 2650
f 2649 2650 2651
f 2651 2650 2652
f 2651 2652 2653
f 2653 2652 2654
f 2653 2654 2655
f 2655 2654 2656
f 2656 2654 2657
f 2656 2657 2658
f 2658 2657 2659
f 2658 2659 2660
f 2660 2659 2661
f 2660 2661 2577
f 2577 2661 2575
f 2575 2661 2574
f 2574 2661 2662
f 2574 2662 2663
f 2663 2662 2650
f 2663 2650 2648
f 2579 2578 2648
f 2648 2578 2663
f 2578 2574 2663
f 2577 2664 2660
f 2660 2664 2658
f 2653 2655 2665
f 2665 2655 2666
f 2665 2666 2667
f 2667 2666 2514
f 2667 2514 2525
f 2667 2525 2668
f 2668 2525 2524
f 2668 2524 2669
f 2669 2524 2518
f 2669 2518 2670
f 2670 2518 2519
f 2670 2519 2671
f 2671 2519 2521
f 2671 2521 2645
f 2671 2645 2646
f 2670 2671 2647
f 2647 2671 2646
f 2670 2647 2649
f 2652 2650 2662
f 2652 2662 2659
f 2659 2662 2661
f 2669 2670 2649
f 2669 2649 2651
f 2654 2652 2659
f 2657 2654 2659
f 2668 2669 2651
f 2668 2651 2653
f 2667 2668 2653
f 2665 2667 2653
f 2511 2672 2510
f 2510 2672 2673
f 2510 2673 2674
f 2674 2673 2675
f 2674 2675 2676
f 2676 2675 2677
f 2676 2677 2678
f 2678 2677 2679
f 2678 2679 2680
f 2680 2679 2681
f 2681 2679 2682
f 2681 2682 2595
f 2595 2682 2483
f 2483 2682 2683
f 2483 2683 2684
f 2684 2683 2685
f 2684 2685 2686
f 2686 2685 2687
f 2686 2687 2688
f 2688 2687 2689
f 2688 2689 2511
f 2511 2689 2672
f 2688 2511 2690
f 2690 2511 2512
f 2690 2512 2691
f 2691 2512 2490
f 2691 2490 2692
f 2692 2490 2684
f 2692 2684 2686
f 2490 2483 2684
f 2680 2693 2678
f 2678 2693 2694
f 2678 2694 2676
f 2676 2694 2695
f 2676 2695 2674
f 2674 2695 2696
f 2674 2696 2510
f 2693 2697 2694
f 2694 2697 2698
f 2694 2698 2695
f 2695 2698 2696
f 2697 2699 2698
f 2698 2699 2696
f 2673 2672 2700
f 2700 2672 2689
f 2700 2689 2687
f 2675 2700 2701
f 2701 2700 2687
f 2701 2687 2685
f 2700 2675 2673
f 2675 2701 2677
f 2677 2701 2702
f 2677 2702 2679
f 2679 2702 2682
f 2702 2701 2685
f 2683 2682 2702
f 2702 2685 2683
f 2691 2692 2690
f 2690 2692 2686
f 2690 2686 2688
f 2565 2567 2703
f 2703 2567 2591
f 2703 2591 2704
f 2704 2591 2590
f 2704 2590 2705
f 2705 2590 2706
f 2705 2706 2707
f 2707 2706 2708
f 2707 2708 2709
f 2709 2708 2710
f 2709 2710 2711
f 2711 2710 2712
f 2711 2712 2713
f 2713 2712 2714
f 2714 2712 2715
f 2714 2715 2716
f 2716 2715 2717
f 2716 2717 2718
f 2718 2717 2719
f 2718 2719 2588
f 2588 2719 2586
f 2586 2719 2585
f 2585 2719 2720
f 2585 2720 2721
f 2721 2720 2708
f 2721 2708 2706
f 2590 2589 2706
f 2706 2589 2721
f 2589 2585 2721
f 2588 2722 2718
f 2718 2722 2716
f 2711 2713 2723
f 2723 2713 2724
f 2723 2724 2725
f 2725 2724 2558
f 2725 2558 2569
f 2725 2569 2726
f 2726 2569 2568
f 2726 2568 2727
f 2727 2568 2562
f 2727 2562 2728
f 2728 2562 2563
f 2728 2563 2729
f 2729 2563 2565
f 2729 2565 2703
f 2729 2703 2704
f 2728 2729 2705
f 2705 2729 2704
f 2728 2705 2707
f 2710 2708 2720
f 2710 2720 2717
f 2717 2720 2719
f 2727 2728 2707
f 2727 2707 2709
f 2712 2710 2717
f 2715 2712 2717
f 2726 2727 2709
f 2726 2709 2711
f 2725 2726 2711
f 2723 2725 2711
f 2681 2595 2730
f 2730 2595 2597
f 2730 2597 2731
f 2731 2597 2598
f 2731 2598 2732
f 2732 2598 2733
f 2732 2733 2734
f 2734 2733 2735
f 2734 2735 2736
f 2736 2735 2737
f 2736 2737 2738
f 2738 2737 2739
f 2738 2739 2740
f 2740 2739 2741
f 2741 2739 2742
f 2741 2742 2743
f 2743 2742 2744
f 2743 2744 2745
f 2745 2744 2746
f 2745 2746 1927
f 1927 2746 2604
f 2604 2746 2602
f 2602 2746 2747
f 2602 2747 2748
f 2748 2747 2735
f 2748 2735 2733
f 2598 2600 2733
f 2733 2600 2748
f 2600 2602 2748
f 1927 2749 2745
f 2745 2749 2743
f 2738 2740 2750
f 2750 2740 2751
f 2750 2751 2752
f 2752 2751 2696
f 2752 2696 2699
f 2752 2699 2753
f 2753 2699 2697
f 2753 2697 2754
f 2754 2697 2693
f 2754 2693 2755
f 2755 2693 2680
f 2755 2680 2756
f 2756 2680 2681
f 2756 2681 2730
f 2756 2730 2731
f 2755 2756 2732
f 2732 2756 2731
f 2755 2732 2734
f 2737 2735 2747
f 2737 2747 2744
f 2744 2747 2746
f 2754 2755 2734
f 2754 2734 2736
f 2739 2737 2744
f 2742 2739 2744
f 2753 2754 2736
f 2753 2736 2738
f 2752 2753 2738
f 2750 2752 2738
f 2666 2757 2514
f 2514 2757 2758
f 2514 2758 2759
f 2759 2758 2760
f 2759 2760 2761
f 2761 2760 2762
f 2761 2762 2763
f 2763 2762 2764
f 2763 2764 2765
f 2765 2764 2766
f 2766 2764 2767
f 2766 2767 2768
f 2768 2767 2769
f 2768 2769 2770
f 2770 2769 2771
f 2770 2771 2772
f 2772 2771 2773
f 2772 2773 2774
f 2774 2773 2775
f 2774 2775 2655
f 2655 2775 2666
f 2666 2775 2757
f 2655 2656 2774
f 2774 2656 2776
f 2774 2776 2772
f 2772 2776 2777
f 2772 2777 2770
f 2770 2777 2577
f 2770 2577 2768
f 2656 2658 2776
f 2776 2658 2778
f 2776 2778 2777
f 2777 2778 2577
f 2658 2664 2778
f 2778 2664 2577
f 2765 2779 2763
f 2763 2779 2780
f 2763 2780 2761
f 2761 2780 2781
f 2761 2781 2759
f 2759 2781 2782
f 2759 2782 2514
f 2779 2783 2780
f 2780 2783 2784
f 2780 2784 2781
f 2781 2784 2782
f 2783 2785 2784
f 2784 2785 2782
f 2758 2757 2786
f 2786 2757 2775
f 2786 2775 2773
f 2758 2786 2760
f 2760 2786 2787
f 2760 2787 2762
f 2762 2787 2788
f 2762 2788 2764
f 2764 2788 2767
f 2787 2786 2773
f 2788 2787 2771
f 2771 2787 2773
f 2767 2788 2769
f 2769 2788 2771
f 2558 2789 2501
f 2501 2789 2768
f 2501 2768 2577
f 2724 2790 2558
f 2558 2790 2791
f 2558 2791 2792
f 2792 2791 2793
f 2792 2793 2794
f 2794 2793 2795
f 2794 2795 2796
f 2796 2795 2797
f 2796 2797 2798
f 2798 2797 2799
f 2799 2797 2800
f 2799 2800 2801
f 2801 2800 2802
f 2801 2802 2803
f 2803 2802 2804
f 2803 2804 2805
f 2805 2804 2806
f 2805 2806 2807
f 2807 2806 2808
f 2807 2808 2713
f 2713 2808 2724
f 2724 2808 2790
f 2713 2714 2807
f 2807 2714 2809
f 2807 2809 2805
f 2805 2809 2810
f 2805 2810 2803
f 2803 2810 2588
f 2803 2588 2801
f 2714 2716 2809
f 2809 2716 2811
f 2809 2811 2810
f 2810 2811 2588
f 2716 2722 2811
f 2811 2722 2588
f 2798 2812 2796
f 2796 2812 2813
f 2796 2813 2794
f 2794 2813 2814
f 2794 2814 2792
f 2792 2814 2789
f 2792 2789 2558
f 2812 2815 2813
f 2813 2815 2816
f 2813 2816 2814
f 2814 2816 2789
f 2815 2817 2816
f 2816 2817 2789
f 2791 2790 2818
f 2818 2790 2808
f 2818 2808 2806
f 2791 2818 2793
f 2793 2818 2819
f 2793 2819 2795
f 2795 2819 2820
f 2795 2820 2797
f 2797 2820 2800
f 2819 2818 2806
f 2820 2819 2804
f 2804 2819 2806
f 2800 2820 2802
f 2802 2820 2804
f 2696 2821 2510
f 2510 2821 2801
f 2510 2801 2588
f 2481 2480 2484
f 2484 2480 2554
f 2484 2554 2485
f 2485 2554 2486
f 2486 2554 2487
f 2487 2554 2595
f 2487 2595 2488
f 2488 2595 2489
f 2489 2595 2483
f 2489 2483 2482
f 2822 2823 2824
f 2824 2823 2825
f 2824 2825 2826
f 2826 2825 2827
f 2826 2827 2828
f 2828 2827 2829
f 2828 2829 2830
f 2830 2829 2831
f 2830 2831 2832
f 2832 2831 2833
f 2832 2833 2834
f 2834 2833 2835
f 2834 2835 2836
f 2836 2835 2837
f 2837 2835 2838
f 2838 2835 2839
f 2839 2835 2840
f 2841 2842 2843
f 2843 2842 2844
f 2843 2844 2845
f 2845 2844 2846
f 2845 2846 2847
f 2847 2846 2848
f 2847 2848 2849
f 2849 2848 2850
f 2849 2850 2851
f 2851 2850 2852
f 2851 2852 2853
f 2853 2852 2854
f 2853 2854 2855
f 2855 2854 2856
f 2856 2854 2857
f 2857 2854 2858
f 2858 2854 2859
f 2860 2861 2862
f 2862 2861 2863
f 2862 2863 2864
f 2864 2863 2865
f 2864 2865 2866
f 2866 2865 2867
f 2866 2867 2868
f 2868 2867 2869
f 2868 2869 2870
f 2870 2869 2871
f 2870 2871 2872
f 2872 2871 2873
f 2872 2873 2874
f 2874 2873 2875
f 2875 2873 2876
f 2876 2873 2877
f 2877 2873 2878
f 2879 2880 2881
f 2881 2880 2882
f 2881 2882 2883
f 2883 2882 2884
f 2883 2884 2885
f 2885 2884 2886
f 2885 2886 2887
f 2887 2886 2888
f 2887 2888 2889
f 2889 2888 2890
f 2889 2890 2891
f 2891 2890 2892
f 2891 2892 2893
f 2893 2892 2894
f 2894 2892 2895
f 2895 2892 2896
f 2896 2892 2897
f 2898 2899 2900
f 2900 2899 2901
f 2900 2901 2902
f 2902 2901 2903
f 2902 2903 2904
f 2904 2903 2905
f 2904 2905 2801
f 2801 2905 2799
f 2799 2905 2906
f 2799 2906 2798
f 2798 2906 2907
f 2798 2907 2908
f 2908 2907 2909
f 2908 2909 2910
f 2910 2909 2911
f 2910 2911 2912
f 2912 2911 2913
f 2912 2913 2914
f 2899 2915 2901
f 2901 2915 2916
f 2901 2916 2903
f 2903 2916 2917
f 2903 2917 2905
f 2905 2917 2906
f 2916 2915 2918
f 2918 2915 2919
f 2918 2919 2920
f 2920 2919 2921
f 2920 2921 2911
f 2911 2921 2913
f 2912 2914 2922
f 2922 2914 2923
f 2922 2923 2924
f 2924 2923 2925
f 2924 2925 2926
f 2923 2927 2925
f 2924 2926 2928
f 2928 2926 2929
f 2928 2929 2930
f 2930 2929 2789
f 2930 2789 2817
f 2815 2931 2817
f 2817 2931 2932
f 2817 2932 2930
f 2930 2932 2928
f 2931 2815 2933
f 2933 2815 2812
f 2933 2812 2908
f 2908 2812 2798
f 2922 2924 2934
f 2934 2924 2928
f 2934 2928 2932
f 2912 2922 2935
f 2935 2922 2934
f 2935 2934 2931
f 2931 2934 2932
f 2911 2909 2920
f 2920 2909 2936
f 2920 2936 2918
f 2918 2936 2917
f 2918 2917 2916
f 2912 2935 2910
f 2910 2935 2933
f 2910 2933 2908
f 2933 2935 2931
f 2906 2917 2936
f 2906 2936 2907
f 2907 2936 2909
f 2929 2937 2789
f 2789 2937 2938
f 2789 2938 2768
f 2929 2926 2937
f 2937 2926 2925
f 2937 2925 2939
f 2939 2925 2927
f 2940 2941 2939
f 2939 2941 2878
f 2939 2878 2937
f 2937 2878 2942
f 2937 2942 2943
f 2941 2940 2944
f 2944 2940 2945
f 2944 2945 2946
f 2946 2945 2947
f 2946 2947 2948
f 2948 2874 2946
f 2946 2874 2875
f 2946 2875 2944
f 2944 2875 2876
f 2944 2876 2941
f 2941 2876 2877
f 2941 2877 2878
f 2878 2949 2942
f 2943 2938 2937
f 2890 2888 2892
f 2892 2888 2886
f 2892 2886 2884
f 2884 2882 2892
f 2892 2882 2880
f 2892 2880 2898
f 2898 2880 2927
f 2898 2927 2923
f 2880 2939 2927
f 2898 2923 2899
f 2899 2923 2914
f 2899 2914 2915
f 2915 2914 2919
f 2919 2914 2913
f 2919 2913 2921
f 2898 2897 2892
f 2898 2900 2897
f 2897 2900 2950
f 2897 2950 2951
f 2951 2950 2952
f 2951 2952 2953
f 2953 2952 2954
f 2953 2954 2955
f 2955 2954 2956
f 2955 2956 2957
f 2900 2902 2950
f 2950 2902 2904
f 2950 2904 2952
f 2952 2904 2821
f 2952 2821 2954
f 2954 2821 2958
f 2954 2958 2959
f 2904 2801 2821
f 2959 2960 2954
f 2954 2960 2956
f 2960 2961 2956
f 2955 2957 2962
f 2962 2957 2963
f 2962 2963 2964
f 2964 2963 2965
f 2964 2965 2966
f 2964 2966 2967
f 2967 2966 2893
f 2967 2893 2968
f 2968 2893 2894
f 2968 2894 2969
f 2969 2894 2895
f 2969 2895 2951
f 2951 2895 2896
f 2951 2896 2897
f 2969 2951 2953
f 2953 2955 2970
f 2970 2955 2962
f 2970 2962 2967
f 2967 2962 2964
f 2968 2969 2970
f 2970 2969 2953
f 2968 2970 2967
f 2949 2971 2942
f 2942 2971 2972
f 2942 2972 2943
f 2943 2972 2973
f 2943 2973 2938
f 2938 2973 2974
f 2938 2974 2768
f 2768 2974 2766
f 2766 2974 2975
f 2766 2975 2765
f 2765 2975 2976
f 2765 2976 2977
f 2977 2976 2978
f 2977 2978 2979
f 2979 2978 2980
f 2979 2980 2981
f 2981 2980 2982
f 2981 2982 2983
f 2971 2984 2972
f 2972 2984 2985
f 2972 2985 2973
f 2973 2985 2986
f 2973 2986 2974
f 2974 2986 2975
f 2985 2984 2987
f 2987 2984 2988
f 2987 2988 2989
f 2989 2988 2990
f 2989 2990 2980
f 2980 2990 2982
f 2981 2983 2991
f 2991 2983 2992
f 2991 2992 2993
f 2993 2992 2994
f 2993 2994 2995
f 2992 2996 2994
f 2993 2995 2997
f 2997 2995 2998
f 2997 2998 2999
f 2999 2998 2782
f 2999 2782 2785
f 2783 3000 2785
f 2785 3000 3001
f 2785 3001 2999
f 2999 3001 2997
f 3000 2783 3002
f 3002 2783 2779
f 3002 2779 2977
f 2977 2779 2765
f 2991 2993 3003
f 3003 2993 2997
f 3003 2997 3001
f 2981 2991 3004
f 3004 2991 3003
f 3004 3003 3000
f 3000 3003 3001
f 2980 2978 2989
f 2989 2978 3005
f 2989 3005 2987
f 2987 3005 2986
f 2987 2986 2985
f 2981 3004 2979
f 2979 3004 3002
f 2979 3002 2977
f 3002 3004 3000
f 2975 2986 3005
f 2975 3005 2976
f 2976 3005 2978
f 2514 2782 2492
f 2492 2782 3006
f 2492 3006 2537
f 2998 3007 2782
f 2782 3007 3008
f 2782 3008 3009
f 3009 3008 3010
f 3009 3010 3011
f 3011 3010 3012
f 3012 3010 2840
f 3012 2840 3013
f 2998 2995 3007
f 3007 2995 2994
f 3007 2994 3014
f 3014 2994 2996
f 3007 3014 3015
f 3015 3014 3016
f 3015 3016 3017
f 3017 3016 3018
f 3017 3018 3019
f 3019 3018 3020
f 3019 3020 3021
f 3019 3021 3022
f 3022 3021 2836
f 3022 2836 3023
f 3023 2836 2837
f 3023 2837 3024
f 3024 2837 2838
f 3024 2838 3025
f 3025 2838 2839
f 3025 2839 2840
f 3009 3006 2782
f 3008 3007 3026
f 3026 3007 3015
f 3026 3015 3027
f 3027 3015 3017
f 3027 3017 3022
f 3022 3017 3019
f 3010 3008 3025
f 3025 3008 3026
f 3025 3026 3024
f 3024 3026 3027
f 3024 3027 3023
f 3023 3027 3022
f 2840 3010 3025
f 2871 2861 2873
f 2873 2861 2996
f 2873 2996 2949
f 2949 2996 2992
f 2949 2992 2971
f 2971 2992 2983
f 2971 2983 2984
f 2984 2983 2988
f 2988 2983 2982
f 2988 2982 2990
f 2871 2869 2861
f 2861 2869 2867
f 2861 2867 2865
f 2865 2863 2861
f 2861 3014 2996
f 2949 2878 2873
f 3028 3029 3030
f 3030 3029 3031
f 3030 3031 3032
f 3032 3031 3033
f 3032 3033 3034
f 3034 3033 3035
f 3034 3035 1928
f 1928 3035 3036
f 3036 3035 3037
f 3036 3037 3038
f 3038 3037 3039
f 3038 3039 3040
f 3040 3039 3041
f 3040 3041 3042
f 3042 3041 3043
f 3042 3043 3044
f 3044 3043 3045
f 3044 3045 3046
f 3029 3047 3031
f 3031 3047 3048
f 3031 3048 3033
f 3033 3048 3049
f 3033 3049 3035
f 3035 3049 3037
f 3048 3047 3050
f 3050 3047 3051
f 3050 3051 3052
f 3052 3051 3053
f 3052 3053 3043
f 3043 3053 3045
f 3044 3046 3054
f 3054 3046 3055
f 3054 3055 3056
f 3056 3055 2960
f 3056 2960 2959
f 3055 2961 2960
f 3056 2959 3057
f 3057 2959 2958
f 3057 2958 3058
f 3058 2958 2821
f 3058 2821 3059
f 3060 3061 3059
f 3059 3061 3062
f 3059 3062 3058
f 3058 3062 3057
f 3061 3060 3063
f 3063 3060 3064
f 3063 3064 3040
f 3040 3064 3038
f 3054 3056 3065
f 3065 3056 3057
f 3065 3057 3062
f 3044 3054 3066
f 3066 3054 3065
f 3066 3065 3061
f 3061 3065 3062
f 3043 3041 3052
f 3052 3041 3067
f 3052 3067 3050
f 3050 3067 3049
f 3050 3049 3048
f 3044 3066 3042
f 3042 3066 3063
f 3042 3063 3040
f 3063 3066 3061
f 3037 3049 3067
f 3037 3067 3039
f 3039 3067 3041
f 2751 3068 2696
f 2696 3068 3069
f 2696 3069 3070
f 3070 3069 3071
f 3070 3071 3072
f 3072 3071 3073
f 3072 3073 3074
f 3074 3073 3075
f 3074 3075 3038
f 3038 3075 3036
f 3036 3075 3076
f 3036 3076 1928
f 1928 3076 3077
f 1928 3077 1925
f 1925 3077 3078
f 1925 3078 3079
f 3079 3078 3080
f 3079 3080 3081
f 3081 3080 3082
f 3081 3082 2741
f 2741 3082 2740
f 2740 3082 3083
f 2740 3083 2751
f 2751 3083 3068
f 2741 2743 3081
f 3081 2743 3084
f 3081 3084 3079
f 3079 3084 1925
f 2743 2749 3084
f 3084 2749 1819
f 3084 1819 1925
f 2749 1927 1819
f 3038 3064 3074
f 3074 3064 3085
f 3074 3085 3072
f 3072 3085 3086
f 3072 3086 3070
f 3070 3086 2821
f 3070 2821 2696
f 3064 3060 3085
f 3085 3060 3087
f 3085 3087 3086
f 3086 3087 2821
f 3060 3059 3087
f 3087 3059 2821
f 3069 3068 3088
f 3088 3068 3083
f 3088 3083 3089
f 3089 3083 3082
f 3089 3082 3080
f 3069 3088 3071
f 3071 3088 3090
f 3071 3090 3073
f 3073 3090 3091
f 3073 3091 3075
f 3075 3091 3076
f 3090 3088 3089
f 3090 3089 3092
f 3092 3089 3080
f 3092 3080 3078
f 3090 3092 3091
f 3091 3092 3077
f 3091 3077 3076
f 3077 3092 3078
f 2852 2842 2854
f 2854 2842 2961
f 2854 2961 3028
f 3028 2961 3055
f 3028 3055 3029
f 3029 3055 3046
f 3029 3046 3047
f 3047 3046 3051
f 3051 3046 3045
f 3051 3045 3053
f 2852 2850 2842
f 2842 2850 2848
f 2842 2848 2846
f 2846 2844 2842
f 2842 2956 2961
f 3028 2859 2854
f 3028 3030 2859
f 2859 3030 3093
f 2859 3093 3094
f 3094 3093 3095
f 3094 3095 3096
f 3030 3032 3093
f 3093 3032 3034
f 3093 3034 1929
f 1929 3034 1928
f 1929 3097 3093
f 3093 3097 3098
f 3093 3098 3095
f 2859 3094 3099
f 3099 3094 3100
f 3099 3100 3101
f 3101 3100 3102
f 3101 3102 3103
f 3103 3102 3104
f 3103 3104 3105
f 3105 2855 3103
f 3103 2855 2856
f 3103 2856 3101
f 3101 2856 2857
f 3101 2857 3099
f 3099 2857 2858
f 3099 2858 2859
f 3013 3106 3012
f 3012 3106 3107
f 3012 3107 3011
f 3011 3107 3108
f 3011 3108 3009
f 3009 3108 3109
f 3009 3109 3006
f 3006 3109 3110
f 3110 3109 3111
f 3110 3111 3112
f 3112 3111 3113
f 3112 3113 3114
f 3114 3113 3115
f 3114 3115 3116
f 3116 3115 3117
f 3116 3117 3118
f 3118 3117 3119
f 3118 3119 3120
f 3106 3121 3107
f 3107 3121 3122
f 3107 3122 3108
f 3108 3122 3123
f 3108 3123 3109
f 3109 3123 3111
f 3122 3121 3124
f 3124 3121 3125
f 3124 3125 3126
f 3126 3125 3127
f 3126 3127 3117
f 3117 3127 3119
f 3118 3120 3128
f 3128 3120 3129
f 3128 3129 3130
f 3130 3129 3095
f 3130 3095 3098
f 3129 3096 3095
f 3130 3098 3131
f 3131 3098 3097
f 3131 3097 3132
f 3132 3097 1929
f 3132 1929 3133
f 3134 3135 3133
f 3133 3135 3136
f 3133 3136 3132
f 3132 3136 3131
f 3135 3134 3137
f 3137 3134 3138
f 3137 3138 3114
f 3114 3138 3112
f 3128 3130 3139
f 3139 3130 3131
f 3139 3131 3136
f 3118 3128 3140
f 3140 3128 3139
f 3140 3139 3135
f 3135 3139 3136
f 3117 3115 3126
f 3126 3115 3141
f 3126 3141 3124
f 3124 3141 3123
f 3124 3123 3122
f 3118 3140 3116
f 3116 3140 3137
f 3116 3137 3114
f 3137 3140 3135
f 3111 3123 3141
f 3111 3141 3113
f 3113 3141 3115
f 1926 2639 1823
f 1823 2639 3142
f 1823 3142 1879
f 1879 3142 3143
f 1879 3143 3144
f 3144 3143 3145
f 3144 3145 3146
f 3146 3145 3147
f 3146 3147 3148
f 3148 3147 3149
f 3148 3149 3112
f 3112 3149 3110
f 3110 3149 3150
f 3110 3150 3006
f 3006 3150 3151
f 3006 3151 3152
f 3152 3151 3153
f 3152 3153 3154
f 3154 3153 3155
f 3154 3155 3156
f 3156 3155 3157
f 3156 3157 2628
f 2628 3157 2639
f 2639 3157 3142
f 2628 2629 3156
f 3156 2629 3158
f 3156 3158 3154
f 3154 3158 3159
f 3154 3159 3152
f 3152 3159 2537
f 3152 2537 3006
f 2629 2631 3158
f 3158 2631 3160
f 3158 3160 3159
f 3159 3160 2537
f 2631 2637 3160
f 3160 2637 2537
f 3112 3138 3148
f 3148 3138 3161
f 3148 3161 3146
f 3146 3161 3162
f 3146 3162 3144
f 3144 3162 1879
f 3138 3134 3161
f 3161 3134 3163
f 3161 3163 3162
f 3162 3163 1929
f 3162 1929 1879
f 3134 3133 3163
f 3163 3133 1929
f 3143 3142 3164
f 3164 3142 3157
f 3164 3157 3155
f 3143 3164 3145
f 3145 3164 3165
f 3145 3165 3147
f 3147 3165 3166
f 3147 3166 3149
f 3149 3166 3150
f 3165 3164 3155
f 3166 3165 3153
f 3153 3165 3155
f 3150 3166 3151
f 3151 3166 3153
f 2833 2831 2835
f 2835 2831 2829
f 2835 2829 2827
f 2827 2825 2835
f 2835 2825 2823
f 2835 2823 3013
f 3013 2823 3096
f 3013 3096 3129
f 2823 3094 3096
f 3013 3129 3106
f 3106 3129 3120
f 3106 3120 3121
f 3121 3120 3125
f 3125 3120 3119
f 3125 3119 3127
f 3013 2840 2835
f 3167 3168 3169
f 3169 3168 3170
f 3169 3170 3171
f 3171 3170 3172
f 3171 3172 3173
f 3173 3172 3174
f 3173 3174 3175
f 3175 3174 3176
f 3175 3176 3177
f 3177 3176 3178
f 3177 3178 3179
f 3179 3178 3180
f 3179 3180 3181
f 3181 3180 3182
f 3181 3182 3183
f 3183 3182 3184
f 3183 3184 3185
f 3185 3184 3186
f 3185 3186 3187
f 3187 3186 3188
f 3187 3188 3189
f 3189 3188 3190
f 3189 3190 3191
f 3191 3190 3192
f 3191 3192 3193
f 3193 3192 3194
f 3193 3194 3195
f 3195 3194 3196
f 3195 3196 3197
f 3197 3196 3198
f 3197 3198 3199
f 3199 3198 3200
f 3199 3200 3201
f 3201 3200 3202
f 3201 3202 3203
f 3203 3202 3204
f 3203 3204 3205
f 3205 3204 3206
f 3205 3206 3207
f 3207 3206 3208
f 3207 3208 3209
f 3209 3208 3210
f 3209 3210 3211
f 3211 3210 3212
f 3211 3212 3213
f 3213 3212 3214
f 3213 3214 3167
f 3167 3214 3168
f 3171 3191 3169
f 3169 3191 3193
f 3169 3193 3167
f 3167 3193 3195
f 3167 3195 3213
f 3213 3195 3197
f 3213 3197 3211
f 3211 3197 3199
f 3211 3199 3209
f 3209 3199 3201
f 3209 3201 3207
f 3207 3201 3203
f 3207 3203 3205
f 3191 3171 3189
f 3189 3171 3173
f 3189 3173 3187
f 3187 3173 3175
f 3187 3175 3185
f 3185 3175 3177
f 3185 3177 3183
f 3183 3177 3179
f 3183 3179 3181
f 2879 2948 2880
f 2880 2948 2947
f 2880 2947 2945
f 2945 2940 2880
f 2880 2940 2939
f 2841 2966 2842
f 2842 2966 2965
f 2842 2965 2963
f 2963 2957 2842
f 2842 2957 2956
f 2860 3021 2861
f 2861 3021 3020
f 2861 3020 3018
f 3018 3016 2861
f 2861 3016 3014
f 2822 3105 2823
f 2823 3105 3104
f 2823 3104 3102
f 3102 3100 2823
f 2823 3100 3094
f 3168 2872 3170
f 3170 2872 2879
f 3170 2879 3172
f 3172 2879 2881
f 3172 2881 3174
f 3174 2881 3176
f 3176 2881 2883
f 3176 2883 3178
f 3178 2883 3180
f 3180 2883 2885
f 3180 2885 2887
f 2872 3168 2870
f 2870 3168 3214
f 2870 3214 3212
f 2870 3212 2868
f 2868 3212 3210
f 2868 3210 3208
f 3206 2862 3208
f 3208 2862 2864
f 3208 2864 2866
f 3204 2832 3206
f 3206 2832 2834
f 3206 2834 2836
f 3202 2826 3204
f 3204 2826 2828
f 3204 2828 2830
f 3202 3200 2826
f 2826 3200 2824
f 2824 3200 3198
f 2824 3198 3196
f 2824 3196 2822
f 2822 3196 3194
f 2822 3194 2853
f 2853 3194 3192
f 2853 3192 2851
f 2851 3192 3190
f 2851 3190 3188
f 2851 3188 2849
f 2849 3188 3186
f 2849 3186 3184
f 3182 2843 3184
f 3184 2843 2845
f 3184 2845 2847
f 3180 2889 3182
f 3182 2889 2891
f 3182 2891 2893
f 2948 2879 2874
f 2874 2879 2872
f 2887 2889 3180
f 2893 2966 3182
f 3182 2966 2841
f 3182 2841 2843
f 2847 2849 3184
f 2853 2855 2822
f 2822 2855 3105
f 2830 2832 3204
f 2836 3021 3206
f 3206 3021 2860
f 3206 2860 2862
f 2866 2868 3208
g Body2

v 1.676000 -1.193088 0.056132
v 1.684541 -1.191976 0.056300
v 1.676000 -1.195098 0.082960
v 1.684541 -1.193974 0.082960
v 1.676000 -1.193088 0.109787
v 1.684541 -1.191976 0.109620
v 1.676000 -1.187101 0.136016
v 1.684541 -1.186027 0.135684
v 1.676000 -1.177272 0.161059
v 1.684541 -1.176259 0.160571
v 1.676000 -1.163821 0.184357
v 1.684541 -1.162892 0.183724
v 1.676000 -1.147047 0.205391
v 1.684541 -1.146223 0.204626
v 1.676000 -1.127326 0.223689
v 1.684541 -1.126625 0.222810
v 1.676000 -1.105098 0.238844
v 1.684541 -1.104536 0.237870
v 1.676000 -1.080859 0.250517
v 1.684541 -1.080449 0.249470
v 1.676000 -1.055152 0.258447
v 1.684541 -1.054902 0.257350
v 1.676000 -1.028549 0.262456
v 1.684541 -1.028465 0.261335
v 1.676000 -1.001647 0.262456
v 1.684541 -1.001731 0.261335
v 1.676000 -0.975044 0.258447
v 1.684541 -0.975294 0.257350
v 1.676000 -0.949337 0.250517
v 1.684541 -0.949747 0.249470
v 1.676000 -0.925098 0.238844
v 1.684541 -0.925660 0.237870
v 1.676000 -0.902870 0.223689
v 1.684541 -0.903571 0.222810
v 1.676000 -0.883149 0.205391
v 1.684541 -0.883973 0.204626
v 1.676000 -0.866375 0.184357
v 1.684541 -0.867304 0.183724
v 1.676000 -0.852924 0.161059
v 1.684541 -0.853937 0.160571
v 1.676000 -0.843095 0.136016
v 1.684541 -0.844169 0.135684
v 1.676000 -0.837108 0.109787
v 1.684541 -0.838220 0.109620
v 1.676000 -0.835098 0.082960
v 1.684541 -0.836222 0.082960
v 1.676000 -0.837108 0.056132
v 1.684541 -0.838220 0.056300
v 1.676000 -0.843095 0.029904
v 1.684541 -0.844169 0.030235
v 1.676000 -0.852924 0.004861
v 1.684541 -0.853937 0.005348
v 1.676000 -0.866375 -0.018438
v 1.684541 -0.867304 -0.017805
v 1.676000 -0.883149 -0.039471
v 1.684541 -0.883973 -0.038707
v 1.676000 -0.902870 -0.057770
v 1.684541 -0.903571 -0.056891
v 1.676000 -0.925098 -0.072925
v 1.684541 -0.925660 -0.071951
v 1.676000 -0.949337 -0.084598
v 1.684541 -0.949747 -0.083551
v 1.676000 -0.975044 -0.092527
v 1.684541 -0.975294 -0.091431
v 1.676000 -1.001647 -0.096537
v 1.684541 -1.001731 -0.095416
v 1.676000 -1.028549 -0.096537
v 1.684541 -1.028465 -0.095416
v 1.676000 -1.055152 -0.092527
v 1.684541 -1.054902 -0.091431
v 1.676000 -1.080859 -0.084598
v 1.684541 -1.080449 -0.083551
v 1.676000 -1.105098 -0.072925
v 1.684541 -1.104536 -0.071951
v 1.676000 -1.127326 -0.057770
v 1.684541 -1.126625 -0.056891
v 1.676000 -1.147047 -0.039471
v 1.684541 -1.146223 -0.038707
v 1.676000 -1.163821 -0.018438
v 1.684541 -1.162892 -0.017805
v 1.676000 -1.177272 0.004861
v 1.684541 -1.176259 0.005348
v 1.676000 -1.187101 0.029904
v 1.684541 -1.186027 0.030235
v 1.709000 -1.160093 0.107155
v 1.707876 -1.168902 0.106142
v 1.709000 -1.162098 0.082960
v 1.707876 -1.170639 0.082960
v 1.707876 -1.168902 0.059777
v 1.704579 -1.178598 0.082960
v 1.704579 -1.176772 0.058591
v 1.699335 -1.185432 0.082960
v 1.699335 -1.183530 0.057573
v 1.692500 -1.190677 0.082960
v 1.692500 -1.188716 0.056791
v 1.707876 -1.163729 0.128806
v 1.709000 -1.154133 0.130690
v 1.707876 -1.155236 0.150446
v 1.709000 -1.144381 0.152924
v 1.707876 -1.143612 0.170579
v 1.709000 -1.131102 0.173249
v 1.707876 -1.129118 0.188754
v 1.709000 -1.114658 0.191111
v 1.707876 -1.112076 0.204566
v 1.709000 -1.095499 0.206023
v 1.707876 -1.092868 0.217662
v 1.709000 -1.074147 0.217578
v 1.707876 -1.071923 0.227749
v 1.709000 -1.051184 0.225461
v 1.707876 -1.049709 0.234601
v 1.709000 -1.027237 0.229458
v 1.707876 -1.026722 0.238066
v 1.709000 -1.002959 0.229458
v 1.707876 -1.003474 0.238066
v 1.707876 -0.980487 0.234601
v 1.704579 -0.978716 0.242360
v 1.704579 -0.955365 0.235157
v 1.699335 -0.952868 0.241520
v 1.699335 -0.929931 0.230474
v 1.692500 -0.927309 0.235015
v 1.692500 -0.905626 0.220233
v 1.709000 -0.979012 0.225461
v 1.707876 -0.958272 0.227749
v 1.704579 -0.933348 0.224555
v 1.699335 -0.908896 0.216132
v 1.692500 -0.886390 0.202384
v 1.709000 -0.956049 0.217578
v 1.707876 -0.937327 0.217662
v 1.704579 -0.913157 0.210789
v 1.699335 -0.890234 0.198817
v 1.692500 -0.870028 0.181867
v 1.709000 -0.934697 0.206023
v 1.707876 -0.918120 0.204566
v 1.704579 -0.895244 0.194168
v 1.699335 -0.874361 0.178912
v 1.692500 -0.856907 0.159140
v 1.709000 -0.915538 0.191111
v 1.707876 -0.901078 0.188754
v 1.704579 -0.880008 0.175062
v 1.699335 -0.861632 0.156865
v 1.692500 -0.847320 0.134712
v 1.709000 -0.899094 0.173249
v 1.707876 -0.886584 0.170579
v 1.704579 -0.867790 0.153900
v 1.699335 -0.852331 0.133167
v 1.692500 -0.841480 0.109128
v 1.709000 -0.885815 0.152924
v 1.707876 -0.874960 0.150446
v 1.704579 -0.858862 0.131152
v 1.699335 -0.846666 0.108347
v 1.692500 -0.839519 0.082960
v 1.709000 -0.876063 0.130690
v 1.707876 -0.866467 0.128806
v 1.704579 -0.853424 0.107328
v 1.699335 -0.844763 0.082960
v 1.692500 -0.841480 0.056791
v 1.709000 -0.870103 0.107155
v 1.707876 -0.861294 0.106142
v 1.704579 -0.851598 0.082960
v 1.699335 -0.846666 0.057573
v 1.692500 -0.847320 0.031207
v 1.709000 -0.868098 0.082960
v 1.707876 -0.859557 0.082960
v 1.704579 -0.853424 0.058591
v 1.699335 -0.852331 0.032753
v 1.692500 -0.856907 0.006779
v 1.707876 -0.861294 0.059777
v 1.709000 -0.870103 0.058764
v 1.707876 -0.866467 0.037113
v 1.709000 -0.876063 0.035229
v 1.707876 -0.874960 0.015473
v 1.709000 -0.885815 0.012995
v 1.707876 -0.886584 -0.004660
v 1.709000 -0.899094 -0.007330
v 1.707876 -0.901078 -0.022835
v 1.709000 -0.915538 -0.025192
v 1.707876 -0.918120 -0.038647
v 1.709000 -0.934697 -0.040104
v 1.707876 -0.937327 -0.051743
v 1.709000 -0.956049 -0.051659
v 1.707876 -0.958272 -0.061829
v 1.709000 -0.979012 -0.059542
v 1.707876 -0.980487 -0.068682
v 1.709000 -1.002959 -0.063538
v 1.707876 -1.003474 -0.072146
v 1.709000 -1.027237 -0.063538
v 1.707876 -1.026722 -0.072146
v 1.707876 -1.049709 -0.068682
v 1.704579 -1.051480 -0.076441
v 1.704579 -1.074831 -0.069238
v 1.699335 -1.077328 -0.075600
v 1.699335 -1.100265 -0.064554
v 1.692500 -1.102887 -0.069096
v 1.692500 -1.124570 -0.054313
v 1.709000 -1.051184 -0.059542
v 1.707876 -1.071923 -0.061829
v 1.704579 -1.096848 -0.058636
v 1.699335 -1.121300 -0.050213
v 1.692500 -1.143806 -0.036464
v 1.709000 -1.074147 -0.051659
v 1.707876 -1.092868 -0.051743
v 1.704579 -1.117039 -0.044870
v 1.699335 -1.139962 -0.032897
v 1.692500 -1.160168 -0.015947
v 1.709000 -1.095499 -0.040104
v 1.707876 -1.112076 -0.038647
v 1.704579 -1.134952 -0.028249
v 1.699335 -1.155835 -0.012993
v 1.692500 -1.173289 0.006779
v 1.709000 -1.114658 -0.025192
v 1.707876 -1.129118 -0.022835
v 1.704579 -1.150188 -0.009143
v 1.699335 -1.168564 0.009054
v 1.692500 -1.182876 0.031207
v 1.709000 -1.131102 -0.007330
v 1.707876 -1.143612 -0.004660
v 1.704579 -1.162406 0.012020
v 1.699335 -1.177865 0.032753
v 1.709000 -1.144381 0.012995
v 1.707876 -1.155236 0.015473
v 1.704579 -1.171334 0.034767
v 1.709000 -1.154133 0.035229
v 1.707876 -1.163729 0.037113
v 1.709000 -1.160093 0.058764
v 1.704579 -1.176772 0.107328
v 1.704579 -1.171334 0.131152
v 1.704579 -1.162406 0.153900
v 1.704579 -1.150188 0.175062
v 1.704579 -1.134952 0.194168
v 1.704579 -1.117039 0.210789
v 1.704579 -1.096848 0.224555
v 1.704579 -1.074831 0.235157
v 1.704579 -1.051480 0.242360
v 1.704579 -1.027316 0.246002
v 1.704579 -1.002880 0.246002
v 1.699335 -1.183530 0.108347
v 1.699335 -1.177865 0.133167
v 1.699335 -1.168564 0.156865
v 1.699335 -1.155835 0.178912
v 1.699335 -1.139962 0.198817
v 1.699335 -1.121300 0.216132
v 1.699335 -1.100265 0.230474
v 1.699335 -1.077328 0.241520
v 1.699335 -1.053001 0.249023
v 1.699335 -1.027827 0.252818
v 1.699335 -1.002369 0.252818
v 1.699335 -0.977195 0.249023
v 1.692500 -1.188716 0.109128
v 1.692500 -1.182876 0.134712
v 1.692500 -1.173289 0.159140
v 1.692500 -1.160168 0.181867
v 1.692500 -1.143806 0.202384
v 1.692500 -1.124570 0.220233
v 1.692500 -1.102887 0.235015
v 1.692500 -1.079244 0.246401
v 1.692500 -1.054168 0.254136
v 1.692500 -1.028219 0.258047
v 1.692500 -1.001977 0.258047
v 1.692500 -0.976028 0.254136
v 1.692500 -0.950952 0.246401
v 1.692500 -1.079244 -0.080482
v 1.692500 -1.054168 -0.088217
v 1.692500 -1.028219 -0.092128
v 1.692500 -1.001977 -0.092128
v 1.692500 -0.976028 -0.088217
v 1.692500 -0.950952 -0.080482
v 1.692500 -0.927309 -0.069096
v 1.692500 -0.905626 -0.054313
v 1.692500 -0.886390 -0.036464
v 1.692500 -0.870028 -0.015947
v 1.699335 -1.053001 -0.083104
v 1.704579 -1.027316 -0.080083
v 1.699335 -1.027827 -0.086899
v 1.699335 -1.002369 -0.086899
v 1.699335 -0.977195 -0.083104
v 1.699335 -0.952868 -0.075600
v 1.699335 -0.929931 -0.064554
v 1.699335 -0.908896 -0.050213
v 1.699335 -0.890234 -0.032897
v 1.699335 -0.874361 -0.012993
v 1.699335 -0.861632 0.009054
v 1.704579 -1.002880 -0.080083
v 1.704579 -0.978716 -0.076441
v 1.704579 -0.955365 -0.069238
v 1.704579 -0.933348 -0.058636
v 1.704579 -0.913157 -0.044870
v 1.704579 -0.895244 -0.028249
v 1.704579 -0.880008 -0.009143
v 1.704579 -0.867790 0.012020
v 1.704579 -0.858862 0.034767
v 1.609000 -1.193088 0.056132
v 1.609000 -1.195098 0.082960
v 1.609000 -1.193088 0.109787
v 1.609000 -1.187101 0.136016
v 1.609000 -1.177272 0.161059
v 1.609000 -1.163821 0.184357
v 1.609000 -1.147047 0.205391
v 1.609000 -1.127326 0.223689
v 1.609000 -1.105098 0.238844
v 1.609000 -1.080859 0.250517
v 1.609000 -1.055152 0.258447
v 1.609000 -1.028549 0.262456
v 1.609000 -1.001647 0.262456
v 1.609000 -0.975044 0.258447
v 1.609000 -0.949337 0.250517
v 1.609000 -0.925098 0.238844
v 1.609000 -0.902870 0.223689
v 1.609000 -0.883149 0.205391
v 1.609000 -0.866375 0.184357
v 1.609000 -0.852924 0.161059
v 1.609000 -0.843095 0.136016
v 1.609000 -0.837108 0.109787
v 1.609000 -0.835098 0.082960
v 1.609000 -0.837108 0.056132
v 1.609000 -0.843095 0.029904
v 1.609000 -0.852924 0.004861
v 1.609000 -0.866375 -0.018438
v 1.609000 -0.883149 -0.039471
v 1.609000 -0.902870 -0.057770
v 1.609000 -0.925098 -0.072925
v 1.609000 -0.949337 -0.084598
v 1.609000 -0.975044 -0.092527
v 1.609000 -1.001647 -0.096537
v 1.609000 -1.028549 -0.096537
v 1.609000 -1.055152 -0.092527
v 1.609000 -1.080859 -0.084598
v 1.609000 -1.105098 -0.072925
v 1.609000 -1.127326 -0.057770
v 1.609000 -1.147047 -0.039471
v 1.609000 -1.163821 -0.018438
v 1.609000 -1.177272 0.004861
v 1.609000 -1.187101 0.029904
f 3215 3216 3217
f 3217 3216 3218
f 3217 3218 3219
f 3219 3218 3220
f 3219 3220 3221
f 3221 3220 3222
f 3221 3222 3223
f 3223 3222 3224
f 3223 3224 3225
f 3225 3224 3226
f 3225 3226 3227
f 3227 3226 3228
f 3227 3228 3229
f 3229 3228 3230
f 3229 3230 3231
f 3231 3230 3232
f 3231 3232 3233
f 3233 3232 3234
f 3233 3234 3235
f 3235 3234 3236
f 3235 3236 3237
f 3237 3236 3238
f 3237 3238 3239
f 3239 3238 3240
f 3239 3240 3241
f 3241 3240 3242
f 3241 3242 3243
f 3243 3242 3244
f 3243 3244 3245
f 3245 3244 3246
f 3245 3246 3247
f 3247 3246 3248
f 3247 3248 3249
f 3249 3248 3250
f 3249 3250 3251
f 3251 3250 3252
f 3251 3252 3253
f 3253 3252 3254
f 3253 3254 3255
f 3255 3254 3256
f 3255 3256 3257
f 3257 3256 3258
f 3257 3258 3259
f 3259 3258 3260
f 3259 3260 3261
f 3261 3260 3262
f 3261 3262 3263
f 3263 3262 3264
f 3263 3264 3265
f 3265 3264 3266
f 3265 3266 3267
f 3267 3266 3268
f 3267 3268 3269
f 3269 3268 3270
f 3269 3270 3271
f 3271 3270 3272
f 3271 3272 3273
f 3273 3272 3274
f 3273 3274 3275
f 3275 3274 3276
f 3275 3276 3277
f 3277 3276 3278
f 3277 3278 3279
f 3279 3278 3280
f 3279 3280 3281
f 3281 3280 3282
f 3281 3282 3283
f 3283 3282 3284
f 3283 3284 3285
f 3285 3284 3286
f 3285 3286 3287
f 3287 3286 3288
f 3287 3288 3289
f 3289 3288 3290
f 3289 3290 3291
f 3291 3290 3292
f 3291 3292 3293
f 3293 3292 3294
f 3293 3294 3295
f 3295 3294 3296
f 3295 3296 3297
f 3297 3296 3298
f 3297 3298 3215
f 3215 3298 3216
f 3299 3300 3301
f 3301 3300 3302
f 3301 3302 3303
f 3303 3302 3304
f 3303 3304 3305
f 3305 3304 3306
f 3305 3306 3307
f 3307 3306 3308
f 3307 3308 3309
f 3309 3308 3218
f 3309 3218 3216
f 3300 3299 3310
f 3310 3299 3311
f 3310 3311 3312
f 3312 3311 3313
f 3312 3313 3314
f 3314 3313 3315
f 3314 3315 3316
f 3316 3315 3317
f 3316 3317 3318
f 3318 3317 3319
f 3318 3319 3320
f 3320 3319 3321
f 3320 3321 3322
f 3322 3321 3323
f 3322 3323 3324
f 3324 3323 3325
f 3324 3325 3326
f 3326 3325 3327
f 3326 3327 3328
f 3328 3327 3329
f 3328 3329 3330
f 3330 3329 3331
f 3330 3331 3332
f 3332 3331 3333
f 3332 3333 3334
f 3334 3333 3335
f 3334 3335 3248
f 3248 3335 3250
f 3327 3336 3329
f 3329 3336 3337
f 3329 3337 3331
f 3331 3337 3338
f 3331 3338 3333
f 3333 3338 3339
f 3333 3339 3335
f 3335 3339 3340
f 3335 3340 3250
f 3250 3340 3252
f 3336 3341 3337
f 3337 3341 3342
f 3337 3342 3338
f 3338 3342 3343
f 3338 3343 3339
f 3339 3343 3344
f 3339 3344 3340
f 3340 3344 3345
f 3340 3345 3252
f 3252 3345 3254
f 3341 3346 3342
f 3342 3346 3347
f 3342 3347 3343
f 3343 3347 3348
f 3343 3348 3344
f 3344 3348 3349
f 3344 3349 3345
f 3345 3349 3350
f 3345 3350 3254
f 3254 3350 3256
f 3346 3351 3347
f 3347 3351 3352
f 3347 3352 3348
f 3348 3352 3353
f 3348 3353 3349
f 3349 3353 3354
f 3349 3354 3350
f 3350 3354 3355
f 3350 3355 3256
f 3256 3355 3258
f 3351 3356 3352
f 3352 3356 3357
f 3352 3357 3353
f 3353 3357 3358
f 3353 3358 3354
f 3354 3358 3359
f 3354 3359 3355
f 3355 3359 3360
f 3355 3360 3258
f 3258 3360 3260
f 3356 3361 3357
f 3357 3361 3362
f 3357 3362 3358
f 3358 3362 3363
f 3358 3363 3359
f 3359 3363 3364
f 3359 3364 3360
f 3360 3364 3365
f 3360 3365 3260
f 3260 3365 3262
f 3361 3366 3362
f 3362 3366 3367
f 3362 3367 3363
f 3363 3367 3368
f 3363 3368 3364
f 3364 3368 3369
f 3364 3369 3365
f 3365 3369 3370
f 3365 3370 3262
f 3262 3370 3264
f 3366 3371 3367
f 3367 3371 3372
f 3367 3372 3368
f 3368 3372 3373
f 3368 3373 3369
f 3369 3373 3374
f 3369 3374 3370
f 3370 3374 3375
f 3370 3375 3264
f 3264 3375 3266
f 3371 3376 3372
f 3372 3376 3377
f 3372 3377 3373
f 3373 3377 3378
f 3373 3378 3374
f 3374 3378 3379
f 3374 3379 3375
f 3375 3379 3380
f 3375 3380 3266
f 3266 3380 3268
f 3377 3376 3381
f 3381 3376 3382
f 3381 3382 3383
f 3383 3382 3384
f 3383 3384 3385
f 3385 3384 3386
f 3385 3386 3387
f 3387 3386 3388
f 3387 3388 3389
f 3389 3388 3390
f 3389 3390 3391
f 3391 3390 3392
f 3391 3392 3393
f 3393 3392 3394
f 3393 3394 3395
f 3395 3394 3396
f 3395 3396 3397
f 3397 3396 3398
f 3397 3398 3399
f 3399 3398 3400
f 3399 3400 3401
f 3401 3400 3402
f 3401 3402 3403
f 3403 3402 3404
f 3403 3404 3405
f 3405 3404 3406
f 3405 3406 3407
f 3407 3406 3408
f 3407 3408 3290
f 3290 3408 3292
f 3400 3409 3402
f 3402 3409 3410
f 3402 3410 3404
f 3404 3410 3411
f 3404 3411 3406
f 3406 3411 3412
f 3406 3412 3408
f 3408 3412 3413
f 3408 3413 3292
f 3292 3413 3294
f 3409 3414 3410
f 3410 3414 3415
f 3410 3415 3411
f 3411 3415 3416
f 3411 3416 3412
f 3412 3416 3417
f 3412 3417 3413
f 3413 3417 3418
f 3413 3418 3294
f 3294 3418 3296
f 3414 3419 3415
f 3415 3419 3420
f 3415 3420 3416
f 3416 3420 3421
f 3416 3421 3417
f 3417 3421 3422
f 3417 3422 3418
f 3418 3422 3423
f 3418 3423 3296
f 3296 3423 3298
f 3419 3424 3420
f 3420 3424 3425
f 3420 3425 3421
f 3421 3425 3426
f 3421 3426 3422
f 3422 3426 3427
f 3422 3427 3423
f 3423 3427 3428
f 3423 3428 3298
f 3298 3428 3216
f 3424 3429 3425
f 3425 3429 3430
f 3425 3430 3426
f 3426 3430 3431
f 3426 3431 3427
f 3427 3431 3432
f 3427 3432 3428
f 3428 3432 3309
f 3428 3309 3216
f 3429 3433 3430
f 3430 3433 3434
f 3430 3434 3431
f 3431 3434 3435
f 3431 3435 3432
f 3432 3435 3307
f 3432 3307 3309
f 3433 3436 3434
f 3434 3436 3437
f 3434 3437 3435
f 3435 3437 3305
f 3435 3305 3307
f 3436 3438 3437
f 3437 3438 3303
f 3437 3303 3305
f 3438 3301 3303
f 3378 3377 3381
f 3304 3302 3439
f 3439 3302 3300
f 3439 3300 3440
f 3440 3300 3310
f 3440 3310 3441
f 3441 3310 3312
f 3441 3312 3442
f 3442 3312 3314
f 3442 3314 3443
f 3443 3314 3316
f 3443 3316 3444
f 3444 3316 3318
f 3444 3318 3445
f 3445 3318 3320
f 3445 3320 3446
f 3446 3320 3322
f 3446 3322 3447
f 3447 3322 3324
f 3447 3324 3448
f 3448 3324 3326
f 3448 3326 3449
f 3449 3326 3328
f 3449 3328 3330
f 3306 3304 3450
f 3450 3304 3439
f 3450 3439 3451
f 3451 3439 3440
f 3451 3440 3452
f 3452 3440 3441
f 3452 3441 3453
f 3453 3441 3442
f 3453 3442 3454
f 3454 3442 3443
f 3454 3443 3455
f 3455 3443 3444
f 3455 3444 3456
f 3456 3444 3445
f 3456 3445 3457
f 3457 3445 3446
f 3457 3446 3458
f 3458 3446 3447
f 3458 3447 3459
f 3459 3447 3448
f 3459 3448 3460
f 3460 3448 3449
f 3460 3449 3461
f 3461 3449 3330
f 3461 3330 3332
f 3220 3218 3308
f 3308 3306 3462
f 3462 3306 3450
f 3462 3450 3463
f 3463 3450 3451
f 3463 3451 3464
f 3464 3451 3452
f 3464 3452 3465
f 3465 3452 3453
f 3465 3453 3466
f 3466 3453 3454
f 3466 3454 3467
f 3467 3454 3455
f 3467 3455 3468
f 3468 3455 3456
f 3468 3456 3469
f 3469 3456 3457
f 3469 3457 3470
f 3470 3457 3458
f 3470 3458 3471
f 3471 3458 3459
f 3471 3459 3472
f 3472 3459 3460
f 3472 3460 3473
f 3473 3460 3461
f 3473 3461 3474
f 3474 3461 3332
f 3474 3332 3334
f 3407 3290 3288
f 3407 3288 3475
f 3475 3288 3286
f 3475 3286 3476
f 3476 3286 3284
f 3476 3284 3477
f 3477 3284 3282
f 3477 3282 3478
f 3478 3282 3280
f 3478 3280 3479
f 3479 3280 3278
f 3479 3278 3480
f 3480 3278 3276
f 3480 3276 3481
f 3481 3276 3274
f 3481 3274 3482
f 3482 3274 3272
f 3482 3272 3483
f 3483 3272 3270
f 3483 3270 3484
f 3484 3270 3268
f 3484 3268 3380
f 3407 3475 3405
f 3405 3475 3485
f 3405 3485 3403
f 3403 3485 3486
f 3403 3486 3401
f 3401 3486 3399
f 3485 3475 3476
f 3485 3476 3487
f 3487 3476 3477
f 3487 3477 3488
f 3488 3477 3478
f 3488 3478 3489
f 3489 3478 3479
f 3489 3479 3490
f 3490 3479 3480
f 3490 3480 3491
f 3491 3480 3481
f 3491 3481 3492
f 3492 3481 3482
f 3492 3482 3493
f 3493 3482 3483
f 3493 3483 3494
f 3494 3483 3484
f 3494 3484 3495
f 3495 3484 3380
f 3495 3380 3379
f 3485 3487 3486
f 3486 3487 3496
f 3486 3496 3399
f 3399 3496 3397
f 3496 3487 3488
f 3496 3488 3497
f 3497 3488 3489
f 3497 3489 3498
f 3498 3489 3490
f 3498 3490 3499
f 3499 3490 3491
f 3499 3491 3500
f 3500 3491 3492
f 3500 3492 3501
f 3501 3492 3493
f 3501 3493 3502
f 3502 3493 3494
f 3502 3494 3503
f 3503 3494 3495
f 3503 3495 3504
f 3504 3495 3379
f 3504 3379 3378
f 3395 3397 3497
f 3497 3397 3496
f 3395 3497 3498
f 3393 3395 3498
f 3393 3498 3499
f 3391 3393 3499
f 3391 3499 3500
f 3389 3391 3500
f 3389 3500 3501
f 3387 3389 3501
f 3387 3501 3502
f 3385 3387 3502
f 3385 3502 3503
f 3383 3385 3503
f 3383 3503 3504
f 3381 3383 3504
f 3381 3504 3378
f 3334 3248 3246
f 3474 3334 3246
f 3474 3246 3244
f 3473 3474 3244
f 3473 3244 3242
f 3472 3473 3242
f 3472 3242 3240
f 3471 3472 3240
f 3471 3240 3238
f 3470 3471 3238
f 3470 3238 3236
f 3469 3470 3236
f 3469 3236 3234
f 3468 3469 3234
f 3468 3234 3232
f 3467 3468 3232
f 3467 3232 3230
f 3466 3467 3230
f 3466 3230 3228
f 3465 3466 3228
f 3465 3228 3226
f 3464 3465 3226
f 3464 3226 3224
f 3463 3464 3224
f 3463 3224 3222
f 3462 3463 3222
f 3462 3222 3220
f 3308 3462 3220
f 3505 3215 3506
f 3506 3215 3217
f 3506 3217 3507
f 3507 3217 3219
f 3507 3219 3508
f 3508 3219 3221
f 3508 3221 3509
f 3509 3221 3223
f 3509 3223 3510
f 3510 3223 3225
f 3510 3225 3511
f 3511 3225 3227
f 3511 3227 3512
f 3512 3227 3229
f 3512 3229 3513
f 3513 3229 3231
f 3513 3231 3514
f 3514 3231 3233
f 3514 3233 3515
f 3515 3233 3235
f 3515 3235 3516
f 3516 3235 3237
f 3516 3237 3517
f 3517 3237 3239
f 3517 3239 3518
f 3518 3239 3241
f 3518 3241 3519
f 3519 3241 3243
f 3519 3243 3520
f 3520 3243 3245
f 3520 3245 3521
f 3521 3245 3247
f 3521 3247 3522
f 3522 3247 3249
f 3522 3249 3523
f 3523 3249 3251
f 3523 3251 3524
f 3524 3251 3253
f 3524 3253 3525
f 3525 3253 3255
f 3525 3255 3526
f 3526 3255 3257
f 3526 3257 3527
f 3527 3257 3259
f 3527 3259 3528
f 3528 3259 3261
f 3528 3261 3529
f 3529 3261 3263
f 3529 3263 3530
f 3530 3263 3265
f 3530 3265 3531
f 3531 3265 3267
f 3531 3267 3532
f 3532 3267 3269
f 3532 3269 3533
f 3533 3269 3271
f 3533 3271 3534
f 3534 3271 3273
f 3534 3273 3535
f 3535 3273 3275
f 3535 3275 3536
f 3536 3275 3277
f 3536 3277 3537
f 3537 3277 3279
f 3537 3279 3538
f 3538 3279 3281
f 3538 3281 3539
f 3539 3281 3283
f 3539 3283 3540
f 3540 3283 3285
f 3540 3285 3541
f 3541 3285 3287
f 3541 3287 3542
f 3542 3287 3289
f 3542 3289 3543
f 3543 3289 3291
f 3543 3291 3544
f 3544 3291 3293
f 3544 3293 3545
f 3545 3293 3295
f 3545 3295 3546
f 3546 3295 3297
f 3546 3297 3505
f 3505 3297 3215
f 3438 3382 3301
f 3301 3382 3376
f 3301 3376 3299
f 3299 3376 3371
f 3299 3371 3311
f 3311 3371 3366
f 3311 3366 3313
f 3313 3366 3361
f 3313 3361 3315
f 3315 3361 3356
f 3315 3356 3317
f 3317 3356 3351
f 3317 3351 3319
f 3319 3351 3346
f 3319 3346 3321
f 3321 3346 3341
f 3321 3341 3323
f 3323 3341 3336
f 3323 3336 3325
f 3325 3336 3327
f 3382 3438 3384
f 3384 3438 3436
f 3384 3436 3386
f 3386 3436 3433
f 3386 3433 3388
f 3388 3433 3429
f 3388 3429 3390
f 3390 3429 3424
f 3390 3424 3392
f 3392 3424 3419
f 3392 3419 3394
f 3394 3419 3414
f 3394 3414 3396
f 3396 3414 3409
f 3396 3409 3398
f 3398 3409 3400
f 3507 3526 3506
f 3506 3526 3527
f 3506 3527 3505
f 3505 3527 3528
f 3505 3528 3546
f 3546 3528 3529
f 3546 3529 3545
f 3545 3529 3530
f 3545 3530 3544
f 3544 3530 3531
f 3544 3531 3543
f 3543 3531 3532
f 3543 3532 3542
f 3542 3532 3533
f 3542 3533 3541
f 3541 3533 3534
f 3541 3534 3540
f 3540 3534 3535
f 3540 3535 3539
f 3539 3535 3536
f 3539 3536 3538
f 3538 3536 3537
f 3526 3507 3525
f 3525 3507 3508
f 3525 3508 3524
f 3524 3508 3509
f 3524 3509 3523
f 3523 3509 3510
f 3523 3510 3522
f 3522 3510 3511
f 3522 3511 3521
f 3521 3511 3512
f 3521 3512 3520
f 3520 3512 3513
f 3520 3513 3519
f 3519 3513 3514
f 3519 3514 3518
f 3518 3514 3515
f 3518 3515 3517
f 3517 3515 3516
g Body3

v 1.676000 -1.193088 1.616132
v 1.684541 -1.191976 1.616300
v 1.676000 -1.195098 1.642960
v 1.684541 -1.193974 1.642960
v 1.676000 -1.193088 1.669787
v 1.684541 -1.191976 1.669620
v 1.676000 -1.187101 1.696016
v 1.684541 -1.186027 1.695684
v 1.676000 -1.177272 1.721059
v 1.684541 -1.176259 1.720571
v 1.676000 -1.163821 1.744357
v 1.684541 -1.162892 1.743724
v 1.676000 -1.147047 1.765391
v 1.684541 -1.146223 1.764626
v 1.676000 -1.127326 1.783689
v 1.684541 -1.126625 1.782810
v 1.676000 -1.105098 1.798844
v 1.684541 -1.104536 1.797870
v 1.676000 -1.080859 1.810517
v 1.684541 -1.080449 1.809470
v 1.676000 -1.055152 1.818447
v 1.684541 -1.054902 1.817350
v 1.676000 -1.028549 1.822456
v 1.684541 -1.028465 1.821335
v 1.676000 -1.001647 1.822456
v 1.684541 -1.001731 1.821335
v 1.676000 -0.975044 1.818447
v 1.684541 -0.975294 1.817350
v 1.676000 -0.949337 1.810517
v 1.684541 -0.949747 1.809470
v 1.676000 -0.925098 1.798844
v 1.684541 -0.925660 1.797870
v 1.676000 -0.902870 1.783689
v 1.684541 -0.903571 1.782810
v 1.676000 -0.883149 1.765391
v 1.684541 -0.883973 1.764626
v 1.676000 -0.866375 1.744357
v 1.684541 -0.867304 1.743724
v 1.676000 -0.852924 1.721059
v 1.684541 -0.853937 1.720571
v 1.676000 -0.843095 1.696016
v 1.684541 -0.844169 1.695684
v 1.676000 -0.837108 1.669787
v 1.684541 -0.838220 1.669620
v 1.676000 -0.835098 1.642960
v 1.684541 -0.836222 1.642960
v 1.676000 -0.837108 1.616132
v 1.684541 -0.838220 1.616300
v 1.676000 -0.843095 1.589904
v 1.684541 -0.844169 1.590235
v 1.676000 -0.852924 1.564860
v 1.684541 -0.853937 1.565348
v 1.676000 -0.866375 1.541562
v 1.684541 -0.867304 1.542195
v 1.676000 -0.883149 1.520528
v 1.684541 -0.883973 1.521293
v 1.676000 -0.902870 1.502230
v 1.684541 -0.903571 1.503109
v 1.676000 -0.925098 1.487075
v 1.684541 -0.925660 1.488049
v 1.676000 -0.949337 1.475402
v 1.684541 -0.949747 1.476449
v 1.676000 -0.975044 1.467473
v 1.684541 -0.975294 1.468569
v 1.676000 -1.001647 1.463463
v 1.684541 -1.001731 1.464584
v 1.676000 -1.028549 1.463463
v 1.684541 -1.028465 1.464584
v 1.676000 -1.055152 1.467473
v 1.684541 -1.054902 1.468569
v 1.676000 -1.080859 1.475402
v 1.684541 -1.080449 1.476449
v 1.676000 -1.105098 1.487075
v 1.684541 -1.104536 1.488049
v 1.676000 -1.127326 1.502230
v 1.684541 -1.126625 1.503109
v 1.676000 -1.147047 1.520528
v 1.684541 -1.146223 1.521293
v 1.676000 -1.163821 1.541562
v 1.684541 -1.162892 1.542195
v 1.676000 -1.177272 1.564860
v 1.684541 -1.176259 1.565348
v 1.676000 -1.187101 1.589904
v 1.684541 -1.186027 1.590235
v 1.709000 -1.160093 1.667155
v 1.707876 -1.168902 1.666142
v 1.709000 -1.162098 1.642960
v 1.707876 -1.170639 1.642960
v 1.707876 -1.168902 1.619777
v 1.704579 -1.178598 1.642960
v 1.704579 -1.176772 1.618591
v 1.699335 -1.185432 1.642960
v 1.699335 -1.183530 1.617573
v 1.692500 -1.190677 1.642960
v 1.692500 -1.188716 1.616791
v 1.707876 -1.163729 1.688806
v 1.709000 -1.154133 1.690690
v 1.707876 -1.155236 1.710446
v 1.709000 -1.144381 1.712924
v 1.707876 -1.143612 1.730579
v 1.709000 -1.131102 1.733249
v 1.707876 -1.129118 1.748754
v 1.709000 -1.114658 1.751111
v 1.707876 -1.112076 1.764566
v 1.709000 -1.095499 1.766023
v 1.707876 -1.092868 1.777662
v 1.709000 -1.074147 1.777578
v 1.707876 -1.071923 1.787749
v 1.709000 -1.051184 1.785461
v 1.707876 -1.049709 1.794601
v 1.709000 -1.027237 1.789457
v 1.707876 -1.026722 1.798066
v 1.709000 -1.002959 1.789457
v 1.707876 -1.003474 1.798066
v 1.707876 -0.980487 1.794601
v 1.704579 -0.978716 1.802360
v 1.704579 -0.955365 1.795157
v 1.699335 -0.952868 1.801520
v 1.699335 -0.929931 1.790474
v 1.692500 -0.927309 1.795015
v 1.692500 -0.905626 1.780233
v 1.709000 -0.979012 1.785461
v 1.707876 -0.958272 1.787749
v 1.704579 -0.933348 1.784555
v 1.699335 -0.908896 1.776132
v 1.692500 -0.886390 1.762384
v 1.709000 -0.956049 1.777578
v 1.707876 -0.937327 1.777662
v 1.704579 -0.913157 1.770789
v 1.699335 -0.890234 1.758816
v 1.692500 -0.870028 1.741867
v 1.709000 -0.934697 1.766023
v 1.707876 -0.918120 1.764566
v 1.704579 -0.895244 1.754168
v 1.699335 -0.874361 1.738912
v 1.692500 -0.856907 1.719140
v 1.709000 -0.915538 1.751111
v 1.707876 -0.901078 1.748754
v 1.704579 -0.880008 1.735062
v 1.699335 -0.861632 1.716865
v 1.692500 -0.847320 1.694712
v 1.709000 -0.899094 1.733249
v 1.707876 -0.886584 1.730579
v 1.704579 -0.867790 1.713900
v 1.699335 -0.852331 1.693167
v 1.692500 -0.841480 1.669128
v 1.709000 -0.885815 1.712924
v 1.707876 -0.874960 1.710446
v 1.704579 -0.858862 1.691152
v 1.699335 -0.846666 1.668347
v 1.692500 -0.839519 1.642960
v 1.709000 -0.876063 1.690690
v 1.707876 -0.866467 1.688806
v 1.704579 -0.853424 1.667328
v 1.699335 -0.844763 1.642960
v 1.692500 -0.841480 1.616791
v 1.709000 -0.870103 1.667155
v 1.707876 -0.861294 1.666142
v 1.704579 -0.851598 1.642960
v 1.699335 -0.846666 1.617573
v 1.692500 -0.847320 1.591207
v 1.709000 -0.868098 1.642960
v 1.707876 -0.859557 1.642960
v 1.704579 -0.853424 1.618591
v 1.699335 -0.852331 1.592753
v 1.692500 -0.856907 1.566779
v 1.707876 -0.861294 1.619777
v 1.709000 -0.870103 1.618764
v 1.707876 -0.866467 1.597113
v 1.709000 -0.876063 1.595229
v 1.707876 -0.874960 1.575473
v 1.709000 -0.885815 1.572995
v 1.707876 -0.886584 1.555340
v 1.709000 -0.899094 1.552670
v 1.707876 -0.901078 1.537165
v 1.709000 -0.915538 1.534808
v 1.707876 -0.918120 1.521353
v 1.709000 -0.934697 1.519896
v 1.707876 -0.937327 1.508257
v 1.709000 -0.956049 1.508341
v 1.707876 -0.958272 1.498171
v 1.709000 -0.979012 1.500458
v 1.707876 -0.980487 1.491318
v 1.709000 -1.002959 1.496462
v 1.707876 -1.003474 1.487853
v 1.709000 -1.027237 1.496462
v 1.707876 -1.026722 1.487853
v 1.707876 -1.049709 1.491318
v 1.704579 -1.051480 1.483559
v 1.704579 -1.074831 1.490762
v 1.699335 -1.077328 1.484400
v 1.699335 -1.100265 1.495446
v 1.692500 -1.102887 1.490904
v 1.692500 -1.124570 1.505687
v 1.709000 -1.051184 1.500458
v 1.707876 -1.071923 1.498171
v 1.704579 -1.096848 1.501364
v 1.699335 -1.121300 1.509787
v 1.692500 -1.143806 1.523536
v 1.709000 -1.074147 1.508341
v 1.707876 -1.092868 1.508257
v 1.704579 -1.117039 1.515130
v 1.699335 -1.139962 1.527103
v 1.692500 -1.160168 1.544052
v 1.709000 -1.095499 1.519896
v 1.707876 -1.112076 1.521353
v 1.704579 -1.134952 1.531751
v 1.699335 -1.155835 1.547007
v 1.692500 -1.173289 1.566779
v 1.709000 -1.114658 1.534808
v 1.707876 -1.129118 1.537165
v 1.704579 -1.150188 1.550857
v 1.699335 -1.168564 1.569054
v 1.692500 -1.182876 1.591207
v 1.709000 -1.131102 1.552670
v 1.707876 -1.143612 1.555340
v 1.704579 -1.162406 1.572020
v 1.699335 -1.177865 1.592753
v 1.709000 -1.144381 1.572995
v 1.707876 -1.155236 1.575473
v 1.704579 -1.171334 1.594767
v 1.709000 -1.154133 1.595229
v 1.707876 -1.163729 1.597113
v 1.709000 -1.160093 1.618764
v 1.704579 -1.176772 1.667328
v 1.704579 -1.171334 1.691152
v 1.704579 -1.162406 1.713900
v 1.704579 -1.150188 1.735062
v 1.704579 -1.134952 1.754168
v 1.704579 -1.117039 1.770789
v 1.704579 -1.096848 1.784555
v 1.704579 -1.074831 1.795157
v 1.704579 -1.051480 1.802360
v 1.704579 -1.027316 1.806002
v 1.704579 -1.002880 1.806002
v 1.699335 -1.183530 1.668347
v 1.699335 -1.177865 1.693167
v 1.699335 -1.168564 1.716865
v 1.699335 -1.155835 1.738912
v 1.699335 -1.139962 1.758816
v 1.699335 -1.121300 1.776132
v 1.699335 -1.100265 1.790474
v 1.699335 -1.077328 1.801520
v 1.699335 -1.053001 1.809023
v 1.699335 -1.027827 1.812818
v 1.699335 -1.002369 1.812818
v 1.699335 -0.977195 1.809023
v 1.692500 -1.188716 1.669128
v 1.692500 -1.182876 1.694712
v 1.692500 -1.173289 1.719140
v 1.692500 -1.160168 1.741867
v 1.692500 -1.143806 1.762384
v 1.692500 -1.124570 1.780233
v 1.692500 -1.102887 1.795015
v 1.692500 -1.079244 1.806401
v 1.692500 -1.054168 1.814136
v 1.692500 -1.028219 1.818047
v 1.692500 -1.001977 1.818047
v 1.692500 -0.976028 1.814136
v 1.692500 -0.950952 1.806401
v 1.692500 -1.079244 1.479518
v 1.692500 -1.054168 1.471783
v 1.692500 -1.028219 1.467872
v 1.692500 -1.001977 1.467872
v 1.692500 -0.976028 1.471783
v 1.692500 -0.950952 1.479518
v 1.692500 -0.927309 1.490904
v 1.692500 -0.905626 1.505687
v 1.692500 -0.886390 1.523536
v 1.692500 -0.870028 1.544052
v 1.699335 -1.053001 1.476896
v 1.704579 -1.027316 1.479917
v 1.699335 -1.027827 1.473101
v 1.699335 -1.002369 1.473101
v 1.699335 -0.977195 1.476896
v 1.699335 -0.952868 1.484400
v 1.699335 -0.929931 1.495446
v 1.699335 -0.908896 1.509787
v 1.699335 -0.890234 1.527103
v 1.699335 -0.874361 1.547007
v 1.699335 -0.861632 1.569054
v 1.704579 -1.002880 1.479917
v 1.704579 -0.978716 1.483559
v 1.704579 -0.955365 1.490762
v 1.704579 -0.933348 1.501364
v 1.704579 -0.913157 1.515130
v 1.704579 -0.895244 1.531751
v 1.704579 -0.880008 1.550857
v 1.704579 -0.867790 1.572020
v 1.704579 -0.858862 1.594767
v 1.609000 -1.193088 1.616132
v 1.609000 -1.195098 1.642960
v 1.609000 -1.193088 1.669787
v 1.609000 -1.187101 1.696016
v 1.609000 -1.177272 1.721059
v 1.609000 -1.163821 1.744357
v 1.609000 -1.147047 1.765391
v 1.609000 -1.127326 1.783689
v 1.609000 -1.105098 1.798844
v 1.609000 -1.080859 1.810517
v 1.609000 -1.055152 1.818447
v 1.609000 -1.028549 1.822456
v 1.609000 -1.001647 1.822456
v 1.609000 -0.975044 1.818447
v 1.609000 -0.949337 1.810517
v 1.609000 -0.925098 1.798844
v 1.609000 -0.902870 1.783689
v 1.609000 -0.883149 1.765391
v 1.609000 -0.866375 1.744357
v 1.609000 -0.852924 1.721059
v 1.609000 -0.843095 1.696016
v 1.609000 -0.837108 1.669787
v 1.609000 -0.835098 1.642960
v 1.609000 -0.837108 1.616132
v 1.609000 -0.843095 1.589904
v 1.609000 -0.852924 1.564860
v 1.609000 -0.866375 1.541562
v 1.609000 -0.883149 1.520528
v 1.609000 -0.902870 1.502230
v 1.609000 -0.925098 1.487075
v 1.609000 -0.949337 1.475402
v 1.609000 -0.975044 1.467473
v 1.609000 -1.001647 1.463463
v 1.609000 -1.028549 1.463463
v 1.609000 -1.055152 1.467473
v 1.609000 -1.080859 1.475402
v 1.609000 -1.105098 1.487075
v 1.609000 -1.127326 1.502230
v 1.609000 -1.147047 1.520528
v 1.609000 -1.163821 1.541562
v 1.609000 -1.177272 1.564860
v 1.609000 -1.187101 1.589904
f 3547 3548 3549
f 3549 3548 3550
f 3549 3550 3551
f 3551 3550 3552
f 3551 3552 3553
f 3553 3552 3554
f 3553 3554 3555
f 3555 3554 3556
f 3555 3556 3557
f 3557 3556 3558
f 3557 3558 3559
f 3559 3558 3560
f 3559 3560 3561
f 3561 3560 3562
f 3561 3562 3563
f 3563 3562 3564
f 3563 3564 3565
f 3565 3564 3566
f 3565 3566 3567
f 3567 3566 3568
f 3567 3568 3569
f 3569 3568 3570
f 3569 3570 3571
f 3571 3570 3572
f 3571 3572 3573
f 3573 3572 3574
f 3573 3574 3575
f 3575 3574 3576
f 3575 3576 3577
f 3577 3576 3578
f 3577 3578 3579
f 3579 3578 3580
f 3579 3580 3581
f 3581 3580 3582
f 3581 3582 3583
f 3583 3582 3584
f 3583 3584 3585
f 3585 3584 3586
f 3585 3586 3587
f 3587 3586 3588
f 3587 3588 3589
f 3589 3588 3590
f 3589 3590 3591
f 3591 3590 3592
f 3591 3592 3593
f 3593 3592 3594
f 3593 3594 3595
f 3595 3594 3596
f 3595 3596 3597
f 3597 3596 3598
f 3597 3598 3599
f 3599 3598 3600
f 3599 3600 3601
f 3601 3600 3602
f 3601 3602 3603
f 3603 3602 3604
f 3603 3604 3605
f 3605 3604 3606
f 3605 3606 3607
f 3607 3606 3608
f 3607 3608 3609
f 3609 3608 3610
f 3609 3610 3611
f 3611 3610 3612
f 3611 3612 3613
f 3613 3612 3614
f 3613 3614 3615
f 3615 3614 3616
f 3615 3616 3617
f 3617 3616 3618
f 3617 3618 3619
f 3619 3618 3620
f 3619 3620 3621
f 3621 3620 3622
f 3621 3622 3623
f 3623 3622 3624
f 3623 3624 3625
f 3625 3624 3626
f 3625 3626 3627
f 3627 3626 3628
f 3627 3628 3629
f 3629 3628 3630
f 3629 3630 3547
f 3547 3630 3548
f 3631 3632 3633
f 3633 3632 3634
f 3633 3634 3635
f 3635 3634 3636
f 3635 3636 3637
f 3637 3636 3638
f 3637 3638 3639
f 3639 3638 3640
f 3639 3640 3641
f 3641 3640 3550
f 3641 3550 3548
f 3632 3631 3642
f 3642 3631 3643
f 3642 3643 3644
f 3644 3643 3645
f 3644 3645 3646
f 3646 3645 3647
f 3646 3647 3648
f 3648 3647 3649
f 3648 3649 3650
f 3650 3649 3651
f 3650 3651 3652
f 3652 3651 3653
f 3652 3653 3654
f 3654 3653 3655
f 3654 3655 3656
f 3656 3655 3657
f 3656 3657 3658
f 3658 3657 3659
f 3658 3659 3660
f 3660 3659 3661
f 3660 3661 3662
f 3662 3661 3663
f 3662 3663 3664
f 3664 3663 3665
f 3664 3665 3666
f 3666 3665 3667
f 3666 3667 3580
f 3580 3667 3582
f 3659 3668 3661
f 3661 3668 3669
f 3661 3669 3663
f 3663 3669 3670
f 3663 3670 3665
f 3665 3670 3671
f 3665 3671 3667
f 3667 3671 3672
f 3667 3672 3582
f 3582 3672 3584
f 3668 3673 3669
f 3669 3673 3674
f 3669 3674 3670
f 3670 3674 3675
f 3670 3675 3671
f 3671 3675 3676
f 3671 3676 3672
f 3672 3676 3677
f 3672 3677 3584
f 3584 3677 3586
f 3673 3678 3674
f 3674 3678 3679
f 3674 3679 3675
f 3675 3679 3680
f 3675 3680 3676
f 3676 3680 3681
f 3676 3681 3677
f 3677 3681 3682
f 3677 3682 3586
f 3586 3682 3588
f 3678 3683 3679
f 3679 3683 3684
f 3679 3684 3680
f 3680 3684 3685
f 3680 3685 3681
f 3681 3685 3686
f 3681 3686 3682
f 3682 3686 3687
f 3682 3687 3588
f 3588 3687 3590
f 3683 3688 3684
f 3684 3688 3689
f 3684 3689 3685
f 3685 3689 3690
f 3685 3690 3686
f 3686 3690 3691
f 3686 3691 3687
f 3687 3691 3692
f 3687 3692 3590
f 3590 3692 3592
f 3688 3693 3689
f 3689 3693 3694
f 3689 3694 3690
f 3690 3694 3695
f 3690 3695 3691
f 3691 3695 3696
f 3691 3696 3692
f 3692 3696 3697
f 3692 3697 3592
f 3592 3697 3594
f 3693 3698 3694
f 3694 3698 3699
f 3694 3699 3695
f 3695 3699 3700
f 3695 3700 3696
f 3696 3700 3701
f 3696 3701 3697
f 3697 3701 3702
f 3697 3702 3594
f 3594 3702 3596
f 3698 3703 3699
f 3699 3703 3704
f 3699 3704 3700
f 3700 3704 3705
f 3700 3705 3701
f 3701 3705 3706
f 3701 3706 3702
f 3702 3706 3707
f 3702 3707 3596
f 3596 3707 3598
f 3703 3708 3704
f 3704 3708 3709
f 3704 3709 3705
f 3705 3709 3710
f 3705 3710 3706
f 3706 3710 3711
f 3706 3711 3707
f 3707 3711 3712
f 3707 3712 3598
f 3598 3712 3600
f 3709 3708 3713
f 3713 3708 3714
f 3713 3714 3715
f 3715 3714 3716
f 3715 3716 3717
f 3717 3716 3718
f 3717 3718 3719
f 3719 3718 3720
f 3719 3720 3721
f 3721 3720 3722
f 3721 3722 3723
f 3723 3722 3724
f 3723 3724 3725
f 3725 3724 3726
f 3725 3726 3727
f 3727 3726 3728
f 3727 3728 3729
f 3729 3728 3730
f 3729 3730 3731
f 3731 3730 3732
f 3731 3732 3733
f 3733 3732 3734
f 3733 3734 3735
f 3735 3734 3736
f 3735 3736 3737
f 3737 3736 3738
f 3737 3738 3739
f 3739 3738 3740
f 3739 3740 3622
f 3622 3740 3624
f 3732 3741 3734
f 3734 3741 3742
f 3734 3742 3736
f 3736 3742 3743
f 3736 3743 3738
f 3738 3743 3744
f 3738 3744 3740
f 3740 3744 3745
f 3740 3745 3624
f 3624 3745 3626
f 3741 3746 3742
f 3742 3746 3747
f 3742 3747 3743
f 3743 3747 3748
f 3743 3748 3744
f 3744 3748 3749
f 3744 3749 3745
f 3745 3749 3750
f 3745 3750 3626
f 3626 3750 3628
f 3746 3751 3747
f 3747 3751 3752
f 3747 3752 3748
f 3748 3752 3753
f 3748 3753 3749
f 3749 3753 3754
f 3749 3754 3750
f 3750 3754 3755
f 3750 3755 3628
f 3628 3755 3630
f 3751 3756 3752
f 3752 3756 3757
f 3752 3757 3753
f 3753 3757 3758
f 3753 3758 3754
f 3754 3758 3759
f 3754 3759 3755
f 3755 3759 3760
f 3755 3760 3630
f 3630 3760 3548
f 3756 3761 3757
f 3757 3761 3762
f 3757 3762 3758
f 3758 3762 3763
f 3758 3763 3759
f 3759 3763 3764
f 3759 3764 3760
f 3760 3764 3641
f 3760 3641 3548
f 3761 3765 3762
f 3762 3765 3766
f 3762 3766 3763
f 3763 3766 3767
f 3763 3767 3764
f 3764 3767 3639
f 3764 3639 3641
f 3765 3768 3766
f 3766 3768 3769
f 3766 3769 3767
f 3767 3769 3637
f 3767 3637 3639
f 3768 3770 3769
f 3769 3770 3635
f 3769 3635 3637
f 3770 3633 3635
f 3710 3709 3713
f 3636 3634 3771
f 3771 3634 3632
f 3771 3632 3772
f 3772 3632 3642
f 3772 3642 3773
f 3773 3642 3644
f 3773 3644 3774
f 3774 3644 3646
f 3774 3646 3775
f 3775 3646 3648
f 3775 3648 3776
f 3776 3648 3650
f 3776 3650 3777
f 3777 3650 3652
f 3777 3652 3778
f 3778 3652 3654
f 3778 3654 3779
f 3779 3654 3656
f 3779 3656 3780
f 3780 3656 3658
f 3780 3658 3781
f 3781 3658 3660
f 3781 3660 3662
f 3638 3636 3782
f 3782 3636 3771
f 3782 3771 3783
f 3783 3771 3772
f 3783 3772 3784
f 3784 3772 3773
f 3784 3773 3785
f 3785 3773 3774
f 3785 3774 3786
f 3786 3774 3775
f 3786 3775 3787
f 3787 3775 3776
f 3787 3776 3788
f 3788 3776 3777
f 3788 3777 3789
f 3789 3777 3778
f 3789 3778 3790
f 3790 3778 3779
f 3790 3779 3791
f 3791 3779 3780
f 3791 3780 3792
f 3792 3780 3781
f 3792 3781 3793
f 3793 3781 3662
f 3793 3662 3664
f 3552 3550 3640
f 3640 3638 3794
f 3794 3638 3782
f 3794 3782 3795
f 3795 3782 3783
f 3795 3783 3796
f 3796 3783 3784
f 3796 3784 3797
f 3797 3784 3785
f 3797 3785 3798
f 3798 3785 3786
f 3798 3786 3799
f 3799 3786 3787
f 3799 3787 3800
f 3800 3787 3788
f 3800 3788 3801
f 3801 3788 3789
f 3801 3789 3802
f 3802 3789 3790
f 3802 3790 3803
f 3803 3790 3791
f 3803 3791 3804
f 3804 3791 3792
f 3804 3792 3805
f 3805 3792 3793
f 3805 3793 3806
f 3806 3793 3664
f 3806 3664 3666
f 3739 3622 3620
f 3739 3620 3807
f 3807 3620 3618
f 3807 3618 3808
f 3808 3618 3616
f 3808 3616 3809
f 3809 3616 3614
f 3809 3614 3810
f 3810 3614 3612
f 3810 3612 3811
f 3811 3612 3610
f 3811 3610 3812
f 3812 3610 3608
f 3812 3608 3813
f 3813 3608 3606
f 3813 3606 3814
f 3814 3606 3604
f 3814 3604 3815
f 3815 3604 3602
f 3815 3602 3816
f 3816 3602 3600
f 3816 3600 3712
f 3739 3807 3737
f 3737 3807 3817
f 3737 3817 3735
f 3735 3817 3818
f 3735 3818 3733
f 3733 3818 3731
f 3817 3807 3808
f 3817 3808 3819
f 3819 3808 3809
f 3819 3809 3820
f 3820 3809 3810
f 3820 3810 3821
f 3821 3810 3811
f 3821 3811 3822
f 3822 3811 3812
f 3822 3812 3823
f 3823 3812 3813
f 3823 3813 3824
f 3824 3813 3814
f 3824 3814 3825
f 3825 3814 3815
f 3825 3815 3826
f 3826 3815 3816
f 3826 3816 3827
f 3827 3816 3712
f 3827 3712 3711
f 3817 3819 3818
f 3818 3819 3828
f 3818 3828 3731
f 3731 3828 3729
f 3828 3819 3820
f 3828 3820 3829
f 3829 3820 3821
f 3829 3821 3830
f 3830 3821 3822
f 3830 3822 3831
f 3831 3822 3823
f 3831 3823 3832
f 3832 3823 3824
f 3832 3824 3833
f 3833 3824 3825
f 3833 3825 3834
f 3834 3825 3826
f 3834 3826 3835
f 3835 3826 3827
f 3835 3827 3836
f 3836 3827 3711
f 3836 3711 3710
f 3727 3729 3829
f 3829 3729 3828
f 3727 3829 3830
f 3725 3727 3830
f 3725 3830 3831
f 3723 3725 3831
f 3723 3831 3832
f 3721 3723 3832
f 3721 3832 3833
f 3719 3721 3833
f 3719 3833 3834
f 3717 3719 3834
f 3717 3834 3835
f 3715 3717 3835
f 3715 3835 3836
f 3713 3715 3836
f 3713 3836 3710
f 3666 3580 3578
f 3806 3666 3578
f 3806 3578 3576
f 3805 3806 3576
f 3805 3576 3574
f 3804 3805 3574
f 3804 3574 3572
f 3803 3804 3572
f 3803 3572 3570
f 3802 3803 3570
f 3802 3570 3568
f 3801 3802 3568
f 3801 3568 3566
f 3800 3801 3566
f 3800 3566 3564
f 3799 3800 3564
f 3799 3564 3562
f 3798 3799 3562
f 3798 3562 3560
f 3797 3798 3560
f 3797 3560 3558
f 3796 3797 3558
f 3796 3558 3556
f 3795 3796 3556
f 3795 3556 3554
f 3794 3795 3554
f 3794 3554 3552
f 3640 3794 3552
f 3837 3547 3838
f 3838 3547 3549
f 3838 3549 3839
f 3839 3549 3551
f 3839 3551 3840
f 3840 3551 3553
f 3840 3553 3841
f 3841 3553 3555
f 3841 3555 3842
f 3842 3555 3557
f 3842 3557 3843
f 3843 3557 3559
f 3843 3559 3844
f 3844 3559 3561
f 3844 3561 3845
f 3845 3561 3563
f 3845 3563 3846
f 3846 3563 3565
f 3846 3565 3847
f 3847 3565 3567
f 3847 3567 3848
f 3848 3567 3569
f 3848 3569 3849
f 3849 3569 3571
f 3849 3571 3850
f 3850 3571 3573
f 3850 3573 3851
f 3851 3573 3575
f 3851 3575 3852
f 3852 3575 3577
f 3852 3577 3853
f 3853 3577 3579
f 3853 3579 3854
f 3854 3579 3581
f 3854 3581 3855
f 3855 3581 3583
f 3855 3583 3856
f 3856 3583 3585
f 3856 3585 3857
f 3857 3585 3587
f 3857 3587 3858
f 3858 3587 3589
f 3858 3589 3859
f 3859 3589 3591
f 3859 3591 3860
f 3860 3591 3593
f 3860 3593 3861
f 3861 3593 3595
f 3861 3595 3862
f 3862 3595 3597
f 3862 3597 3863
f 3863 3597 3599
f 3863 3599 3864
f 3864 3599 3601
f 3864 3601 3865
f 3865 3601 3603
f 3865 3603 3866
f 3866 3603 3605
f 3866 3605 3867
f 3867 3605 3607
f 3867 3607 3868
f 3868 3607 3609
f 3868 3609 3869
f 3869 3609 3611
f 3869 3611 3870
f 3870 3611 3613
f 3870 3613 3871
f 3871 3613 3615
f 3871 3615 3872
f 3872 3615 3617
f 3872 3617 3873
f 3873 3617 3619
f 3873 3619 3874
f 3874 3619 3621
f 3874 3621 3875
f 3875 3621 3623
f 3875 3623 3876
f 3876 3623 3625
f 3876 3625 3877
f 3877 3625 3627
f 3877 3627 3878
f 3878 3627 3629
f 3878 3629 3837
f 3837 3629 3547
f 3770 3714 3633
f 3633 3714 3708
f 3633 3708 3631
f 3631 3708 3703
f 3631 3703 3643
f 3643 3703 3698
f 3643 3698 3645
f 3645 3698 3693
f 3645 3693 3647
f 3647 3693 3688
f 3647 3688 3649
f 3649 3688 3683
f 3649 3683 3651
f 3651 3683 3678
f 3651 3678 3653
f 3653 3678 3673
f 3653 3673 3655
f 3655 3673 3668
f 3655 3668 3657
f 3657 3668 3659
f 3714 3770 3716
f 3716 3770 3768
f 3716 3768 3718
f 3718 3768 3765
f 3718 3765 3720
f 3720 3765 3761
f 3720 3761 3722
f 3722 3761 3756
f 3722 3756 3724
f 3724 3756 3751
f 3724 3751 3726
f 3726 3751 3746
f 3726 3746 3728
f 3728 3746 3741
f 3728 3741 3730
f 3730 3741 3732
f 3839 3858 3838
f 3838 3858 3859
f 3838 3859 3837
f 3837 3859 3860
f 3837 3860 3878
f 3878 3860 3861
f 3878 3861 3877
f 3877 3861 3862
f 3877 3862 3876
f 3876 3862 3863
f 3876 3863 3875
f 3875 3863 3864
f 3875 3864 3874
f 3874 3864 3865
f 3874 3865 3873
f 3873 3865 3866
f 3873 3866 3872
f 3872 3866 3867
f 3872 3867 3871
f 3871 3867 3868
f 3871 3868 3870
f 3870 3868 3869
f 3858 3839 3857
f 3857 3839 3840
f 3857 3840 3856
f 3856 3840 3841
f 3856 3841 3855
f 3855 3841 3842
f 3855 3842 3854
f 3854 3842 3843
f 3854 3843 3853
f 3853 3843 3844
f 3853 3844 3852
f 3852 3844 3845
f 3852 3845 3851
f 3851 3845 3846
f 3851 3846 3850
f 3850 3846 3847
f 3850 3847 3849
f 3849 3847 3848
g Body4

v 1.676000 2.376912 0.046132
v 1.684541 2.378024 0.046300
v 1.676000 2.374902 0.072960
v 1.684541 2.376026 0.072960
v 1.676000 2.376912 0.099787
v 1.684541 2.378024 0.099620
v 1.676000 2.382899 0.126016
v 1.684541 2.383973 0.125684
v 1.676000 2.392728 0.151059
v 1.684541 2.393741 0.150571
v 1.676000 2.406179 0.174357
v 1.684541 2.407108 0.173724
v 1.676000 2.422953 0.195391
v 1.684541 2.423777 0.194626
v 1.676000 2.442674 0.213689
v 1.684541 2.443375 0.212810
v 1.676000 2.464902 0.228844
v 1.684541 2.465464 0.227870
v 1.676000 2.489141 0.240517
v 1.684541 2.489551 0.239470
v 1.676000 2.514848 0.248447
v 1.684541 2.515098 0.247350
v 1.676000 2.541451 0.252456
v 1.684541 2.541535 0.251335
v 1.676000 2.568353 0.252456
v 1.684541 2.568269 0.251335
v 1.676000 2.594956 0.248447
v 1.684541 2.594706 0.247350
v 1.676000 2.620663 0.240517
v 1.684541 2.620253 0.239470
v 1.676000 2.644902 0.228844
v 1.684541 2.644340 0.227870
v 1.676000 2.667130 0.213689
v 1.684541 2.666429 0.212810
v 1.676000 2.686851 0.195391
v 1.684541 2.686027 0.194626
v 1.676000 2.703625 0.174357
v 1.684541 2.702696 0.173724
v 1.676000 2.717076 0.151059
v 1.684541 2.716063 0.150571
v 1.676000 2.726905 0.126016
v 1.684541 2.725831 0.125684
v 1.676000 2.732892 0.099787
v 1.684541 2.731780 0.099620
v 1.676000 2.734902 0.072960
v 1.684541 2.733778 0.072960
v 1.676000 2.732892 0.046132
v 1.684541 2.731780 0.046300
v 1.676000 2.726905 0.019904
v 1.684541 2.725831 0.020235
v 1.676000 2.717076 -0.005139
v 1.684541 2.716063 -0.004652
v 1.676000 2.703625 -0.028438
v 1.684541 2.702696 -0.027805
v 1.676000 2.686851 -0.049471
v 1.684541 2.686027 -0.048707
v 1.676000 2.667130 -0.067770
v 1.684541 2.666429 -0.066891
v 1.676000 2.644902 -0.082925
v 1.684541 2.644340 -0.081951
v 1.676000 2.620663 -0.094598
v 1.684541 2.620253 -0.093551
v 1.676000 2.594956 -0.102527
v 1.684541 2.594706 -0.101431
v 1.676000 2.568353 -0.106537
v 1.684541 2.568269 -0.105416
v 1.676000 2.541451 -0.106537
v 1.684541 2.541535 -0.105416
v 1.676000 2.514848 -0.102527
v 1.684541 2.515098 -0.101431
v 1.676000 2.489141 -0.094598
v 1.684541 2.489551 -0.093551
v 1.676000 2.464902 -0.082925
v 1.684541 2.465464 -0.081951
v 1.676000 2.442674 -0.067770
v 1.684541 2.443375 -0.066891
v 1.676000 2.422953 -0.049471
v 1.684541 2.423777 -0.048707
v 1.676000 2.406179 -0.028438
v 1.684541 2.407108 -0.027805
v 1.676000 2.392728 -0.005139
v 1.684541 2.393741 -0.004652
v 1.676000 2.382899 0.019904
v 1.684541 2.383973 0.020235
v 1.709000 2.409907 0.097155
v 1.707876 2.401098 0.096142
v 1.709000 2.407902 0.072960
v 1.707876 2.399361 0.072960
v 1.707876 2.401098 0.049777
v 1.704579 2.391402 0.072960
v 1.704579 2.393228 0.048591
v 1.699335 2.384567 0.072960
v 1.699335 2.386470 0.047573
v 1.692500 2.379323 0.072960
v 1.692500 2.381284 0.046791
v 1.707876 2.406271 0.118806
v 1.709000 2.415867 0.120690
v 1.707876 2.414764 0.140446
v 1.709000 2.425619 0.142924
v 1.707876 2.426388 0.160579
v 1.709000 2.438898 0.163249
v 1.707876 2.440882 0.178754
v 1.709000 2.455342 0.181111
v 1.707876 2.457924 0.194566
v 1.709000 2.474501 0.196023
v 1.707876 2.477131 0.207662
v 1.709000 2.495853 0.207578
v 1.707876 2.498076 0.217749
v 1.709000 2.518816 0.215461
v 1.707876 2.520291 0.224601
v 1.709000 2.542763 0.219458
v 1.707876 2.543278 0.228066
v 1.709000 2.567041 0.219458
v 1.707876 2.566526 0.228066
v 1.707876 2.589513 0.224601
v 1.704579 2.591284 0.232360
v 1.704579 2.614635 0.225157
v 1.699335 2.617132 0.231520
v 1.699335 2.640069 0.220474
v 1.692500 2.642691 0.225015
v 1.692500 2.664374 0.210233
v 1.709000 2.590988 0.215461
v 1.707876 2.611727 0.217749
v 1.704579 2.636652 0.214555
v 1.699335 2.661104 0.206132
v 1.692500 2.683610 0.192384
v 1.709000 2.613951 0.207578
v 1.707876 2.632672 0.207662
v 1.704579 2.656843 0.200789
v 1.699335 2.679766 0.188817
v 1.692500 2.699972 0.171867
v 1.709000 2.635303 0.196023
v 1.707876 2.651880 0.194566
v 1.704579 2.674756 0.184168
v 1.699335 2.695639 0.168912
v 1.692500 2.713093 0.149140
v 1.709000 2.654462 0.181111
v 1.707876 2.668922 0.178754
v 1.704579 2.689992 0.165062
v 1.699335 2.708368 0.146865
v 1.692500 2.722680 0.124712
v 1.709000 2.670906 0.163249
v 1.707876 2.683416 0.160579
v 1.704579 2.702210 0.143900
v 1.699335 2.717669 0.123167
v 1.692500 2.728520 0.099128
v 1.709000 2.684185 0.142924
v 1.707876 2.695040 0.140446
v 1.704579 2.711138 0.121152
v 1.699335 2.723334 0.098347
v 1.692500 2.730481 0.072960
v 1.709000 2.693937 0.120690
v 1.707876 2.703533 0.118806
v 1.704579 2.716576 0.097328
v 1.699335 2.725236 0.072960
v 1.692500 2.728520 0.046791
v 1.709000 2.699897 0.097155
v 1.707876 2.708706 0.096142
v 1.704579 2.718402 0.072960
v 1.699335 2.723334 0.047573
v 1.692500 2.722680 0.021207
v 1.709000 2.701902 0.072960
v 1.707876 2.710443 0.072960
v 1.704579 2.716576 0.048591
v 1.699335 2.717669 0.022753
v 1.692500 2.713093 -0.003221
v 1.707876 2.708706 0.049777
v 1.709000 2.699897 0.048764
v 1.707876 2.703533 0.027113
v 1.709000 2.693937 0.025229
v 1.707876 2.695040 0.005473
v 1.709000 2.684185 0.002995
v 1.707876 2.683416 -0.014660
v 1.709000 2.670906 -0.017330
v 1.707876 2.668922 -0.032835
v 1.709000 2.654462 -0.035192
v 1.707876 2.651880 -0.048647
v 1.709000 2.635303 -0.050104
v 1.707876 2.632672 -0.061743
v 1.709000 2.613951 -0.061659
v 1.707876 2.611727 -0.071829
v 1.709000 2.590988 -0.069542
v 1.707876 2.589513 -0.078682
v 1.709000 2.567041 -0.073538
v 1.707876 2.566526 -0.082146
v 1.709000 2.542763 -0.073538
v 1.707876 2.543278 -0.082146
v 1.707876 2.520291 -0.078682
v 1.704579 2.518520 -0.086441
v 1.704579 2.495169 -0.079238
v 1.699335 2.492672 -0.085600
v 1.699335 2.469735 -0.074554
v 1.692500 2.467113 -0.079096
v 1.692500 2.445430 -0.064313
v 1.709000 2.518816 -0.069542
v 1.707876 2.498076 -0.071829
v 1.704579 2.473152 -0.068636
v 1.699335 2.448700 -0.060213
v 1.692500 2.426194 -0.046464
v 1.709000 2.495853 -0.061659
v 1.707876 2.477131 -0.061743
v 1.704579 2.452961 -0.054870
v 1.699335 2.430038 -0.042897
v 1.692500 2.409832 -0.025947
v 1.709000 2.474501 -0.050104
v 1.707876 2.457924 -0.048647
v 1.704579 2.435048 -0.038249
v 1.699335 2.414165 -0.022993
v 1.692500 2.396711 -0.003221
v 1.709000 2.455342 -0.035192
v 1.707876 2.440882 -0.032835
v 1.704579 2.419812 -0.019143
v 1.699335 2.401436 -0.000946
v 1.692500 2.387124 0.021207
v 1.709000 2.438898 -0.017330
v 1.707876 2.426388 -0.014660
v 1.704579 2.407594 0.002020
v 1.699335 2.392135 0.022753
v 1.709000 2.425619 0.002995
v 1.707876 2.414764 0.005473
v 1.704579 2.398666 0.024767
v 1.709000 2.415867 0.025229
v 1.707876 2.406271 0.027113
v 1.709000 2.409907 0.048764
v 1.704579 2.393228 0.097328
v 1.704579 2.398666 0.121152
v 1.704579 2.407594 0.143900
v 1.704579 2.419812 0.165062
v 1.704579 2.435048 0.184168
v 1.704579 2.452961 0.200789
v 1.704579 2.473152 0.214555
v 1.704579 2.495169 0.225157
v 1.704579 2.518520 0.232360
v 1.704579 2.542684 0.236002
v 1.704579 2.567120 0.236002
v 1.699335 2.386470 0.098347
v 1.699335 2.392135 0.123167
v 1.699335 2.401436 0.146865
v 1.699335 2.414165 0.168912
v 1.699335 2.430038 0.188817
v 1.699335 2.448700 0.206132
v 1.699335 2.469735 0.220474
v 1.699335 2.492672 0.231520
v 1.699335 2.516999 0.239023
v 1.699335 2.542173 0.242818
v 1.699335 2.567631 0.242818
v 1.699335 2.592805 0.239023
v 1.692500 2.381284 0.099128
v 1.692500 2.387124 0.124712
v 1.692500 2.396711 0.149140
v 1.692500 2.409832 0.171867
v 1.692500 2.426194 0.192384
v 1.692500 2.445430 0.210233
v 1.692500 2.467113 0.225015
v 1.692500 2.490756 0.236401
v 1.692500 2.515832 0.244136
v 1.692500 2.541781 0.248047
v 1.692500 2.568023 0.248047
v 1.692500 2.593972 0.244136
v 1.692500 2.619048 0.236401
v 1.692500 2.490756 -0.090482
v 1.692500 2.515832 -0.098217
v 1.692500 2.541781 -0.102128
v 1.692500 2.568023 -0.102128
v 1.692500 2.593972 -0.098217
v 1.692500 2.619048 -0.090482
v 1.692500 2.642691 -0.079096
v 1.692500 2.664374 -0.064313
v 1.692500 2.683610 -0.046464
v 1.692500 2.699972 -0.025947
v 1.699335 2.516999 -0.093104
v 1.704579 2.542684 -0.090083
v 1.699335 2.542173 -0.096899
v 1.699335 2.567631 -0.096899
v 1.699335 2.592805 -0.093104
v 1.699335 2.617132 -0.085600
v 1.699335 2.640069 -0.074554
v 1.699335 2.661104 -0.060213
v 1.699335 2.679766 -0.042897
v 1.699335 2.695639 -0.022993
v 1.699335 2.708368 -0.000946
v 1.704579 2.567120 -0.090083
v 1.704579 2.591284 -0.086441
v 1.704579 2.614635 -0.079238
v 1.704579 2.636652 -0.068636
v 1.704579 2.656843 -0.054870
v 1.704579 2.674756 -0.038249
v 1.704579 2.689992 -0.019143
v 1.704579 2.702210 0.002020
v 1.704579 2.711138 0.024767
v 1.609000 2.376912 0.046132
v 1.609000 2.374902 0.072960
v 1.609000 2.376912 0.099787
v 1.609000 2.382899 0.126016
v 1.609000 2.392728 0.151059
v 1.609000 2.406179 0.174357
v 1.609000 2.422953 0.195391
v 1.609000 2.442674 0.213689
v 1.609000 2.464902 0.228844
v 1.609000 2.489141 0.240517
v 1.609000 2.514848 0.248447
v 1.609000 2.541451 0.252456
v 1.609000 2.568353 0.252456
v 1.609000 2.594956 0.248447
v 1.609000 2.620663 0.240517
v 1.609000 2.644902 0.228844
v 1.609000 2.667130 0.213689
v 1.609000 2.686851 0.195391
v 1.609000 2.703625 0.174357
v 1.609000 2.717076 0.151059
v 1.609000 2.726905 0.126016
v 1.609000 2.732892 0.099787
v 1.609000 2.734902 0.072960
v 1.609000 2.732892 0.046132
v 1.609000 2.726905 0.019904
v 1.609000 2.717076 -0.005139
v 1.609000 2.703625 -0.028438
v 1.609000 2.686851 -0.049471
v 1.609000 2.667130 -0.067770
v 1.609000 2.644902 -0.082925
v 1.609000 2.620663 -0.094598
v 1.609000 2.594956 -0.102527
v 1.609000 2.568353 -0.106537
v 1.609000 2.541451 -0.106537
v 1.609000 2.514848 -0.102527
v 1.609000 2.489141 -0.094598
v 1.609000 2.464902 -0.082925
v 1.609000 2.442674 -0.067770
v 1.609000 2.422953 -0.049471
v 1.609000 2.406179 -0.028438
v 1.609000 2.392728 -0.005139
v 1.609000 2.382899 0.019904
f 3879 3880 3881
f 3881 3880 3882
f 3881 3882 3883
f 3883 3882 3884
f 3883 3884 3885
f 3885 3884 3886
f 3885 3886 3887
f 3887 3886 3888
f 3887 3888 3889
f 3889 3888 3890
f 3889 3890 3891
f 3891 3890 3892
f 3891 3892 3893
f 3893 3892 3894
f 3893 3894 3895
f 3895 3894 3896
f 3895 3896 3897
f 3897 3896 3898
f 3897 3898 3899
f 3899 3898 3900
f 3899 3900 3901
f 3901 3900 3902
f 3901 3902 3903
f 3903 3902 3904
f 3903 3904 3905
f 3905 3904 3906
f 3905 3906 3907
f 3907 3906 3908
f 3907 3908 3909
f 3909 3908 3910
f 3909 3910 3911
f 3911 3910 3912
f 3911 3912 3913
f 3913 3912 3914
f 3913 3914 3915
f 3915 3914 3916
f 3915 3916 3917
f 3917 3916 3918
f 3917 3918 3919
f 3919 3918 3920
f 3919 3920 3921
f 3921 3920 3922
f 3921 3922 3923
f 3923 3922 3924
f 3923 3924 3925
f 3925 3924 3926
f 3925 3926 3927
f 3927 3926 3928
f 3927 3928 3929
f 3929 3928 3930
f 3929 3930 3931
f 3931 3930 3932
f 3931 3932 3933
f 3933 3932 3934
f 3933 3934 3935
f 3935 3934 3936
f 3935 3936 3937
f 3937 3936 3938
f 3937 3938 3939
f 3939 3938 3940
f 3939 3940 3941
f 3941 3940 3942
f 3941 3942 3943
f 3943 3942 3944
f 3943 3944 3945
f 3945 3944 3946
f 3945 3946 3947
f 3947 3946 3948
f 3947 3948 3949
f 3949 3948 3950
f 3949 3950 3951
f 3951 3950 3952
f 3951 3952 3953
f 3953 3952 3954
f 3953 3954 3955
f 3955 3954 3956
f 3955 3956 3957
f 3957 3956 3958
f 3957 3958 3959
f 3959 3958 3960
f 3959 3960 3961
f 3961 3960 3962
f 3961 3962 3879
f 3879 3962 3880
f 3963 3964 3965
f 3965 3964 3966
f 3965 3966 3967
f 3967 3966 3968
f 3967 3968 3969
f 3969 3968 3970
f 3969 3970 3971
f 3971 3970 3972
f 3971 3972 3973
f 3973 3972 3882
f 3973 3882 3880
f 3964 3963 3974
f 3974 3963 3975
f 3974 3975 3976
f 3976 3975 3977
f 3976 3977 3978
f 3978 3977 3979
f 3978 3979 3980
f 3980 3979 3981
f 3980 3981 3982
f 3982 3981 3983
f 3982 3983 3984
f 3984 3983 3985
f 3984 3985 3986
f 3986 3985 3987
f 3986 3987 3988
f 3988 3987 3989
f 3988 3989 3990
f 3990 3989 3991
f 3990 3991 3992
f 3992 3991 3993
f 3992 3993 3994
f 3994 3993 3995
f 3994 3995 3996
f 3996 3995 3997
f 3996 3997 3998
f 3998 3997 3999
f 3998 3999 3912
f 3912 3999 3914
f 3991 4000 3993
f 3993 4000 4001
f 3993 4001 3995
f 3995 4001 4002
f 3995 4002 3997
f 3997 4002 4003
f 3997 4003 3999
f 3999 4003 4004
f 3999 4004 3914
f 3914 4004 3916
f 4000 4005 4001
f 4001 4005 4006
f 4001 4006 4002
f 4002 4006 4007
f 4002 4007 4003
f 4003 4007 4008
f 4003 4008 4004
f 4004 4008 4009
f 4004 4009 3916
f 3916 4009 3918
f 4005 4010 4006
f 4006 4010 4011
f 4006 4011 4007
f 4007 4011 4012
f 4007 4012 4008
f 4008 4012 4013
f 4008 4013 4009
f 4009 4013 4014
f 4009 4014 3918
f 3918 4014 3920
f 4010 4015 4011
f 4011 4015 4016
f 4011 4016 4012
f 4012 4016 4017
f 4012 4017 4013
f 4013 4017 4018
f 4013 4018 4014
f 4014 4018 4019
f 4014 4019 3920
f 3920 4019 3922
f 4015 4020 4016
f 4016 4020 4021
f 4016 4021 4017
f 4017 4021 4022
f 4017 4022 4018
f 4018 4022 4023
f 4018 4023 4019
f 4019 4023 4024
f 4019 4024 3922
f 3922 4024 3924
f 4020 4025 4021
f 4021 4025 4026
f 4021 4026 4022
f 4022 4026 4027
f 4022 4027 4023
f 4023 4027 4028
f 4023 4028 4024
f 4024 4028 4029
f 4024 4029 3924
f 3924 4029 3926
f 4025 4030 4026
f 4026 4030 4031
f 4026 4031 4027
f 4027 4031 4032
f 4027 4032 4028
f 4028 4032 4033
f 4028 4033 4029
f 4029 4033 4034
f 4029 4034 3926
f 3926 4034 3928
f 4030 4035 4031
f 4031 4035 4036
f 4031 4036 4032
f 4032 4036 4037
f 4032 4037 4033
f 4033 4037 4038
f 4033 4038 4034
f 4034 4038 4039
f 4034 4039 3928
f 3928 4039 3930
f 4035 4040 4036
f 4036 4040 4041
f 4036 4041 4037
f 4037 4041 4042
f 4037 4042 4038
f 4038 4042 4043
f 4038 4043 4039
f 4039 4043 4044
f 4039 4044 3930
f 3930 4044 3932
f 4041 4040 4045
f 4045 4040 4046
f 4045 4046 4047
f 4047 4046 4048
f 4047 4048 4049
f 4049 4048 4050
f 4049 4050 4051
f 4051 4050 4052
f 4051 4052 4053
f 4053 4052 4054
f 4053 4054 4055
f 4055 4054 4056
f 4055 4056 4057
f 4057 4056 4058
f 4057 4058 4059
f 4059 4058 4060
f 4059 4060 4061
f 4061 4060 4062
f 4061 4062 4063
f 4063 4062 4064
f 4063 4064 4065
f 4065 4064 4066
f 4065 4066 4067
f 4067 4066 4068
f 4067 4068 4069
f 4069 4068 4070
f 4069 4070 4071
f 4071 4070 4072
f 4071 4072 3954
f 3954 4072 3956
f 4064 4073 4066
f 4066 4073 4074
f 4066 4074 4068
f 4068 4074 4075
f 4068 4075 4070
f 4070 4075 4076
f 4070 4076 4072
f 4072 4076 4077
f 4072 4077 3956
f 3956 4077 3958
f 4073 4078 4074
f 4074 4078 4079
f 4074 4079 4075
f 4075 4079 4080
f 4075 4080 4076
f 4076 4080 4081
f 4076 4081 4077
f 4077 4081 4082
f 4077 4082 3958
f 3958 4082 3960
f 4078 4083 4079
f 4079 4083 4084
f 4079 4084 4080
f 4080 4084 4085
f 4080 4085 4081
f 4081 4085 4086
f 4081 4086 4082
f 4082 4086 4087
f 4082 4087 3960
f 3960 4087 3962
f 4083 4088 4084
f 4084 4088 4089
f 4084 4089 4085
f 4085 4089 4090
f 4085 4090 4086
f 4086 4090 4091
f 4086 4091 4087
f 4087 4091 4092
f 4087 4092 3962
f 3962 4092 3880
f 4088 4093 4089
f 4089 4093 4094
f 4089 4094 4090
f 4090 4094 4095
f 4090 4095 4091
f 4091 4095 4096
f 4091 4096 4092
f 4092 4096 3973
f 4092 3973 3880
f 4093 4097 4094
f 4094 4097 4098
f 4094 4098 4095
f 4095 4098 4099
f 4095 4099 4096
f 4096 4099 3971
f 4096 3971 3973
f 4097 4100 4098
f 4098 4100 4101
f 4098 4101 4099
f 4099 4101 3969
f 4099 3969 3971
f 4100 4102 4101
f 4101 4102 3967
f 4101 3967 3969
f 4102 3965 3967
f 4042 4041 4045
f 3968 3966 4103
f 4103 3966 3964
f 4103 3964 4104
f 4104 3964 3974
f 4104 3974 4105
f 4105 3974 3976
f 4105 3976 4106
f 4106 3976 3978
f 4106 3978 4107
f 4107 3978 3980
f 4107 3980 4108
f 4108 3980 3982
f 4108 3982 4109
f 4109 3982 3984
f 4109 3984 4110
f 4110 3984 3986
f 4110 3986 4111
f 4111 3986 3988
f 4111 3988 4112
f 4112 3988 3990
f 4112 3990 4113
f 4113 3990 3992
f 4113 3992 3994
f 3970 3968 4114
f 4114 3968 4103
f 4114 4103 4115
f 4115 4103 4104
f 4115 4104 4116
f 4116 4104 4105
f 4116 4105 4117
f 4117 4105 4106
f 4117 4106 4118
f 4118 4106 4107
f 4118 4107 4119
f 4119 4107 4108
f 4119 4108 4120
f 4120 4108 4109
f 4120 4109 4121
f 4121 4109 4110
f 4121 4110 4122
f 4122 4110 4111
f 4122 4111 4123
f 4123 4111 4112
f 4123 4112 4124
f 4124 4112 4113
f 4124 4113 4125
f 4125 4113 3994
f 4125 3994 3996
f 3884 3882 3972
f 3972 3970 4126
f 4126 3970 4114
f 4126 4114 4127
f 4127 4114 4115
f 4127 4115 4128
f 4128 4115 4116
f 4128 4116 4129
f 4129 4116 4117
f 4129 4117 4130
f 4130 4117 4118
f 4130 4118 4131
f 4131 4118 4119
f 4131 4119 4132
f 4132 4119 4120
f 4132 4120 4133
f 4133 4120 4121
f 4133 4121 4134
f 4134 4121 4122
f 4134 4122 4135
f 4135 4122 4123
f 4135 4123 4136
f 4136 4123 4124
f 4136 4124 4137
f 4137 4124 4125
f 4137 4125 4138
f 4138 4125 3996
f 4138 3996 3998
f 4071 3954 3952
f 4071 3952 4139
f 4139 3952 3950
f 4139 3950 4140
f 4140 3950 3948
f 4140 3948 4141
f 4141 3948 3946
f 4141 3946 4142
f 4142 3946 3944
f 4142 3944 4143
f 4143 3944 3942
f 4143 3942 4144
f 4144 3942 3940
f 4144 3940 4145
f 4145 3940 3938
f 4145 3938 4146
f 4146 3938 3936
f 4146 3936 4147
f 4147 3936 3934
f 4147 3934 4148
f 4148 3934 3932
f 4148 3932 4044
f 4071 4139 4069
f 4069 4139 4149
f 4069 4149 4067
f 4067 4149 4150
f 4067 4150 4065
f 4065 4150 4063
f 4149 4139 4140
f 4149 4140 4151
f 4151 4140 4141
f 4151 4141 4152
f 4152 4141 4142
f 4152 4142 4153
f 4153 4142 4143
f 4153 4143 4154
f 4154 4143 4144
f 4154 4144 4155
f 4155 4144 4145
f 4155 4145 4156
f 4156 4145 4146
f 4156 4146 4157
f 4157 4146 4147
f 4157 4147 4158
f 4158 4147 4148
f 4158 4148 4159
f 4159 4148 4044
f 4159 4044 4043
f 4149 4151 4150
f 4150 4151 4160
f 4150 4160 4063
f 4063 4160 4061
f 4160 4151 4152
f 4160 4152 4161
f 4161 4152 4153
f 4161 4153 4162
f 4162 4153 4154
f 4162 4154 4163
f 4163 4154 4155
f 4163 4155 4164
f 4164 4155 4156
f 4164 4156 4165
f 4165 4156 4157
f 4165 4157 4166
f 4166 4157 4158
f 4166 4158 4167
f 4167 4158 4159
f 4167 4159 4168
f 4168 4159 4043
f 4168 4043 4042
f 4059 4061 4161
f 4161 4061 4160
f 4059 4161 4162
f 4057 4059 4162
f 4057 4162 4163
f 4055 4057 4163
f 4055 4163 4164
f 4053 4055 4164
f 4053 4164 4165
f 4051 4053 4165
f 4051 4165 4166
f 4049 4051 4166
f 4049 4166 4167
f 4047 4049 4167
f 4047 4167 4168
f 4045 4047 4168
f 4045 4168 4042
f 3998 3912 3910
f 4138 3998 3910
f 4138 3910 3908
f 4137 4138 3908
f 4137 3908 3906
f 4136 4137 3906
f 4136 3906 3904
f 4135 4136 3904
f 4135 3904 3902
f 4134 4135 3902
f 4134 3902 3900
f 4133 4134 3900
f 4133 3900 3898
f 4132 4133 3898
f 4132 3898 3896
f 4131 4132 3896
f 4131 3896 3894
f 4130 4131 3894
f 4130 3894 3892
f 4129 4130 3892
f 4129 3892 3890
f 4128 4129 3890
f 4128 3890 3888
f 4127 4128 3888
f 4127 3888 3886
f 4126 4127 3886
f 4126 3886 3884
f 3972 4126 3884
f 4169 3879 4170
f 4170 3879 3881
f 4170 3881 4171
f 4171 3881 3883
f 4171 3883 4172
f 4172 3883 3885
f 4172 3885 4173
f 4173 3885 3887
f 4173 3887 4174
f 4174 3887 3889
f 4174 3889 4175
f 4175 3889 3891
f 4175 3891 4176
f 4176 3891 3893
f 4176 3893 4177
f 4177 3893 3895
f 4177 3895 4178
f 4178 3895 3897
f 4178 3897 4179
f 4179 3897 3899
f 4179 3899 4180
f 4180 3899 3901
f 4180 3901 4181
f 4181 3901 3903
f 4181 3903 4182
f 4182 3903 3905
f 4182 3905 4183
f 4183 3905 3907
f 4183 3907 4184
f 4184 3907 3909
f 4184 3909 4185
f 4185 3909 3911
f 4185 3911 4186
f 4186 3911 3913
f 4186 3913 4187
f 4187 3913 3915
f 4187 3915 4188
f 4188 3915 3917
f 4188 3917 4189
f 4189 3917 3919
f 4189 3919 4190
f 4190 3919 3921
f 4190 3921 4191
f 4191 3921 3923
f 4191 3923 4192
f 4192 3923 3925
f 4192 3925 4193
f 4193 3925 3927
f 4193 3927 4194
f 4194 3927 3929
f 4194 3929 4195
f 4195 3929 3931
f 4195 3931 4196
f 4196 3931 3933
f 4196 3933 4197
f 4197 3933 3935
f 4197 3935 4198
f 4198 3935 3937
f 4198 3937 4199
f 4199 3937 3939
f 4199 3939 4200
f 4200 3939 3941
f 4200 3941 4201
f 4201 3941 3943
f 4201 3943 4202
f 4202 3943 3945
f 4202 3945 4203
f 4203 3945 3947
f 4203 3947 4204
f 4204 3947 3949
f 4204 3949 4205
f 4205 3949 3951
f 4205 3951 4206
f 4206 3951 3953
f 4206 3953 4207
f 4207 3953 3955
f 4207 3955 4208
f 4208 3955 3957
f 4208 3957 4209
f 4209 3957 3959
f 4209 3959 4210
f 4210 3959 3961
f 4210 3961 4169
f 4169 3961 3879
f 4102 4046 3965
f 3965 4046 4040
f 3965 4040 3963
f 3963 4040 4035
f 3963 4035 3975
f 3975 4035 4030
f 3975 4030 3977
f 3977 4030 4025
f 3977 4025 3979
f 3979 4025 4020
f 3979 4020 3981
f 3981 4020 4015
f 3981 4015 3983
f 3983 4015 4010
f 3983 4010 3985
f 3985 4010 4005
f 3985 4005 3987
f 3987 4005 4000
f 3987 4000 3989
f 3989 4000 3991
f 4046 4102 4048
f 4048 4102 4100
f 4048 4100 4050
f 4050 4100 4097
f 4050 4097 4052
f 4052 4097 4093
f 4052 4093 4054
f 4054 4093 4088
f 4054 4088 4056
f 4056 4088 4083
f 4056 4083 4058
f 4058 4083 4078
f 4058 4078 4060
f 4060 4078 4073
f 4060 4073 4062
f 4062 4073 4064
f 4171 4190 4170
f 4170 4190 4191
f 4170 4191 4169
f 4169 4191 4192
f 4169 4192 4210
f 4210 4192 4193
f 4210 4193 4209
f 4209 4193 4194
f 4209 4194 4208
f 4208 4194 4195
f 4208 4195 4207
f 4207 4195 4196
f 4207 4196 4206
f 4206 4196 4197
f 4206 4197 4205
f 4205 4197 4198
f 4205 4198 4204
f 4204 4198 4199
f 4204 4199 4203
f 4203 4199 4200
f 4203 4200 4202
f 4202 4200 4201
f 4190 4171 4189
f 4189 4171 4172
f 4189 4172 4188
f 4188 4172 4173
f 4188 4173 4187
f 4187 4173 4174
f 4187 4174 4186
f 4186 4174 4175
f 4186 4175 4185
f 4185 4175 4176
f 4185 4176 4184
f 4184 4176 4177
f 4184 4177 4183
f 4183 4177 4178
f 4183 4178 4182
f 4182 4178 4179
f 4182 4179 4181
f 4181 4179 4180
g Body5

v 1.676000 2.366912 1.616132
v 1.684541 2.368024 1.616300
v 1.676000 2.364902 1.642960
v 1.684541 2.366026 1.642960
v 1.676000 2.366912 1.669787
v 1.684541 2.368024 1.669620
v 1.676000 2.372899 1.696016
v 1.684541 2.373973 1.695684
v 1.676000 2.382728 1.721059
v 1.684541 2.383741 1.720571
v 1.676000 2.396179 1.744357
v 1.684541 2.397108 1.743724
v 1.676000 2.412953 1.765391
v 1.684541 2.413777 1.764626
v 1.676000 2.432674 1.783689
v 1.684541 2.433375 1.782810
v 1.676000 2.454902 1.798844
v 1.684541 2.455464 1.797870
v 1.676000 2.479141 1.810517
v 1.684541 2.479551 1.809470
v 1.676000 2.504848 1.818447
v 1.684541 2.505098 1.817350
v 1.676000 2.531451 1.822456
v 1.684541 2.531535 1.821335
v 1.676000 2.558353 1.822456
v 1.684541 2.558269 1.821335
v 1.676000 2.584956 1.818447
v 1.684541 2.584706 1.817350
v 1.676000 2.610663 1.810517
v 1.684541 2.610253 1.809470
v 1.676000 2.634902 1.798844
v 1.684541 2.634340 1.797870
v 1.676000 2.657130 1.783689
v 1.684541 2.656429 1.782810
v 1.676000 2.676851 1.765391
v 1.684541 2.676027 1.764626
v 1.676000 2.693625 1.744357
v 1.684541 2.692696 1.743724
v 1.676000 2.707076 1.721059
v 1.684541 2.706063 1.720571
v 1.676000 2.716905 1.696016
v 1.684541 2.715831 1.695684
v 1.676000 2.722892 1.669787
v 1.684541 2.721780 1.669620
v 1.676000 2.724902 1.642960
v 1.684541 2.723778 1.642960
v 1.676000 2.722892 1.616132
v 1.684541 2.721780 1.616300
v 1.676000 2.716905 1.589904
v 1.684541 2.715831 1.590235
v 1.676000 2.707076 1.564860
v 1.684541 2.706063 1.565348
v 1.676000 2.693625 1.541562
v 1.684541 2.692696 1.542195
v 1.676000 2.676851 1.520528
v 1.684541 2.676027 1.521293
v 1.676000 2.657130 1.502230
v 1.684541 2.656429 1.503109
v 1.676000 2.634902 1.487075
v 1.684541 2.634340 1.488049
v 1.676000 2.610663 1.475402
v 1.684541 2.610253 1.476449
v 1.676000 2.584956 1.467473
v 1.684541 2.584706 1.468569
v 1.676000 2.558353 1.463463
v 1.684541 2.558269 1.464584
v 1.676000 2.531451 1.463463
v 1.684541 2.531535 1.464584
v 1.676000 2.504848 1.467473
v 1.684541 2.505098 1.468569
v 1.676000 2.479141 1.475402
v 1.684541 2.479551 1.476449
v 1.676000 2.454902 1.487075
v 1.684541 2.455464 1.488049
v 1.676000 2.432674 1.502230
v 1.684541 2.433375 1.503109
v 1.676000 2.412953 1.520528
v 1.684541 2.413777 1.521293
v 1.676000 2.396179 1.541562
v 1.684541 2.397108 1.542195
v 1.676000 2.382728 1.564860
v 1.684541 2.383741 1.565348
v 1.676000 2.372899 1.589904
v 1.684541 2.373973 1.590235
v 1.709000 2.399907 1.667155
v 1.707876 2.391098 1.666142
v 1.709000 2.397902 1.642960
v 1.707876 2.389361 1.642960
v 1.707876 2.391098 1.619777
v 1.704579 2.381402 1.642960
v 1.704579 2.383228 1.618591
v 1.699335 2.374567 1.642960
v 1.699335 2.376470 1.617573
v 1.692500 2.369323 1.642960
v 1.692500 2.371284 1.616791
v 1.707876 2.396271 1.688806
v 1.709000 2.405867 1.690690
v 1.707876 2.404764 1.710446
v 1.709000 2.415619 1.712924
v 1.707876 2.416388 1.730579
v 1.709000 2.428898 1.733249
v 1.707876 2.430882 1.748754
v 1.709000 2.445342 1.751111
v 1.707876 2.447924 1.764566
v 1.709000 2.464501 1.766023
v 1.707876 2.467131 1.777662
v 1.709000 2.485853 1.777578
v 1.707876 2.488076 1.787749
v 1.709000 2.508816 1.785461
v 1.707876 2.510291 1.794601
v 1.709000 2.532763 1.789457
v 1.707876 2.533278 1.798066
v 1.709000 2.557041 1.789457
v 1.707876 2.556526 1.798066
v 1.707876 2.579513 1.794601
v 1.704579 2.581284 1.802360
v 1.704579 2.604635 1.795157
v 1.699335 2.607132 1.801520
v 1.699335 2.630069 1.790474
v 1.692500 2.632691 1.795015
v 1.692500 2.654374 1.780233
v 1.709000 2.580988 1.785461
v 1.707876 2.601727 1.787749
v 1.704579 2.626652 1.784555
v 1.699335 2.651104 1.776132
v 1.692500 2.673610 1.762384
v 1.709000 2.603951 1.777578
v 1.707876 2.622672 1.777662
v 1.704579 2.646843 1.770789
v 1.699335 2.669766 1.758816
v 1.692500 2.689972 1.741867
v 1.709000 2.625303 1.766023
v 1.707876 2.641880 1.764566
v 1.704579 2.664756 1.754168
v 1.699335 2.685639 1.738912
v 1.692500 2.703093 1.719140
v 1.709000 2.644462 1.751111
v 1.707876 2.658922 1.748754
v 1.704579 2.679992 1.735062
v 1.699335 2.698368 1.716865
v 1.692500 2.712680 1.694712
v 1.709000 2.660906 1.733249
v 1.707876 2.673416 1.730579
v 1.704579 2.692210 1.713900
v 1.699335 2.707669 1.693167
v 1.692500 2.718520 1.669128
v 1.709000 2.674185 1.712924
v 1.707876 2.685040 1.710446
v 1.704579 2.701138 1.691152
v 1.699335 2.713334 1.668347
v 1.692500 2.720481 1.642960
v 1.709000 2.683937 1.690690
v 1.707876 2.693533 1.688806
v 1.704579 2.706576 1.667328
v 1.699335 2.715236 1.642960
v 1.692500 2.718520 1.616791
v 1.709000 2.689897 1.667155
v 1.707876 2.698706 1.666142
v 1.704579 2.708402 1.642960
v 1.699335 2.713334 1.617573
v 1.692500 2.712680 1.591207
v 1.709000 2.691902 1.642960
v 1.707876 2.700443 1.642960
v 1.704579 2.706576 1.618591
v 1.699335 2.707669 1.592753
v 1.692500 2.703093 1.566779
v 1.707876 2.698706 1.619777
v 1.709000 2.689897 1.618764
v 1.707876 2.693533 1.597113
v 1.709000 2.683937 1.595229
v 1.707876 2.685040 1.575473
v 1.709000 2.674185 1.572995
v 1.707876 2.673416 1.555340
v 1.709000 2.660906 1.552670
v 1.707876 2.658922 1.537165
v 1.709000 2.644462 1.534808
v 1.707876 2.641880 1.521353
v 1.709000 2.625303 1.519896
v 1.707876 2.622672 1.508257
v 1.709000 2.603951 1.508341
v 1.707876 2.601727 1.498171
v 1.709000 2.580988 1.500458
v 1.707876 2.579513 1.491318
v 1.709000 2.557041 1.496462
v 1.707876 2.556526 1.487853
v 1.709000 2.532763 1.496462
v 1.707876 2.533278 1.487853
v 1.707876 2.510291 1.491318
v 1.704579 2.508520 1.483559
v 1.704579 2.485169 1.490762
v 1.699335 2.482672 1.484400
v 1.699335 2.459735 1.495446
v 1.692500 2.457113 1.490904
v 1.692500 2.435430 1.505687
v 1.709000 2.508816 1.500458
v 1.707876 2.488076 1.498171
v 1.704579 2.463152 1.501364
v 1.699335 2.438700 1.509787
v 1.692500 2.416194 1.523536
v 1.709000 2.485853 1.508341
v 1.707876 2.467131 1.508257
v 1.704579 2.442961 1.515130
v 1.699335 2.420038 1.527103
v 1.692500 2.399832 1.544052
v 1.709000 2.464501 1.519896
v 1.707876 2.447924 1.521353
v 1.704579 2.425048 1.531751
v 1.699335 2.404165 1.547007
v 1.692500 2.386711 1.566779
v 1.709000 2.445342 1.534808
v 1.707876 2.430882 1.537165
v 1.704579 2.409812 1.550857
v 1.699335 2.391436 1.569054
v 1.692500 2.377124 1.591207
v 1.709000 2.428898 1.552670
v 1.707876 2.416388 1.555340
v 1.704579 2.397594 1.572020
v 1.699335 2.382135 1.592753
v 1.709000 2.415619 1.572995
v 1.707876 2.404764 1.575473
v 1.704579 2.388666 1.594767
v 1.709000 2.405867 1.595229
v 1.707876 2.396271 1.597113
v 1.709000 2.399907 1.618764
v 1.704579 2.383228 1.667328
v 1.704579 2.388666 1.691152
v 1.704579 2.397594 1.713900
v 1.704579 2.409812 1.735062
v 1.704579 2.425048 1.754168
v 1.704579 2.442961 1.770789
v 1.704579 2.463152 1.784555
v 1.704579 2.485169 1.795157
v 1.704579 2.508520 1.802360
v 1.704579 2.532684 1.806002
v 1.704579 2.557120 1.806002
v 1.699335 2.376470 1.668347
v 1.699335 2.382135 1.693167
v 1.699335 2.391436 1.716865
v 1.699335 2.404165 1.738912
v 1.699335 2.420038 1.758816
v 1.699335 2.438700 1.776132
v 1.699335 2.459735 1.790474
v 1.699335 2.482672 1.801520
v 1.699335 2.506999 1.809023
v 1.699335 2.532173 1.812818
v 1.699335 2.557631 1.812818
v 1.699335 2.582805 1.809023
v 1.692500 2.371284 1.669128
v 1.692500 2.377124 1.694712
v 1.692500 2.386711 1.719140
v 1.692500 2.399832 1.741867
v 1.692500 2.416194 1.762384
v 1.692500 2.435430 1.780233
v 1.692500 2.457113 1.795015
v 1.692500 2.480756 1.806401
v 1.692500 2.505832 1.814136
v 1.692500 2.531781 1.818047
v 1.692500 2.558023 1.818047
v 1.692500 2.583972 1.814136
v 1.692500 2.609048 1.806401
v 1.692500 2.480756 1.479518
v 1.692500 2.505832 1.471783
v 1.692500 2.531781 1.467872
v 1.692500 2.558023 1.467872
v 1.692500 2.583972 1.471783
v 1.692500 2.609048 1.479518
v 1.692500 2.632691 1.490904
v 1.692500 2.654374 1.505687
v 1.692500 2.673610 1.523536
v 1.692500 2.689972 1.544052
v 1.699335 2.506999 1.476896
v 1.704579 2.532684 1.479917
v 1.699335 2.532173 1.473101
v 1.699335 2.557631 1.473101
v 1.699335 2.582805 1.476896
v 1.699335 2.607132 1.484400
v 1.699335 2.630069 1.495446
v 1.699335 2.651104 1.509787
v 1.699335 2.669766 1.527103
v 1.699335 2.685639 1.547007
v 1.699335 2.698368 1.569054
v 1.704579 2.557120 1.479917
v 1.704579 2.581284 1.483559
v 1.704579 2.604635 1.490762
v 1.704579 2.626652 1.501364
v 1.704579 2.646843 1.515130
v 1.704579 2.664756 1.531751
v 1.704579 2.679992 1.550857
v 1.704579 2.692210 1.572020
v 1.704579 2.701138 1.594767
v 1.609000 2.366912 1.616132
v 1.609000 2.364902 1.642960
v 1.609000 2.366912 1.669787
v 1.609000 2.372899 1.696016
v 1.609000 2.382728 1.721059
v 1.609000 2.396179 1.744357
v 1.609000 2.412953 1.765391
v 1.609000 2.432674 1.783689
v 1.609000 2.454902 1.798844
v 1.609000 2.479141 1.810517
v 1.609000 2.504848 1.818447
v 1.609000 2.531451 1.822456
v 1.609000 2.558353 1.822456
v 1.609000 2.584956 1.818447
v 1.609000 2.610663 1.810517
v 1.609000 2.634902 1.798844
v 1.609000 2.657130 1.783689
v 1.609000 2.676851 1.765391
v 1.609000 2.693625 1.744357
v 1.609000 2.707076 1.721059
v 1.609000 2.716905 1.696016
v 1.609000 2.722892 1.669787
v 1.609000 2.724902 1.642960
v 1.609000 2.722892 1.616132
v 1.609000 2.716905 1.589904
v 1.609000 2.707076 1.564860
v 1.609000 2.693625 1.541562
v 1.609000 2.676851 1.520528
v 1.609000 2.657130 1.502230
v 1.609000 2.634902 1.487075
v 1.609000 2.610663 1.475402
v 1.609000 2.584956 1.467473
v 1.609000 2.558353 1.463463
v 1.609000 2.531451 1.463463
v 1.609000 2.504848 1.467473
v 1.609000 2.479141 1.475402
v 1.609000 2.454902 1.487075
v 1.609000 2.432674 1.502230
v 1.609000 2.412953 1.520528
v 1.609000 2.396179 1.541562
v 1.609000 2.382728 1.564860
v 1.609000 2.372899 1.589904
f 4211 4212 4213
f 4213 4212 4214
f 4213 4214 4215
f 4215 4214 4216
f 4215 4216 4217
f 4217 4216 4218
f 4217 4218 4219
f 4219 4218 4220
f 4219 4220 4221
f 4221 4220 4222
f 4221 4222 4223
f 4223 4222 4224
f 4223 4224 4225
f 4225 4224 4226
f 4225 4226 4227
f 4227 4226 4228
f 4227 4228 4229
f 4229 4228 4230
f 4229 4230 4231
f 4231 4230 4232
f 4231 4232 4233
f 4233 4232 4234
f 4233 4234 4235
f 4235 4234 4236
f 4235 4236 4237
f 4237 4236 4238
f 4237 4238 4239
f 4239 4238 4240
f 4239 4240 4241
f 4241 4240 4242
f 4241 4242 4243
f 4243 4242 4244
f 4243 4244 4245
f 4245 4244 4246
f 4245 4246 4247
f 4247 4246 4248
f 4247 4248 4249
f 4249 4248 4250
f 4249 4250 4251
f 4251 4250 4252
f 4251 4252 4253
f 4253 4252 4254
f 4253 4254 4255
f 4255 4254 4256
f 4255 4256 4257
f 4257 4256 4258
f 4257 4258 4259
f 4259 4258 4260
f 4259 4260 4261
f 4261 4260 4262
f 4261 4262 4263
f 4263 4262 4264
f 4263 4264 4265
f 4265 4264 4266
f 4265 4266 4267
f 4267 4266 4268
f 4267 4268 4269
f 4269 4268 4270
f 4269 4270 4271
f 4271 4270 4272
f 4271 4272 4273
f 4273 4272 4274
f 4273 4274 4275
f 4275 4274 4276
f 4275 4276 4277
f 4277 4276 4278
f 4277 4278 4279
f 4279 4278 4280
f 4279 4280 4281
f 4281 4280 4282
f 4281 4282 4283
f 4283 4282 4284
f 4283 4284 4285
f 4285 4284 4286
f 4285 4286 4287
f 4287 4286 4288
f 4287 4288 4289
f 4289 4288 4290
f 4289 4290 4291
f 4291 4290 4292
f 4291 4292 4293
f 4293 4292 4294
f 4293 4294 4211
f 4211 4294 4212
f 4295 4296 4297
f 4297 4296 4298
f 4297 4298 4299
f 4299 4298 4300
f 4299 4300 4301
f 4301 4300 4302
f 4301 4302 4303
f 4303 4302 4304
f 4303 4304 4305
f 4305 4304 4214
f 4305 4214 4212
f 4296 4295 4306
f 4306 4295 4307
f 4306 4307 4308
f 4308 4307 4309
f 4308 4309 4310
f 4310 4309 4311
f 4310 4311 4312
f 4312 4311 4313
f 4312 4313 4314
f 4314 4313 4315
f 4314 4315 4316
f 4316 4315 4317
f 4316 4317 4318
f 4318 4317 4319
f 4318 4319 4320
f 4320 4319 4321
f 4320 4321 4322
f 4322 4321 4323
f 4322 4323 4324
f 4324 4323 4325
f 4324 4325 4326
f 4326 4325 4327
f 4326 4327 4328
f 4328 4327 4329
f 4328 4329 4330
f 4330 4329 4331
f 4330 4331 4244
f 4244 4331 4246
f 4323 4332 4325
f 4325 4332 4333
f 4325 4333 4327
f 4327 4333 4334
f 4327 4334 4329
f 4329 4334 4335
f 4329 4335 4331
f 4331 4335 4336
f 4331 4336 4246
f 4246 4336 4248
f 4332 4337 4333
f 4333 4337 4338
f 4333 4338 4334
f 4334 4338 4339
f 4334 4339 4335
f 4335 4339 4340
f 4335 4340 4336
f 4336 4340 4341
f 4336 4341 4248
f 4248 4341 4250
f 4337 4342 4338
f 4338 4342 4343
f 4338 4343 4339
f 4339 4343 4344
f 4339 4344 4340
f 4340 4344 4345
f 4340 4345 4341
f 4341 4345 4346
f 4341 4346 4250
f 4250 4346 4252
f 4342 4347 4343
f 4343 4347 4348
f 4343 4348 4344
f 4344 4348 4349
f 4344 4349 4345
f 4345 4349 4350
f 4345 4350 4346
f 4346 4350 4351
f 4346 4351 4252
f 4252 4351 4254
f 4347 4352 4348
f 4348 4352 4353
f 4348 4353 4349
f 4349 4353 4354
f 4349 4354 4350
f 4350 4354 4355
f 4350 4355 4351
f 4351 4355 4356
f 4351 4356 4254
f 4254 4356 4256
f 4352 4357 4353
f 4353 4357 4358
f 4353 4358 4354
f 4354 4358 4359
f 4354 4359 4355
f 4355 4359 4360
f 4355 4360 4356
f 4356 4360 4361
f 4356 4361 4256
f 4256 4361 4258
f 4357 4362 4358
f 4358 4362 4363
f 4358 4363 4359
f 4359 4363 4364
f 4359 4364 4360
f 4360 4364 4365
f 4360 4365 4361
f 4361 4365 4366
f 4361 4366 4258
f 4258 4366 4260
f 4362 4367 4363
f 4363 4367 4368
f 4363 4368 4364
f 4364 4368 4369
f 4364 4369 4365
f 4365 4369 4370
f 4365 4370 4366
f 4366 4370 4371
f 4366 4371 4260
f 4260 4371 4262
f 4367 4372 4368
f 4368 4372 4373
f 4368 4373 4369
f 4369 4373 4374
f 4369 4374 4370
f 4370 4374 4375
f 4370 4375 4371
f 4371 4375 4376
f 4371 4376 4262
f 4262 4376 4264
f 4373 4372 4377
f 4377 4372 4378
f 4377 4378 4379
f 4379 4378 4380
f 4379 4380 4381
f 4381 4380 4382
f 4381 4382 4383
f 4383 4382 4384
f 4383 4384 4385
f 4385 4384 4386
f 4385 4386 4387
f 4387 4386 4388
f 4387 4388 4389
f 4389 4388 4390
f 4389 4390 4391
f 4391 4390 4392
f 4391 4392 4393
f 4393 4392 4394
f 4393 4394 4395
f 4395 4394 4396
f 4395 4396 4397
f 4397 4396 4398
f 4397 4398 4399
f 4399 4398 4400
f 4399 4400 4401
f 4401 4400 4402
f 4401 4402 4403
f 4403 4402 4404
f 4403 4404 4286
f 4286 4404 4288
f 4396 4405 4398
f 4398 4405 4406
f 4398 4406 4400
f 4400 4406 4407
f 4400 4407 4402
f 4402 4407 4408
f 4402 4408 4404
f 4404 4408 4409
f 4404 4409 4288
f 4288 4409 4290
f 4405 4410 4406
f 4406 4410 4411
f 4406 4411 4407
f 4407 4411 4412
f 4407 4412 4408
f 4408 4412 4413
f 4408 4413 4409
f 4409 4413 4414
f 4409 4414 4290
f 4290 4414 4292
f 4410 4415 4411
f 4411 4415 4416
f 4411 4416 4412
f 4412 4416 4417
f 4412 4417 4413
f 4413 4417 4418
f 4413 4418 4414
f 4414 4418 4419
f 4414 4419 4292
f 4292 4419 4294
f 4415 4420 4416
f 4416 4420 4421
f 4416 4421 4417
f 4417 4421 4422
f 4417 4422 4418
f 4418 4422 4423
f 4418 4423 4419
f 4419 4423 4424
f 4419 4424 4294
f 4294 4424 4212
f 4420 4425 4421
f 4421 4425 4426
f 4421 4426 4422
f 4422 4426 4427
f 4422 4427 4423
f 4423 4427 4428
f 4423 4428 4424
f 4424 4428 4305
f 4424 4305 4212
f 4425 4429 4426
f 4426 4429 4430
f 4426 4430 4427
f 4427 4430 4431
f 4427 4431 4428
f 4428 4431 4303
f 4428 4303 4305
f 4429 4432 4430
f 4430 4432 4433
f 4430 4433 4431
f 4431 4433 4301
f 4431 4301 4303
f 4432 4434 4433
f 4433 4434 4299
f 4433 4299 4301
f 4434 4297 4299
f 4374 4373 4377
f 4300 4298 4435
f 4435 4298 4296
f 4435 4296 4436
f 4436 4296 4306
f 4436 4306 4437
f 4437 4306 4308
f 4437 4308 4438
f 4438 4308 4310
f 4438 4310 4439
f 4439 4310 4312
f 4439 4312 4440
f 4440 4312 4314
f 4440 4314 4441
f 4441 4314 4316
f 4441 4316 4442
f 4442 4316 4318
f 4442 4318 4443
f 4443 4318 4320
f 4443 4320 4444
f 4444 4320 4322
f 4444 4322 4445
f 4445 4322 4324
f 4445 4324 4326
f 4302 4300 4446
f 4446 4300 4435
f 4446 4435 4447
f 4447 4435 4436
f 4447 4436 4448
f 4448 4436 4437
f 4448 4437 4449
f 4449 4437 4438
f 4449 4438 4450
f 4450 4438 4439
f 4450 4439 4451
f 4451 4439 4440
f 4451 4440 4452
f 4452 4440 4441
f 4452 4441 4453
f 4453 4441 4442
f 4453 4442 4454
f 4454 4442 4443
f 4454 4443 4455
f 4455 4443 4444
f 4455 4444 4456
f 4456 4444 4445
f 4456 4445 4457
f 4457 4445 4326
f 4457 4326 4328
f 4216 4214 4304
f 4304 4302 4458
f 4458 4302 4446
f 4458 4446 4459
f 4459 4446 4447
f 4459 4447 4460
f 4460 4447 4448
f 4460 4448 4461
f 4461 4448 4449
f 4461 4449 4462
f 4462 4449 4450
f 4462 4450 4463
f 4463 4450 4451
f 4463 4451 4464
f 4464 4451 4452
f 4464 4452 4465
f 4465 4452 4453
f 4465 4453 4466
f 4466 4453 4454
f 4466 4454 4467
f 4467 4454 4455
f 4467 4455 4468
f 4468 4455 4456
f 4468 4456 4469
f 4469 4456 4457
f 4469 4457 4470
f 4470 4457 4328
f 4470 4328 4330
f 4403 4286 4284
f 4403 4284 4471
f 4471 4284 4282
f 4471 4282 4472
f 4472 4282 4280
f 4472 4280 4473
f 4473 4280 4278
f 4473 4278 4474
f 4474 4278 4276
f 4474 4276 4475
f 4475 4276 4274
f 4475 4274 4476
f 4476 4274 4272
f 4476 4272 4477
f 4477 4272 4270
f 4477 4270 4478
f 4478 4270 4268
f 4478 4268 4479
f 4479 4268 4266
f 4479 4266 4480
f 4480 4266 4264
f 4480 4264 4376
f 4403 4471 4401
f 4401 4471 4481
f 4401 4481 4399
f 4399 4481 4482
f 4399 4482 4397
f 4397 4482 4395
f 4481 4471 4472
f 4481 4472 4483
f 4483 4472 4473
f 4483 4473 4484
f 4484 4473 4474
f 4484 4474 4485
f 4485 4474 4475
f 4485 4475 4486
f 4486 4475 4476
f 4486 4476 4487
f 4487 4476 4477
f 4487 4477 4488
f 4488 4477 4478
f 4488 4478 4489
f 4489 4478 4479
f 4489 4479 4490
f 4490 4479 4480
f 4490 4480 4491
f 4491 4480 4376
f 4491 4376 4375
f 4481 4483 4482
f 4482 4483 4492
f 4482 4492 4395
f 4395 4492 4393
f 4492 4483 4484
f 4492 4484 4493
f 4493 4484 4485
f 4493 4485 4494
f 4494 4485 4486
f 4494 4486 4495
f 4495 4486 4487
f 4495 4487 4496
f 4496 4487 4488
f 4496 4488 4497
f 4497 4488 4489
f 4497 4489 4498
f 4498 4489 4490
f 4498 4490 4499
f 4499 4490 4491
f 4499 4491 4500
f 4500 4491 4375
f 4500 4375 4374
f 4391 4393 4493
f 4493 4393 4492
f 4391 4493 4494
f 4389 4391 4494
f 4389 4494 4495
f 4387 4389 4495
f 4387 4495 4496
f 4385 4387 4496
f 4385 4496 4497
f 4383 4385 4497
f 4383 4497 4498
f 4381 4383 4498
f 4381 4498 4499
f 4379 4381 4499
f 4379 4499 4500
f 4377 4379 4500
f 4377 4500 4374
f 4330 4244 4242
f 4470 4330 4242
f 4470 4242 4240
f 4469 4470 4240
f 4469 4240 4238
f 4468 4469 4238
f 4468 4238 4236
f 4467 4468 4236
f 4467 4236 4234
f 4466 4467 4234
f 4466 4234 4232
f 4465 4466 4232
f 4465 4232 4230
f 4464 4465 4230
f 4464 4230 4228
f 4463 4464 4228
f 4463 4228 4226
f 4462 4463 4226
f 4462 4226 4224
f 4461 4462 4224
f 4461 4224 4222
f 4460 4461 4222
f 4460 4222 4220
f 4459 4460 4220
f 4459 4220 4218
f 4458 4459 4218
f 4458 4218 4216
f 4304 4458 4216
f 4501 4211 4502
f 4502 4211 4213
f 4502 4213 4503
f 4503 4213 4215
f 4503 4215 4504
f 4504 4215 4217
f 4504 4217 4505
f 4505 4217 4219
f 4505 4219 4506
f 4506 4219 4221
f 4506 4221 4507
f 4507 4221 4223
f 4507 4223 4508
f 4508 4223 4225
f 4508 4225 4509
f 4509 4225 4227
f 4509 4227 4510
f 4510 4227 4229
f 4510 4229 4511
f 4511 4229 4231
f 4511 4231 4512
f 4512 4231 4233
f 4512 4233 4513
f 4513 4233 4235
f 4513 4235 4514
f 4514 4235 4237
f 4514 4237 4515
f 4515 4237 4239
f 4515 4239 4516
f 4516 4239 4241
f 4516 4241 4517
f 4517 4241 4243
f 4517 4243 4518
f 4518 4243 4245
f 4518 4245 4519
f 4519 4245 4247
f 4519 4247 4520
f 4520 4247 4249
f 4520 4249 4521
f 4521 4249 4251
f 4521 4251 4522
f 4522 4251 4253
f 4522 4253 4523
f 4523 4253 4255
f 4523 4255 4524
f 4524 4255 4257
f 4524 4257 4525
f 4525 4257 4259
f 4525 4259 4526
f 4526 4259 4261
f 4526 4261 4527
f 4527 4261 4263
f 4527 4263 4528
f 4528 4263 4265
f 4528 4265 4529
f 4529 4265 4267
f 4529 4267 4530
f 4530 4267 4269
f 4530 4269 4531
f 4531 4269 4271
f 4531 4271 4532
f 4532 4271 4273
f 4532 4273 4533
f 4533 4273 4275
f 4533 4275 4534
f 4534 4275 4277
f 4534 4277 4535
f 4535 4277 4279
f 4535 4279 4536
f 4536 4279 4281
f 4536 4281 4537
f 4537 4281 4283
f 4537 4283 4538
f 4538 4283 4285
f 4538 4285 4539
f 4539 4285 4287
f 4539 4287 4540
f 4540 4287 4289
f 4540 4289 4541
f 4541 4289 4291
f 4541 4291 4542
f 4542 4291 4293
f 4542 4293 4501
f 4501 4293 4211
f 4434 4378 4297
f 4297 4378 4372
f 4297 4372 4295
f 4295 4372 4367
f 4295 4367 4307
f 4307 4367 4362
f 4307 4362 4309
f 4309 4362 4357
f 4309 4357 4311
f 4311 4357 4352
f 4311 4352 4313
f 4313 4352 4347
f 4313 4347 4315
f 4315 4347 4342
f 4315 4342 4317
f 4317 4342 4337
f 4317 4337 4319
f 4319 4337 4332
f 4319 4332 4321
f 4321 4332 4323
f 4378 4434 4380
f 4380 4434 4432
f 4380 4432 4382
f 4382 4432 4429
f 4382 4429 4384
f 4384 4429 4425
f 4384 4425 4386
f 4386 4425 4420
f 4386 4420 4388
f 4388 4420 4415
f 4388 4415 4390
f 4390 4415 4410
f 4390 4410 4392
f 4392 4410 4405
f 4392 4405 4394
f 4394 4405 4396
f 4503 4522 4502
f 4502 4522 4523
f 4502 4523 4501
f 4501 4523 4524
f 4501 4524 4542
f 4542 4524 4525
f 4542 4525 4541
f 4541 4525 4526
f 4541 4526 4540
f 4540 4526 4527
f 4540 4527 4539
f 4539 4527 4528
f 4539 4528 4538
f 4538 4528 4529
f 4538 4529 4537
f 4537 4529 4530
f 4537 4530 4536
f 4536 4530 4531
f 4536 4531 4535
f 4535 4531 4532
f 4535 4532 4534
f 4534 4532 4533
f 4522 4503 4521
f 4521 4503 4504
f 4521 4504 4520
f 4520 4504 4505
f 4520 4505 4519
f 4519 4505 4506
f 4519 4506 4518
f 4518 4506 4507
f 4518 4507 4517
f 4517 4507 4508
f 4517 4508 4516
f 4516 4508 4509
f 4516 4509 4515
f 4515 4509 4510
f 4515 4510 4514
f 4514 4510 4511
f 4514 4511 4513
f 4513 4511 4512
# 4542 vertices
# 0 texture params
# 0 normals
# 9208 facets

# 6 groups
