# WaveFront *.obj file (generated by Autodesk ATF)

mtllib P3.mtl

g Body1

v 2.807500 -1.262501 4.267732
v 2.807500 1.262499 4.267732
v 2.797278 -0.000001 4.345378
v 2.797278 1.262499 4.345378
v 2.767308 -0.000001 4.417732
v 2.767308 1.262499 4.417732
v 2.719632 -0.000001 4.479864
v 2.719632 1.262499 4.479864
v 2.657500 -0.000001 4.527540
v 2.657500 1.262499 4.527540
v 2.585146 -0.000001 4.557510
v 2.585146 1.262499 4.557510
v 2.507500 1.262499 4.567732
v 2.507500 -1.262501 4.567732
v 2.585146 -1.262501 4.557510
v 2.657500 -1.262501 4.527540
v 2.719632 -1.262501 4.479864
v 2.767308 -1.262501 4.417732
v 2.797278 -1.262501 4.345378
v 2.807500 0.144838 2.931177
v 2.807500 0.149949 2.892354
v 2.807500 0.144838 2.853532
v 2.807500 0.144958 1.231245
v 2.807500 0.129973 1.267422
v 2.807500 0.129853 2.817354
v 2.807500 0.106135 1.298488
v 2.807500 0.106015 2.786288
v 2.807500 0.075069 1.322326
v 2.807500 0.074949 2.762451
v 2.807500 0.038892 1.337311
v 2.807500 0.038772 2.747466
v 2.807500 0.000069 1.342422
v 2.807500 -0.000051 2.742354
v 2.807500 -0.038754 1.337311
v 2.807500 -0.038874 2.747466
v 2.807500 -0.074931 1.322326
v 2.807500 -0.075051 2.762451
v 2.807500 -0.105997 1.298488
v 2.807500 -0.106117 2.786288
v 2.807500 -0.129835 1.267422
v 2.807500 -0.129955 2.817354
v 2.807500 -0.144820 1.231245
v 2.807500 -0.144940 2.853532
v 2.807500 -0.150051 2.892354
v 2.807500 -0.144940 2.931177
v 2.807500 -0.129955 2.967354
v 2.807500 -0.106117 2.998420
v 2.807500 -0.075051 3.022258
v 2.807500 -0.038874 3.037243
v 2.807500 -0.000051 3.042354
v 2.807500 0.038772 3.037243
v 2.807500 0.074949 3.022258
v 2.807500 0.106015 2.998420
v 2.807500 0.129853 2.967354
v 2.807500 0.144958 1.153600
v 2.807500 0.671177 -0.537379
v 2.807500 0.150069 1.192422
v 2.807500 0.709999 -0.532268
v 2.807500 0.748822 -0.537379
v 2.807500 0.129973 1.117422
v 2.807500 0.130036 0.115913
v 2.807500 0.145021 0.079736
v 2.807500 0.634999 -0.552364
v 2.807500 0.346410 -0.469768
v 2.807500 0.603933 -0.576202
v 2.807500 0.580096 -0.607268
v 2.807500 0.386370 -0.566240
v 2.807500 0.565111 -0.643445
v 2.807500 0.399999 -0.669768
v 2.807500 0.559999 -0.682268
v 2.807500 0.565111 -0.721090
v 2.807500 0.386370 -0.773295
v 2.807500 0.580096 -0.757268
v 2.807500 0.346410 -0.869768
v 2.807500 0.603933 -0.788334
v 2.807500 0.547778 -1.807241
v 2.807500 0.634999 -0.812171
v 2.807500 0.671177 -0.827156
v 2.807500 0.787155 -1.656830
v 2.807500 0.709999 -0.832268
v 2.807500 0.748822 -0.827156
v 2.807500 0.784999 -0.812171
v 2.807500 0.987062 -1.456924
v 2.807500 0.816065 -0.788334
v 2.807500 0.839903 -0.757268
v 2.807500 0.854888 -0.721090
v 2.807500 1.137473 -1.217546
v 2.807500 0.859999 -0.682268
v 2.807500 1.230846 -0.950700
v 2.807500 1.262499 -0.669768
v 2.807500 0.106198 0.146979
v 2.807500 0.106135 1.086356
v 2.807500 0.075132 0.170817
v 2.807500 0.075069 1.062519
v 2.807500 0.038955 0.185802
v 2.807500 0.038892 1.047534
v 2.807500 0.000132 0.190913
v 2.807500 0.000069 1.042422
v 2.807500 -0.038691 0.185802
v 2.807500 -0.038754 1.047534
v 2.807500 -0.074868 0.170817
v 2.807500 -0.074931 1.062519
v 2.807500 -0.105934 0.146979
v 2.807500 -0.105997 1.086356
v 2.807500 -0.129772 0.115913
v 2.807500 -0.129835 1.117422
v 2.807500 -0.144757 0.079736
v 2.807500 -0.144820 1.153600
v 2.807500 -0.635001 -0.542364
v 2.807500 -0.671178 -0.527379
v 2.807500 -0.149931 1.192422
v 2.807500 -0.710001 -0.522268
v 2.807500 -0.748823 -0.527379
v 2.807500 -0.785001 -0.542364
v 2.807500 -0.816067 -0.566202
v 2.807500 -1.262501 -0.669768
v 2.807500 0.816065 -0.576202
v 2.807500 0.839903 -0.607268
v 2.807500 0.854888 -0.643445
v 2.807500 -1.230847 -0.950700
v 2.807500 -0.860001 -0.672268
v 2.807500 -0.854889 -0.633445
v 2.807500 -0.839904 -0.597268
v 2.807500 -1.137474 -1.217546
v 2.807500 -0.854889 -0.711090
v 2.807500 -0.987063 -1.456924
v 2.807500 -0.839904 -0.747268
v 2.807500 -0.816067 -0.778334
v 2.807500 -0.785001 -0.802171
v 2.807500 -0.787156 -1.656830
v 2.807500 -0.748823 -0.817156
v 2.807500 -0.710001 -0.822268
v 2.807500 -0.671178 -0.817156
v 2.807500 -0.547779 -1.807241
v 2.807500 -0.635001 -0.802171
v 2.807500 -0.603934 -0.778334
v 2.807500 -0.346411 -0.869768
v 2.807500 -0.580097 -0.747268
v 2.807500 -0.386371 -0.773295
v 2.807500 -0.565112 -0.711090
v 2.807500 -0.400001 -0.669768
v 2.807500 -0.560001 -0.672268
v 2.807500 -0.565112 -0.633445
v 2.807500 -0.386371 -0.566240
v 2.807500 -0.580097 -0.597268
v 2.807500 -0.346411 -0.469768
v 2.807500 -0.603934 -0.566202
v 2.807500 -0.282843 -0.952610
v 2.807500 -0.280933 -1.900614
v 2.807500 -0.149971 -1.379531
v 2.807500 -0.144860 -1.418354
v 2.807500 -0.129875 -1.454531
v 2.807500 -0.106037 -1.485597
v 2.807500 -0.000001 -1.932268
v 2.807500 -0.074971 -1.509435
v 2.807500 -0.038794 -1.524420
v 2.807500 0.000029 -1.529531
v 2.807500 0.038852 -1.524420
v 2.807500 0.075029 -1.509435
v 2.807500 0.106095 -1.485597
v 2.807500 0.280932 -1.900614
v 2.807500 0.129933 -1.454531
v 2.807500 0.144918 -1.418354
v 2.807500 0.150029 -1.379531
v 2.807500 0.282842 -0.952610
v 2.807500 0.199999 -1.016178
v 2.807500 0.103527 -1.056138
v 2.807500 0.129933 -1.304531
v 2.807500 0.144918 -1.340708
v 2.807500 -0.000001 -1.069768
v 2.807500 0.038852 -1.234642
v 2.807500 0.075029 -1.249627
v 2.807500 0.106095 -1.273465
v 2.807500 -0.103528 -1.056138
v 2.807500 -0.038794 -1.234642
v 2.807500 0.000029 -1.229531
v 2.807500 -0.200001 -1.016178
v 2.807500 -0.129875 -1.304531
v 2.807500 -0.106037 -1.273465
v 2.807500 -0.074971 -1.249627
v 2.807500 -0.144860 -1.340708
v 2.807500 -0.149868 0.040913
v 2.807500 -0.282843 -0.386925
v 2.807500 -0.200001 -0.323358
v 2.807500 -0.103528 -0.283397
v 2.807500 -0.129772 -0.034087
v 2.807500 -0.144757 0.002090
v 2.807500 -0.000001 -0.269768
v 2.807500 -0.038691 -0.103976
v 2.807500 -0.074868 -0.088991
v 2.807500 -0.105934 -0.065153
v 2.807500 0.103527 -0.283397
v 2.807500 0.038955 -0.103976
v 2.807500 0.000132 -0.109087
v 2.807500 0.199999 -0.323358
v 2.807500 0.130036 -0.034087
v 2.807500 0.106198 -0.065153
v 2.807500 0.075132 -0.088991
v 2.807500 0.282842 -0.386925
v 2.807500 0.150132 0.040913
v 2.807500 0.145021 0.002090
v 2.807500 0.784999 -0.552364
v 2.582500 -1.262501 4.342732
v 2.582500 -1.262501 -0.669768
v -2.507500 -1.262501 4.567732
v -2.582500 -1.262501 4.342732
v -2.585146 -1.262501 4.557510
v -2.657500 -1.262501 4.527540
v -2.719632 -1.262501 4.479864
v -2.767308 -1.262501 4.417732
v -2.797278 -1.262501 4.345378
v -2.807500 -1.262501 4.267732
v -2.582500 -1.262501 -0.669768
v -2.807500 -1.262501 -0.669768
v -2.807500 1.262499 4.267732
v -2.797278 -0.000001 4.345378
v -2.767308 -0.000001 4.417732
v -2.719632 -0.000001 4.479864
v -2.657500 -0.000001 4.527540
v -2.585146 -0.000001 4.557510
v -2.507500 1.262499 4.567732
v -2.585146 1.262499 4.557510
v -2.657500 1.262499 4.527540
v -2.719632 1.262499 4.479864
v -2.767308 1.262499 4.417732
v -2.797278 1.262499 4.345378
v -2.807500 0.144838 2.853532
v -2.807500 0.149949 2.892354
v -2.807500 0.144838 2.931177
v -2.807500 0.129853 2.967354
v -2.807500 0.106015 2.998420
v -2.807500 0.074949 3.022258
v -2.807500 0.038772 3.037243
v -2.807500 -0.000051 3.042354
v -2.807500 -0.038874 3.037243
v -2.807500 -0.075051 3.022258
v -2.807500 -0.106117 2.998420
v -2.807500 -0.129955 2.967354
v -2.807500 -0.144940 2.931177
v -2.807500 -0.150051 2.892354
v -2.807500 -0.144940 2.853532
v -2.807500 -0.144820 1.231245
v -2.807500 -0.129955 2.817354
v -2.807500 -0.129835 1.267422
v -2.807500 -0.106117 2.786288
v -2.807500 -0.105997 1.298488
v -2.807500 -0.075051 2.762451
v -2.807500 -0.074931 1.322326
v -2.807500 -0.038874 2.747466
v -2.807500 -0.038754 1.337311
v -2.807500 -0.000051 2.742354
v -2.807500 0.000069 1.342422
v -2.807500 0.038772 2.747466
v -2.807500 0.038892 1.337311
v -2.807500 0.074949 2.762451
v -2.807500 0.075069 1.322326
v -2.807500 0.106015 2.786288
v -2.807500 0.106135 1.298488
v -2.807500 0.129853 2.817354
v -2.807500 0.129973 1.267422
v -2.807500 0.144958 1.231245
v -2.807500 0.150069 1.192422
v -2.807500 0.816065 -0.576202
v -2.807500 0.784999 -0.552364
v -2.807500 -0.149931 1.192422
v -2.807500 -0.816067 -0.566202
v -2.807500 -0.839904 -0.597268
v -2.807500 -0.854889 -0.633445
v -2.807500 -0.144820 1.153600
v -2.807500 -0.671178 -0.527379
v -2.807500 -0.710001 -0.522268
v -2.807500 -0.748823 -0.527379
v -2.807500 -0.129835 1.117422
v -2.807500 -0.144757 0.079736
v -2.807500 -0.635001 -0.542364
v -2.807500 -0.129772 0.115913
v -2.807500 -0.105997 1.086356
v -2.807500 -0.105934 0.146979
v -2.807500 -0.074931 1.062519
v -2.807500 -0.074868 0.170817
v -2.807500 -0.038754 1.047534
v -2.807500 -0.038691 0.185802
v -2.807500 0.000069 1.042422
v -2.807500 0.000132 0.190913
v -2.807500 0.038892 1.047534
v -2.807500 0.038955 0.185802
v -2.807500 0.075069 1.062519
v -2.807500 0.075132 0.170817
v -2.807500 0.106135 1.086356
v -2.807500 0.106198 0.146979
v -2.807500 0.129973 1.117422
v -2.807500 0.130036 0.115913
v -2.807500 0.144958 1.153600
v -2.807500 0.145021 0.079736
v -2.807500 0.634999 -0.552364
v -2.807500 0.346410 -0.469768
v -2.807500 0.603933 -0.576202
v -2.807500 0.580096 -0.607268
v -2.807500 0.671177 -0.537379
v -2.807500 0.709999 -0.532268
v -2.807500 0.748822 -0.537379
v -2.807500 1.262499 -0.669768
v -2.807500 0.839903 -0.607268
v -2.807500 0.854888 -0.643445
v -2.807500 0.859999 -0.682268
v -2.807500 1.230846 -0.950700
v -2.807500 1.137473 -1.217546
v -2.807500 0.854888 -0.721090
v -2.807500 0.987062 -1.456924
v -2.807500 0.839903 -0.757268
v -2.807500 0.816065 -0.788334
v -2.807500 0.784999 -0.812171
v -2.807500 0.787155 -1.656830
v -2.807500 0.748822 -0.827156
v -2.807500 0.709999 -0.832268
v -2.807500 0.671177 -0.827156
v -2.807500 0.547778 -1.807241
v -2.807500 0.634999 -0.812171
v -2.807500 0.603933 -0.788334
v -2.807500 0.346410 -0.869768
v -2.807500 0.580096 -0.757268
v -2.807500 0.386370 -0.773295
v -2.807500 0.565111 -0.721090
v -2.807500 0.399999 -0.669768
v -2.807500 0.559999 -0.682268
v -2.807500 0.565111 -0.643445
v -2.807500 0.386370 -0.566240
v -2.807500 0.282842 -0.952610
v -2.807500 0.280932 -1.900614
v -2.807500 0.150029 -1.379531
v -2.807500 0.144918 -1.418354
v -2.807500 0.129933 -1.454531
v -2.807500 0.106095 -1.485597
v -2.807500 -0.000001 -1.932268
v -2.807500 0.075029 -1.509435
v -2.807500 0.038852 -1.524420
v -2.807500 0.000029 -1.529531
v -2.807500 -0.038794 -1.524420
v -2.807500 -0.074971 -1.509435
v -2.807500 -0.106037 -1.485597
v -2.807500 -0.280933 -1.900614
v -2.807500 -0.129875 -1.454531
v -2.807500 -0.144860 -1.418354
v -2.807500 -0.149971 -1.379531
v -2.807500 -0.282843 -0.952610
v -2.807500 -0.200001 -1.016178
v -2.807500 -0.547779 -1.807241
v -2.807500 -0.346411 -0.869768
v -2.807500 -0.603934 -0.778334
v -2.807500 -0.580097 -0.747268
v -2.807500 -0.787156 -1.656830
v -2.807500 -0.671178 -0.817156
v -2.807500 -0.635001 -0.802171
v -2.807500 -0.987063 -1.456924
v -2.807500 -0.785001 -0.802171
v -2.807500 -0.748823 -0.817156
v -2.807500 -0.710001 -0.822268
v -2.807500 -1.137474 -1.217546
v -2.807500 -0.854889 -0.711090
v -2.807500 -0.839904 -0.747268
v -2.807500 -0.816067 -0.778334
v -2.807500 -0.860001 -0.672268
v -2.807500 -1.230847 -0.950700
v -2.807500 0.150132 0.040913
v -2.807500 0.282842 -0.386925
v -2.807500 0.199999 -0.323358
v -2.807500 0.103527 -0.283397
v -2.807500 0.130036 -0.034087
v -2.807500 0.145021 0.002090
v -2.807500 -0.000001 -0.269768
v -2.807500 0.038955 -0.103976
v -2.807500 0.075132 -0.088991
v -2.807500 0.106198 -0.065153
v -2.807500 -0.103528 -0.283397
v -2.807500 -0.038691 -0.103976
v -2.807500 0.000132 -0.109087
v -2.807500 -0.200001 -0.323358
v -2.807500 -0.129772 -0.034087
v -2.807500 -0.105934 -0.065153
v -2.807500 -0.074868 -0.088991
v -2.807500 -0.282843 -0.386925
v -2.807500 -0.149868 0.040913
v -2.807500 -0.144757 0.002090
v -2.807500 -0.346411 -0.469768
v -2.807500 -0.386371 -0.566240
v -2.807500 -0.580097 -0.597268
v -2.807500 -0.603934 -0.566202
v -2.807500 -0.565112 -0.633445
v -2.807500 -0.400001 -0.669768
v -2.807500 -0.560001 -0.672268
v -2.807500 -0.565112 -0.711090
v -2.807500 -0.386371 -0.773295
v -2.807500 -0.103528 -1.056138
v -2.807500 -0.129875 -1.304531
v -2.807500 -0.144860 -1.340708
v -2.807500 -0.000001 -1.069768
v -2.807500 -0.038794 -1.234642
v -2.807500 -0.074971 -1.249627
v -2.807500 -0.106037 -1.273465
v -2.807500 0.103527 -1.056138
v -2.807500 0.038852 -1.234642
v -2.807500 0.000029 -1.229531
v -2.807500 0.199999 -1.016178
v -2.807500 0.129933 -1.304531
v -2.807500 0.106095 -1.273465
v -2.807500 0.075029 -1.249627
v -2.807500 0.144918 -1.340708
v -2.807500 -0.785001 -0.542364
v 2.582500 0.144838 2.931177
v 2.582500 0.149949 2.892354
v 2.582500 0.144838 2.853532
v 2.582500 0.129853 2.817354
v 2.582500 0.106015 2.786288
v 2.582500 0.074949 2.762451
v 2.582500 0.038772 2.747466
v 2.582500 -0.000051 2.742354
v 2.582500 -0.038874 2.747466
v 2.582500 -0.075051 2.762451
v 2.582500 -0.106117 2.786288
v 2.582500 -0.129955 2.817354
v 2.582500 -0.144940 2.853532
v 2.582500 -0.150051 2.892354
v 2.582500 -0.144940 2.931177
v 2.582500 -0.129955 2.967354
v 2.582500 -0.106117 2.998420
v 2.582500 -0.075051 3.022258
v 2.582500 -0.038874 3.037243
v 2.582500 -0.000051 3.042354
v 2.582500 0.038772 3.037243
v 2.582500 0.074949 3.022258
v 2.582500 0.106015 2.998420
v 2.582500 0.129853 2.967354
v -2.582500 0.144838 2.931177
v -2.582500 0.149949 2.892354
v -2.582500 0.144838 2.853532
v -2.582500 0.129853 2.817354
v -2.582500 0.106015 2.786288
v -2.582500 0.074949 2.762451
v -2.582500 0.038772 2.747466
v -2.582500 -0.000051 2.742354
v -2.582500 -0.038874 2.747466
v -2.582500 -0.075051 2.762451
v -2.582500 -0.106117 2.786288
v -2.582500 -0.129955 2.817354
v -2.582500 -0.144940 2.853532
v -2.582500 -0.150051 2.892354
v -2.582500 -0.144940 2.931177
v -2.582500 -0.129955 2.967354
v -2.582500 -0.106117 2.998420
v -2.582500 -0.075051 3.022258
v -2.582500 -0.038874 3.037243
v -2.582500 -0.000051 3.042354
v -2.582500 0.038772 3.037243
v -2.582500 0.074949 3.022258
v -2.582500 0.106015 2.998420
v -2.582500 0.129853 2.967354
v 2.582500 0.144958 1.231245
v 2.582500 0.150069 1.192422
v 2.582500 0.144958 1.153600
v 2.582500 0.129973 1.117422
v 2.582500 0.106135 1.086356
v 2.582500 0.075069 1.062519
v 2.582500 0.038892 1.047534
v 2.582500 0.000069 1.042422
v 2.582500 -0.038754 1.047534
v 2.582500 -0.074931 1.062519
v 2.582500 -0.105997 1.086356
v 2.582500 -0.129835 1.117422
v 2.582500 -0.144820 1.153600
v 2.582500 -0.149931 1.192422
v 2.582500 -0.144820 1.231245
v 2.582500 -0.129835 1.267422
v 2.582500 -0.105997 1.298488
v 2.582500 -0.074931 1.322326
v 2.582500 -0.038754 1.337311
v 2.582500 0.000069 1.342422
v 2.582500 0.038892 1.337311
v 2.582500 0.075069 1.322326
v 2.582500 0.106135 1.298488
v 2.582500 0.129973 1.267422
v -2.582500 0.144958 1.231245
v -2.582500 0.150069 1.192422
v -2.582500 0.144958 1.153600
v -2.582500 0.129973 1.117422
v -2.582500 0.106135 1.086356
v -2.582500 0.075069 1.062519
v -2.582500 0.038892 1.047534
v -2.582500 0.000069 1.042422
v -2.582500 -0.038754 1.047534
v -2.582500 -0.074931 1.062519
v -2.582500 -0.105997 1.086356
v -2.582500 -0.129835 1.117422
v -2.582500 -0.144820 1.153600
v -2.582500 -0.149931 1.192422
v -2.582500 -0.144820 1.231245
v -2.582500 -0.129835 1.267422
v -2.582500 -0.105997 1.298488
v -2.582500 -0.074931 1.322326
v -2.582500 -0.038754 1.337311
v -2.582500 0.000069 1.342422
v -2.582500 0.038892 1.337311
v -2.582500 0.075069 1.322326
v -2.582500 0.106135 1.298488
v -2.582500 0.129973 1.267422
v 2.582500 0.144918 -1.340708
v 2.582500 0.150029 -1.379531
v 2.582500 0.144918 -1.418354
v 2.582500 0.129933 -1.454531
v 2.582500 0.106095 -1.485597
v 2.582500 0.075029 -1.509435
v 2.582500 0.038852 -1.524420
v 2.582500 0.000029 -1.529531
v 2.582500 -0.038794 -1.524420
v 2.582500 -0.074971 -1.509435
v 2.582500 -0.106037 -1.485597
v 2.582500 -0.129875 -1.454531
v 2.582500 -0.144860 -1.418354
v 2.582500 -0.149971 -1.379531
v 2.582500 -0.144860 -1.340708
v 2.582500 -0.129875 -1.304531
v 2.582500 -0.106037 -1.273465
v 2.582500 -0.074971 -1.249627
v 2.582500 -0.038794 -1.234642
v 2.582500 0.000029 -1.229531
v 2.582500 0.038852 -1.234642
v 2.582500 0.075029 -1.249627
v 2.582500 0.106095 -1.273465
v 2.582500 0.129933 -1.304531
v -2.582500 0.144918 -1.340708
v -2.582500 0.150029 -1.379531
v -2.582500 0.144918 -1.418354
v -2.582500 0.129933 -1.454531
v -2.582500 0.106095 -1.485597
v -2.582500 0.075029 -1.509435
v -2.582500 0.038852 -1.524420
v -2.582500 0.000029 -1.529531
v -2.582500 -0.038794 -1.524420
v -2.582500 -0.074971 -1.509435
v -2.582500 -0.106037 -1.485597
v -2.582500 -0.129875 -1.454531
v -2.582500 -0.144860 -1.418354
v -2.582500 -0.149971 -1.379531
v -2.582500 -0.144860 -1.340708
v -2.582500 -0.129875 -1.304531
v -2.582500 -0.106037 -1.273465
v -2.582500 -0.074971 -1.249627
v -2.582500 -0.038794 -1.234642
v -2.582500 0.000029 -1.229531
v -2.582500 0.038852 -1.234642
v -2.582500 0.075029 -1.249627
v -2.582500 0.106095 -1.273465
v -2.582500 0.129933 -1.304531
v 2.582500 0.854888 -0.643445
v 2.582500 0.859999 -0.682268
v 2.582500 0.854888 -0.721090
v 2.582500 0.839903 -0.757268
v 2.582500 0.816065 -0.788334
v 2.582500 0.784999 -0.812171
v 2.582500 0.748822 -0.827156
v 2.582500 0.709999 -0.832268
v 2.582500 0.671177 -0.827156
v 2.582500 0.634999 -0.812171
v 2.582500 0.603933 -0.788334
v 2.582500 0.580096 -0.757268
v 2.582500 0.565111 -0.721090
v 2.582500 0.559999 -0.682268
v 2.582500 0.565111 -0.643445
v 2.582500 0.580096 -0.607268
v 2.582500 0.603933 -0.576202
v 2.582500 0.634999 -0.552364
v 2.582500 0.671177 -0.537379
v 2.582500 0.709999 -0.532268
v 2.582500 0.748822 -0.537379
v 2.582500 0.784999 -0.552364
v 2.582500 0.816065 -0.576202
v 2.582500 0.839903 -0.607268
v -2.582500 0.854888 -0.643445
v -2.582500 0.859999 -0.682268
v -2.582500 0.854888 -0.721090
v -2.582500 0.839903 -0.757268
v -2.582500 0.816065 -0.788334
v -2.582500 0.784999 -0.812171
v -2.582500 0.748822 -0.827156
v -2.582500 0.709999 -0.832268
v -2.582500 0.671177 -0.827156
v -2.582500 0.634999 -0.812171
v -2.582500 0.603933 -0.788334
v -2.582500 0.580096 -0.757268
v -2.582500 0.565111 -0.721090
v -2.582500 0.559999 -0.682268
v -2.582500 0.565111 -0.643445
v -2.582500 0.580096 -0.607268
v -2.582500 0.603933 -0.576202
v -2.582500 0.634999 -0.552364
v -2.582500 0.671177 -0.537379
v -2.582500 0.709999 -0.532268
v -2.582500 0.748822 -0.537379
v -2.582500 0.784999 -0.552364
v -2.582500 0.816065 -0.576202
v -2.582500 0.839903 -0.607268
v 2.582500 -0.565112 -0.633445
v 2.582500 -0.560001 -0.672268
v 2.582500 -0.565112 -0.711090
v 2.582500 -0.580097 -0.747268
v 2.582500 -0.603934 -0.778334
v 2.582500 -0.635001 -0.802171
v 2.582500 -0.671178 -0.817156
v 2.582500 -0.710001 -0.822268
v 2.582500 -0.748823 -0.817156
v 2.582500 -0.785001 -0.802171
v 2.582500 -0.816067 -0.778334
v 2.582500 -0.839904 -0.747268
v 2.582500 -0.854889 -0.711090
v 2.582500 -0.860001 -0.672268
v 2.582500 -0.854889 -0.633445
v 2.582500 -0.839904 -0.597268
v 2.582500 -0.816067 -0.566202
v 2.582500 -0.785001 -0.542364
v 2.582500 -0.748823 -0.527379
v 2.582500 -0.710001 -0.522268
v 2.582500 -0.671178 -0.527379
v 2.582500 -0.635001 -0.542364
v 2.582500 -0.603934 -0.566202
v 2.582500 -0.580097 -0.597268
v -2.582500 -0.565112 -0.633445
v -2.582500 -0.560001 -0.672268
v -2.582500 -0.565112 -0.711090
v -2.582500 -0.580097 -0.747268
v -2.582500 -0.603934 -0.778334
v -2.582500 -0.635001 -0.802171
v -2.582500 -0.671178 -0.817156
v -2.582500 -0.710001 -0.822268
v -2.582500 -0.748823 -0.817156
v -2.582500 -0.785001 -0.802171
v -2.582500 -0.816067 -0.778334
v -2.582500 -0.839904 -0.747268
v -2.582500 -0.854889 -0.711090
v -2.582500 -0.860001 -0.672268
v -2.582500 -0.854889 -0.633445
v -2.582500 -0.839904 -0.597268
v -2.582500 -0.816067 -0.566202
v -2.582500 -0.785001 -0.542364
v -2.582500 -0.748823 -0.527379
v -2.582500 -0.710001 -0.522268
v -2.582500 -0.671178 -0.527379
v -2.582500 -0.635001 -0.542364
v -2.582500 -0.603934 -0.566202
v -2.582500 -0.580097 -0.597268
v 2.582500 0.145021 0.079736
v 2.582500 0.150132 0.040913
v 2.582500 0.145021 0.002090
v 2.582500 0.130036 -0.034087
v 2.582500 0.106198 -0.065153
v 2.582500 0.075132 -0.088991
v 2.582500 0.038955 -0.103976
v 2.582500 0.000132 -0.109087
v 2.582500 -0.038691 -0.103976
v 2.582500 -0.074868 -0.088991
v 2.582500 -0.105934 -0.065153
v 2.582500 -0.129772 -0.034087
v 2.582500 -0.144757 0.002090
v 2.582500 -0.149868 0.040913
v 2.582500 -0.144757 0.079736
v 2.582500 -0.129772 0.115913
v 2.582500 -0.105934 0.146979
v 2.582500 -0.074868 0.170817
v 2.582500 -0.038691 0.185802
v 2.582500 0.000132 0.190913
v 2.582500 0.038955 0.185802
v 2.582500 0.075132 0.170817
v 2.582500 0.106198 0.146979
v 2.582500 0.130036 0.115913
v -2.582500 0.145021 0.079736
v -2.582500 0.150132 0.040913
v -2.582500 0.145021 0.002090
v -2.582500 0.130036 -0.034087
v -2.582500 0.106198 -0.065153
v -2.582500 0.075132 -0.088991
v -2.582500 0.038955 -0.103976
v -2.582500 0.000132 -0.109087
v -2.582500 -0.038691 -0.103976
v -2.582500 -0.074868 -0.088991
v -2.582500 -0.105934 -0.065153
v -2.582500 -0.129772 -0.034087
v -2.582500 -0.144757 0.002090
v -2.582500 -0.149868 0.040913
v -2.582500 -0.144757 0.079736
v -2.582500 -0.129772 0.115913
v -2.582500 -0.105934 0.146979
v -2.582500 -0.074868 0.170817
v -2.582500 -0.038691 0.185802
v -2.582500 0.000132 0.190913
v -2.582500 0.038955 0.185802
v -2.582500 0.075132 0.170817
v -2.582500 0.106198 0.146979
v -2.582500 0.130036 0.115913
v 2.582500 0.386370 -0.566240
v 2.582500 0.399999 -0.669768
v 2.582500 0.386370 -0.773295
v 2.582500 0.346410 -0.869768
v 2.582500 0.282842 -0.952610
v 2.582500 0.199999 -1.016178
v 2.582500 0.103527 -1.056138
v 2.582500 -0.000001 -1.069768
v 2.582500 -0.103528 -1.056138
v 2.582500 -0.200001 -1.016178
v 2.582500 -0.282843 -0.952610
v 2.582500 -0.346411 -0.869768
v 2.582500 -0.386371 -0.773295
v 2.582500 -0.400001 -0.669768
v 2.582500 -0.386371 -0.566240
v 2.582500 -0.346411 -0.469768
v 2.582500 -0.282843 -0.386925
v 2.582500 -0.200001 -0.323358
v 2.582500 -0.103528 -0.283397
v 2.582500 -0.000001 -0.269768
v 2.582500 0.103527 -0.283397
v 2.582500 0.199999 -0.323358
v 2.582500 0.282842 -0.386925
v 2.582500 0.346410 -0.469768
v -2.582500 0.386370 -0.566240
v -2.582500 0.399999 -0.669768
v -2.582500 0.386370 -0.773295
v -2.582500 0.346410 -0.869768
v -2.582500 0.282842 -0.952610
v -2.582500 0.199999 -1.016178
v -2.582500 0.103527 -1.056138
v -2.582500 -0.000001 -1.069768
v -2.582500 -0.103528 -1.056138
v -2.582500 -0.200001 -1.016178
v -2.582500 -0.282843 -0.952610
v -2.582500 -0.346411 -0.869768
v -2.582500 -0.386371 -0.773295
v -2.582500 -0.400001 -0.669768
v -2.582500 -0.386371 -0.566240
v -2.582500 -0.346411 -0.469768
v -2.582500 -0.282843 -0.386925
v -2.582500 -0.200001 -0.323358
v -2.582500 -0.103528 -0.283397
v -2.582500 -0.000001 -0.269768
v -2.582500 0.103527 -0.283397
v -2.582500 0.199999 -0.323358
v -2.582500 0.282842 -0.386925
v -2.582500 0.346410 -0.469768
v 2.582500 1.262499 -0.669768
v 2.582500 1.230846 -0.950700
v 2.582500 1.137473 -1.217546
v 2.582500 0.987062 -1.456924
v 2.582500 0.787155 -1.656830
v 2.582500 0.547778 -1.807241
v 2.582500 0.280932 -1.900614
v 2.582500 -0.000001 -1.932268
v 2.582500 -0.280933 -1.900614
v 2.582500 -0.547779 -1.807241
v 2.582500 -0.787156 -1.656830
v 2.582500 -0.987063 -1.456924
v 2.582500 -1.137474 -1.217546
v 2.582500 -1.230847 -0.950700
v -2.582500 -1.230847 -0.950700
v -2.582500 -1.137474 -1.217546
v -2.582500 -0.987063 -1.456924
v -2.582500 -0.787156 -1.656830
v -2.582500 -0.547779 -1.807241
v -2.582500 -0.280933 -1.900614
v -2.582500 -0.000001 -1.932268
v -2.582500 0.280932 -1.900614
v -2.582500 0.547778 -1.807241
v -2.582500 0.787155 -1.656830
v -2.582500 0.987062 -1.456924
v -2.582500 1.137473 -1.217546
v -2.582500 1.230846 -0.950700
v -2.582500 1.262499 -0.669768
v -2.582500 1.262499 4.342732
v -0.386370 -0.103528 4.342732
v -0.565111 -0.038823 4.342732
v -0.400000 -0.000001 4.342732
v -0.560000 -0.000001 4.342732
v -0.565111 0.038822 4.342732
v -0.346410 -0.200001 4.342732
v -0.635000 -0.129904 4.342732
v -0.603934 -0.106067 4.342732
v -0.580096 -0.075001 4.342732
v -0.671177 -0.144889 4.342732
v -0.282843 -0.282843 4.342732
v -0.710000 -0.150001 4.342732
v -0.200000 -0.346411 4.342732
v -0.129904 -0.635001 4.342732
v -0.106066 -0.603934 4.342732
v -0.075000 -0.580097 4.342732
v -0.103528 -0.386371 4.342732
v -0.038823 -0.565112 4.342732
v 0.000000 -0.400001 4.342732
v 0.000000 -0.560001 4.342732
v 0.038823 -0.565112 4.342732
v 0.103528 -0.386371 4.342732
v 0.075000 -0.580097 4.342732
v 0.200000 -0.346411 4.342732
v 0.106066 -0.603934 4.342732
v 0.129904 -0.635001 4.342732
v 0.710000 -0.150001 4.342732
v 0.748823 -0.144889 4.342732
v 0.282843 -0.282843 4.342732
v 0.671177 -0.144889 4.342732
v 0.346410 -0.200001 4.342732
v 0.635000 -0.129904 4.342732
v 0.386370 -0.103528 4.342732
v 0.603934 -0.106067 4.342732
v 0.580096 -0.075001 4.342732
v 0.565111 -0.038823 4.342732
v 0.400000 -0.000001 4.342732
v 0.560000 -0.000001 4.342732
v 0.565111 0.038822 4.342732
v 0.386370 0.103527 4.342732
v 0.580096 0.074999 4.342732
v 0.603934 0.106065 4.342732
v 0.635000 0.129903 4.342732
v 0.346410 0.199999 4.342732
v 0.671177 0.144888 4.342732
v 0.282843 0.282842 4.342732
v 0.710000 0.149999 4.342732
v 0.200000 0.346410 4.342732
v 0.129904 0.634999 4.342732
v 0.106066 0.603933 4.342732
v 0.075000 0.580096 4.342732
v 0.103528 0.386370 4.342732
v 0.038823 0.565111 4.342732
v 0.000000 0.399999 4.342732
v 0.000000 0.559999 4.342732
v -0.038823 0.565111 4.342732
v -0.103528 0.386370 4.342732
v -0.075000 0.580096 4.342732
v -0.200000 0.346410 4.342732
v -0.106066 0.603933 4.342732
v -0.129904 0.634999 4.342732
v -0.710000 0.149999 4.342732
v -0.748823 0.144888 4.342732
v -0.282843 0.282842 4.342732
v -0.671177 0.144888 4.342732
v -0.346410 0.199999 4.342732
v -0.635000 0.129903 4.342732
v -0.386370 0.103527 4.342732
v -0.603934 0.106065 4.342732
v -0.580096 0.074999 4.342732
v -0.144889 0.671177 4.342732
v -0.150000 0.709999 4.342732
v -1.971177 0.144888 4.342732
v -0.144889 0.748822 4.342732
v -0.129904 0.784999 4.342732
v -0.106066 0.816065 4.342732
v -0.075000 0.839903 4.342732
v -0.038823 0.854888 4.342732
v 0.000000 0.859999 4.342732
v 2.582500 1.262499 4.342732
v 0.038823 0.854888 4.342732
v 0.075000 0.839903 4.342732
v 0.106066 0.816065 4.342732
v 0.129904 0.784999 4.342732
v 0.144889 0.748822 4.342732
v 1.971177 0.144888 4.342732
v 0.150000 0.709999 4.342732
v 0.748823 0.144888 4.342732
v 0.144889 0.671177 4.342732
v -0.144889 -0.748823 4.342732
v -1.971177 -0.144889 4.342732
v -0.150000 -0.710001 4.342732
v -0.748823 -0.144889 4.342732
v -0.144889 -0.671178 4.342732
v -0.129904 -0.785001 4.342732
v -0.106066 -0.816067 4.342732
v -0.075000 -0.839904 4.342732
v -0.038823 -0.854889 4.342732
v 0.000000 -0.860001 4.342732
v 0.038823 -0.854889 4.342732
v 0.075000 -0.839904 4.342732
v 0.106066 -0.816067 4.342732
v 0.129904 -0.785001 4.342732
v 0.144889 -0.748823 4.342732
v 1.971177 -0.144889 4.342732
v 0.150000 -0.710001 4.342732
v 0.144889 -0.671178 4.342732
v 1.865111 -0.038823 4.342732
v 0.854889 -0.038823 4.342732
v 1.860000 -0.000001 4.342732
v 0.860000 -0.000001 4.342732
v 1.865111 0.038822 4.342732
v 0.854889 0.038822 4.342732
v 1.880096 0.074999 4.342732
v 0.839904 0.074999 4.342732
v 1.903934 0.106065 4.342732
v 0.816066 0.106065 4.342732
v 1.935000 0.129903 4.342732
v 0.785000 0.129903 4.342732
v 0.839904 -0.075001 4.342732
v 1.880096 -0.075001 4.342732
v 0.816066 -0.106067 4.342732
v 1.903934 -0.106067 4.342732
v 0.785000 -0.129904 4.342732
v 1.935000 -0.129904 4.342732
v 2.010000 -0.150001 4.342732
v 2.048823 -0.144889 4.342732
v 2.085000 -0.129904 4.342732
v 2.116066 -0.106067 4.342732
v 2.139904 -0.075001 4.342732
v 2.154889 -0.038823 4.342732
v 2.160000 -0.000001 4.342732
v 2.154889 0.038822 4.342732
v 2.139904 0.074999 4.342732
v 2.116066 0.106065 4.342732
v 2.085000 0.129903 4.342732
v 2.048823 0.144888 4.342732
v 2.010000 0.149999 4.342732
v -0.854889 -0.038823 4.342732
v -1.865111 -0.038823 4.342732
v -0.860000 -0.000001 4.342732
v -1.860000 -0.000001 4.342732
v -0.854889 0.038822 4.342732
v -1.865111 0.038822 4.342732
v -0.839904 0.074999 4.342732
v -1.880096 0.074999 4.342732
v -0.816066 0.106065 4.342732
v -1.903934 0.106065 4.342732
v -0.785000 0.129903 4.342732
v -1.935000 0.129903 4.342732
v -1.880096 -0.075001 4.342732
v -0.839904 -0.075001 4.342732
v -1.903934 -0.106067 4.342732
v -0.816066 -0.106067 4.342732
v -1.935000 -0.129904 4.342732
v -0.785000 -0.129904 4.342732
v -2.154889 -0.038823 4.342732
v -2.160000 -0.000001 4.342732
v -2.154889 0.038822 4.342732
v -2.139904 0.074999 4.342732
v -2.116066 0.106065 4.342732
v -2.085000 0.129903 4.342732
v -2.048823 0.144888 4.342732
v -2.010000 0.149999 4.342732
v -2.139904 -0.075001 4.342732
v -2.116066 -0.106067 4.342732
v -2.085000 -0.129904 4.342732
v -2.048823 -0.144889 4.342732
v -2.010000 -0.150001 4.342732
v 0.565111 0.038822 4.567732
v 0.560000 -0.000001 4.567732
v 0.565111 -0.038823 4.567732
v 0.580096 -0.075001 4.567732
v 0.603934 -0.106067 4.567732
v 0.635000 -0.129904 4.567732
v 0.671177 -0.144889 4.567732
v 0.710000 -0.150001 4.567732
v 0.748823 -0.144889 4.567732
v 0.785000 -0.129904 4.567732
v 0.816066 -0.106067 4.567732
v 0.839904 -0.075001 4.567732
v 0.854889 -0.038823 4.567732
v 0.860000 -0.000001 4.567732
v 0.854889 0.038822 4.567732
v 0.839904 0.074999 4.567732
v 0.816066 0.106065 4.567732
v 0.785000 0.129903 4.567732
v 0.748823 0.144888 4.567732
v 0.710000 0.149999 4.567732
v 0.671177 0.144888 4.567732
v 0.635000 0.129903 4.567732
v 0.603934 0.106065 4.567732
v 0.580096 0.074999 4.567732
v -2.154889 0.038822 4.567732
v -2.160000 -0.000001 4.567732
v -2.154889 -0.038823 4.567732
v -2.139904 -0.075001 4.567732
v -2.116066 -0.106067 4.567732
v -2.085000 -0.129904 4.567732
v -2.048823 -0.144889 4.567732
v -2.010000 -0.150001 4.567732
v -1.971177 -0.144889 4.567732
v -1.935000 -0.129904 4.567732
v -1.903934 -0.106067 4.567732
v -1.880096 -0.075001 4.567732
v -1.865111 -0.038823 4.567732
v -1.860000 -0.000001 4.567732
v -1.865111 0.038822 4.567732
v -1.880096 0.074999 4.567732
v -1.903934 0.106065 4.567732
v -1.935000 0.129903 4.567732
v -1.971177 0.144888 4.567732
v -2.010000 0.149999 4.567732
v -2.048823 0.144888 4.567732
v -2.085000 0.129903 4.567732
v -2.116066 0.106065 4.567732
v -2.139904 0.074999 4.567732
v -0.854889 0.038822 4.567732
v -0.860000 -0.000001 4.567732
v -0.854889 -0.038823 4.567732
v -0.839904 -0.075001 4.567732
v -0.816066 -0.106067 4.567732
v -0.785000 -0.129904 4.567732
v -0.748823 -0.144889 4.567732
v -0.710000 -0.150001 4.567732
v -0.671177 -0.144889 4.567732
v -0.635000 -0.129904 4.567732
v -0.603934 -0.106067 4.567732
v -0.580096 -0.075001 4.567732
v -0.565111 -0.038823 4.567732
v -0.560000 -0.000001 4.567732
v -0.565111 0.038822 4.567732
v -0.580096 0.074999 4.567732
v -0.603934 0.106065 4.567732
v -0.635000 0.129903 4.567732
v -0.671177 0.144888 4.567732
v -0.710000 0.149999 4.567732
v -0.748823 0.144888 4.567732
v -0.785000 0.129903 4.567732
v -0.816066 0.106065 4.567732
v -0.839904 0.074999 4.567732
v 1.865111 0.038822 4.567732
v 1.860000 -0.000001 4.567732
v 1.865111 -0.038823 4.567732
v 1.880096 -0.075001 4.567732
v 1.903934 -0.106067 4.567732
v 1.935000 -0.129904 4.567732
v 1.971177 -0.144889 4.567732
v 2.010000 -0.150001 4.567732
v 2.048823 -0.144889 4.567732
v 2.085000 -0.129904 4.567732
v 2.116066 -0.106067 4.567732
v 2.139904 -0.075001 4.567732
v 2.154889 -0.038823 4.567732
v 2.160000 -0.000001 4.567732
v 2.154889 0.038822 4.567732
v 2.139904 0.074999 4.567732
v 2.116066 0.106065 4.567732
v 2.085000 0.129903 4.567732
v 2.048823 0.144888 4.567732
v 2.010000 0.149999 4.567732
v 1.971177 0.144888 4.567732
v 1.935000 0.129903 4.567732
v 1.903934 0.106065 4.567732
v 1.880096 0.074999 4.567732
v -0.144889 -0.671178 4.567732
v -0.150000 -0.710001 4.567732
v -0.144889 -0.748823 4.567732
v -0.129904 -0.785001 4.567732
v -0.106066 -0.816067 4.567732
v -0.075000 -0.839904 4.567732
v -0.038823 -0.854889 4.567732
v 0.000000 -0.860001 4.567732
v 0.038823 -0.854889 4.567732
v 0.075000 -0.839904 4.567732
v 0.106066 -0.816067 4.567732
v 0.129904 -0.785001 4.567732
v 0.144889 -0.748823 4.567732
v 0.150000 -0.710001 4.567732
v 0.144889 -0.671178 4.567732
v 0.129904 -0.635001 4.567732
v 0.106066 -0.603934 4.567732
v 0.075000 -0.580097 4.567732
v 0.038823 -0.565112 4.567732
v 0.000000 -0.560001 4.567732
v -0.038823 -0.565112 4.567732
v -0.075000 -0.580097 4.567732
v -0.106066 -0.603934 4.567732
v -0.129904 -0.635001 4.567732
v -0.144889 0.748822 4.567732
v -0.150000 0.709999 4.567732
v -0.144889 0.671177 4.567732
v -0.129904 0.634999 4.567732
v -0.106066 0.603933 4.567732
v -0.075000 0.580096 4.567732
v -0.038823 0.565111 4.567732
v 0.000000 0.559999 4.567732
v 0.038823 0.565111 4.567732
v 0.075000 0.580096 4.567732
v 0.106066 0.603933 4.567732
v 0.129904 0.634999 4.567732
v 0.144889 0.671177 4.567732
v 0.150000 0.709999 4.567732
v 0.144889 0.748822 4.567732
v 0.129904 0.784999 4.567732
v 0.106066 0.816065 4.567732
v 0.075000 0.839903 4.567732
v 0.038823 0.854888 4.567732
v 0.000000 0.859999 4.567732
v -0.038823 0.854888 4.567732
v -0.075000 0.839903 4.567732
v -0.106066 0.816065 4.567732
v -0.129904 0.784999 4.567732
v -0.386370 0.103527 4.567732
v -0.400000 -0.000001 4.567732
v -0.386370 -0.103528 4.567732
v -0.346410 -0.200001 4.567732
v -0.282843 -0.282843 4.567732
v -0.200000 -0.346411 4.567732
v -0.103528 -0.386371 4.567732
v 0.000000 -0.400001 4.567732
v 0.103528 -0.386371 4.567732
v 0.200000 -0.346411 4.567732
v 0.282843 -0.282843 4.567732
v 0.346410 -0.200001 4.567732
v 0.386370 -0.103528 4.567732
v 0.400000 -0.000001 4.567732
v 0.386370 0.103527 4.567732
v 0.346410 0.199999 4.567732
v 0.282843 0.282842 4.567732
v 0.200000 0.346410 4.567732
v 0.103528 0.386370 4.567732
v 0.000000 0.399999 4.567732
v -0.103528 0.386370 4.567732
v -0.200000 0.346410 4.567732
v -0.282843 0.282842 4.567732
v -0.346410 0.199999 4.567732
usemtl Steel_-_Satin
f 1 2 3
f 3 2 4
f 3 4 5
f 5 4 6
f 5 6 7
f 7 6 8
f 7 8 9
f 9 8 10
f 9 10 11
f 11 10 12
f 11 12 13
f 13 14 11
f 11 14 15
f 11 15 9
f 9 15 16
f 9 16 7
f 7 16 17
f 7 17 5
f 5 17 18
f 5 18 3
f 3 18 19
f 3 19 1
f 20 21 2
f 2 21 22
f 2 22 23
f 23 22 24
f 24 22 25
f 24 25 26
f 26 25 27
f 26 27 28
f 28 27 29
f 28 29 30
f 30 29 31
f 30 31 32
f 32 31 33
f 32 33 34
f 34 33 35
f 34 35 36
f 36 35 37
f 36 37 38
f 38 37 39
f 38 39 40
f 40 39 41
f 40 41 42
f 42 41 43
f 42 43 1
f 1 43 44
f 1 44 45
f 45 46 1
f 1 46 47
f 1 47 48
f 48 49 1
f 1 49 50
f 1 50 2
f 2 50 51
f 2 51 52
f 52 53 2
f 2 53 54
f 2 54 20
f 55 56 57
f 57 56 58
f 57 58 59
f 60 61 55
f 55 61 62
f 55 62 63
f 63 62 64
f 63 64 65
f 65 64 66
f 66 64 67
f 66 67 68
f 68 67 69
f 68 69 70
f 70 69 71
f 71 69 72
f 71 72 73
f 73 72 74
f 73 74 75
f 75 74 76
f 75 76 77
f 77 76 78
f 78 76 79
f 78 79 80
f 80 79 81
f 81 79 82
f 82 79 83
f 82 83 84
f 84 83 85
f 85 83 86
f 86 83 87
f 86 87 88
f 88 87 89
f 88 89 90
f 61 60 91
f 91 60 92
f 91 92 93
f 93 92 94
f 93 94 95
f 95 94 96
f 95 96 97
f 97 96 98
f 97 98 99
f 99 98 100
f 99 100 101
f 101 100 102
f 101 102 103
f 103 102 104
f 103 104 105
f 105 104 106
f 105 106 107
f 107 106 108
f 107 108 109
f 109 108 110
f 110 108 111
f 110 111 112
f 112 111 113
f 113 111 114
f 114 111 115
f 115 111 1
f 115 1 116
f 111 42 1
f 23 57 2
f 2 57 117
f 2 117 90
f 90 117 118
f 90 118 119
f 120 121 116
f 116 121 122
f 116 122 123
f 120 124 121
f 121 124 125
f 125 124 126
f 125 126 127
f 127 126 128
f 128 126 129
f 129 126 130
f 129 130 131
f 131 130 132
f 132 130 133
f 133 130 134
f 133 134 135
f 135 134 136
f 136 134 137
f 136 137 138
f 138 137 139
f 138 139 140
f 140 139 141
f 140 141 142
f 142 141 143
f 143 141 144
f 143 144 145
f 145 144 146
f 145 146 147
f 147 146 109
f 109 146 107
f 137 134 148
f 148 134 149
f 148 149 150
f 150 149 151
f 151 149 152
f 152 149 153
f 153 149 154
f 153 154 155
f 155 154 156
f 156 154 157
f 157 154 158
f 158 154 159
f 159 154 160
f 160 154 161
f 160 161 162
f 162 161 163
f 163 161 164
f 164 161 165
f 164 165 166
f 161 76 165
f 165 76 74
f 167 168 166
f 166 168 169
f 166 169 164
f 170 171 167
f 167 171 172
f 167 172 173
f 174 175 170
f 170 175 176
f 170 176 171
f 177 178 174
f 174 178 179
f 174 179 180
f 148 150 177
f 177 150 181
f 177 181 178
f 107 146 182
f 182 146 183
f 182 183 184
f 185 186 184
f 184 186 187
f 184 187 182
f 188 189 185
f 185 189 190
f 185 190 191
f 192 193 188
f 188 193 194
f 188 194 189
f 195 196 192
f 192 196 197
f 192 197 198
f 199 200 195
f 195 200 201
f 195 201 196
f 199 64 200
f 200 64 62
f 198 193 192
f 191 186 185
f 123 115 116
f 63 56 55
f 59 202 57
f 57 202 117
f 119 88 90
f 180 175 174
f 173 168 167
f 19 203 1
f 1 203 204
f 1 204 116
f 19 18 203
f 203 18 17
f 203 17 16
f 16 15 203
f 203 15 14
f 203 14 205
f 203 205 206
f 206 205 207
f 206 207 208
f 208 209 206
f 206 209 210
f 206 210 211
f 211 212 206
f 206 212 213
f 213 212 214
f 215 212 216
f 216 212 211
f 216 211 217
f 217 211 210
f 217 210 218
f 218 210 209
f 218 209 219
f 219 209 208
f 219 208 220
f 220 208 207
f 220 207 205
f 205 221 220
f 220 221 222
f 220 222 219
f 219 222 223
f 219 223 218
f 218 223 224
f 218 224 217
f 217 224 225
f 217 225 216
f 216 225 226
f 216 226 215
f 227 228 215
f 215 228 229
f 215 229 230
f 230 231 215
f 215 231 232
f 215 232 233
f 233 234 215
f 215 234 212
f 212 234 235
f 212 235 236
f 236 237 212
f 212 237 238
f 212 238 239
f 239 240 212
f 212 240 241
f 212 241 242
f 242 241 243
f 242 243 244
f 244 243 245
f 244 245 246
f 246 245 247
f 246 247 248
f 248 247 249
f 248 249 250
f 250 249 251
f 250 251 252
f 252 251 253
f 252 253 254
f 254 253 255
f 254 255 256
f 256 255 257
f 256 257 258
f 258 257 259
f 258 259 260
f 260 259 227
f 260 227 261
f 261 227 215
f 261 215 262
f 262 215 263
f 262 263 264
f 242 265 212
f 212 265 266
f 212 266 214
f 214 266 267
f 214 267 268
f 269 270 265
f 265 270 271
f 265 271 272
f 273 274 269
f 269 274 275
f 269 275 270
f 274 273 276
f 276 273 277
f 276 277 278
f 278 277 279
f 278 279 280
f 280 279 281
f 280 281 282
f 282 281 283
f 282 283 284
f 284 283 285
f 284 285 286
f 286 285 287
f 286 287 288
f 288 287 289
f 288 289 290
f 290 289 291
f 290 291 292
f 292 291 293
f 292 293 294
f 294 293 295
f 294 295 296
f 296 295 297
f 296 297 298
f 295 293 299
f 299 293 262
f 299 262 300
f 300 262 301
f 301 262 264
f 215 302 263
f 263 302 303
f 303 302 304
f 304 302 305
f 305 302 306
f 305 306 307
f 305 307 308
f 308 307 309
f 308 309 310
f 310 309 311
f 311 309 312
f 312 309 313
f 312 313 314
f 314 313 315
f 315 313 316
f 316 313 317
f 316 317 318
f 318 317 319
f 319 317 320
f 319 320 321
f 321 320 322
f 321 322 323
f 323 322 324
f 323 324 325
f 325 324 326
f 326 324 327
f 326 327 298
f 298 327 296
f 320 317 328
f 328 317 329
f 328 329 330
f 330 329 331
f 331 329 332
f 332 329 333
f 333 329 334
f 333 334 335
f 335 334 336
f 336 334 337
f 337 334 338
f 338 334 339
f 339 334 340
f 340 334 341
f 340 341 342
f 342 341 343
f 343 341 344
f 344 341 345
f 344 345 346
f 341 347 345
f 345 347 348
f 348 347 349
f 348 349 350
f 351 352 347
f 347 352 353
f 347 353 349
f 354 355 351
f 351 355 356
f 351 356 357
f 358 359 354
f 354 359 360
f 354 360 361
f 359 358 362
f 362 358 363
f 362 363 214
f 294 296 364
f 364 296 365
f 364 365 366
f 367 368 366
f 366 368 369
f 366 369 364
f 370 371 367
f 367 371 372
f 367 372 373
f 374 375 370
f 370 375 376
f 370 376 371
f 377 378 374
f 374 378 379
f 374 379 380
f 381 382 377
f 377 382 383
f 377 383 378
f 381 384 382
f 382 384 274
f 274 384 275
f 385 386 384
f 384 386 387
f 384 387 275
f 386 385 388
f 388 385 389
f 388 389 390
f 390 389 391
f 391 389 392
f 391 392 350
f 350 392 348
f 393 394 346
f 346 394 395
f 346 395 344
f 396 397 393
f 393 397 398
f 393 398 399
f 400 401 396
f 396 401 402
f 396 402 397
f 403 404 400
f 400 404 405
f 400 405 406
f 328 330 403
f 403 330 407
f 403 407 404
f 380 375 374
f 373 368 367
f 272 408 265
f 265 408 266
f 268 362 214
f 361 355 354
f 357 352 351
f 406 401 400
f 399 394 393
f 20 409 21
f 21 409 410
f 21 410 22
f 22 410 411
f 22 411 25
f 25 411 412
f 25 412 27
f 27 412 413
f 27 413 29
f 29 413 414
f 29 414 31
f 31 414 415
f 31 415 33
f 33 415 416
f 33 416 35
f 35 416 417
f 35 417 37
f 37 417 418
f 37 418 39
f 39 418 419
f 39 419 41
f 41 419 420
f 41 420 43
f 43 420 421
f 43 421 44
f 44 421 422
f 44 422 45
f 45 422 423
f 45 423 46
f 46 423 424
f 46 424 47
f 47 424 425
f 47 425 48
f 48 425 426
f 48 426 49
f 49 426 427
f 49 427 50
f 50 427 428
f 50 428 51
f 51 428 429
f 51 429 52
f 52 429 430
f 52 430 53
f 53 430 431
f 53 431 54
f 54 431 432
f 54 432 20
f 20 432 409
f 433 229 434
f 434 229 228
f 434 228 435
f 435 228 227
f 435 227 436
f 436 227 259
f 436 259 437
f 437 259 257
f 437 257 438
f 438 257 255
f 438 255 439
f 439 255 253
f 439 253 440
f 440 253 251
f 440 251 441
f 441 251 249
f 441 249 442
f 442 249 247
f 442 247 443
f 443 247 245
f 443 245 444
f 444 245 243
f 444 243 445
f 445 243 241
f 445 241 446
f 446 241 240
f 446 240 447
f 447 240 239
f 447 239 448
f 448 239 238
f 448 238 449
f 449 238 237
f 449 237 450
f 450 237 236
f 450 236 451
f 451 236 235
f 451 235 452
f 452 235 234
f 452 234 453
f 453 234 233
f 453 233 454
f 454 233 232
f 454 232 455
f 455 232 231
f 455 231 456
f 456 231 230
f 456 230 433
f 433 230 229
f 23 457 57
f 57 457 458
f 57 458 55
f 55 458 459
f 55 459 60
f 60 459 460
f 60 460 92
f 92 460 461
f 92 461 94
f 94 461 462
f 94 462 96
f 96 462 463
f 96 463 98
f 98 463 464
f 98 464 100
f 100 464 465
f 100 465 102
f 102 465 466
f 102 466 104
f 104 466 467
f 104 467 106
f 106 467 468
f 106 468 108
f 108 468 469
f 108 469 111
f 111 469 470
f 111 470 42
f 42 470 471
f 42 471 40
f 40 471 472
f 40 472 38
f 38 472 473
f 38 473 36
f 36 473 474
f 36 474 34
f 34 474 475
f 34 475 32
f 32 475 476
f 32 476 30
f 30 476 477
f 30 477 28
f 28 477 478
f 28 478 26
f 26 478 479
f 26 479 24
f 24 479 480
f 24 480 23
f 23 480 457
f 481 261 482
f 482 261 262
f 482 262 483
f 483 262 293
f 483 293 484
f 484 293 291
f 484 291 485
f 485 291 289
f 485 289 486
f 486 289 287
f 486 287 487
f 487 287 285
f 487 285 488
f 488 285 283
f 488 283 489
f 489 283 281
f 489 281 490
f 490 281 279
f 490 279 491
f 491 279 277
f 491 277 492
f 492 277 273
f 492 273 493
f 493 273 269
f 493 269 494
f 494 269 265
f 494 265 495
f 495 265 242
f 495 242 496
f 496 242 244
f 496 244 497
f 497 244 246
f 497 246 498
f 498 246 248
f 498 248 499
f 499 248 250
f 499 250 500
f 500 250 252
f 500 252 501
f 501 252 254
f 501 254 502
f 502 254 256
f 502 256 503
f 503 256 258
f 503 258 504
f 504 258 260
f 504 260 481
f 481 260 261
f 169 505 164
f 164 505 506
f 164 506 163
f 163 506 507
f 163 507 162
f 162 507 508
f 162 508 160
f 160 508 509
f 160 509 159
f 159 509 510
f 159 510 158
f 158 510 511
f 158 511 157
f 157 511 512
f 157 512 156
f 156 512 513
f 156 513 155
f 155 513 514
f 155 514 153
f 153 514 515
f 153 515 152
f 152 515 516
f 152 516 151
f 151 516 517
f 151 517 150
f 150 517 518
f 150 518 181
f 181 518 519
f 181 519 178
f 178 519 520
f 178 520 179
f 179 520 521
f 179 521 180
f 180 521 522
f 180 522 175
f 175 522 523
f 175 523 176
f 176 523 524
f 176 524 171
f 171 524 525
f 171 525 172
f 172 525 526
f 172 526 173
f 173 526 527
f 173 527 168
f 168 527 528
f 168 528 169
f 169 528 505
f 529 407 530
f 530 407 330
f 530 330 531
f 531 330 331
f 531 331 532
f 532 331 332
f 532 332 533
f 533 332 333
f 533 333 534
f 534 333 335
f 534 335 535
f 535 335 336
f 535 336 536
f 536 336 337
f 536 337 537
f 537 337 338
f 537 338 538
f 538 338 339
f 538 339 539
f 539 339 340
f 539 340 540
f 540 340 342
f 540 342 541
f 541 342 343
f 541 343 542
f 542 343 344
f 542 344 543
f 543 344 395
f 543 395 544
f 544 395 394
f 544 394 545
f 545 394 399
f 545 399 546
f 546 399 398
f 546 398 547
f 547 398 397
f 547 397 548
f 548 397 402
f 548 402 549
f 549 402 401
f 549 401 550
f 550 401 406
f 550 406 551
f 551 406 405
f 551 405 552
f 552 405 404
f 552 404 529
f 529 404 407
f 119 553 88
f 88 553 554
f 88 554 86
f 86 554 555
f 86 555 85
f 85 555 556
f 85 556 84
f 84 556 557
f 84 557 82
f 82 557 558
f 82 558 81
f 81 558 559
f 81 559 80
f 80 559 560
f 80 560 78
f 78 560 561
f 78 561 77
f 77 561 562
f 77 562 75
f 75 562 563
f 75 563 73
f 73 563 564
f 73 564 71
f 71 564 565
f 71 565 70
f 70 565 566
f 70 566 68
f 68 566 567
f 68 567 66
f 66 567 568
f 66 568 65
f 65 568 569
f 65 569 63
f 63 569 570
f 63 570 56
f 56 570 571
f 56 571 58
f 58 571 572
f 58 572 59
f 59 572 573
f 59 573 202
f 202 573 574
f 202 574 117
f 117 574 575
f 117 575 118
f 118 575 576
f 118 576 119
f 119 576 553
f 577 304 578
f 578 304 305
f 578 305 579
f 579 305 308
f 579 308 580
f 580 308 310
f 580 310 581
f 581 310 311
f 581 311 582
f 582 311 312
f 582 312 583
f 583 312 314
f 583 314 584
f 584 314 315
f 584 315 585
f 585 315 316
f 585 316 586
f 586 316 318
f 586 318 587
f 587 318 319
f 587 319 588
f 588 319 321
f 588 321 589
f 589 321 323
f 589 323 590
f 590 323 325
f 590 325 591
f 591 325 326
f 591 326 592
f 592 326 298
f 592 298 593
f 593 298 297
f 593 297 594
f 594 297 295
f 594 295 595
f 595 295 299
f 595 299 596
f 596 299 300
f 596 300 597
f 597 300 301
f 597 301 598
f 598 301 264
f 598 264 599
f 599 264 263
f 599 263 600
f 600 263 303
f 600 303 577
f 577 303 304
f 143 601 142
f 142 601 602
f 142 602 140
f 140 602 603
f 140 603 138
f 138 603 604
f 138 604 136
f 136 604 605
f 136 605 135
f 135 605 606
f 135 606 133
f 133 606 607
f 133 607 132
f 132 607 608
f 132 608 131
f 131 608 609
f 131 609 129
f 129 609 610
f 129 610 128
f 128 610 611
f 128 611 127
f 127 611 612
f 127 612 125
f 125 612 613
f 125 613 121
f 121 613 614
f 121 614 122
f 122 614 615
f 122 615 123
f 123 615 616
f 123 616 115
f 115 616 617
f 115 617 114
f 114 617 618
f 114 618 113
f 113 618 619
f 113 619 112
f 112 619 620
f 112 620 110
f 110 620 621
f 110 621 109
f 109 621 622
f 109 622 147
f 147 622 623
f 147 623 145
f 145 623 624
f 145 624 143
f 143 624 601
f 625 388 626
f 626 388 390
f 626 390 627
f 627 390 391
f 627 391 628
f 628 391 350
f 628 350 629
f 629 350 349
f 629 349 630
f 630 349 353
f 630 353 631
f 631 353 352
f 631 352 632
f 632 352 357
f 632 357 633
f 633 357 356
f 633 356 634
f 634 356 355
f 634 355 635
f 635 355 361
f 635 361 636
f 636 361 360
f 636 360 637
f 637 360 359
f 637 359 638
f 638 359 362
f 638 362 639
f 639 362 268
f 639 268 640
f 640 268 267
f 640 267 641
f 641 267 266
f 641 266 642
f 642 266 408
f 642 408 643
f 643 408 272
f 643 272 644
f 644 272 271
f 644 271 645
f 645 271 270
f 645 270 646
f 646 270 275
f 646 275 647
f 647 275 387
f 647 387 648
f 648 387 386
f 648 386 625
f 625 386 388
f 62 649 200
f 200 649 650
f 200 650 201
f 201 650 651
f 201 651 196
f 196 651 652
f 196 652 197
f 197 652 653
f 197 653 198
f 198 653 654
f 198 654 193
f 193 654 655
f 193 655 194
f 194 655 656
f 194 656 189
f 189 656 657
f 189 657 190
f 190 657 658
f 190 658 191
f 191 658 659
f 191 659 186
f 186 659 660
f 186 660 187
f 187 660 661
f 187 661 182
f 182 661 662
f 182 662 107
f 107 662 663
f 107 663 105
f 105 663 664
f 105 664 103
f 103 664 665
f 103 665 101
f 101 665 666
f 101 666 99
f 99 666 667
f 99 667 97
f 97 667 668
f 97 668 95
f 95 668 669
f 95 669 93
f 93 669 670
f 93 670 91
f 91 670 671
f 91 671 61
f 61 671 672
f 61 672 62
f 62 672 649
f 673 294 674
f 674 294 364
f 674 364 675
f 675 364 369
f 675 369 676
f 676 369 368
f 676 368 677
f 677 368 373
f 677 373 678
f 678 373 372
f 678 372 679
f 679 372 371
f 679 371 680
f 680 371 376
f 680 376 681
f 681 376 375
f 681 375 682
f 682 375 380
f 682 380 683
f 683 380 379
f 683 379 684
f 684 379 378
f 684 378 685
f 685 378 383
f 685 383 686
f 686 383 382
f 686 382 687
f 687 382 274
f 687 274 688
f 688 274 276
f 688 276 689
f 689 276 278
f 689 278 690
f 690 278 280
f 690 280 691
f 691 280 282
f 691 282 692
f 692 282 284
f 692 284 693
f 693 284 286
f 693 286 694
f 694 286 288
f 694 288 695
f 695 288 290
f 695 290 696
f 696 290 292
f 696 292 673
f 673 292 294
f 67 697 69
f 69 697 698
f 69 698 72
f 72 698 699
f 72 699 74
f 74 699 700
f 74 700 165
f 165 700 701
f 165 701 166
f 166 701 702
f 166 702 167
f 167 702 703
f 167 703 170
f 170 703 704
f 170 704 174
f 174 704 705
f 174 705 177
f 177 705 706
f 177 706 148
f 148 706 707
f 148 707 137
f 137 707 708
f 137 708 139
f 139 708 709
f 139 709 141
f 141 709 710
f 141 710 144
f 144 710 711
f 144 711 146
f 146 711 712
f 146 712 183
f 183 712 713
f 183 713 184
f 184 713 714
f 184 714 185
f 185 714 715
f 185 715 188
f 188 715 716
f 188 716 192
f 192 716 717
f 192 717 195
f 195 717 718
f 195 718 199
f 199 718 719
f 199 719 64
f 64 719 720
f 64 720 67
f 67 720 697
f 721 327 722
f 722 327 324
f 722 324 723
f 723 324 322
f 723 322 724
f 724 322 320
f 724 320 725
f 725 320 328
f 725 328 726
f 726 328 403
f 726 403 727
f 727 403 400
f 727 400 728
f 728 400 396
f 728 396 729
f 729 396 393
f 729 393 730
f 730 393 346
f 730 346 731
f 731 346 345
f 731 345 732
f 732 345 348
f 732 348 733
f 733 348 392
f 733 392 734
f 734 392 389
f 734 389 735
f 735 389 385
f 735 385 736
f 736 385 384
f 736 384 737
f 737 384 381
f 737 381 738
f 738 381 377
f 738 377 739
f 739 377 374
f 739 374 740
f 740 374 370
f 740 370 741
f 741 370 367
f 741 367 742
f 742 367 366
f 742 366 743
f 743 366 365
f 743 365 744
f 744 365 296
f 744 296 721
f 721 296 327
f 745 90 746
f 746 90 89
f 746 89 747
f 747 89 87
f 747 87 748
f 748 87 83
f 748 83 749
f 749 83 79
f 749 79 750
f 750 79 76
f 750 76 751
f 751 76 161
f 751 161 752
f 752 161 154
f 752 154 753
f 753 154 149
f 753 149 754
f 754 149 134
f 754 134 755
f 755 134 130
f 755 130 756
f 756 130 126
f 756 126 757
f 757 126 124
f 757 124 758
f 758 124 120
f 758 120 204
f 204 120 116
f 213 214 759
f 759 214 363
f 759 363 760
f 760 363 358
f 760 358 761
f 761 358 354
f 761 354 762
f 762 354 351
f 762 351 763
f 763 351 347
f 763 347 764
f 764 347 341
f 764 341 765
f 765 341 334
f 765 334 766
f 766 334 329
f 766 329 767
f 767 329 317
f 767 317 768
f 768 317 313
f 768 313 769
f 769 313 309
f 769 309 770
f 770 309 307
f 770 307 771
f 771 307 306
f 771 306 772
f 772 306 302
f 531 766 530
f 530 766 725
f 530 725 726
f 531 532 766
f 766 532 533
f 766 533 765
f 765 533 534
f 765 534 535
f 535 536 765
f 765 536 537
f 765 537 538
f 538 539 765
f 765 539 764
f 764 539 540
f 764 540 541
f 541 542 764
f 764 542 731
f 764 731 763
f 763 731 732
f 763 732 629
f 629 732 628
f 628 732 733
f 628 733 627
f 627 733 734
f 627 734 626
f 626 734 625
f 625 734 735
f 625 735 648
f 648 735 736
f 648 736 647
f 647 736 646
f 646 736 687
f 646 687 493
f 493 687 492
f 492 687 688
f 492 688 491
f 491 688 689
f 491 689 490
f 490 689 690
f 490 690 489
f 489 690 691
f 489 691 488
f 488 691 692
f 488 692 487
f 487 692 693
f 487 693 486
f 486 693 694
f 486 694 485
f 485 694 695
f 485 695 484
f 484 695 696
f 484 696 483
f 483 696 673
f 483 673 594
f 594 673 744
f 594 744 593
f 593 744 592
f 592 744 721
f 592 721 591
f 591 721 722
f 591 722 590
f 590 722 589
f 589 722 723
f 589 723 588
f 588 723 724
f 588 724 587
f 587 724 767
f 587 767 586
f 586 767 585
f 585 767 768
f 585 768 584
f 584 768 583
f 583 768 582
f 582 768 769
f 582 769 581
f 581 769 580
f 580 769 579
f 579 769 770
f 579 770 578
f 578 770 771
f 578 771 772
f 731 542 730
f 730 542 543
f 730 543 544
f 730 544 729
f 729 544 545
f 729 545 546
f 546 547 729
f 729 547 728
f 728 547 548
f 728 548 549
f 728 549 727
f 727 549 550
f 727 550 551
f 551 552 727
f 727 552 726
f 726 552 529
f 726 529 530
f 594 595 483
f 483 595 482
f 482 595 596
f 482 596 597
f 597 598 482
f 482 598 599
f 482 599 773
f 773 599 772
f 772 599 600
f 772 600 577
f 577 578 772
f 629 630 763
f 763 630 631
f 763 631 762
f 762 631 632
f 762 632 633
f 633 634 762
f 762 634 761
f 761 634 635
f 761 635 636
f 636 637 761
f 761 637 760
f 760 637 638
f 760 638 759
f 759 638 213
f 213 638 639
f 213 639 640
f 640 641 213
f 213 641 206
f 206 641 494
f 206 494 495
f 641 642 494
f 494 642 643
f 494 643 644
f 644 645 494
f 494 645 493
f 493 645 646
f 675 742 674
f 674 742 743
f 674 743 744
f 675 676 742
f 742 676 741
f 741 676 677
f 741 677 678
f 678 679 741
f 741 679 740
f 740 679 680
f 740 680 681
f 740 681 739
f 739 681 682
f 739 682 683
f 683 684 739
f 739 684 738
f 738 684 685
f 738 685 686
f 687 736 686
f 686 736 737
f 686 737 738
f 673 674 744
f 724 725 767
f 767 725 766
f 206 452 773
f 773 452 453
f 773 453 454
f 496 444 495
f 495 444 445
f 495 445 206
f 206 445 446
f 206 446 447
f 444 496 443
f 443 496 497
f 443 497 442
f 442 497 498
f 442 498 441
f 441 498 499
f 441 499 440
f 440 499 500
f 440 500 439
f 439 500 501
f 439 501 438
f 438 501 502
f 438 502 437
f 437 502 503
f 437 503 436
f 436 503 504
f 436 504 435
f 435 504 481
f 435 481 773
f 773 481 482
f 433 434 773
f 773 434 435
f 447 448 206
f 206 448 449
f 206 449 450
f 450 451 206
f 206 451 452
f 454 455 773
f 773 455 456
f 773 456 433
f 774 775 776
f 776 775 777
f 776 777 778
f 779 780 774
f 774 780 781
f 774 781 782
f 780 779 783
f 783 779 784
f 783 784 785
f 785 784 786
f 785 786 787
f 787 786 788
f 788 786 789
f 789 786 790
f 789 790 791
f 791 790 792
f 791 792 793
f 793 792 794
f 794 792 795
f 794 795 796
f 796 795 797
f 796 797 798
f 798 797 799
f 799 797 800
f 799 800 801
f 797 802 800
f 800 802 803
f 803 802 804
f 803 804 805
f 805 804 806
f 805 806 807
f 807 806 808
f 808 806 809
f 809 806 810
f 809 810 811
f 811 810 812
f 812 810 813
f 812 813 814
f 814 813 815
f 815 813 816
f 816 813 817
f 816 817 818
f 818 817 819
f 818 819 820
f 820 819 821
f 820 821 822
f 822 821 823
f 823 821 824
f 824 821 825
f 824 825 826
f 826 825 827
f 826 827 828
f 828 827 829
f 829 827 830
f 829 830 831
f 831 830 832
f 831 832 833
f 833 832 834
f 834 832 835
f 834 835 836
f 832 837 835
f 835 837 838
f 838 837 839
f 838 839 840
f 840 839 841
f 840 841 842
f 842 841 843
f 843 841 778
f 778 841 776
f 844 836 845
f 845 836 846
f 845 846 847
f 847 846 773
f 847 773 848
f 848 773 849
f 849 773 850
f 850 773 851
f 851 773 852
f 852 773 853
f 852 853 854
f 854 853 855
f 855 853 856
f 856 853 857
f 857 853 858
f 858 853 859
f 858 859 860
f 860 859 861
f 860 861 862
f 862 861 822
f 822 861 820
f 844 834 836
f 863 864 865
f 865 864 866
f 865 866 867
f 867 866 787
f 787 866 785
f 864 863 206
f 206 863 868
f 206 868 869
f 869 870 206
f 206 870 871
f 206 871 872
f 206 872 203
f 203 872 873
f 203 873 874
f 874 875 203
f 203 875 876
f 203 876 877
f 203 877 878
f 878 877 879
f 878 879 801
f 801 879 880
f 801 880 799
f 881 882 883
f 883 882 884
f 883 884 885
f 885 884 886
f 885 886 887
f 887 886 888
f 887 888 889
f 889 888 890
f 889 890 891
f 891 890 892
f 891 892 859
f 859 892 861
f 882 881 893
f 893 881 894
f 893 894 895
f 895 894 896
f 895 896 897
f 897 896 898
f 897 898 801
f 801 898 878
f 878 899 203
f 203 899 900
f 203 900 901
f 901 902 203
f 203 902 903
f 203 903 904
f 904 905 203
f 203 905 853
f 853 905 906
f 853 906 907
f 907 908 853
f 853 908 909
f 853 909 910
f 910 911 853
f 853 911 859
f 912 913 914
f 914 913 915
f 914 915 916
f 916 915 917
f 916 917 918
f 918 917 919
f 918 919 920
f 920 919 921
f 920 921 922
f 922 921 923
f 922 923 836
f 836 923 846
f 913 912 924
f 924 912 925
f 924 925 926
f 926 925 927
f 926 927 928
f 928 927 929
f 928 929 864
f 864 929 866
f 782 775 774
f 930 206 931
f 931 206 773
f 931 773 932
f 932 773 933
f 933 773 934
f 934 773 935
f 935 773 936
f 936 773 937
f 937 773 846
f 930 938 206
f 206 938 939
f 206 939 940
f 940 941 206
f 206 941 942
f 206 942 864
f 505 702 506
f 506 702 701
f 506 701 751
f 751 701 750
f 750 701 700
f 750 700 563
f 563 700 564
f 564 700 699
f 564 699 565
f 565 699 698
f 565 698 566
f 566 698 567
f 567 698 697
f 567 697 568
f 568 697 720
f 568 720 569
f 569 720 570
f 570 720 649
f 570 649 459
f 459 649 672
f 459 672 460
f 460 672 671
f 460 671 461
f 461 671 670
f 461 670 462
f 462 670 669
f 462 669 463
f 463 669 668
f 463 668 464
f 464 668 667
f 464 667 465
f 465 667 666
f 465 666 466
f 466 666 665
f 466 665 467
f 467 665 664
f 467 664 468
f 468 664 663
f 468 663 469
f 469 663 622
f 469 622 621
f 505 528 702
f 702 528 703
f 703 528 527
f 703 527 526
f 526 525 703
f 703 525 704
f 704 525 524
f 704 524 523
f 704 523 705
f 705 523 522
f 705 522 521
f 521 520 705
f 705 520 706
f 706 520 519
f 706 519 518
f 517 753 518
f 518 753 707
f 518 707 706
f 517 516 753
f 753 516 515
f 753 515 752
f 752 515 514
f 752 514 513
f 513 512 752
f 752 512 511
f 752 511 510
f 510 509 752
f 752 509 751
f 751 509 508
f 751 508 507
f 507 506 751
f 553 745 554
f 554 745 746
f 554 746 747
f 553 576 745
f 745 576 575
f 745 575 853
f 853 575 458
f 853 458 457
f 575 574 458
f 458 574 573
f 458 573 572
f 572 571 458
f 458 571 459
f 459 571 570
f 563 562 750
f 750 562 561
f 750 561 749
f 749 561 560
f 749 560 559
f 559 558 749
f 749 558 748
f 748 558 557
f 748 557 556
f 556 555 748
f 748 555 747
f 747 555 554
f 603 602 710
f 710 602 601
f 710 601 711
f 711 601 624
f 711 624 712
f 712 624 623
f 712 623 622
f 469 621 470
f 470 621 620
f 470 620 619
f 619 618 470
f 470 618 617
f 470 617 203
f 203 617 204
f 204 617 616
f 204 616 615
f 615 614 204
f 204 614 758
f 758 614 757
f 757 614 613
f 757 613 756
f 756 613 612
f 756 612 611
f 611 610 756
f 756 610 755
f 755 610 609
f 755 609 608
f 608 607 755
f 755 607 754
f 754 607 606
f 754 606 605
f 754 605 708
f 708 605 604
f 708 604 709
f 709 604 603
f 709 603 710
f 649 720 650
f 650 720 719
f 650 719 718
f 622 663 712
f 712 663 662
f 712 662 713
f 713 662 714
f 714 662 661
f 714 661 660
f 714 660 715
f 715 660 659
f 715 659 658
f 658 657 715
f 715 657 716
f 716 657 656
f 716 656 655
f 716 655 717
f 717 655 654
f 717 654 653
f 653 652 717
f 717 652 718
f 718 652 651
f 718 651 650
f 708 707 754
f 754 707 753
f 853 428 203
f 203 428 427
f 203 427 426
f 853 457 411
f 411 457 480
f 411 480 412
f 412 480 479
f 412 479 413
f 413 479 478
f 413 478 414
f 414 478 477
f 414 477 415
f 415 477 476
f 415 476 416
f 416 476 475
f 416 475 417
f 417 475 474
f 417 474 418
f 418 474 473
f 418 473 419
f 419 473 472
f 419 472 420
f 420 472 471
f 420 471 421
f 421 471 203
f 421 203 422
f 422 203 423
f 423 203 424
f 424 203 425
f 425 203 426
f 471 470 203
f 411 410 853
f 853 410 409
f 853 409 432
f 432 431 853
f 853 431 430
f 853 430 429
f 429 428 853
f 812 943 811
f 811 943 944
f 811 944 809
f 809 944 945
f 809 945 808
f 808 945 946
f 808 946 807
f 807 946 947
f 807 947 805
f 805 947 948
f 805 948 803
f 803 948 949
f 803 949 800
f 800 949 950
f 800 950 801
f 801 950 951
f 801 951 897
f 897 951 952
f 897 952 895
f 895 952 953
f 895 953 893
f 893 953 954
f 893 954 882
f 882 954 955
f 882 955 884
f 884 955 956
f 884 956 886
f 886 956 957
f 886 957 888
f 888 957 958
f 888 958 890
f 890 958 959
f 890 959 892
f 892 959 960
f 892 960 861
f 861 960 961
f 861 961 820
f 820 961 962
f 820 962 818
f 818 962 963
f 818 963 816
f 816 963 964
f 816 964 815
f 815 964 965
f 815 965 814
f 814 965 966
f 814 966 812
f 812 966 943
f 932 967 931
f 931 967 968
f 931 968 930
f 930 968 969
f 930 969 938
f 938 969 970
f 938 970 939
f 939 970 971
f 939 971 940
f 940 971 972
f 940 972 941
f 941 972 973
f 941 973 942
f 942 973 974
f 942 974 864
f 864 974 975
f 864 975 928
f 928 975 976
f 928 976 926
f 926 976 977
f 926 977 924
f 924 977 978
f 924 978 913
f 913 978 979
f 913 979 915
f 915 979 980
f 915 980 917
f 917 980 981
f 917 981 919
f 919 981 982
f 919 982 921
f 921 982 983
f 921 983 923
f 923 983 984
f 923 984 846
f 846 984 985
f 846 985 937
f 937 985 986
f 937 986 936
f 936 986 987
f 936 987 935
f 935 987 988
f 935 988 934
f 934 988 989
f 934 989 933
f 933 989 990
f 933 990 932
f 932 990 967
f 916 991 914
f 914 991 992
f 914 992 912
f 912 992 993
f 912 993 925
f 925 993 994
f 925 994 927
f 927 994 995
f 927 995 929
f 929 995 996
f 929 996 866
f 866 996 997
f 866 997 785
f 785 997 998
f 785 998 783
f 783 998 999
f 783 999 780
f 780 999 1000
f 780 1000 781
f 781 1000 1001
f 781 1001 782
f 782 1001 1002
f 782 1002 775
f 775 1002 1003
f 775 1003 777
f 777 1003 1004
f 777 1004 778
f 778 1004 1005
f 778 1005 843
f 843 1005 1006
f 843 1006 842
f 842 1006 1007
f 842 1007 840
f 840 1007 1008
f 840 1008 838
f 838 1008 1009
f 838 1009 835
f 835 1009 1010
f 835 1010 836
f 836 1010 1011
f 836 1011 922
f 922 1011 1012
f 922 1012 920
f 920 1012 1013
f 920 1013 918
f 918 1013 1014
f 918 1014 916
f 916 1014 991
f 885 1015 883
f 883 1015 1016
f 883 1016 881
f 881 1016 1017
f 881 1017 894
f 894 1017 1018
f 894 1018 896
f 896 1018 1019
f 896 1019 898
f 898 1019 1020
f 898 1020 878
f 878 1020 1021
f 878 1021 899
f 899 1021 1022
f 899 1022 900
f 900 1022 1023
f 900 1023 901
f 901 1023 1024
f 901 1024 902
f 902 1024 1025
f 902 1025 903
f 903 1025 1026
f 903 1026 904
f 904 1026 1027
f 904 1027 905
f 905 1027 1028
f 905 1028 906
f 906 1028 1029
f 906 1029 907
f 907 1029 1030
f 907 1030 908
f 908 1030 1031
f 908 1031 909
f 909 1031 1032
f 909 1032 910
f 910 1032 1033
f 910 1033 911
f 911 1033 1034
f 911 1034 859
f 859 1034 1035
f 859 1035 891
f 891 1035 1036
f 891 1036 889
f 889 1036 1037
f 889 1037 887
f 887 1037 1038
f 887 1038 885
f 885 1038 1015
f 867 1039 865
f 865 1039 1040
f 865 1040 863
f 863 1040 1041
f 863 1041 868
f 868 1041 1042
f 868 1042 869
f 869 1042 1043
f 869 1043 870
f 870 1043 1044
f 870 1044 871
f 871 1044 1045
f 871 1045 872
f 872 1045 1046
f 872 1046 873
f 873 1046 1047
f 873 1047 874
f 874 1047 1048
f 874 1048 875
f 875 1048 1049
f 875 1049 876
f 876 1049 1050
f 876 1050 877
f 877 1050 1051
f 877 1051 879
f 879 1051 1052
f 879 1052 880
f 880 1052 1053
f 880 1053 799
f 799 1053 1054
f 799 1054 798
f 798 1054 1055
f 798 1055 796
f 796 1055 1056
f 796 1056 794
f 794 1056 1057
f 794 1057 793
f 793 1057 1058
f 793 1058 791
f 791 1058 1059
f 791 1059 789
f 789 1059 1060
f 789 1060 788
f 788 1060 1061
f 788 1061 787
f 787 1061 1062
f 787 1062 867
f 867 1062 1039
f 847 1063 845
f 845 1063 1064
f 845 1064 844
f 844 1064 1065
f 844 1065 834
f 834 1065 1066
f 834 1066 833
f 833 1066 1067
f 833 1067 831
f 831 1067 1068
f 831 1068 829
f 829 1068 1069
f 829 1069 828
f 828 1069 1070
f 828 1070 826
f 826 1070 1071
f 826 1071 824
f 824 1071 1072
f 824 1072 823
f 823 1072 1073
f 823 1073 822
f 822 1073 1074
f 822 1074 862
f 862 1074 1075
f 862 1075 860
f 860 1075 1076
f 860 1076 858
f 858 1076 1077
f 858 1077 857
f 857 1077 1078
f 857 1078 856
f 856 1078 1079
f 856 1079 855
f 855 1079 1080
f 855 1080 854
f 854 1080 1081
f 854 1081 852
f 852 1081 1082
f 852 1082 851
f 851 1082 1083
f 851 1083 850
f 850 1083 1084
f 850 1084 849
f 849 1084 1085
f 849 1085 848
f 848 1085 1086
f 848 1086 847
f 847 1086 1063
f 841 1087 776
f 776 1087 1088
f 776 1088 774
f 774 1088 1089
f 774 1089 779
f 779 1089 1090
f 779 1090 784
f 784 1090 1091
f 784 1091 786
f 786 1091 1092
f 786 1092 790
f 790 1092 1093
f 790 1093 792
f 792 1093 1094
f 792 1094 795
f 795 1094 1095
f 795 1095 797
f 797 1095 1096
f 797 1096 802
f 802 1096 1097
f 802 1097 804
f 804 1097 1098
f 804 1098 806
f 806 1098 1099
f 806 1099 810
f 810 1099 1100
f 810 1100 813
f 813 1100 1101
f 813 1101 817
f 817 1101 1102
f 817 1102 819
f 819 1102 1103
f 819 1103 821
f 821 1103 1104
f 821 1104 825
f 825 1104 1105
f 825 1105 827
f 827 1105 1106
f 827 1106 830
f 830 1106 1107
f 830 1107 832
f 832 1107 1108
f 832 1108 837
f 837 1108 1109
f 837 1109 839
f 839 1109 1110
f 839 1110 841
f 841 1110 1087
f 12 853 13
f 13 853 773
f 13 773 221
f 221 773 222
f 222 773 223
f 223 773 224
f 224 773 225
f 225 773 226
f 226 773 215
f 215 773 772
f 215 772 302
f 12 10 853
f 853 10 8
f 853 8 6
f 6 4 853
f 853 4 2
f 853 2 745
f 745 2 90
f 13 1028 14
f 14 1028 1027
f 14 1027 1026
f 221 1082 13
f 13 1082 1081
f 13 1081 1080
f 205 968 221
f 221 968 967
f 221 967 990
f 14 1046 205
f 205 1046 1045
f 205 1045 1044
f 1087 1005 1088
f 1088 1005 1004
f 1088 1004 1003
f 1110 1008 1087
f 1087 1008 1007
f 1087 1007 1006
f 1008 1110 1009
f 1009 1110 1109
f 1009 1109 1010
f 1010 1109 1108
f 1010 1108 1066
f 1066 1108 1067
f 1067 1108 1068
f 1068 1108 1107
f 1068 1107 1069
f 1069 1107 1106
f 1069 1106 1070
f 1070 1106 1071
f 1071 1106 1105
f 1071 1105 1072
f 1072 1105 1104
f 1072 1104 1073
f 1073 1104 1074
f 1074 1104 962
f 1074 962 961
f 1104 1103 962
f 962 1103 963
f 963 1103 1102
f 963 1102 964
f 964 1102 1101
f 964 1101 965
f 965 1101 966
f 966 1101 943
f 943 1101 1100
f 943 1100 944
f 944 1100 945
f 945 1100 1099
f 945 1099 946
f 946 1099 947
f 947 1099 948
f 948 1099 1098
f 948 1098 949
f 949 1098 1097
f 949 1097 950
f 950 1097 1096
f 950 1096 1054
f 1054 1096 1055
f 1055 1096 1056
f 1056 1096 1095
f 1056 1095 1057
f 1057 1095 1094
f 1057 1094 1058
f 1058 1094 1059
f 1059 1094 1093
f 1059 1093 1060
f 1060 1093 1092
f 1060 1092 1061
f 1061 1092 1062
f 1062 1092 998
f 1062 998 997
f 1092 1091 998
f 998 1091 999
f 999 1091 1090
f 999 1090 1000
f 1000 1090 1089
f 1000 1089 1001
f 1001 1089 1002
f 1002 1089 1003
f 1003 1089 1088
f 1063 221 1064
f 1064 221 1011
f 1064 1011 1065
f 1065 1011 1066
f 1066 1011 1010
f 1063 1086 221
f 221 1086 1085
f 221 1085 1084
f 1084 1083 221
f 221 1083 1082
f 1080 1079 13
f 13 1079 1078
f 13 1078 1077
f 13 1077 1035
f 1035 1077 1076
f 1035 1076 961
f 961 1076 1075
f 961 1075 1074
f 1039 997 1040
f 1040 997 975
f 1040 975 1041
f 1041 975 205
f 1041 205 1042
f 1042 205 1043
f 1043 205 1044
f 1039 1062 997
f 950 1054 951
f 951 1054 1053
f 951 1053 1052
f 951 1052 1021
f 1021 1052 1051
f 1021 1051 14
f 14 1051 1050
f 14 1050 1049
f 1049 1048 14
f 14 1048 1047
f 14 1047 1046
f 1015 957 1016
f 1016 957 956
f 1016 956 1017
f 1017 956 955
f 1017 955 1018
f 1018 955 954
f 1018 954 1019
f 1019 954 953
f 1019 953 1020
f 1020 953 952
f 1020 952 1021
f 1021 952 951
f 957 1015 958
f 958 1015 1038
f 958 1038 959
f 959 1038 1037
f 959 1037 960
f 960 1037 1036
f 960 1036 961
f 961 1036 1035
f 1035 1034 13
f 13 1034 1033
f 13 1033 1032
f 1032 1031 13
f 13 1031 1030
f 13 1030 1029
f 1029 1028 13
f 1026 1025 14
f 14 1025 1024
f 14 1024 1023
f 1023 1022 14
f 14 1022 1021
f 991 981 992
f 992 981 980
f 992 980 993
f 993 980 979
f 993 979 994
f 994 979 978
f 994 978 995
f 995 978 977
f 995 977 996
f 996 977 976
f 996 976 997
f 997 976 975
f 981 991 982
f 982 991 1014
f 982 1014 983
f 983 1014 1013
f 983 1013 984
f 984 1013 1012
f 984 1012 985
f 985 1012 1011
f 985 1011 221
f 1006 1005 1087
f 990 989 221
f 221 989 988
f 221 988 987
f 987 986 221
f 221 986 985
f 975 974 205
f 205 974 973
f 205 973 972
f 972 971 205
f 205 971 970
f 205 970 969
f 969 968 205
g 1

v 2.807500 1.262499 4.867732
v 2.807500 -1.262501 4.867732
v 2.797278 -0.000001 4.790087
v 2.797278 -1.262501 4.790087
v 2.767308 -0.000001 4.717732
v 2.767308 -1.262501 4.717732
v 2.719632 -0.000001 4.655600
v 2.719632 -1.262501 4.655600
v 2.657500 -0.000001 4.607925
v 2.657500 -1.262501 4.607925
v 2.585146 -0.000001 4.577955
v 2.585146 -1.262501 4.577955
v 2.507500 -1.262501 4.567732
v 2.507500 1.262499 4.567732
v 2.585146 1.262499 4.577955
v 2.657500 1.262499 4.607925
v 2.719632 1.262499 4.655600
v 2.767308 1.262499 4.717732
v 2.797278 1.262499 4.790087
v 2.807500 -0.144839 6.204287
v 2.807500 -0.149950 6.243110
v 2.807500 -0.144839 6.281933
v 2.807500 -0.144959 7.904219
v 2.807500 -0.129974 7.868042
v 2.807500 -0.129854 6.318110
v 2.807500 -0.106136 7.836976
v 2.807500 -0.106016 6.349176
v 2.807500 -0.075070 7.813138
v 2.807500 -0.074950 6.373014
v 2.807500 -0.038893 7.798153
v 2.807500 -0.038773 6.387999
v 2.807500 -0.000070 7.793042
v 2.807500 0.000050 6.393110
v 2.807500 0.038753 7.798153
v 2.807500 0.038873 6.387999
v 2.807500 0.074930 7.813138
v 2.807500 0.075050 6.373014
v 2.807500 0.105996 7.836976
v 2.807500 0.106116 6.349176
v 2.807500 0.129834 7.868042
v 2.807500 0.129954 6.318110
v 2.807500 0.144819 7.904219
v 2.807500 0.144939 6.281933
v 2.807500 0.150050 6.243110
v 2.807500 0.144939 6.204287
v 2.807500 0.129954 6.168110
v 2.807500 0.106116 6.137044
v 2.807500 0.075050 6.113206
v 2.807500 0.038873 6.098221
v 2.807500 0.000050 6.093110
v 2.807500 -0.038773 6.098221
v 2.807500 -0.074950 6.113206
v 2.807500 -0.106016 6.137044
v 2.807500 -0.129854 6.168110
v 2.807500 -0.144959 7.981865
v 2.807500 -0.671178 9.672843
v 2.807500 -0.150070 7.943042
v 2.807500 -0.710001 9.667732
v 2.807500 -0.748823 9.672843
v 2.807500 -0.129974 8.018042
v 2.807500 -0.130037 9.019552
v 2.807500 -0.145022 9.055729
v 2.807500 -0.635001 9.687828
v 2.807500 -0.346411 9.605232
v 2.807500 -0.603934 9.711666
v 2.807500 -0.580097 9.742732
v 2.807500 -0.386371 9.701705
v 2.807500 -0.565112 9.778909
v 2.807500 -0.400001 9.805232
v 2.807500 -0.560001 9.817732
v 2.807500 -0.565112 9.856555
v 2.807500 -0.386371 9.908760
v 2.807500 -0.580097 9.892732
v 2.807500 -0.346411 10.005232
v 2.807500 -0.603934 9.923798
v 2.807500 -0.547779 10.942706
v 2.807500 -0.635001 9.947636
v 2.807500 -0.671178 9.962621
v 2.807500 -0.787156 10.792295
v 2.807500 -0.710001 9.967732
v 2.807500 -0.748823 9.962621
v 2.807500 -0.785001 9.947636
v 2.807500 -0.987063 10.592388
v 2.807500 -0.816067 9.923798
v 2.807500 -0.839904 9.892732
v 2.807500 -0.854889 9.856555
v 2.807500 -1.137474 10.353011
v 2.807500 -0.860001 9.817732
v 2.807500 -1.230847 10.086165
v 2.807500 -1.262501 9.805232
v 2.807500 -0.106199 8.988486
v 2.807500 -0.106136 8.049108
v 2.807500 -0.075133 8.964648
v 2.807500 -0.075070 8.072946
v 2.807500 -0.038956 8.949663
v 2.807500 -0.038893 8.087931
v 2.807500 -0.000133 8.944552
v 2.807500 -0.000070 8.093042
v 2.807500 0.038690 8.949663
v 2.807500 0.038753 8.087931
v 2.807500 0.074867 8.964648
v 2.807500 0.074930 8.072946
v 2.807500 0.105933 8.988486
v 2.807500 0.105996 8.049108
v 2.807500 0.129771 9.019552
v 2.807500 0.129834 8.018042
v 2.807500 0.144756 9.055729
v 2.807500 0.144819 7.981865
v 2.807500 0.634999 9.677828
v 2.807500 0.671177 9.662843
v 2.807500 0.149930 7.943042
v 2.807500 0.709999 9.657732
v 2.807500 0.748822 9.662843
v 2.807500 0.784999 9.677828
v 2.807500 0.816065 9.701666
v 2.807500 1.262499 9.805232
v 2.807500 -0.816067 9.711666
v 2.807500 -0.839904 9.742732
v 2.807500 -0.854889 9.778909
v 2.807500 1.230846 10.086165
v 2.807500 0.859999 9.807732
v 2.807500 0.854888 9.768909
v 2.807500 0.839903 9.732732
v 2.807500 1.137473 10.353011
v 2.807500 0.854888 9.846555
v 2.807500 0.987062 10.592388
v 2.807500 0.839903 9.882732
v 2.807500 0.816065 9.913798
v 2.807500 0.784999 9.937636
v 2.807500 0.787155 10.792295
v 2.807500 0.748822 9.952621
v 2.807500 0.709999 9.957732
v 2.807500 0.671177 9.952621
v 2.807500 0.547778 10.942706
v 2.807500 0.634999 9.937636
v 2.807500 0.603933 9.913798
v 2.807500 0.346410 10.005232
v 2.807500 0.580096 9.882732
v 2.807500 0.386370 9.908760
v 2.807500 0.565111 9.846555
v 2.807500 0.399999 9.805232
v 2.807500 0.559999 9.807732
v 2.807500 0.565111 9.768909
v 2.807500 0.386370 9.701705
v 2.807500 0.580096 9.732732
v 2.807500 0.346410 9.605232
v 2.807500 0.603933 9.701666
v 2.807500 0.282842 10.088075
v 2.807500 0.280932 11.036079
v 2.807500 0.149970 10.514995
v 2.807500 0.144859 10.553818
v 2.807500 0.129874 10.589995
v 2.807500 0.106036 10.621061
v 2.807500 -0.000001 11.067732
v 2.807500 0.074970 10.644899
v 2.807500 0.038793 10.659884
v 2.807500 -0.000030 10.664995
v 2.807500 -0.038853 10.659884
v 2.807500 -0.075030 10.644899
v 2.807500 -0.106096 10.621061
v 2.807500 -0.280933 11.036079
v 2.807500 -0.129934 10.589995
v 2.807500 -0.144919 10.553818
v 2.807500 -0.150030 10.514995
v 2.807500 -0.282843 10.088075
v 2.807500 -0.200001 10.151642
v 2.807500 -0.103528 10.191603
v 2.807500 -0.129934 10.439995
v 2.807500 -0.144919 10.476173
v 2.807500 -0.000001 10.205232
v 2.807500 -0.038853 10.370107
v 2.807500 -0.075030 10.385092
v 2.807500 -0.106096 10.408929
v 2.807500 0.103527 10.191603
v 2.807500 0.038793 10.370107
v 2.807500 -0.000030 10.364995
v 2.807500 0.199999 10.151642
v 2.807500 0.129874 10.439995
v 2.807500 0.106036 10.408929
v 2.807500 0.074970 10.385092
v 2.807500 0.144859 10.476173
v 2.807500 0.149867 9.094552
v 2.807500 0.282842 9.522390
v 2.807500 0.199999 9.458822
v 2.807500 0.103527 9.418862
v 2.807500 0.129771 9.169552
v 2.807500 0.144756 9.133374
v 2.807500 -0.000001 9.405232
v 2.807500 0.038690 9.239440
v 2.807500 0.074867 9.224455
v 2.807500 0.105933 9.200618
v 2.807500 -0.103528 9.418862
v 2.807500 -0.038956 9.239440
v 2.807500 -0.000133 9.244552
v 2.807500 -0.200001 9.458822
v 2.807500 -0.130037 9.169552
v 2.807500 -0.106199 9.200618
v 2.807500 -0.075133 9.224455
v 2.807500 -0.282843 9.522390
v 2.807500 -0.150133 9.094552
v 2.807500 -0.145022 9.133374
v 2.807500 -0.785001 9.687828
v 2.582500 1.262499 4.792732
v 2.582500 1.262499 9.805232
v -2.507500 1.262499 4.567732
v -2.582500 1.262499 4.792732
v -2.585146 1.262499 4.577955
v -2.657500 1.262499 4.607925
v -2.719632 1.262499 4.655600
v -2.767308 1.262499 4.717732
v -2.797278 1.262499 4.790087
v -2.807500 1.262499 4.867732
v -2.582500 1.262499 9.805232
v -2.807500 1.262499 9.805232
v -2.807500 -1.262501 4.867732
v -2.797278 -0.000001 4.790087
v -2.767308 -0.000001 4.717732
v -2.719632 -0.000001 4.655600
v -2.657500 -0.000001 4.607925
v -2.585146 -0.000001 4.577955
v -2.507500 -1.262501 4.567732
v -2.585146 -1.262501 4.577955
v -2.657500 -1.262501 4.607925
v -2.719632 -1.262501 4.655600
v -2.767308 -1.262501 4.717732
v -2.797278 -1.262501 4.790087
v -2.807500 -0.144839 6.281933
v -2.807500 -0.149950 6.243110
v -2.807500 -0.144839 6.204287
v -2.807500 -0.129854 6.168110
v -2.807500 -0.106016 6.137044
v -2.807500 -0.074950 6.113206
v -2.807500 -0.038773 6.098221
v -2.807500 0.000050 6.093110
v -2.807500 0.038873 6.098221
v -2.807500 0.075050 6.113206
v -2.807500 0.106116 6.137044
v -2.807500 0.129954 6.168110
v -2.807500 0.144939 6.204287
v -2.807500 0.150050 6.243110
v -2.807500 0.144939 6.281933
v -2.807500 0.144819 7.904219
v -2.807500 0.129954 6.318110
v -2.807500 0.129834 7.868042
v -2.807500 0.106116 6.349176
v -2.807500 0.105996 7.836976
v -2.807500 0.075050 6.373014
v -2.807500 0.074930 7.813138
v -2.807500 0.038873 6.387999
v -2.807500 0.038753 7.798153
v -2.807500 0.000050 6.393110
v -2.807500 -0.000070 7.793042
v -2.807500 -0.038773 6.387999
v -2.807500 -0.038893 7.798153
v -2.807500 -0.074950 6.373014
v -2.807500 -0.075070 7.813138
v -2.807500 -0.106016 6.349176
v -2.807500 -0.106136 7.836976
v -2.807500 -0.129854 6.318110
v -2.807500 -0.129974 7.868042
v -2.807500 -0.144959 7.904219
v -2.807500 -0.150070 7.943042
v -2.807500 -0.816067 9.711666
v -2.807500 -0.785001 9.687828
v -2.807500 0.149930 7.943042
v -2.807500 0.816065 9.701666
v -2.807500 0.839903 9.732732
v -2.807500 0.854888 9.768909
v -2.807500 0.144819 7.981865
v -2.807500 0.671177 9.662843
v -2.807500 0.709999 9.657732
v -2.807500 0.748822 9.662843
v -2.807500 0.129834 8.018042
v -2.807500 0.144756 9.055729
v -2.807500 0.634999 9.677828
v -2.807500 0.129771 9.019552
v -2.807500 0.105996 8.049108
v -2.807500 0.105933 8.988486
v -2.807500 0.074930 8.072946
v -2.807500 0.074867 8.964648
v -2.807500 0.038753 8.087931
v -2.807500 0.038690 8.949663
v -2.807500 -0.000070 8.093042
v -2.807500 -0.000133 8.944552
v -2.807500 -0.038893 8.087931
v -2.807500 -0.038956 8.949663
v -2.807500 -0.075070 8.072946
v -2.807500 -0.075133 8.964648
v -2.807500 -0.106136 8.049108
v -2.807500 -0.106199 8.988486
v -2.807500 -0.129974 8.018042
v -2.807500 -0.130037 9.019552
v -2.807500 -0.144959 7.981865
v -2.807500 -0.145022 9.055729
v -2.807500 -0.635001 9.687828
v -2.807500 -0.346411 9.605232
v -2.807500 -0.603934 9.711666
v -2.807500 -0.580097 9.742732
v -2.807500 -0.671178 9.672843
v -2.807500 -0.710001 9.667732
v -2.807500 -0.748823 9.672843
v -2.807500 -1.262501 9.805232
v -2.807500 -0.839904 9.742732
v -2.807500 -0.854889 9.778909
v -2.807500 -0.860001 9.817732
v -2.807500 -1.230847 10.086165
v -2.807500 -1.137474 10.353011
v -2.807500 -0.854889 9.856555
v -2.807500 -0.987063 10.592388
v -2.807500 -0.839904 9.892732
v -2.807500 -0.816067 9.923798
v -2.807500 -0.785001 9.947636
v -2.807500 -0.787156 10.792295
v -2.807500 -0.748823 9.962621
v -2.807500 -0.710001 9.967732
v -2.807500 -0.671178 9.962621
v -2.807500 -0.547779 10.942706
v -2.807500 -0.635001 9.947636
v -2.807500 -0.603934 9.923798
v -2.807500 -0.346411 10.005232
v -2.807500 -0.580097 9.892732
v -2.807500 -0.386371 9.908760
v -2.807500 -0.565112 9.856555
v -2.807500 -0.400001 9.805232
v -2.807500 -0.560001 9.817732
v -2.807500 -0.565112 9.778909
v -2.807500 -0.386371 9.701705
v -2.807500 -0.282843 10.088075
v -2.807500 -0.280933 11.036079
v -2.807500 -0.150030 10.514995
v -2.807500 -0.144919 10.553818
v -2.807500 -0.129934 10.589995
v -2.807500 -0.106096 10.621061
v -2.807500 -0.000001 11.067732
v -2.807500 -0.075030 10.644899
v -2.807500 -0.038853 10.659884
v -2.807500 -0.000030 10.664995
v -2.807500 0.038793 10.659884
v -2.807500 0.074970 10.644899
v -2.807500 0.106036 10.621061
v -2.807500 0.280932 11.036079
v -2.807500 0.129874 10.589995
v -2.807500 0.144859 10.553818
v -2.807500 0.149970 10.514995
v -2.807500 0.282842 10.088075
v -2.807500 0.199999 10.151642
v -2.807500 0.547778 10.942706
v -2.807500 0.346410 10.005232
v -2.807500 0.603933 9.913798
v -2.807500 0.580096 9.882732
v -2.807500 0.787155 10.792295
v -2.807500 0.671177 9.952621
v -2.807500 0.634999 9.937636
v -2.807500 0.987062 10.592388
v -2.807500 0.784999 9.937636
v -2.807500 0.748822 9.952621
v -2.807500 0.709999 9.957732
v -2.807500 1.137473 10.353011
v -2.807500 0.854888 9.846555
v -2.807500 0.839903 9.882732
v -2.807500 0.816065 9.913798
v -2.807500 0.859999 9.807732
v -2.807500 1.230846 10.086165
v -2.807500 -0.150133 9.094552
v -2.807500 -0.282843 9.522390
v -2.807500 -0.200001 9.458822
v -2.807500 -0.103528 9.418862
v -2.807500 -0.130037 9.169552
v -2.807500 -0.145022 9.133374
v -2.807500 -0.000001 9.405232
v -2.807500 -0.038956 9.239440
v -2.807500 -0.075133 9.224455
v -2.807500 -0.106199 9.200618
v -2.807500 0.103527 9.418862
v -2.807500 0.038690 9.239440
v -2.807500 -0.000133 9.244552
v -2.807500 0.199999 9.458822
v -2.807500 0.129771 9.169552
v -2.807500 0.105933 9.200618
v -2.807500 0.074867 9.224455
v -2.807500 0.282842 9.522390
v -2.807500 0.149867 9.094552
v -2.807500 0.144756 9.133374
v -2.807500 0.346410 9.605232
v -2.807500 0.386370 9.701705
v -2.807500 0.580096 9.732732
v -2.807500 0.603933 9.701666
v -2.807500 0.565111 9.768909
v -2.807500 0.399999 9.805232
v -2.807500 0.559999 9.807732
v -2.807500 0.565111 9.846555
v -2.807500 0.386370 9.908760
v -2.807500 0.103527 10.191603
v -2.807500 0.129874 10.439995
v -2.807500 0.144859 10.476173
v -2.807500 -0.000001 10.205232
v -2.807500 0.038793 10.370107
v -2.807500 0.074970 10.385092
v -2.807500 0.106036 10.408929
v -2.807500 -0.103528 10.191603
v -2.807500 -0.038853 10.370107
v -2.807500 -0.000030 10.364995
v -2.807500 -0.200001 10.151642
v -2.807500 -0.129934 10.439995
v -2.807500 -0.106096 10.408929
v -2.807500 -0.075030 10.385092
v -2.807500 -0.144919 10.476173
v -2.807500 0.784999 9.677828
v 2.582500 -0.144839 6.204287
v 2.582500 -0.149950 6.243110
v 2.582500 -0.144839 6.281933
v 2.582500 -0.129854 6.318110
v 2.582500 -0.106016 6.349176
v 2.582500 -0.074950 6.373014
v 2.582500 -0.038773 6.387999
v 2.582500 0.000050 6.393110
v 2.582500 0.038873 6.387999
v 2.582500 0.075050 6.373014
v 2.582500 0.106116 6.349176
v 2.582500 0.129954 6.318110
v 2.582500 0.144939 6.281933
v 2.582500 0.150050 6.243110
v 2.582500 0.144939 6.204287
v 2.582500 0.129954 6.168110
v 2.582500 0.106116 6.137044
v 2.582500 0.075050 6.113206
v 2.582500 0.038873 6.098221
v 2.582500 0.000050 6.093110
v 2.582500 -0.038773 6.098221
v 2.582500 -0.074950 6.113206
v 2.582500 -0.106016 6.137044
v 2.582500 -0.129854 6.168110
v -2.582500 -0.144839 6.204287
v -2.582500 -0.149950 6.243110
v -2.582500 -0.144839 6.281933
v -2.582500 -0.129854 6.318110
v -2.582500 -0.106016 6.349176
v -2.582500 -0.074950 6.373014
v -2.582500 -0.038773 6.387999
v -2.582500 0.000050 6.393110
v -2.582500 0.038873 6.387999
v -2.582500 0.075050 6.373014
v -2.582500 0.106116 6.349176
v -2.582500 0.129954 6.318110
v -2.582500 0.144939 6.281933
v -2.582500 0.150050 6.243110
v -2.582500 0.144939 6.204287
v -2.582500 0.129954 6.168110
v -2.582500 0.106116 6.137044
v -2.582500 0.075050 6.113206
v -2.582500 0.038873 6.098221
v -2.582500 0.000050 6.093110
v -2.582500 -0.038773 6.098221
v -2.582500 -0.074950 6.113206
v -2.582500 -0.106016 6.137044
v -2.582500 -0.129854 6.168110
v 2.582500 -0.144959 7.904219
v 2.582500 -0.150070 7.943042
v 2.582500 -0.144959 7.981865
v 2.582500 -0.129974 8.018042
v 2.582500 -0.106136 8.049108
v 2.582500 -0.075070 8.072946
v 2.582500 -0.038893 8.087931
v 2.582500 -0.000070 8.093042
v 2.582500 0.038753 8.087931
v 2.582500 0.074930 8.072946
v 2.582500 0.105996 8.049108
v 2.582500 0.129834 8.018042
v 2.582500 0.144819 7.981865
v 2.582500 0.149930 7.943042
v 2.582500 0.144819 7.904219
v 2.582500 0.129834 7.868042
v 2.582500 0.105996 7.836976
v 2.582500 0.074930 7.813138
v 2.582500 0.038753 7.798153
v 2.582500 -0.000070 7.793042
v 2.582500 -0.038893 7.798153
v 2.582500 -0.075070 7.813138
v 2.582500 -0.106136 7.836976
v 2.582500 -0.129974 7.868042
v -2.582500 -0.144959 7.904219
v -2.582500 -0.150070 7.943042
v -2.582500 -0.144959 7.981865
v -2.582500 -0.129974 8.018042
v -2.582500 -0.106136 8.049108
v -2.582500 -0.075070 8.072946
v -2.582500 -0.038893 8.087931
v -2.582500 -0.000070 8.093042
v -2.582500 0.038753 8.087931
v -2.582500 0.074930 8.072946
v -2.582500 0.105996 8.049108
v -2.582500 0.129834 8.018042
v -2.582500 0.144819 7.981865
v -2.582500 0.149930 7.943042
v -2.582500 0.144819 7.904219
v -2.582500 0.129834 7.868042
v -2.582500 0.105996 7.836976
v -2.582500 0.074930 7.813138
v -2.582500 0.038753 7.798153
v -2.582500 -0.000070 7.793042
v -2.582500 -0.038893 7.798153
v -2.582500 -0.075070 7.813138
v -2.582500 -0.106136 7.836976
v -2.582500 -0.129974 7.868042
v 2.582500 -0.144919 10.476173
v 2.582500 -0.150030 10.514995
v 2.582500 -0.144919 10.553818
v 2.582500 -0.129934 10.589995
v 2.582500 -0.106096 10.621061
v 2.582500 -0.075030 10.644899
v 2.582500 -0.038853 10.659884
v 2.582500 -0.000030 10.664995
v 2.582500 0.038793 10.659884
v 2.582500 0.074970 10.644899
v 2.582500 0.106036 10.621061
v 2.582500 0.129874 10.589995
v 2.582500 0.144859 10.553818
v 2.582500 0.149970 10.514995
v 2.582500 0.144859 10.476173
v 2.582500 0.129874 10.439995
v 2.582500 0.106036 10.408929
v 2.582500 0.074970 10.385092
v 2.582500 0.038793 10.370107
v 2.582500 -0.000030 10.364995
v 2.582500 -0.038853 10.370107
v 2.582500 -0.075030 10.385092
v 2.582500 -0.106096 10.408929
v 2.582500 -0.129934 10.439995
v -2.582500 -0.144919 10.476173
v -2.582500 -0.150030 10.514995
v -2.582500 -0.144919 10.553818
v -2.582500 -0.129934 10.589995
v -2.582500 -0.106096 10.621061
v -2.582500 -0.075030 10.644899
v -2.582500 -0.038853 10.659884
v -2.582500 -0.000030 10.664995
v -2.582500 0.038793 10.659884
v -2.582500 0.074970 10.644899
v -2.582500 0.106036 10.621061
v -2.582500 0.129874 10.589995
v -2.582500 0.144859 10.553818
v -2.582500 0.149970 10.514995
v -2.582500 0.144859 10.476173
v -2.582500 0.129874 10.439995
v -2.582500 0.106036 10.408929
v -2.582500 0.074970 10.385092
v -2.582500 0.038793 10.370107
v -2.582500 -0.000030 10.364995
v -2.582500 -0.038853 10.370107
v -2.582500 -0.075030 10.385092
v -2.582500 -0.106096 10.408929
v -2.582500 -0.129934 10.439995
v 2.582500 -0.854889 9.778909
v 2.582500 -0.860001 9.817732
v 2.582500 -0.854889 9.856555
v 2.582500 -0.839904 9.892732
v 2.582500 -0.816067 9.923798
v 2.582500 -0.785001 9.947636
v 2.582500 -0.748823 9.962621
v 2.582500 -0.710001 9.967732
v 2.582500 -0.671178 9.962621
v 2.582500 -0.635001 9.947636
v 2.582500 -0.603934 9.923798
v 2.582500 -0.580097 9.892732
v 2.582500 -0.565112 9.856555
v 2.582500 -0.560001 9.817732
v 2.582500 -0.565112 9.778909
v 2.582500 -0.580097 9.742732
v 2.582500 -0.603934 9.711666
v 2.582500 -0.635001 9.687828
v 2.582500 -0.671178 9.672843
v 2.582500 -0.710001 9.667732
v 2.582500 -0.748823 9.672843
v 2.582500 -0.785001 9.687828
v 2.582500 -0.816067 9.711666
v 2.582500 -0.839904 9.742732
v -2.582500 -0.854889 9.778909
v -2.582500 -0.860001 9.817732
v -2.582500 -0.854889 9.856555
v -2.582500 -0.839904 9.892732
v -2.582500 -0.816067 9.923798
v -2.582500 -0.785001 9.947636
v -2.582500 -0.748823 9.962621
v -2.582500 -0.710001 9.967732
v -2.582500 -0.671178 9.962621
v -2.582500 -0.635001 9.947636
v -2.582500 -0.603934 9.923798
v -2.582500 -0.580097 9.892732
v -2.582500 -0.565112 9.856555
v -2.582500 -0.560001 9.817732
v -2.582500 -0.565112 9.778909
v -2.582500 -0.580097 9.742732
v -2.582500 -0.603934 9.711666
v -2.582500 -0.635001 9.687828
v -2.582500 -0.671178 9.672843
v -2.582500 -0.710001 9.667732
v -2.582500 -0.748823 9.672843
v -2.582500 -0.785001 9.687828
v -2.582500 -0.816067 9.711666
v -2.582500 -0.839904 9.742732
v 2.582500 0.565111 9.768909
v 2.582500 0.559999 9.807732
v 2.582500 0.565111 9.846555
v 2.582500 0.580096 9.882732
v 2.582500 0.603933 9.913798
v 2.582500 0.634999 9.937636
v 2.582500 0.671177 9.952621
v 2.582500 0.709999 9.957732
v 2.582500 0.748822 9.952621
v 2.582500 0.784999 9.937636
v 2.582500 0.816065 9.913798
v 2.582500 0.839903 9.882732
v 2.582500 0.854888 9.846555
v 2.582500 0.859999 9.807732
v 2.582500 0.854888 9.768909
v 2.582500 0.839903 9.732732
v 2.582500 0.816065 9.701666
v 2.582500 0.784999 9.677828
v 2.582500 0.748822 9.662843
v 2.582500 0.709999 9.657732
v 2.582500 0.671177 9.662843
v 2.582500 0.634999 9.677828
v 2.582500 0.603933 9.701666
v 2.582500 0.580096 9.732732
v -2.582500 0.565111 9.768909
v -2.582500 0.559999 9.807732
v -2.582500 0.565111 9.846555
v -2.582500 0.580096 9.882732
v -2.582500 0.603933 9.913798
v -2.582500 0.634999 9.937636
v -2.582500 0.671177 9.952621
v -2.582500 0.709999 9.957732
v -2.582500 0.748822 9.952621
v -2.582500 0.784999 9.937636
v -2.582500 0.816065 9.913798
v -2.582500 0.839903 9.882732
v -2.582500 0.854888 9.846555
v -2.582500 0.859999 9.807732
v -2.582500 0.854888 9.768909
v -2.582500 0.839903 9.732732
v -2.582500 0.816065 9.701666
v -2.582500 0.784999 9.677828
v -2.582500 0.748822 9.662843
v -2.582500 0.709999 9.657732
v -2.582500 0.671177 9.662843
v -2.582500 0.634999 9.677828
v -2.582500 0.603933 9.701666
v -2.582500 0.580096 9.732732
v 2.582500 -0.145022 9.055729
v 2.582500 -0.150133 9.094552
v 2.582500 -0.145022 9.133374
v 2.582500 -0.130037 9.169552
v 2.582500 -0.106199 9.200618
v 2.582500 -0.075133 9.224455
v 2.582500 -0.038956 9.239440
v 2.582500 -0.000133 9.244552
v 2.582500 0.038690 9.239440
v 2.582500 0.074867 9.224455
v 2.582500 0.105933 9.200618
v 2.582500 0.129771 9.169552
v 2.582500 0.144756 9.133374
v 2.582500 0.149867 9.094552
v 2.582500 0.144756 9.055729
v 2.582500 0.129771 9.019552
v 2.582500 0.105933 8.988486
v 2.582500 0.074867 8.964648
v 2.582500 0.038690 8.949663
v 2.582500 -0.000133 8.944552
v 2.582500 -0.038956 8.949663
v 2.582500 -0.075133 8.964648
v 2.582500 -0.106199 8.988486
v 2.582500 -0.130037 9.019552
v -2.582500 -0.145022 9.055729
v -2.582500 -0.150133 9.094552
v -2.582500 -0.145022 9.133374
v -2.582500 -0.130037 9.169552
v -2.582500 -0.106199 9.200618
v -2.582500 -0.075133 9.224455
v -2.582500 -0.038956 9.239440
v -2.582500 -0.000133 9.244552
v -2.582500 0.038690 9.239440
v -2.582500 0.074867 9.224455
v -2.582500 0.105933 9.200618
v -2.582500 0.129771 9.169552
v -2.582500 0.144756 9.133374
v -2.582500 0.149867 9.094552
v -2.582500 0.144756 9.055729
v -2.582500 0.129771 9.019552
v -2.582500 0.105933 8.988486
v -2.582500 0.074867 8.964648
v -2.582500 0.038690 8.949663
v -2.582500 -0.000133 8.944552
v -2.582500 -0.038956 8.949663
v -2.582500 -0.075133 8.964648
v -2.582500 -0.106199 8.988486
v -2.582500 -0.130037 9.019552
v 2.582500 -0.386371 9.701705
v 2.582500 -0.400001 9.805232
v 2.582500 -0.386371 9.908760
v 2.582500 -0.346411 10.005232
v 2.582500 -0.282843 10.088075
v 2.582500 -0.200001 10.151642
v 2.582500 -0.103528 10.191603
v 2.582500 -0.000001 10.205232
v 2.582500 0.103527 10.191603
v 2.582500 0.199999 10.151642
v 2.582500 0.282842 10.088075
v 2.582500 0.346410 10.005232
v 2.582500 0.386370 9.908760
v 2.582500 0.399999 9.805232
v 2.582500 0.386370 9.701705
v 2.582500 0.346410 9.605232
v 2.582500 0.282842 9.522390
v 2.582500 0.199999 9.458822
v 2.582500 0.103527 9.418862
v 2.582500 -0.000001 9.405232
v 2.582500 -0.103528 9.418862
v 2.582500 -0.200001 9.458822
v 2.582500 -0.282843 9.522390
v 2.582500 -0.346411 9.605232
v -2.582500 -0.386371 9.701705
v -2.582500 -0.400001 9.805232
v -2.582500 -0.386371 9.908760
v -2.582500 -0.346411 10.005232
v -2.582500 -0.282843 10.088075
v -2.582500 -0.200001 10.151642
v -2.582500 -0.103528 10.191603
v -2.582500 -0.000001 10.205232
v -2.582500 0.103527 10.191603
v -2.582500 0.199999 10.151642
v -2.582500 0.282842 10.088075
v -2.582500 0.346410 10.005232
v -2.582500 0.386370 9.908760
v -2.582500 0.399999 9.805232
v -2.582500 0.386370 9.701705
v -2.582500 0.346410 9.605232
v -2.582500 0.282842 9.522390
v -2.582500 0.199999 9.458822
v -2.582500 0.103527 9.418862
v -2.582500 -0.000001 9.405232
v -2.582500 -0.103528 9.418862
v -2.582500 -0.200001 9.458822
v -2.582500 -0.282843 9.522390
v -2.582500 -0.346411 9.605232
v 2.582500 -1.262501 9.805232
v 2.582500 -1.230847 10.086165
v 2.582500 -1.137474 10.353011
v 2.582500 -0.987063 10.592388
v 2.582500 -0.787156 10.792295
v 2.582500 -0.547779 10.942706
v 2.582500 -0.280933 11.036079
v 2.582500 -0.000001 11.067732
v 2.582500 0.280932 11.036079
v 2.582500 0.547778 10.942706
v 2.582500 0.787155 10.792295
v 2.582500 0.987062 10.592388
v 2.582500 1.137473 10.353011
v 2.582500 1.230846 10.086165
v -2.582500 1.230846 10.086165
v -2.582500 1.137473 10.353011
v -2.582500 0.987062 10.592388
v -2.582500 0.787155 10.792295
v -2.582500 0.547778 10.942706
v -2.582500 0.280932 11.036079
v -2.582500 -0.000001 11.067732
v -2.582500 -0.280933 11.036079
v -2.582500 -0.547779 10.942706
v -2.582500 -0.787156 10.792295
v -2.582500 -0.987063 10.592388
v -2.582500 -1.137474 10.353011
v -2.582500 -1.230847 10.086165
v -2.582500 -1.262501 9.805232
v -2.582500 -1.262501 4.792732
v -0.386370 0.103527 4.792732
v -0.565111 0.038822 4.792732
v -0.400000 -0.000001 4.792732
v -0.560000 -0.000001 4.792732
v -0.565111 -0.038823 4.792732
v -0.346410 0.199999 4.792732
v -0.635000 0.129903 4.792732
v -0.603934 0.106065 4.792732
v -0.580096 0.074999 4.792732
v -0.671177 0.144888 4.792732
v -0.282843 0.282842 4.792732
v -0.710000 0.149999 4.792732
v -0.200000 0.346410 4.792732
v -0.129904 0.634999 4.792732
v -0.106066 0.603933 4.792732
v -0.075000 0.580096 4.792732
v -0.103528 0.386370 4.792732
v -0.038823 0.565111 4.792732
v 0.000000 0.399999 4.792732
v 0.000000 0.559999 4.792732
v 0.038823 0.565111 4.792732
v 0.103528 0.386370 4.792732
v 0.075000 0.580096 4.792732
v 0.200000 0.346410 4.792732
v 0.106066 0.603933 4.792732
v 0.129904 0.634999 4.792732
v 0.710000 0.149999 4.792732
v 0.748823 0.144888 4.792732
v 0.282843 0.282842 4.792732
v 0.671177 0.144888 4.792732
v 0.346410 0.199999 4.792732
v 0.635000 0.129903 4.792732
v 0.386370 0.103527 4.792732
v 0.603934 0.106065 4.792732
v 0.580096 0.074999 4.792732
v 0.565111 0.038822 4.792732
v 0.400000 -0.000001 4.792732
v 0.560000 -0.000001 4.792732
v 0.565111 -0.038823 4.792732
v 0.386370 -0.103528 4.792732
v 0.580096 -0.075001 4.792732
v 0.603934 -0.106067 4.792732
v 0.635000 -0.129904 4.792732
v 0.346410 -0.200001 4.792732
v 0.671177 -0.144889 4.792732
v 0.282843 -0.282843 4.792732
v 0.710000 -0.150001 4.792732
v 0.200000 -0.346411 4.792732
v 0.129904 -0.635001 4.792732
v 0.106066 -0.603934 4.792732
v 0.075000 -0.580097 4.792732
v 0.103528 -0.386371 4.792732
v 0.038823 -0.565112 4.792732
v 0.000000 -0.400001 4.792732
v 0.000000 -0.560001 4.792732
v -0.038823 -0.565112 4.792732
v -0.103528 -0.386371 4.792732
v -0.075000 -0.580097 4.792732
v -0.200000 -0.346411 4.792732
v -0.106066 -0.603934 4.792732
v -0.129904 -0.635001 4.792732
v -0.710000 -0.150001 4.792732
v -0.748823 -0.144889 4.792732
v -0.282843 -0.282843 4.792732
v -0.671177 -0.144889 4.792732
v -0.346410 -0.200001 4.792732
v -0.635000 -0.129904 4.792732
v -0.386370 -0.103528 4.792732
v -0.603934 -0.106067 4.792732
v -0.580096 -0.075001 4.792732
v -0.144889 -0.671178 4.792732
v -0.150000 -0.710001 4.792732
v -1.971177 -0.144889 4.792732
v -0.144889 -0.748823 4.792732
v -0.129904 -0.785001 4.792732
v -0.106066 -0.816067 4.792732
v -0.075000 -0.839904 4.792732
v -0.038823 -0.854889 4.792732
v 0.000000 -0.860001 4.792732
v 2.582500 -1.262501 4.792732
v 0.038823 -0.854889 4.792732
v 0.075000 -0.839904 4.792732
v 0.106066 -0.816067 4.792732
v 0.129904 -0.785001 4.792732
v 0.144889 -0.748823 4.792732
v 1.971177 -0.144889 4.792732
v 0.150000 -0.710001 4.792732
v 0.748823 -0.144889 4.792732
v 0.144889 -0.671178 4.792732
v -0.144889 0.748822 4.792732
v -1.971177 0.144888 4.792732
v -0.150000 0.709999 4.792732
v -0.748823 0.144888 4.792732
v -0.144889 0.671177 4.792732
v -0.129904 0.784999 4.792732
v -0.106066 0.816065 4.792732
v -0.075000 0.839903 4.792732
v -0.038823 0.854888 4.792732
v 0.000000 0.859999 4.792732
v 0.038823 0.854888 4.792732
v 0.075000 0.839903 4.792732
v 0.106066 0.816065 4.792732
v 0.129904 0.784999 4.792732
v 0.144889 0.748822 4.792732
v 1.971177 0.144888 4.792732
v 0.150000 0.709999 4.792732
v 0.144889 0.671177 4.792732
v 1.865111 0.038822 4.792732
v 0.854889 0.038822 4.792732
v 1.860000 -0.000001 4.792732
v 0.860000 -0.000001 4.792732
v 1.865111 -0.038823 4.792732
v 0.854889 -0.038823 4.792732
v 1.880096 -0.075001 4.792732
v 0.839904 -0.075001 4.792732
v 1.903934 -0.106067 4.792732
v 0.816066 -0.106067 4.792732
v 1.935000 -0.129904 4.792732
v 0.785000 -0.129904 4.792732
v 0.839904 0.074999 4.792732
v 1.880096 0.074999 4.792732
v 0.816066 0.106065 4.792732
v 1.903934 0.106065 4.792732
v 0.785000 0.129903 4.792732
v 1.935000 0.129903 4.792732
v 2.010000 0.149999 4.792732
v 2.048823 0.144888 4.792732
v 2.085000 0.129903 4.792732
v 2.116066 0.106065 4.792732
v 2.139904 0.074999 4.792732
v 2.154889 0.038822 4.792732
v 2.160000 -0.000001 4.792732
v 2.154889 -0.038823 4.792732
v 2.139904 -0.075001 4.792732
v 2.116066 -0.106067 4.792732
v 2.085000 -0.129904 4.792732
v 2.048823 -0.144889 4.792732
v 2.010000 -0.150001 4.792732
v -0.854889 0.038822 4.792732
v -1.865111 0.038822 4.792732
v -0.860000 -0.000001 4.792732
v -1.860000 -0.000001 4.792732
v -0.854889 -0.038823 4.792732
v -1.865111 -0.038823 4.792732
v -0.839904 -0.075001 4.792732
v -1.880096 -0.075001 4.792732
v -0.816066 -0.106067 4.792732
v -1.903934 -0.106067 4.792732
v -0.785000 -0.129904 4.792732
v -1.935000 -0.129904 4.792732
v -1.880096 0.074999 4.792732
v -0.839904 0.074999 4.792732
v -1.903934 0.106065 4.792732
v -0.816066 0.106065 4.792732
v -1.935000 0.129903 4.792732
v -0.785000 0.129903 4.792732
v -2.154889 0.038822 4.792732
v -2.160000 -0.000001 4.792732
v -2.154889 -0.038823 4.792732
v -2.139904 -0.075001 4.792732
v -2.116066 -0.106067 4.792732
v -2.085000 -0.129904 4.792732
v -2.048823 -0.144889 4.792732
v -2.010000 -0.150001 4.792732
v -2.139904 0.074999 4.792732
v -2.116066 0.106065 4.792732
v -2.085000 0.129903 4.792732
v -2.048823 0.144888 4.792732
v -2.010000 0.149999 4.792732
v 0.565111 -0.038823 4.567732
v 0.560000 -0.000001 4.567732
v 0.565111 0.038822 4.567732
v 0.580096 0.074999 4.567732
v 0.603934 0.106065 4.567732
v 0.635000 0.129903 4.567732
v 0.671177 0.144888 4.567732
v 0.710000 0.149999 4.567732
v 0.748823 0.144888 4.567732
v 0.785000 0.129903 4.567732
v 0.816066 0.106065 4.567732
v 0.839904 0.074999 4.567732
v 0.854889 0.038822 4.567732
v 0.860000 -0.000001 4.567732
v 0.854889 -0.038823 4.567732
v 0.839904 -0.075001 4.567732
v 0.816066 -0.106067 4.567732
v 0.785000 -0.129904 4.567732
v 0.748823 -0.144889 4.567732
v 0.710000 -0.150001 4.567732
v 0.671177 -0.144889 4.567732
v 0.635000 -0.129904 4.567732
v 0.603934 -0.106067 4.567732
v 0.580096 -0.075001 4.567732
v -2.154889 -0.038823 4.567732
v -2.160000 -0.000001 4.567732
v -2.154889 0.038822 4.567732
v -2.139904 0.074999 4.567732
v -2.116066 0.106065 4.567732
v -2.085000 0.129903 4.567732
v -2.048823 0.144888 4.567732
v -2.010000 0.149999 4.567732
v -1.971177 0.144888 4.567732
v -1.935000 0.129903 4.567732
v -1.903934 0.106065 4.567732
v -1.880096 0.074999 4.567732
v -1.865111 0.038822 4.567732
v -1.860000 -0.000001 4.567732
v -1.865111 -0.038823 4.567732
v -1.880096 -0.075001 4.567732
v -1.903934 -0.106067 4.567732
v -1.935000 -0.129904 4.567732
v -1.971177 -0.144889 4.567732
v -2.010000 -0.150001 4.567732
v -2.048823 -0.144889 4.567732
v -2.085000 -0.129904 4.567732
v -2.116066 -0.106067 4.567732
v -2.139904 -0.075001 4.567732
v -0.854889 -0.038823 4.567732
v -0.860000 -0.000001 4.567732
v -0.854889 0.038822 4.567732
v -0.839904 0.074999 4.567732
v -0.816066 0.106065 4.567732
v -0.785000 0.129903 4.567732
v -0.748823 0.144888 4.567732
v -0.710000 0.149999 4.567732
v -0.671177 0.144888 4.567732
v -0.635000 0.129903 4.567732
v -0.603934 0.106065 4.567732
v -0.580096 0.074999 4.567732
v -0.565111 0.038822 4.567732
v -0.560000 -0.000001 4.567732
v -0.565111 -0.038823 4.567732
v -0.580096 -0.075001 4.567732
v -0.603934 -0.106067 4.567732
v -0.635000 -0.129904 4.567732
v -0.671177 -0.144889 4.567732
v -0.710000 -0.150001 4.567732
v -0.748823 -0.144889 4.567732
v -0.785000 -0.129904 4.567732
v -0.816066 -0.106067 4.567732
v -0.839904 -0.075001 4.567732
v 1.865111 -0.038823 4.567732
v 1.860000 -0.000001 4.567732
v 1.865111 0.038822 4.567732
v 1.880096 0.074999 4.567732
v 1.903934 0.106065 4.567732
v 1.935000 0.129903 4.567732
v 1.971177 0.144888 4.567732
v 2.010000 0.149999 4.567732
v 2.048823 0.144888 4.567732
v 2.085000 0.129903 4.567732
v 2.116066 0.106065 4.567732
v 2.139904 0.074999 4.567732
v 2.154889 0.038822 4.567732
v 2.160000 -0.000001 4.567732
v 2.154889 -0.038823 4.567732
v 2.139904 -0.075001 4.567732
v 2.116066 -0.106067 4.567732
v 2.085000 -0.129904 4.567732
v 2.048823 -0.144889 4.567732
v 2.010000 -0.150001 4.567732
v 1.971177 -0.144889 4.567732
v 1.935000 -0.129904 4.567732
v 1.903934 -0.106067 4.567732
v 1.880096 -0.075001 4.567732
v -0.144889 0.671177 4.567732
v -0.150000 0.709999 4.567732
v -0.144889 0.748822 4.567732
v -0.129904 0.784999 4.567732
v -0.106066 0.816065 4.567732
v -0.075000 0.839903 4.567732
v -0.038823 0.854888 4.567732
v 0.000000 0.859999 4.567732
v 0.038823 0.854888 4.567732
v 0.075000 0.839903 4.567732
v 0.106066 0.816065 4.567732
v 0.129904 0.784999 4.567732
v 0.144889 0.748822 4.567732
v 0.150000 0.709999 4.567732
v 0.144889 0.671177 4.567732
v 0.129904 0.634999 4.567732
v 0.106066 0.603933 4.567732
v 0.075000 0.580096 4.567732
v 0.038823 0.565111 4.567732
v 0.000000 0.559999 4.567732
v -0.038823 0.565111 4.567732
v -0.075000 0.580096 4.567732
v -0.106066 0.603933 4.567732
v -0.129904 0.634999 4.567732
v -0.144889 -0.748823 4.567732
v -0.150000 -0.710001 4.567732
v -0.144889 -0.671178 4.567732
v -0.129904 -0.635001 4.567732
v -0.106066 -0.603934 4.567732
v -0.075000 -0.580097 4.567732
v -0.038823 -0.565112 4.567732
v 0.000000 -0.560001 4.567732
v 0.038823 -0.565112 4.567732
v 0.075000 -0.580097 4.567732
v 0.106066 -0.603934 4.567732
v 0.129904 -0.635001 4.567732
v 0.144889 -0.671178 4.567732
v 0.150000 -0.710001 4.567732
v 0.144889 -0.748823 4.567732
v 0.129904 -0.785001 4.567732
v 0.106066 -0.816067 4.567732
v 0.075000 -0.839904 4.567732
v 0.038823 -0.854889 4.567732
v 0.000000 -0.860001 4.567732
v -0.038823 -0.854889 4.567732
v -0.075000 -0.839904 4.567732
v -0.106066 -0.816067 4.567732
v -0.129904 -0.785001 4.567732
v -0.386370 -0.103528 4.567732
v -0.400000 -0.000001 4.567732
v -0.386370 0.103527 4.567732
v -0.346410 0.199999 4.567732
v -0.282843 0.282842 4.567732
v -0.200000 0.346410 4.567732
v -0.103528 0.386370 4.567732
v 0.000000 0.399999 4.567732
v 0.103528 0.386370 4.567732
v 0.200000 0.346410 4.567732
v 0.282843 0.282842 4.567732
v 0.346410 0.199999 4.567732
v 0.386370 0.103527 4.567732
v 0.400000 -0.000001 4.567732
v 0.386370 -0.103528 4.567732
v 0.346410 -0.200001 4.567732
v 0.282843 -0.282843 4.567732
v 0.200000 -0.346411 4.567732
v 0.103528 -0.386371 4.567732
v 0.000000 -0.400001 4.567732
v -0.103528 -0.386371 4.567732
v -0.200000 -0.346411 4.567732
v -0.282843 -0.282843 4.567732
v -0.346410 -0.200001 4.567732
f 1111 1112 1113
f 1113 1112 1114
f 1113 1114 1115
f 1115 1114 1116
f 1115 1116 1117
f 1117 1116 1118
f 1117 1118 1119
f 1119 1118 1120
f 1119 1120 1121
f 1121 1120 1122
f 1121 1122 1123
f 1123 1124 1121
f 1121 1124 1125
f 1121 1125 1119
f 1119 1125 1126
f 1119 1126 1117
f 1117 1126 1127
f 1117 1127 1115
f 1115 1127 1128
f 1115 1128 1113
f 1113 1128 1129
f 1113 1129 1111
f 1130 1131 1112
f 1112 1131 1132
f 1112 1132 1133
f 1133 1132 1134
f 1134 1132 1135
f 1134 1135 1136
f 1136 1135 1137
f 1136 1137 1138
f 1138 1137 1139
f 1138 1139 1140
f 1140 1139 1141
f 1140 1141 1142
f 1142 1141 1143
f 1142 1143 1144
f 1144 1143 1145
f 1144 1145 1146
f 1146 1145 1147
f 1146 1147 1148
f 1148 1147 1149
f 1148 1149 1150
f 1150 1149 1151
f 1150 1151 1152
f 1152 1151 1153
f 1152 1153 1111
f 1111 1153 1154
f 1111 1154 1155
f 1155 1156 1111
f 1111 1156 1157
f 1111 1157 1158
f 1158 1159 1111
f 1111 1159 1160
f 1111 1160 1112
f 1112 1160 1161
f 1112 1161 1162
f 1162 1163 1112
f 1112 1163 1164
f 1112 1164 1130
f 1165 1166 1167
f 1167 1166 1168
f 1167 1168 1169
f 1170 1171 1165
f 1165 1171 1172
f 1165 1172 1173
f 1173 1172 1174
f 1173 1174 1175
f 1175 1174 1176
f 1176 1174 1177
f 1176 1177 1178
f 1178 1177 1179
f 1178 1179 1180
f 1180 1179 1181
f 1181 1179 1182
f 1181 1182 1183
f 1183 1182 1184
f 1183 1184 1185
f 1185 1184 1186
f 1185 1186 1187
f 1187 1186 1188
f 1188 1186 1189
f 1188 1189 1190
f 1190 1189 1191
f 1191 1189 1192
f 1192 1189 1193
f 1192 1193 1194
f 1194 1193 1195
f 1195 1193 1196
f 1196 1193 1197
f 1196 1197 1198
f 1198 1197 1199
f 1198 1199 1200
f 1171 1170 1201
f 1201 1170 1202
f 1201 1202 1203
f 1203 1202 1204
f 1203 1204 1205
f 1205 1204 1206
f 1205 1206 1207
f 1207 1206 1208
f 1207 1208 1209
f 1209 1208 1210
f 1209 1210 1211
f 1211 1210 1212
f 1211 1212 1213
f 1213 1212 1214
f 1213 1214 1215
f 1215 1214 1216
f 1215 1216 1217
f 1217 1216 1218
f 1217 1218 1219
f 1219 1218 1220
f 1220 1218 1221
f 1220 1221 1222
f 1222 1221 1223
f 1223 1221 1224
f 1224 1221 1225
f 1225 1221 1111
f 1225 1111 1226
f 1221 1152 1111
f 1133 1167 1112
f 1112 1167 1227
f 1112 1227 1200
f 1200 1227 1228
f 1200 1228 1229
f 1230 1231 1226
f 1226 1231 1232
f 1226 1232 1233
f 1230 1234 1231
f 1231 1234 1235
f 1235 1234 1236
f 1235 1236 1237
f 1237 1236 1238
f 1238 1236 1239
f 1239 1236 1240
f 1239 1240 1241
f 1241 1240 1242
f 1242 1240 1243
f 1243 1240 1244
f 1243 1244 1245
f 1245 1244 1246
f 1246 1244 1247
f 1246 1247 1248
f 1248 1247 1249
f 1248 1249 1250
f 1250 1249 1251
f 1250 1251 1252
f 1252 1251 1253
f 1253 1251 1254
f 1253 1254 1255
f 1255 1254 1256
f 1255 1256 1257
f 1257 1256 1219
f 1219 1256 1217
f 1247 1244 1258
f 1258 1244 1259
f 1258 1259 1260
f 1260 1259 1261
f 1261 1259 1262
f 1262 1259 1263
f 1263 1259 1264
f 1263 1264 1265
f 1265 1264 1266
f 1266 1264 1267
f 1267 1264 1268
f 1268 1264 1269
f 1269 1264 1270
f 1270 1264 1271
f 1270 1271 1272
f 1272 1271 1273
f 1273 1271 1274
f 1274 1271 1275
f 1274 1275 1276
f 1271 1186 1275
f 1275 1186 1184
f 1277 1278 1276
f 1276 1278 1279
f 1276 1279 1274
f 1280 1281 1277
f 1277 1281 1282
f 1277 1282 1283
f 1284 1285 1280
f 1280 1285 1286
f 1280 1286 1281
f 1287 1288 1284
f 1284 1288 1289
f 1284 1289 1290
f 1258 1260 1287
f 1287 1260 1291
f 1287 1291 1288
f 1217 1256 1292
f 1292 1256 1293
f 1292 1293 1294
f 1295 1296 1294
f 1294 1296 1297
f 1294 1297 1292
f 1298 1299 1295
f 1295 1299 1300
f 1295 1300 1301
f 1302 1303 1298
f 1298 1303 1304
f 1298 1304 1299
f 1305 1306 1302
f 1302 1306 1307
f 1302 1307 1308
f 1309 1310 1305
f 1305 1310 1311
f 1305 1311 1306
f 1309 1174 1310
f 1310 1174 1172
f 1308 1303 1302
f 1301 1296 1295
f 1233 1225 1226
f 1173 1166 1165
f 1169 1312 1167
f 1167 1312 1227
f 1229 1198 1200
f 1290 1285 1284
f 1283 1278 1277
f 1129 1313 1111
f 1111 1313 1314
f 1111 1314 1226
f 1129 1128 1313
f 1313 1128 1127
f 1313 1127 1126
f 1126 1125 1313
f 1313 1125 1124
f 1313 1124 1315
f 1313 1315 1316
f 1316 1315 1317
f 1316 1317 1318
f 1318 1319 1316
f 1316 1319 1320
f 1316 1320 1321
f 1321 1322 1316
f 1316 1322 1323
f 1323 1322 1324
f 1325 1322 1326
f 1326 1322 1321
f 1326 1321 1327
f 1327 1321 1320
f 1327 1320 1328
f 1328 1320 1319
f 1328 1319 1329
f 1329 1319 1318
f 1329 1318 1330
f 1330 1318 1317
f 1330 1317 1315
f 1315 1331 1330
f 1330 1331 1332
f 1330 1332 1329
f 1329 1332 1333
f 1329 1333 1328
f 1328 1333 1334
f 1328 1334 1327
f 1327 1334 1335
f 1327 1335 1326
f 1326 1335 1336
f 1326 1336 1325
f 1337 1338 1325
f 1325 1338 1339
f 1325 1339 1340
f 1340 1341 1325
f 1325 1341 1342
f 1325 1342 1343
f 1343 1344 1325
f 1325 1344 1322
f 1322 1344 1345
f 1322 1345 1346
f 1346 1347 1322
f 1322 1347 1348
f 1322 1348 1349
f 1349 1350 1322
f 1322 1350 1351
f 1322 1351 1352
f 1352 1351 1353
f 1352 1353 1354
f 1354 1353 1355
f 1354 1355 1356
f 1356 1355 1357
f 1356 1357 1358
f 1358 1357 1359
f 1358 1359 1360
f 1360 1359 1361
f 1360 1361 1362
f 1362 1361 1363
f 1362 1363 1364
f 1364 1363 1365
f 1364 1365 1366
f 1366 1365 1367
f 1366 1367 1368
f 1368 1367 1369
f 1368 1369 1370
f 1370 1369 1337
f 1370 1337 1371
f 1371 1337 1325
f 1371 1325 1372
f 1372 1325 1373
f 1372 1373 1374
f 1352 1375 1322
f 1322 1375 1376
f 1322 1376 1324
f 1324 1376 1377
f 1324 1377 1378
f 1379 1380 1375
f 1375 1380 1381
f 1375 1381 1382
f 1383 1384 1379
f 1379 1384 1385
f 1379 1385 1380
f 1384 1383 1386
f 1386 1383 1387
f 1386 1387 1388
f 1388 1387 1389
f 1388 1389 1390
f 1390 1389 1391
f 1390 1391 1392
f 1392 1391 1393
f 1392 1393 1394
f 1394 1393 1395
f 1394 1395 1396
f 1396 1395 1397
f 1396 1397 1398
f 1398 1397 1399
f 1398 1399 1400
f 1400 1399 1401
f 1400 1401 1402
f 1402 1401 1403
f 1402 1403 1404
f 1404 1403 1405
f 1404 1405 1406
f 1406 1405 1407
f 1406 1407 1408
f 1405 1403 1409
f 1409 1403 1372
f 1409 1372 1410
f 1410 1372 1411
f 1411 1372 1374
f 1325 1412 1373
f 1373 1412 1413
f 1413 1412 1414
f 1414 1412 1415
f 1415 1412 1416
f 1415 1416 1417
f 1415 1417 1418
f 1418 1417 1419
f 1418 1419 1420
f 1420 1419 1421
f 1421 1419 1422
f 1422 1419 1423
f 1422 1423 1424
f 1424 1423 1425
f 1425 1423 1426
f 1426 1423 1427
f 1426 1427 1428
f 1428 1427 1429
f 1429 1427 1430
f 1429 1430 1431
f 1431 1430 1432
f 1431 1432 1433
f 1433 1432 1434
f 1433 1434 1435
f 1435 1434 1436
f 1436 1434 1437
f 1436 1437 1408
f 1408 1437 1406
f 1430 1427 1438
f 1438 1427 1439
f 1438 1439 1440
f 1440 1439 1441
f 1441 1439 1442
f 1442 1439 1443
f 1443 1439 1444
f 1443 1444 1445
f 1445 1444 1446
f 1446 1444 1447
f 1447 1444 1448
f 1448 1444 1449
f 1449 1444 1450
f 1450 1444 1451
f 1450 1451 1452
f 1452 1451 1453
f 1453 1451 1454
f 1454 1451 1455
f 1454 1455 1456
f 1451 1457 1455
f 1455 1457 1458
f 1458 1457 1459
f 1458 1459 1460
f 1461 1462 1457
f 1457 1462 1463
f 1457 1463 1459
f 1464 1465 1461
f 1461 1465 1466
f 1461 1466 1467
f 1468 1469 1464
f 1464 1469 1470
f 1464 1470 1471
f 1469 1468 1472
f 1472 1468 1473
f 1472 1473 1324
f 1404 1406 1474
f 1474 1406 1475
f 1474 1475 1476
f 1477 1478 1476
f 1476 1478 1479
f 1476 1479 1474
f 1480 1481 1477
f 1477 1481 1482
f 1477 1482 1483
f 1484 1485 1480
f 1480 1485 1486
f 1480 1486 1481
f 1487 1488 1484
f 1484 1488 1489
f 1484 1489 1490
f 1491 1492 1487
f 1487 1492 1493
f 1487 1493 1488
f 1491 1494 1492
f 1492 1494 1384
f 1384 1494 1385
f 1495 1496 1494
f 1494 1496 1497
f 1494 1497 1385
f 1496 1495 1498
f 1498 1495 1499
f 1498 1499 1500
f 1500 1499 1501
f 1501 1499 1502
f 1501 1502 1460
f 1460 1502 1458
f 1503 1504 1456
f 1456 1504 1505
f 1456 1505 1454
f 1506 1507 1503
f 1503 1507 1508
f 1503 1508 1509
f 1510 1511 1506
f 1506 1511 1512
f 1506 1512 1507
f 1513 1514 1510
f 1510 1514 1515
f 1510 1515 1516
f 1438 1440 1513
f 1513 1440 1517
f 1513 1517 1514
f 1490 1485 1484
f 1483 1478 1477
f 1382 1518 1375
f 1375 1518 1376
f 1378 1472 1324
f 1471 1465 1464
f 1467 1462 1461
f 1516 1511 1510
f 1509 1504 1503
f 1130 1519 1131
f 1131 1519 1520
f 1131 1520 1132
f 1132 1520 1521
f 1132 1521 1135
f 1135 1521 1522
f 1135 1522 1137
f 1137 1522 1523
f 1137 1523 1139
f 1139 1523 1524
f 1139 1524 1141
f 1141 1524 1525
f 1141 1525 1143
f 1143 1525 1526
f 1143 1526 1145
f 1145 1526 1527
f 1145 1527 1147
f 1147 1527 1528
f 1147 1528 1149
f 1149 1528 1529
f 1149 1529 1151
f 1151 1529 1530
f 1151 1530 1153
f 1153 1530 1531
f 1153 1531 1154
f 1154 1531 1532
f 1154 1532 1155
f 1155 1532 1533
f 1155 1533 1156
f 1156 1533 1534
f 1156 1534 1157
f 1157 1534 1535
f 1157 1535 1158
f 1158 1535 1536
f 1158 1536 1159
f 1159 1536 1537
f 1159 1537 1160
f 1160 1537 1538
f 1160 1538 1161
f 1161 1538 1539
f 1161 1539 1162
f 1162 1539 1540
f 1162 1540 1163
f 1163 1540 1541
f 1163 1541 1164
f 1164 1541 1542
f 1164 1542 1130
f 1130 1542 1519
f 1543 1339 1544
f 1544 1339 1338
f 1544 1338 1545
f 1545 1338 1337
f 1545 1337 1546
f 1546 1337 1369
f 1546 1369 1547
f 1547 1369 1367
f 1547 1367 1548
f 1548 1367 1365
f 1548 1365 1549
f 1549 1365 1363
f 1549 1363 1550
f 1550 1363 1361
f 1550 1361 1551
f 1551 1361 1359
f 1551 1359 1552
f 1552 1359 1357
f 1552 1357 1553
f 1553 1357 1355
f 1553 1355 1554
f 1554 1355 1353
f 1554 1353 1555
f 1555 1353 1351
f 1555 1351 1556
f 1556 1351 1350
f 1556 1350 1557
f 1557 1350 1349
f 1557 1349 1558
f 1558 1349 1348
f 1558 1348 1559
f 1559 1348 1347
f 1559 1347 1560
f 1560 1347 1346
f 1560 1346 1561
f 1561 1346 1345
f 1561 1345 1562
f 1562 1345 1344
f 1562 1344 1563
f 1563 1344 1343
f 1563 1343 1564
f 1564 1343 1342
f 1564 1342 1565
f 1565 1342 1341
f 1565 1341 1566
f 1566 1341 1340
f 1566 1340 1543
f 1543 1340 1339
f 1133 1567 1167
f 1167 1567 1568
f 1167 1568 1165
f 1165 1568 1569
f 1165 1569 1170
f 1170 1569 1570
f 1170 1570 1202
f 1202 1570 1571
f 1202 1571 1204
f 1204 1571 1572
f 1204 1572 1206
f 1206 1572 1573
f 1206 1573 1208
f 1208 1573 1574
f 1208 1574 1210
f 1210 1574 1575
f 1210 1575 1212
f 1212 1575 1576
f 1212 1576 1214
f 1214 1576 1577
f 1214 1577 1216
f 1216 1577 1578
f 1216 1578 1218
f 1218 1578 1579
f 1218 1579 1221
f 1221 1579 1580
f 1221 1580 1152
f 1152 1580 1581
f 1152 1581 1150
f 1150 1581 1582
f 1150 1582 1148
f 1148 1582 1583
f 1148 1583 1146
f 1146 1583 1584
f 1146 1584 1144
f 1144 1584 1585
f 1144 1585 1142
f 1142 1585 1586
f 1142 1586 1140
f 1140 1586 1587
f 1140 1587 1138
f 1138 1587 1588
f 1138 1588 1136
f 1136 1588 1589
f 1136 1589 1134
f 1134 1589 1590
f 1134 1590 1133
f 1133 1590 1567
f 1591 1371 1592
f 1592 1371 1372
f 1592 1372 1593
f 1593 1372 1403
f 1593 1403 1594
f 1594 1403 1401
f 1594 1401 1595
f 1595 1401 1399
f 1595 1399 1596
f 1596 1399 1397
f 1596 1397 1597
f 1597 1397 1395
f 1597 1395 1598
f 1598 1395 1393
f 1598 1393 1599
f 1599 1393 1391
f 1599 1391 1600
f 1600 1391 1389
f 1600 1389 1601
f 1601 1389 1387
f 1601 1387 1602
f 1602 1387 1383
f 1602 1383 1603
f 1603 1383 1379
f 1603 1379 1604
f 1604 1379 1375
f 1604 1375 1605
f 1605 1375 1352
f 1605 1352 1606
f 1606 1352 1354
f 1606 1354 1607
f 1607 1354 1356
f 1607 1356 1608
f 1608 1356 1358
f 1608 1358 1609
f 1609 1358 1360
f 1609 1360 1610
f 1610 1360 1362
f 1610 1362 1611
f 1611 1362 1364
f 1611 1364 1612
f 1612 1364 1366
f 1612 1366 1613
f 1613 1366 1368
f 1613 1368 1614
f 1614 1368 1370
f 1614 1370 1591
f 1591 1370 1371
f 1279 1615 1274
f 1274 1615 1616
f 1274 1616 1273
f 1273 1616 1617
f 1273 1617 1272
f 1272 1617 1618
f 1272 1618 1270
f 1270 1618 1619
f 1270 1619 1269
f 1269 1619 1620
f 1269 1620 1268
f 1268 1620 1621
f 1268 1621 1267
f 1267 1621 1622
f 1267 1622 1266
f 1266 1622 1623
f 1266 1623 1265
f 1265 1623 1624
f 1265 1624 1263
f 1263 1624 1625
f 1263 1625 1262
f 1262 1625 1626
f 1262 1626 1261
f 1261 1626 1627
f 1261 1627 1260
f 1260 1627 1628
f 1260 1628 1291
f 1291 1628 1629
f 1291 1629 1288
f 1288 1629 1630
f 1288 1630 1289
f 1289 1630 1631
f 1289 1631 1290
f 1290 1631 1632
f 1290 1632 1285
f 1285 1632 1633
f 1285 1633 1286
f 1286 1633 1634
f 1286 1634 1281
f 1281 1634 1635
f 1281 1635 1282
f 1282 1635 1636
f 1282 1636 1283
f 1283 1636 1637
f 1283 1637 1278
f 1278 1637 1638
f 1278 1638 1279
f 1279 1638 1615
f 1639 1517 1640
f 1640 1517 1440
f 1640 1440 1641
f 1641 1440 1441
f 1641 1441 1642
f 1642 1441 1442
f 1642 1442 1643
f 1643 1442 1443
f 1643 1443 1644
f 1644 1443 1445
f 1644 1445 1645
f 1645 1445 1446
f 1645 1446 1646
f 1646 1446 1447
f 1646 1447 1647
f 1647 1447 1448
f 1647 1448 1648
f 1648 1448 1449
f 1648 1449 1649
f 1649 1449 1450
f 1649 1450 1650
f 1650 1450 1452
f 1650 1452 1651
f 1651 1452 1453
f 1651 1453 1652
f 1652 1453 1454
f 1652 1454 1653
f 1653 1454 1505
f 1653 1505 1654
f 1654 1505 1504
f 1654 1504 1655
f 1655 1504 1509
f 1655 1509 1656
f 1656 1509 1508
f 1656 1508 1657
f 1657 1508 1507
f 1657 1507 1658
f 1658 1507 1512
f 1658 1512 1659
f 1659 1512 1511
f 1659 1511 1660
f 1660 1511 1516
f 1660 1516 1661
f 1661 1516 1515
f 1661 1515 1662
f 1662 1515 1514
f 1662 1514 1639
f 1639 1514 1517
f 1229 1663 1198
f 1198 1663 1664
f 1198 1664 1196
f 1196 1664 1665
f 1196 1665 1195
f 1195 1665 1666
f 1195 1666 1194
f 1194 1666 1667
f 1194 1667 1192
f 1192 1667 1668
f 1192 1668 1191
f 1191 1668 1669
f 1191 1669 1190
f 1190 1669 1670
f 1190 1670 1188
f 1188 1670 1671
f 1188 1671 1187
f 1187 1671 1672
f 1187 1672 1185
f 1185 1672 1673
f 1185 1673 1183
f 1183 1673 1674
f 1183 1674 1181
f 1181 1674 1675
f 1181 1675 1180
f 1180 1675 1676
f 1180 1676 1178
f 1178 1676 1677
f 1178 1677 1176
f 1176 1677 1678
f 1176 1678 1175
f 1175 1678 1679
f 1175 1679 1173
f 1173 1679 1680
f 1173 1680 1166
f 1166 1680 1681
f 1166 1681 1168
f 1168 1681 1682
f 1168 1682 1169
f 1169 1682 1683
f 1169 1683 1312
f 1312 1683 1684
f 1312 1684 1227
f 1227 1684 1685
f 1227 1685 1228
f 1228 1685 1686
f 1228 1686 1229
f 1229 1686 1663
f 1687 1414 1688
f 1688 1414 1415
f 1688 1415 1689
f 1689 1415 1418
f 1689 1418 1690
f 1690 1418 1420
f 1690 1420 1691
f 1691 1420 1421
f 1691 1421 1692
f 1692 1421 1422
f 1692 1422 1693
f 1693 1422 1424
f 1693 1424 1694
f 1694 1424 1425
f 1694 1425 1695
f 1695 1425 1426
f 1695 1426 1696
f 1696 1426 1428
f 1696 1428 1697
f 1697 1428 1429
f 1697 1429 1698
f 1698 1429 1431
f 1698 1431 1699
f 1699 1431 1433
f 1699 1433 1700
f 1700 1433 1435
f 1700 1435 1701
f 1701 1435 1436
f 1701 1436 1702
f 1702 1436 1408
f 1702 1408 1703
f 1703 1408 1407
f 1703 1407 1704
f 1704 1407 1405
f 1704 1405 1705
f 1705 1405 1409
f 1705 1409 1706
f 1706 1409 1410
f 1706 1410 1707
f 1707 1410 1411
f 1707 1411 1708
f 1708 1411 1374
f 1708 1374 1709
f 1709 1374 1373
f 1709 1373 1710
f 1710 1373 1413
f 1710 1413 1687
f 1687 1413 1414
f 1253 1711 1252
f 1252 1711 1712
f 1252 1712 1250
f 1250 1712 1713
f 1250 1713 1248
f 1248 1713 1714
f 1248 1714 1246
f 1246 1714 1715
f 1246 1715 1245
f 1245 1715 1716
f 1245 1716 1243
f 1243 1716 1717
f 1243 1717 1242
f 1242 1717 1718
f 1242 1718 1241
f 1241 1718 1719
f 1241 1719 1239
f 1239 1719 1720
f 1239 1720 1238
f 1238 1720 1721
f 1238 1721 1237
f 1237 1721 1722
f 1237 1722 1235
f 1235 1722 1723
f 1235 1723 1231
f 1231 1723 1724
f 1231 1724 1232
f 1232 1724 1725
f 1232 1725 1233
f 1233 1725 1726
f 1233 1726 1225
f 1225 1726 1727
f 1225 1727 1224
f 1224 1727 1728
f 1224 1728 1223
f 1223 1728 1729
f 1223 1729 1222
f 1222 1729 1730
f 1222 1730 1220
f 1220 1730 1731
f 1220 1731 1219
f 1219 1731 1732
f 1219 1732 1257
f 1257 1732 1733
f 1257 1733 1255
f 1255 1733 1734
f 1255 1734 1253
f 1253 1734 1711
f 1735 1498 1736
f 1736 1498 1500
f 1736 1500 1737
f 1737 1500 1501
f 1737 1501 1738
f 1738 1501 1460
f 1738 1460 1739
f 1739 1460 1459
f 1739 1459 1740
f 1740 1459 1463
f 1740 1463 1741
f 1741 1463 1462
f 1741 1462 1742
f 1742 1462 1467
f 1742 1467 1743
f 1743 1467 1466
f 1743 1466 1744
f 1744 1466 1465
f 1744 1465 1745
f 1745 1465 1471
f 1745 1471 1746
f 1746 1471 1470
f 1746 1470 1747
f 1747 1470 1469
f 1747 1469 1748
f 1748 1469 1472
f 1748 1472 1749
f 1749 1472 1378
f 1749 1378 1750
f 1750 1378 1377
f 1750 1377 1751
f 1751 1377 1376
f 1751 1376 1752
f 1752 1376 1518
f 1752 1518 1753
f 1753 1518 1382
f 1753 1382 1754
f 1754 1382 1381
f 1754 1381 1755
f 1755 1381 1380
f 1755 1380 1756
f 1756 1380 1385
f 1756 1385 1757
f 1757 1385 1497
f 1757 1497 1758
f 1758 1497 1496
f 1758 1496 1735
f 1735 1496 1498
f 1172 1759 1310
f 1310 1759 1760
f 1310 1760 1311
f 1311 1760 1761
f 1311 1761 1306
f 1306 1761 1762
f 1306 1762 1307
f 1307 1762 1763
f 1307 1763 1308
f 1308 1763 1764
f 1308 1764 1303
f 1303 1764 1765
f 1303 1765 1304
f 1304 1765 1766
f 1304 1766 1299
f 1299 1766 1767
f 1299 1767 1300
f 1300 1767 1768
f 1300 1768 1301
f 1301 1768 1769
f 1301 1769 1296
f 1296 1769 1770
f 1296 1770 1297
f 1297 1770 1771
f 1297 1771 1292
f 1292 1771 1772
f 1292 1772 1217
f 1217 1772 1773
f 1217 1773 1215
f 1215 1773 1774
f 1215 1774 1213
f 1213 1774 1775
f 1213 1775 1211
f 1211 1775 1776
f 1211 1776 1209
f 1209 1776 1777
f 1209 1777 1207
f 1207 1777 1778
f 1207 1778 1205
f 1205 1778 1779
f 1205 1779 1203
f 1203 1779 1780
f 1203 1780 1201
f 1201 1780 1781
f 1201 1781 1171
f 1171 1781 1782
f 1171 1782 1172
f 1172 1782 1759
f 1783 1404 1784
f 1784 1404 1474
f 1784 1474 1785
f 1785 1474 1479
f 1785 1479 1786
f 1786 1479 1478
f 1786 1478 1787
f 1787 1478 1483
f 1787 1483 1788
f 1788 1483 1482
f 1788 1482 1789
f 1789 1482 1481
f 1789 1481 1790
f 1790 1481 1486
f 1790 1486 1791
f 1791 1486 1485
f 1791 1485 1792
f 1792 1485 1490
f 1792 1490 1793
f 1793 1490 1489
f 1793 1489 1794
f 1794 1489 1488
f 1794 1488 1795
f 1795 1488 1493
f 1795 1493 1796
f 1796 1493 1492
f 1796 1492 1797
f 1797 1492 1384
f 1797 1384 1798
f 1798 1384 1386
f 1798 1386 1799
f 1799 1386 1388
f 1799 1388 1800
f 1800 1388 1390
f 1800 1390 1801
f 1801 1390 1392
f 1801 1392 1802
f 1802 1392 1394
f 1802 1394 1803
f 1803 1394 1396
f 1803 1396 1804
f 1804 1396 1398
f 1804 1398 1805
f 1805 1398 1400
f 1805 1400 1806
f 1806 1400 1402
f 1806 1402 1783
f 1783 1402 1404
f 1177 1807 1179
f 1179 1807 1808
f 1179 1808 1182
f 1182 1808 1809
f 1182 1809 1184
f 1184 1809 1810
f 1184 1810 1275
f 1275 1810 1811
f 1275 1811 1276
f 1276 1811 1812
f 1276 1812 1277
f 1277 1812 1813
f 1277 1813 1280
f 1280 1813 1814
f 1280 1814 1284
f 1284 1814 1815
f 1284 1815 1287
f 1287 1815 1816
f 1287 1816 1258
f 1258 1816 1817
f 1258 1817 1247
f 1247 1817 1818
f 1247 1818 1249
f 1249 1818 1819
f 1249 1819 1251
f 1251 1819 1820
f 1251 1820 1254
f 1254 1820 1821
f 1254 1821 1256
f 1256 1821 1822
f 1256 1822 1293
f 1293 1822 1823
f 1293 1823 1294
f 1294 1823 1824
f 1294 1824 1295
f 1295 1824 1825
f 1295 1825 1298
f 1298 1825 1826
f 1298 1826 1302
f 1302 1826 1827
f 1302 1827 1305
f 1305 1827 1828
f 1305 1828 1309
f 1309 1828 1829
f 1309 1829 1174
f 1174 1829 1830
f 1174 1830 1177
f 1177 1830 1807
f 1831 1437 1832
f 1832 1437 1434
f 1832 1434 1833
f 1833 1434 1432
f 1833 1432 1834
f 1834 1432 1430
f 1834 1430 1835
f 1835 1430 1438
f 1835 1438 1836
f 1836 1438 1513
f 1836 1513 1837
f 1837 1513 1510
f 1837 1510 1838
f 1838 1510 1506
f 1838 1506 1839
f 1839 1506 1503
f 1839 1503 1840
f 1840 1503 1456
f 1840 1456 1841
f 1841 1456 1455
f 1841 1455 1842
f 1842 1455 1458
f 1842 1458 1843
f 1843 1458 1502
f 1843 1502 1844
f 1844 1502 1499
f 1844 1499 1845
f 1845 1499 1495
f 1845 1495 1846
f 1846 1495 1494
f 1846 1494 1847
f 1847 1494 1491
f 1847 1491 1848
f 1848 1491 1487
f 1848 1487 1849
f 1849 1487 1484
f 1849 1484 1850
f 1850 1484 1480
f 1850 1480 1851
f 1851 1480 1477
f 1851 1477 1852
f 1852 1477 1476
f 1852 1476 1853
f 1853 1476 1475
f 1853 1475 1854
f 1854 1475 1406
f 1854 1406 1831
f 1831 1406 1437
f 1855 1200 1856
f 1856 1200 1199
f 1856 1199 1857
f 1857 1199 1197
f 1857 1197 1858
f 1858 1197 1193
f 1858 1193 1859
f 1859 1193 1189
f 1859 1189 1860
f 1860 1189 1186
f 1860 1186 1861
f 1861 1186 1271
f 1861 1271 1862
f 1862 1271 1264
f 1862 1264 1863
f 1863 1264 1259
f 1863 1259 1864
f 1864 1259 1244
f 1864 1244 1865
f 1865 1244 1240
f 1865 1240 1866
f 1866 1240 1236
f 1866 1236 1867
f 1867 1236 1234
f 1867 1234 1868
f 1868 1234 1230
f 1868 1230 1314
f 1314 1230 1226
f 1323 1324 1869
f 1869 1324 1473
f 1869 1473 1870
f 1870 1473 1468
f 1870 1468 1871
f 1871 1468 1464
f 1871 1464 1872
f 1872 1464 1461
f 1872 1461 1873
f 1873 1461 1457
f 1873 1457 1874
f 1874 1457 1451
f 1874 1451 1875
f 1875 1451 1444
f 1875 1444 1876
f 1876 1444 1439
f 1876 1439 1877
f 1877 1439 1427
f 1877 1427 1878
f 1878 1427 1423
f 1878 1423 1879
f 1879 1423 1419
f 1879 1419 1880
f 1880 1419 1417
f 1880 1417 1881
f 1881 1417 1416
f 1881 1416 1882
f 1882 1416 1412
f 1641 1876 1640
f 1640 1876 1835
f 1640 1835 1836
f 1641 1642 1876
f 1876 1642 1643
f 1876 1643 1875
f 1875 1643 1644
f 1875 1644 1645
f 1645 1646 1875
f 1875 1646 1647
f 1875 1647 1648
f 1648 1649 1875
f 1875 1649 1874
f 1874 1649 1650
f 1874 1650 1651
f 1651 1652 1874
f 1874 1652 1841
f 1874 1841 1873
f 1873 1841 1842
f 1873 1842 1739
f 1739 1842 1738
f 1738 1842 1843
f 1738 1843 1737
f 1737 1843 1844
f 1737 1844 1736
f 1736 1844 1735
f 1735 1844 1845
f 1735 1845 1758
f 1758 1845 1846
f 1758 1846 1757
f 1757 1846 1756
f 1756 1846 1797
f 1756 1797 1603
f 1603 1797 1602
f 1602 1797 1798
f 1602 1798 1601
f 1601 1798 1799
f 1601 1799 1600
f 1600 1799 1800
f 1600 1800 1599
f 1599 1800 1801
f 1599 1801 1598
f 1598 1801 1802
f 1598 1802 1597
f 1597 1802 1803
f 1597 1803 1596
f 1596 1803 1804
f 1596 1804 1595
f 1595 1804 1805
f 1595 1805 1594
f 1594 1805 1806
f 1594 1806 1593
f 1593 1806 1783
f 1593 1783 1704
f 1704 1783 1854
f 1704 1854 1703
f 1703 1854 1702
f 1702 1854 1831
f 1702 1831 1701
f 1701 1831 1832
f 1701 1832 1700
f 1700 1832 1699
f 1699 1832 1833
f 1699 1833 1698
f 1698 1833 1834
f 1698 1834 1697
f 1697 1834 1877
f 1697 1877 1696
f 1696 1877 1695
f 1695 1877 1878
f 1695 1878 1694
f 1694 1878 1693
f 1693 1878 1692
f 1692 1878 1879
f 1692 1879 1691
f 1691 1879 1690
f 1690 1879 1689
f 1689 1879 1880
f 1689 1880 1688
f 1688 1880 1881
f 1688 1881 1882
f 1841 1652 1840
f 1840 1652 1653
f 1840 1653 1654
f 1840 1654 1839
f 1839 1654 1655
f 1839 1655 1656
f 1656 1657 1839
f 1839 1657 1838
f 1838 1657 1658
f 1838 1658 1659
f 1838 1659 1837
f 1837 1659 1660
f 1837 1660 1661
f 1661 1662 1837
f 1837 1662 1836
f 1836 1662 1639
f 1836 1639 1640
f 1704 1705 1593
f 1593 1705 1592
f 1592 1705 1706
f 1592 1706 1707
f 1707 1708 1592
f 1592 1708 1709
f 1592 1709 1883
f 1883 1709 1882
f 1882 1709 1710
f 1882 1710 1687
f 1687 1688 1882
f 1739 1740 1873
f 1873 1740 1741
f 1873 1741 1872
f 1872 1741 1742
f 1872 1742 1743
f 1743 1744 1872
f 1872 1744 1871
f 1871 1744 1745
f 1871 1745 1746
f 1746 1747 1871
f 1871 1747 1870
f 1870 1747 1748
f 1870 1748 1869
f 1869 1748 1323
f 1323 1748 1749
f 1323 1749 1750
f 1750 1751 1323
f 1323 1751 1316
f 1316 1751 1604
f 1316 1604 1605
f 1751 1752 1604
f 1604 1752 1753
f 1604 1753 1754
f 1754 1755 1604
f 1604 1755 1603
f 1603 1755 1756
f 1785 1852 1784
f 1784 1852 1853
f 1784 1853 1854
f 1785 1786 1852
f 1852 1786 1851
f 1851 1786 1787
f 1851 1787 1788
f 1788 1789 1851
f 1851 1789 1850
f 1850 1789 1790
f 1850 1790 1791
f 1850 1791 1849
f 1849 1791 1792
f 1849 1792 1793
f 1793 1794 1849
f 1849 1794 1848
f 1848 1794 1795
f 1848 1795 1796
f 1797 1846 1796
f 1796 1846 1847
f 1796 1847 1848
f 1783 1784 1854
f 1834 1835 1877
f 1877 1835 1876
f 1316 1562 1883
f 1883 1562 1563
f 1883 1563 1564
f 1606 1554 1605
f 1605 1554 1555
f 1605 1555 1316
f 1316 1555 1556
f 1316 1556 1557
f 1554 1606 1553
f 1553 1606 1607
f 1553 1607 1552
f 1552 1607 1608
f 1552 1608 1551
f 1551 1608 1609
f 1551 1609 1550
f 1550 1609 1610
f 1550 1610 1549
f 1549 1610 1611
f 1549 1611 1548
f 1548 1611 1612
f 1548 1612 1547
f 1547 1612 1613
f 1547 1613 1546
f 1546 1613 1614
f 1546 1614 1545
f 1545 1614 1591
f 1545 1591 1883
f 1883 1591 1592
f 1543 1544 1883
f 1883 1544 1545
f 1557 1558 1316
f 1316 1558 1559
f 1316 1559 1560
f 1560 1561 1316
f 1316 1561 1562
f 1564 1565 1883
f 1883 1565 1566
f 1883 1566 1543
f 1884 1885 1886
f 1886 1885 1887
f 1886 1887 1888
f 1889 1890 1884
f 1884 1890 1891
f 1884 1891 1892
f 1890 1889 1893
f 1893 1889 1894
f 1893 1894 1895
f 1895 1894 1896
f 1895 1896 1897
f 1897 1896 1898
f 1898 1896 1899
f 1899 1896 1900
f 1899 1900 1901
f 1901 1900 1902
f 1901 1902 1903
f 1903 1902 1904
f 1904 1902 1905
f 1904 1905 1906
f 1906 1905 1907
f 1906 1907 1908
f 1908 1907 1909
f 1909 1907 1910
f 1909 1910 1911
f 1907 1912 1910
f 1910 1912 1913
f 1913 1912 1914
f 1913 1914 1915
f 1915 1914 1916
f 1915 1916 1917
f 1917 1916 1918
f 1918 1916 1919
f 1919 1916 1920
f 1919 1920 1921
f 1921 1920 1922
f 1922 1920 1923
f 1922 1923 1924
f 1924 1923 1925
f 1925 1923 1926
f 1926 1923 1927
f 1926 1927 1928
f 1928 1927 1929
f 1928 1929 1930
f 1930 1929 1931
f 1930 1931 1932
f 1932 1931 1933
f 1933 1931 1934
f 1934 1931 1935
f 1934 1935 1936
f 1936 1935 1937
f 1936 1937 1938
f 1938 1937 1939
f 1939 1937 1940
f 1939 1940 1941
f 1941 1940 1942
f 1941 1942 1943
f 1943 1942 1944
f 1944 1942 1945
f 1944 1945 1946
f 1942 1947 1945
f 1945 1947 1948
f 1948 1947 1949
f 1948 1949 1950
f 1950 1949 1951
f 1950 1951 1952
f 1952 1951 1953
f 1953 1951 1888
f 1888 1951 1886
f 1954 1946 1955
f 1955 1946 1956
f 1955 1956 1957
f 1957 1956 1883
f 1957 1883 1958
f 1958 1883 1959
f 1959 1883 1960
f 1960 1883 1961
f 1961 1883 1962
f 1962 1883 1963
f 1962 1963 1964
f 1964 1963 1965
f 1965 1963 1966
f 1966 1963 1967
f 1967 1963 1968
f 1968 1963 1969
f 1968 1969 1970
f 1970 1969 1971
f 1970 1971 1972
f 1972 1971 1932
f 1932 1971 1930
f 1954 1944 1946
f 1973 1974 1975
f 1975 1974 1976
f 1975 1976 1977
f 1977 1976 1897
f 1897 1976 1895
f 1974 1973 1316
f 1316 1973 1978
f 1316 1978 1979
f 1979 1980 1316
f 1316 1980 1981
f 1316 1981 1982
f 1316 1982 1313
f 1313 1982 1983
f 1313 1983 1984
f 1984 1985 1313
f 1313 1985 1986
f 1313 1986 1987
f 1313 1987 1988
f 1988 1987 1989
f 1988 1989 1911
f 1911 1989 1990
f 1911 1990 1909
f 1991 1992 1993
f 1993 1992 1994
f 1993 1994 1995
f 1995 1994 1996
f 1995 1996 1997
f 1997 1996 1998
f 1997 1998 1999
f 1999 1998 2000
f 1999 2000 2001
f 2001 2000 2002
f 2001 2002 1969
f 1969 2002 1971
f 1992 1991 2003
f 2003 1991 2004
f 2003 2004 2005
f 2005 2004 2006
f 2005 2006 2007
f 2007 2006 2008
f 2007 2008 1911
f 1911 2008 1988
f 1988 2009 1313
f 1313 2009 2010
f 1313 2010 2011
f 2011 2012 1313
f 1313 2012 2013
f 1313 2013 2014
f 2014 2015 1313
f 1313 2015 1963
f 1963 2015 2016
f 1963 2016 2017
f 2017 2018 1963
f 1963 2018 2019
f 1963 2019 2020
f 2020 2021 1963
f 1963 2021 1969
f 2022 2023 2024
f 2024 2023 2025
f 2024 2025 2026
f 2026 2025 2027
f 2026 2027 2028
f 2028 2027 2029
f 2028 2029 2030
f 2030 2029 2031
f 2030 2031 2032
f 2032 2031 2033
f 2032 2033 1946
f 1946 2033 1956
f 2023 2022 2034
f 2034 2022 2035
f 2034 2035 2036
f 2036 2035 2037
f 2036 2037 2038
f 2038 2037 2039
f 2038 2039 1974
f 1974 2039 1976
f 1892 1885 1884
f 2040 1316 2041
f 2041 1316 1883
f 2041 1883 2042
f 2042 1883 2043
f 2043 1883 2044
f 2044 1883 2045
f 2045 1883 2046
f 2046 1883 2047
f 2047 1883 1956
f 2040 2048 1316
f 1316 2048 2049
f 1316 2049 2050
f 2050 2051 1316
f 1316 2051 2052
f 1316 2052 1974
f 1615 1812 1616
f 1616 1812 1811
f 1616 1811 1861
f 1861 1811 1860
f 1860 1811 1810
f 1860 1810 1673
f 1673 1810 1674
f 1674 1810 1809
f 1674 1809 1675
f 1675 1809 1808
f 1675 1808 1676
f 1676 1808 1677
f 1677 1808 1807
f 1677 1807 1678
f 1678 1807 1830
f 1678 1830 1679
f 1679 1830 1680
f 1680 1830 1759
f 1680 1759 1569
f 1569 1759 1782
f 1569 1782 1570
f 1570 1782 1781
f 1570 1781 1571
f 1571 1781 1780
f 1571 1780 1572
f 1572 1780 1779
f 1572 1779 1573
f 1573 1779 1778
f 1573 1778 1574
f 1574 1778 1777
f 1574 1777 1575
f 1575 1777 1776
f 1575 1776 1576
f 1576 1776 1775
f 1576 1775 1577
f 1577 1775 1774
f 1577 1774 1578
f 1578 1774 1773
f 1578 1773 1579
f 1579 1773 1732
f 1579 1732 1731
f 1615 1638 1812
f 1812 1638 1813
f 1813 1638 1637
f 1813 1637 1636
f 1636 1635 1813
f 1813 1635 1814
f 1814 1635 1634
f 1814 1634 1633
f 1814 1633 1815
f 1815 1633 1632
f 1815 1632 1631
f 1631 1630 1815
f 1815 1630 1816
f 1816 1630 1629
f 1816 1629 1628
f 1627 1863 1628
f 1628 1863 1817
f 1628 1817 1816
f 1627 1626 1863
f 1863 1626 1625
f 1863 1625 1862
f 1862 1625 1624
f 1862 1624 1623
f 1623 1622 1862
f 1862 1622 1621
f 1862 1621 1620
f 1620 1619 1862
f 1862 1619 1861
f 1861 1619 1618
f 1861 1618 1617
f 1617 1616 1861
f 1663 1855 1664
f 1664 1855 1856
f 1664 1856 1857
f 1663 1686 1855
f 1855 1686 1685
f 1855 1685 1963
f 1963 1685 1568
f 1963 1568 1567
f 1685 1684 1568
f 1568 1684 1683
f 1568 1683 1682
f 1682 1681 1568
f 1568 1681 1569
f 1569 1681 1680
f 1673 1672 1860
f 1860 1672 1671
f 1860 1671 1859
f 1859 1671 1670
f 1859 1670 1669
f 1669 1668 1859
f 1859 1668 1858
f 1858 1668 1667
f 1858 1667 1666
f 1666 1665 1858
f 1858 1665 1857
f 1857 1665 1664
f 1713 1712 1820
f 1820 1712 1711
f 1820 1711 1821
f 1821 1711 1734
f 1821 1734 1822
f 1822 1734 1733
f 1822 1733 1732
f 1579 1731 1580
f 1580 1731 1730
f 1580 1730 1729
f 1729 1728 1580
f 1580 1728 1727
f 1580 1727 1313
f 1313 1727 1314
f 1314 1727 1726
f 1314 1726 1725
f 1725 1724 1314
f 1314 1724 1868
f 1868 1724 1867
f 1867 1724 1723
f 1867 1723 1866
f 1866 1723 1722
f 1866 1722 1721
f 1721 1720 1866
f 1866 1720 1865
f 1865 1720 1719
f 1865 1719 1718
f 1718 1717 1865
f 1865 1717 1864
f 1864 1717 1716
f 1864 1716 1715
f 1864 1715 1818
f 1818 1715 1714
f 1818 1714 1819
f 1819 1714 1713
f 1819 1713 1820
f 1759 1830 1760
f 1760 1830 1829
f 1760 1829 1828
f 1732 1773 1822
f 1822 1773 1772
f 1822 1772 1823
f 1823 1772 1824
f 1824 1772 1771
f 1824 1771 1770
f 1824 1770 1825
f 1825 1770 1769
f 1825 1769 1768
f 1768 1767 1825
f 1825 1767 1826
f 1826 1767 1766
f 1826 1766 1765
f 1826 1765 1827
f 1827 1765 1764
f 1827 1764 1763
f 1763 1762 1827
f 1827 1762 1828
f 1828 1762 1761
f 1828 1761 1760
f 1818 1817 1864
f 1864 1817 1863
f 1963 1538 1313
f 1313 1538 1537
f 1313 1537 1536
f 1963 1567 1521
f 1521 1567 1590
f 1521 1590 1522
f 1522 1590 1589
f 1522 1589 1523
f 1523 1589 1588
f 1523 1588 1524
f 1524 1588 1587
f 1524 1587 1525
f 1525 1587 1586
f 1525 1586 1526
f 1526 1586 1585
f 1526 1585 1527
f 1527 1585 1584
f 1527 1584 1528
f 1528 1584 1583
f 1528 1583 1529
f 1529 1583 1582
f 1529 1582 1530
f 1530 1582 1581
f 1530 1581 1531
f 1531 1581 1313
f 1531 1313 1532
f 1532 1313 1533
f 1533 1313 1534
f 1534 1313 1535
f 1535 1313 1536
f 1581 1580 1313
f 1521 1520 1963
f 1963 1520 1519
f 1963 1519 1542
f 1542 1541 1963
f 1963 1541 1540
f 1963 1540 1539
f 1539 1538 1963
f 1922 2053 1921
f 1921 2053 2054
f 1921 2054 1919
f 1919 2054 2055
f 1919 2055 1918
f 1918 2055 2056
f 1918 2056 1917
f 1917 2056 2057
f 1917 2057 1915
f 1915 2057 2058
f 1915 2058 1913
f 1913 2058 2059
f 1913 2059 1910
f 1910 2059 2060
f 1910 2060 1911
f 1911 2060 2061
f 1911 2061 2007
f 2007 2061 2062
f 2007 2062 2005
f 2005 2062 2063
f 2005 2063 2003
f 2003 2063 2064
f 2003 2064 1992
f 1992 2064 2065
f 1992 2065 1994
f 1994 2065 2066
f 1994 2066 1996
f 1996 2066 2067
f 1996 2067 1998
f 1998 2067 2068
f 1998 2068 2000
f 2000 2068 2069
f 2000 2069 2002
f 2002 2069 2070
f 2002 2070 1971
f 1971 2070 2071
f 1971 2071 1930
f 1930 2071 2072
f 1930 2072 1928
f 1928 2072 2073
f 1928 2073 1926
f 1926 2073 2074
f 1926 2074 1925
f 1925 2074 2075
f 1925 2075 1924
f 1924 2075 2076
f 1924 2076 1922
f 1922 2076 2053
f 2042 2077 2041
f 2041 2077 2078
f 2041 2078 2040
f 2040 2078 2079
f 2040 2079 2048
f 2048 2079 2080
f 2048 2080 2049
f 2049 2080 2081
f 2049 2081 2050
f 2050 2081 2082
f 2050 2082 2051
f 2051 2082 2083
f 2051 2083 2052
f 2052 2083 2084
f 2052 2084 1974
f 1974 2084 2085
f 1974 2085 2038
f 2038 2085 2086
f 2038 2086 2036
f 2036 2086 2087
f 2036 2087 2034
f 2034 2087 2088
f 2034 2088 2023
f 2023 2088 2089
f 2023 2089 2025
f 2025 2089 2090
f 2025 2090 2027
f 2027 2090 2091
f 2027 2091 2029
f 2029 2091 2092
f 2029 2092 2031
f 2031 2092 2093
f 2031 2093 2033
f 2033 2093 2094
f 2033 2094 1956
f 1956 2094 2095
f 1956 2095 2047
f 2047 2095 2096
f 2047 2096 2046
f 2046 2096 2097
f 2046 2097 2045
f 2045 2097 2098
f 2045 2098 2044
f 2044 2098 2099
f 2044 2099 2043
f 2043 2099 2100
f 2043 2100 2042
f 2042 2100 2077
f 2026 2101 2024
f 2024 2101 2102
f 2024 2102 2022
f 2022 2102 2103
f 2022 2103 2035
f 2035 2103 2104
f 2035 2104 2037
f 2037 2104 2105
f 2037 2105 2039
f 2039 2105 2106
f 2039 2106 1976
f 1976 2106 2107
f 1976 2107 1895
f 1895 2107 2108
f 1895 2108 1893
f 1893 2108 2109
f 1893 2109 1890
f 1890 2109 2110
f 1890 2110 1891
f 1891 2110 2111
f 1891 2111 1892
f 1892 2111 2112
f 1892 2112 1885
f 1885 2112 2113
f 1885 2113 1887
f 1887 2113 2114
f 1887 2114 1888
f 1888 2114 2115
f 1888 2115 1953
f 1953 2115 2116
f 1953 2116 1952
f 1952 2116 2117
f 1952 2117 1950
f 1950 2117 2118
f 1950 2118 1948
f 1948 2118 2119
f 1948 2119 1945
f 1945 2119 2120
f 1945 2120 1946
f 1946 2120 2121
f 1946 2121 2032
f 2032 2121 2122
f 2032 2122 2030
f 2030 2122 2123
f 2030 2123 2028
f 2028 2123 2124
f 2028 2124 2026
f 2026 2124 2101
f 1995 2125 1993
f 1993 2125 2126
f 1993 2126 1991
f 1991 2126 2127
f 1991 2127 2004
f 2004 2127 2128
f 2004 2128 2006
f 2006 2128 2129
f 2006 2129 2008
f 2008 2129 2130
f 2008 2130 1988
f 1988 2130 2131
f 1988 2131 2009
f 2009 2131 2132
f 2009 2132 2010
f 2010 2132 2133
f 2010 2133 2011
f 2011 2133 2134
f 2011 2134 2012
f 2012 2134 2135
f 2012 2135 2013
f 2013 2135 2136
f 2013 2136 2014
f 2014 2136 2137
f 2014 2137 2015
f 2015 2137 2138
f 2015 2138 2016
f 2016 2138 2139
f 2016 2139 2017
f 2017 2139 2140
f 2017 2140 2018
f 2018 2140 2141
f 2018 2141 2019
f 2019 2141 2142
f 2019 2142 2020
f 2020 2142 2143
f 2020 2143 2021
f 2021 2143 2144
f 2021 2144 1969
f 1969 2144 2145
f 1969 2145 2001
f 2001 2145 2146
f 2001 2146 1999
f 1999 2146 2147
f 1999 2147 1997
f 1997 2147 2148
f 1997 2148 1995
f 1995 2148 2125
f 1977 2149 1975
f 1975 2149 2150
f 1975 2150 1973
f 1973 2150 2151
f 1973 2151 1978
f 1978 2151 2152
f 1978 2152 1979
f 1979 2152 2153
f 1979 2153 1980
f 1980 2153 2154
f 1980 2154 1981
f 1981 2154 2155
f 1981 2155 1982
f 1982 2155 2156
f 1982 2156 1983
f 1983 2156 2157
f 1983 2157 1984
f 1984 2157 2158
f 1984 2158 1985
f 1985 2158 2159
f 1985 2159 1986
f 1986 2159 2160
f 1986 2160 1987
f 1987 2160 2161
f 1987 2161 1989
f 1989 2161 2162
f 1989 2162 1990
f 1990 2162 2163
f 1990 2163 1909
f 1909 2163 2164
f 1909 2164 1908
f 1908 2164 2165
f 1908 2165 1906
f 1906 2165 2166
f 1906 2166 1904
f 1904 2166 2167
f 1904 2167 1903
f 1903 2167 2168
f 1903 2168 1901
f 1901 2168 2169
f 1901 2169 1899
f 1899 2169 2170
f 1899 2170 1898
f 1898 2170 2171
f 1898 2171 1897
f 1897 2171 2172
f 1897 2172 1977
f 1977 2172 2149
f 1957 2173 1955
f 1955 2173 2174
f 1955 2174 1954
f 1954 2174 2175
f 1954 2175 1944
f 1944 2175 2176
f 1944 2176 1943
f 1943 2176 2177
f 1943 2177 1941
f 1941 2177 2178
f 1941 2178 1939
f 1939 2178 2179
f 1939 2179 1938
f 1938 2179 2180
f 1938 2180 1936
f 1936 2180 2181
f 1936 2181 1934
f 1934 2181 2182
f 1934 2182 1933
f 1933 2182 2183
f 1933 2183 1932
f 1932 2183 2184
f 1932 2184 1972
f 1972 2184 2185
f 1972 2185 1970
f 1970 2185 2186
f 1970 2186 1968
f 1968 2186 2187
f 1968 2187 1967
f 1967 2187 2188
f 1967 2188 1966
f 1966 2188 2189
f 1966 2189 1965
f 1965 2189 2190
f 1965 2190 1964
f 1964 2190 2191
f 1964 2191 1962
f 1962 2191 2192
f 1962 2192 1961
f 1961 2192 2193
f 1961 2193 1960
f 1960 2193 2194
f 1960 2194 1959
f 1959 2194 2195
f 1959 2195 1958
f 1958 2195 2196
f 1958 2196 1957
f 1957 2196 2173
f 1951 2197 1886
f 1886 2197 2198
f 1886 2198 1884
f 1884 2198 2199
f 1884 2199 1889
f 1889 2199 2200
f 1889 2200 1894
f 1894 2200 2201
f 1894 2201 1896
f 1896 2201 2202
f 1896 2202 1900
f 1900 2202 2203
f 1900 2203 1902
f 1902 2203 2204
f 1902 2204 1905
f 1905 2204 2205
f 1905 2205 1907
f 1907 2205 2206
f 1907 2206 1912
f 1912 2206 2207
f 1912 2207 1914
f 1914 2207 2208
f 1914 2208 1916
f 1916 2208 2209
f 1916 2209 1920
f 1920 2209 2210
f 1920 2210 1923
f 1923 2210 2211
f 1923 2211 1927
f 1927 2211 2212
f 1927 2212 1929
f 1929 2212 2213
f 1929 2213 1931
f 1931 2213 2214
f 1931 2214 1935
f 1935 2214 2215
f 1935 2215 1937
f 1937 2215 2216
f 1937 2216 1940
f 1940 2216 2217
f 1940 2217 1942
f 1942 2217 2218
f 1942 2218 1947
f 1947 2218 2219
f 1947 2219 1949
f 1949 2219 2220
f 1949 2220 1951
f 1951 2220 2197
f 1122 1963 1123
f 1123 1963 1883
f 1123 1883 1331
f 1331 1883 1332
f 1332 1883 1333
f 1333 1883 1334
f 1334 1883 1335
f 1335 1883 1336
f 1336 1883 1325
f 1325 1883 1882
f 1325 1882 1412
f 1122 1120 1963
f 1963 1120 1118
f 1963 1118 1116
f 1116 1114 1963
f 1963 1114 1112
f 1963 1112 1855
f 1855 1112 1200
f 1123 2138 1124
f 1124 2138 2137
f 1124 2137 2136
f 1331 2192 1123
f 1123 2192 2191
f 1123 2191 2190
f 1315 2078 1331
f 1331 2078 2077
f 1331 2077 2100
f 1124 2156 1315
f 1315 2156 2155
f 1315 2155 2154
f 2197 2115 2198
f 2198 2115 2114
f 2198 2114 2113
f 2220 2118 2197
f 2197 2118 2117
f 2197 2117 2116
f 2118 2220 2119
f 2119 2220 2219
f 2119 2219 2120
f 2120 2219 2218
f 2120 2218 2176
f 2176 2218 2177
f 2177 2218 2178
f 2178 2218 2217
f 2178 2217 2179
f 2179 2217 2216
f 2179 2216 2180
f 2180 2216 2181
f 2181 2216 2215
f 2181 2215 2182
f 2182 2215 2214
f 2182 2214 2183
f 2183 2214 2184
f 2184 2214 2072
f 2184 2072 2071
f 2214 2213 2072
f 2072 2213 2073
f 2073 2213 2212
f 2073 2212 2074
f 2074 2212 2211
f 2074 2211 2075
f 2075 2211 2076
f 2076 2211 2053
f 2053 2211 2210
f 2053 2210 2054
f 2054 2210 2055
f 2055 2210 2209
f 2055 2209 2056
f 2056 2209 2057
f 2057 2209 2058
f 2058 2209 2208
f 2058 2208 2059
f 2059 2208 2207
f 2059 2207 2060
f 2060 2207 2206
f 2060 2206 2164
f 2164 2206 2165
f 2165 2206 2166
f 2166 2206 2205
f 2166 2205 2167
f 2167 2205 2204
f 2167 2204 2168
f 2168 2204 2169
f 2169 2204 2203
f 2169 2203 2170
f 2170 2203 2202
f 2170 2202 2171
f 2171 2202 2172
f 2172 2202 2108
f 2172 2108 2107
f 2202 2201 2108
f 2108 2201 2109
f 2109 2201 2200
f 2109 2200 2110
f 2110 2200 2199
f 2110 2199 2111
f 2111 2199 2112
f 2112 2199 2113
f 2113 2199 2198
f 2173 1331 2174
f 2174 1331 2121
f 2174 2121 2175
f 2175 2121 2176
f 2176 2121 2120
f 2173 2196 1331
f 1331 2196 2195
f 1331 2195 2194
f 2194 2193 1331
f 1331 2193 2192
f 2190 2189 1123
f 1123 2189 2188
f 1123 2188 2187
f 1123 2187 2145
f 2145 2187 2186
f 2145 2186 2071
f 2071 2186 2185
f 2071 2185 2184
f 2149 2107 2150
f 2150 2107 2085
f 2150 2085 2151
f 2151 2085 1315
f 2151 1315 2152
f 2152 1315 2153
f 2153 1315 2154
f 2149 2172 2107
f 2060 2164 2061
f 2061 2164 2163
f 2061 2163 2162
f 2061 2162 2131
f 2131 2162 2161
f 2131 2161 1124
f 1124 2161 2160
f 1124 2160 2159
f 2159 2158 1124
f 1124 2158 2157
f 1124 2157 2156
f 2125 2067 2126
f 2126 2067 2066
f 2126 2066 2127
f 2127 2066 2065
f 2127 2065 2128
f 2128 2065 2064
f 2128 2064 2129
f 2129 2064 2063
f 2129 2063 2130
f 2130 2063 2062
f 2130 2062 2131
f 2131 2062 2061
f 2067 2125 2068
f 2068 2125 2148
f 2068 2148 2069
f 2069 2148 2147
f 2069 2147 2070
f 2070 2147 2146
f 2070 2146 2071
f 2071 2146 2145
f 2145 2144 1123
f 1123 2144 2143
f 1123 2143 2142
f 2142 2141 1123
f 1123 2141 2140
f 1123 2140 2139
f 2139 2138 1123
f 2136 2135 1124
f 1124 2135 2134
f 1124 2134 2133
f 2133 2132 1124
f 1124 2132 2131
f 2101 2091 2102
f 2102 2091 2090
f 2102 2090 2103
f 2103 2090 2089
f 2103 2089 2104
f 2104 2089 2088
f 2104 2088 2105
f 2105 2088 2087
f 2105 2087 2106
f 2106 2087 2086
f 2106 2086 2107
f 2107 2086 2085
f 2091 2101 2092
f 2092 2101 2124
f 2092 2124 2093
f 2093 2124 2123
f 2093 2123 2094
f 2094 2123 2122
f 2094 2122 2095
f 2095 2122 2121
f 2095 2121 1331
f 2116 2115 2197
f 2100 2099 1331
f 1331 2099 2098
f 1331 2098 2097
f 2097 2096 1331
f 1331 2096 2095
f 2085 2084 1315
f 1315 2084 2083
f 1315 2083 2082
f 2082 2081 1315
f 1315 2081 2080
f 1315 2080 2079
f 2079 2078 1315
# 2220 vertices
# 0 texture params
# 0 normals
# 4600 facets

# 2 groups
