# WaveFront *.obj file (generated by Autodesk ATF)

mtllib P5.mtl

g Body1

v -2.807500 1.262499 4.939554
v -2.807500 -1.262501 4.939554
v -2.797278 -0.000001 5.017200
v -2.797278 -1.262501 5.017200
v -2.767308 -0.000001 5.089554
v -2.767308 -1.262501 5.089554
v -2.719632 -0.000001 5.151686
v -2.719632 -1.262501 5.151686
v -2.657500 -0.000001 5.199362
v -2.657500 -1.262501 5.199362
v -2.585146 -0.000001 5.229332
v -2.585146 -1.262501 5.229332
v -2.507500 -0.412501 5.239554
v -2.507500 -1.262501 5.239554
v -2.507500 0.412499 5.239554
v -2.585146 1.262499 5.229332
v -2.657500 1.262499 5.199362
v -2.719632 1.262499 5.151686
v -2.767308 1.262499 5.089554
v -2.797278 1.262499 5.017200
v -2.507500 1.262499 5.239554
v -2.807500 0.144838 3.525354
v -2.807500 0.149949 3.564177
v -2.807500 0.144838 3.602999
v -2.807500 0.129853 3.639177
v -2.807500 0.106015 3.670243
v -2.807500 0.074949 3.694080
v -2.807500 0.038772 3.709065
v -2.807500 -0.000051 3.714177
v -2.807500 -0.038874 3.709065
v -2.807500 -0.075051 3.694080
v -2.807500 -0.106117 3.670243
v -2.807500 -0.129955 3.639177
v -2.807500 -0.144940 3.602999
v -2.807500 -0.150051 3.564177
v -2.807500 -0.144940 3.525354
v -2.807500 -0.144820 1.903067
v -2.807500 -0.129955 3.489177
v -2.807500 -0.129835 1.939244
v -2.807500 -0.106117 3.458110
v -2.807500 -0.105997 1.970310
v -2.807500 -0.075051 3.434273
v -2.807500 -0.074931 1.994148
v -2.807500 -0.038874 3.419288
v -2.807500 -0.038754 2.009133
v -2.807500 -0.000051 3.414177
v -2.807500 0.000069 2.014244
v -2.807500 0.038772 3.419288
v -2.807500 0.038892 2.009133
v -2.807500 0.074949 3.434273
v -2.807500 0.075069 1.994148
v -2.807500 0.106015 3.458110
v -2.807500 0.106135 1.970310
v -2.807500 0.129853 3.489177
v -2.807500 0.129973 1.939244
v -2.807500 0.144958 1.903067
v -2.807500 0.150069 1.864244
v -2.807500 0.816065 0.095621
v -2.807500 0.784999 0.119458
v -2.807500 -0.149931 1.864244
v -2.807500 -0.816067 0.105621
v -2.807500 -1.262501 0.002054
v -2.807500 -0.839904 0.074554
v -2.807500 -0.854889 0.038377
v -2.807500 -0.144820 1.825422
v -2.807500 -0.671178 0.144443
v -2.807500 -0.710001 0.149554
v -2.807500 -0.748823 0.144443
v -2.807500 -0.129835 1.789244
v -2.807500 -0.144757 0.751558
v -2.807500 -0.635001 0.129458
v -2.807500 -0.129772 0.787735
v -2.807500 -0.105997 1.758178
v -2.807500 -0.105934 0.818801
v -2.807500 -0.074931 1.734341
v -2.807500 -0.074868 0.842639
v -2.807500 -0.038754 1.719356
v -2.807500 -0.038691 0.857624
v -2.807500 0.000069 1.714244
v -2.807500 0.000132 0.862735
v -2.807500 0.038892 1.719356
v -2.807500 0.038955 0.857624
v -2.807500 0.075069 1.734341
v -2.807500 0.075132 0.842639
v -2.807500 0.106135 1.758178
v -2.807500 0.106198 0.818801
v -2.807500 0.129973 1.789244
v -2.807500 0.130036 0.787735
v -2.807500 0.144958 1.825422
v -2.807500 0.145021 0.751558
v -2.807500 0.634999 0.119458
v -2.807500 0.346410 0.202054
v -2.807500 0.603933 0.095621
v -2.807500 0.580096 0.064554
v -2.807500 0.671177 0.134443
v -2.807500 0.709999 0.139554
v -2.807500 0.748822 0.134443
v -2.807500 1.262499 0.002054
v -2.807500 0.839903 0.064554
v -2.807500 0.854888 0.028377
v -2.807500 0.859999 -0.010446
v -2.807500 1.230846 -0.278878
v -2.807500 1.137473 -0.545724
v -2.807500 0.854888 -0.049268
v -2.807500 0.987062 -0.785102
v -2.807500 0.839903 -0.085446
v -2.807500 0.816065 -0.116512
v -2.807500 0.784999 -0.140349
v -2.807500 0.787155 -0.985008
v -2.807500 0.748822 -0.155334
v -2.807500 0.709999 -0.160446
v -2.807500 0.671177 -0.155334
v -2.807500 0.547778 -1.135419
v -2.807500 0.634999 -0.140349
v -2.807500 0.603933 -0.116512
v -2.807500 0.346410 -0.197946
v -2.807500 0.580096 -0.085446
v -2.807500 0.386370 -0.101473
v -2.807500 0.565111 -0.049268
v -2.807500 0.399999 0.002054
v -2.807500 0.559999 -0.010446
v -2.807500 0.565111 0.028377
v -2.807500 0.386370 0.105582
v -2.807500 0.282842 -0.280788
v -2.807500 0.280932 -1.228792
v -2.807500 0.150029 -0.707709
v -2.807500 0.144918 -0.746532
v -2.807500 0.129933 -0.782709
v -2.807500 0.106095 -0.813775
v -2.807500 -0.000001 -1.260446
v -2.807500 0.075029 -0.837613
v -2.807500 0.038852 -0.852598
v -2.807500 0.000029 -0.857709
v -2.807500 -0.038794 -0.852598
v -2.807500 -0.074971 -0.837613
v -2.807500 -0.106037 -0.813775
v -2.807500 -0.280933 -1.228792
v -2.807500 -0.129875 -0.782709
v -2.807500 -0.144860 -0.746532
v -2.807500 -0.149971 -0.707709
v -2.807500 -0.282843 -0.280788
v -2.807500 -0.200001 -0.344356
v -2.807500 -0.547779 -1.135419
v -2.807500 -0.346411 -0.197946
v -2.807500 -0.603935 -0.106512
v -2.807500 -0.580097 -0.075446
v -2.807500 -0.787156 -0.985008
v -2.807500 -0.671178 -0.145334
v -2.807500 -0.635001 -0.130349
v -2.807500 -0.987063 -0.785102
v -2.807500 -0.785001 -0.130349
v -2.807500 -0.748823 -0.145334
v -2.807500 -0.710001 -0.150446
v -2.807500 -1.137474 -0.545724
v -2.807500 -0.854889 -0.039268
v -2.807500 -0.839904 -0.075446
v -2.807500 -0.816067 -0.106512
v -2.807500 -0.860001 -0.000446
v -2.807500 -1.230847 -0.278878
v -2.807500 0.150132 0.712735
v -2.807500 0.282842 0.284897
v -2.807500 0.199999 0.348465
v -2.807500 0.103527 0.388425
v -2.807500 0.130036 0.637735
v -2.807500 0.145021 0.673912
v -2.807500 -0.000001 0.402054
v -2.807500 0.038955 0.567846
v -2.807500 0.075132 0.582831
v -2.807500 0.106198 0.606669
v -2.807500 -0.103528 0.388425
v -2.807500 -0.038691 0.567846
v -2.807500 0.000132 0.562735
v -2.807500 -0.200001 0.348465
v -2.807500 -0.129772 0.637735
v -2.807500 -0.105934 0.606669
v -2.807500 -0.074868 0.582831
v -2.807500 -0.282843 0.284897
v -2.807500 -0.149868 0.712735
v -2.807500 -0.144757 0.673912
v -2.807500 -0.346411 0.202054
v -2.807500 -0.386371 0.105582
v -2.807500 -0.580097 0.074554
v -2.807500 -0.603935 0.105621
v -2.807500 -0.565112 0.038377
v -2.807500 -0.400001 0.002054
v -2.807500 -0.560001 -0.000446
v -2.807500 -0.565112 -0.039268
v -2.807500 -0.386371 -0.101473
v -2.807500 -0.103528 -0.384316
v -2.807500 -0.129875 -0.632709
v -2.807500 -0.144860 -0.668886
v -2.807500 -0.000001 -0.397946
v -2.807500 -0.038794 -0.562820
v -2.807500 -0.074971 -0.577805
v -2.807500 -0.106037 -0.601643
v -2.807500 0.103527 -0.384316
v -2.807500 0.038852 -0.562820
v -2.807500 0.000029 -0.557709
v -2.807500 0.199999 -0.344356
v -2.807500 0.129933 -0.632709
v -2.807500 0.106095 -0.601643
v -2.807500 0.075029 -0.577805
v -2.807500 0.144918 -0.668886
v -2.807500 -0.785001 0.129458
v -2.582500 1.262499 5.014554
v -2.582500 1.262499 0.002054
v 2.507500 1.262499 5.239554
v 2.582500 1.262499 5.014554
v 2.585146 1.262499 5.229332
v 2.657500 1.262499 5.199362
v 2.719632 1.262499 5.151686
v 2.767308 1.262499 5.089554
v 2.797278 1.262499 5.017200
v 2.807500 1.262499 4.939554
v 2.582500 1.262499 0.002054
v 2.807500 1.262499 0.002054
v 2.807500 -1.262501 4.939554
v 2.797278 -0.000001 5.017200
v 2.767308 -0.000001 5.089554
v 2.719632 -0.000001 5.151686
v 2.657500 -0.000001 5.199362
v 2.585146 -0.000001 5.229332
v 2.507500 0.412499 5.239554
v 2.507500 -0.412501 5.239554
v 2.585146 -1.262501 5.229332
v 2.657500 -1.262501 5.199362
v 2.719632 -1.262501 5.151686
v 2.767308 -1.262501 5.089554
v 2.797278 -1.262501 5.017200
v 2.507500 -1.262501 5.239554
v 2.807500 0.144838 3.602999
v 2.807500 0.149949 3.564177
v 2.807500 0.144838 3.525354
v 2.807500 0.144958 1.903067
v 2.807500 0.129973 1.939244
v 2.807500 0.129853 3.489177
v 2.807500 0.106135 1.970310
v 2.807500 0.106015 3.458110
v 2.807500 0.075069 1.994148
v 2.807500 0.074949 3.434273
v 2.807500 0.038892 2.009133
v 2.807500 0.038772 3.419288
v 2.807500 0.000069 2.014244
v 2.807500 -0.000051 3.414177
v 2.807500 -0.038754 2.009133
v 2.807500 -0.038874 3.419288
v 2.807500 -0.074931 1.994148
v 2.807500 -0.075051 3.434273
v 2.807500 -0.105997 1.970310
v 2.807500 -0.106117 3.458110
v 2.807500 -0.129835 1.939244
v 2.807500 -0.129955 3.489177
v 2.807500 -0.144820 1.903067
v 2.807500 -0.144940 3.525354
v 2.807500 -0.150051 3.564177
v 2.807500 -0.144940 3.602999
v 2.807500 -0.129955 3.639177
v 2.807500 -0.106117 3.670243
v 2.807500 -0.075051 3.694080
v 2.807500 -0.038874 3.709065
v 2.807500 -0.000051 3.714177
v 2.807500 0.038772 3.709065
v 2.807500 0.074949 3.694080
v 2.807500 0.106015 3.670243
v 2.807500 0.129853 3.639177
v 2.807500 0.144958 1.825422
v 2.807500 0.671177 0.134443
v 2.807500 0.150069 1.864244
v 2.807500 0.709999 0.139554
v 2.807500 0.748822 0.134443
v 2.807500 0.129973 1.789244
v 2.807500 0.130036 0.787735
v 2.807500 0.145021 0.751558
v 2.807500 0.634999 0.119458
v 2.807500 0.346410 0.202054
v 2.807500 0.603933 0.095621
v 2.807500 0.580096 0.064554
v 2.807500 0.386370 0.105582
v 2.807500 0.565111 0.028377
v 2.807500 0.399999 0.002054
v 2.807500 0.559999 -0.010446
v 2.807500 0.565111 -0.049268
v 2.807500 0.386370 -0.101473
v 2.807500 0.580096 -0.085446
v 2.807500 0.346410 -0.197946
v 2.807500 0.603933 -0.116512
v 2.807500 0.547778 -1.135419
v 2.807500 0.634999 -0.140349
v 2.807500 0.671177 -0.155334
v 2.807500 0.787155 -0.985008
v 2.807500 0.709999 -0.160446
v 2.807500 0.748822 -0.155334
v 2.807500 0.784999 -0.140349
v 2.807500 0.987062 -0.785102
v 2.807500 0.816065 -0.116512
v 2.807500 0.839903 -0.085446
v 2.807500 0.854888 -0.049268
v 2.807500 1.137473 -0.545724
v 2.807500 0.859999 -0.010446
v 2.807500 1.230846 -0.278878
v 2.807500 0.106198 0.818801
v 2.807500 0.106135 1.758178
v 2.807500 0.075132 0.842639
v 2.807500 0.075069 1.734341
v 2.807500 0.038955 0.857624
v 2.807500 0.038892 1.719356
v 2.807500 0.000132 0.862735
v 2.807500 0.000069 1.714244
v 2.807500 -0.038691 0.857624
v 2.807500 -0.038754 1.719356
v 2.807500 -0.074868 0.842639
v 2.807500 -0.074931 1.734341
v 2.807500 -0.105934 0.818801
v 2.807500 -0.105997 1.758178
v 2.807500 -0.129772 0.787735
v 2.807500 -0.129835 1.789244
v 2.807500 -0.144757 0.751558
v 2.807500 -0.144820 1.825422
v 2.807500 -0.635001 0.129458
v 2.807500 -0.671178 0.144443
v 2.807500 -0.149931 1.864244
v 2.807500 -0.710001 0.149554
v 2.807500 -0.748823 0.144443
v 2.807500 -0.785001 0.129458
v 2.807500 -0.816067 0.105621
v 2.807500 -1.262501 0.002054
v 2.807500 0.816065 0.095621
v 2.807500 0.839903 0.064554
v 2.807500 0.854888 0.028377
v 2.807500 -1.230847 -0.278878
v 2.807500 -0.860001 -0.000446
v 2.807500 -0.854889 0.038377
v 2.807500 -0.839904 0.074554
v 2.807500 -1.137474 -0.545724
v 2.807500 -0.854889 -0.039268
v 2.807500 -0.987063 -0.785102
v 2.807500 -0.839904 -0.075446
v 2.807500 -0.816067 -0.106512
v 2.807500 -0.785001 -0.130349
v 2.807500 -0.787156 -0.985008
v 2.807500 -0.748823 -0.145334
v 2.807500 -0.710001 -0.150446
v 2.807500 -0.671178 -0.145334
v 2.807500 -0.547779 -1.135419
v 2.807500 -0.635001 -0.130349
v 2.807500 -0.603935 -0.106512
v 2.807500 -0.346411 -0.197946
v 2.807500 -0.580097 -0.075446
v 2.807500 -0.386371 -0.101473
v 2.807500 -0.565112 -0.039268
v 2.807500 -0.400001 0.002054
v 2.807500 -0.560001 -0.000446
v 2.807500 -0.565112 0.038377
v 2.807500 -0.386371 0.105582
v 2.807500 -0.580097 0.074554
v 2.807500 -0.346411 0.202054
v 2.807500 -0.603935 0.105621
v 2.807500 -0.282843 -0.280788
v 2.807500 -0.280933 -1.228792
v 2.807500 -0.149971 -0.707709
v 2.807500 -0.144860 -0.746532
v 2.807500 -0.129875 -0.782709
v 2.807500 -0.106037 -0.813775
v 2.807500 -0.000001 -1.260446
v 2.807500 -0.074971 -0.837613
v 2.807500 -0.038794 -0.852598
v 2.807500 0.000029 -0.857709
v 2.807500 0.038852 -0.852598
v 2.807500 0.075029 -0.837613
v 2.807500 0.106095 -0.813775
v 2.807500 0.280932 -1.228792
v 2.807500 0.129933 -0.782709
v 2.807500 0.144918 -0.746532
v 2.807500 0.150029 -0.707709
v 2.807500 0.282842 -0.280788
v 2.807500 0.199999 -0.344356
v 2.807500 0.103527 -0.384316
v 2.807500 0.129933 -0.632709
v 2.807500 0.144918 -0.668886
v 2.807500 -0.000001 -0.397946
v 2.807500 0.038852 -0.562820
v 2.807500 0.075029 -0.577805
v 2.807500 0.106095 -0.601643
v 2.807500 -0.103528 -0.384316
v 2.807500 -0.038794 -0.562820
v 2.807500 0.000029 -0.557709
v 2.807500 -0.200001 -0.344356
v 2.807500 -0.129875 -0.632709
v 2.807500 -0.106037 -0.601643
v 2.807500 -0.074971 -0.577805
v 2.807500 -0.144860 -0.668886
v 2.807500 -0.149868 0.712735
v 2.807500 -0.282843 0.284897
v 2.807500 -0.200001 0.348465
v 2.807500 -0.103528 0.388425
v 2.807500 -0.129772 0.637735
v 2.807500 -0.144757 0.673912
v 2.807500 -0.000001 0.402054
v 2.807500 -0.038691 0.567846
v 2.807500 -0.074868 0.582831
v 2.807500 -0.105934 0.606669
v 2.807500 0.103527 0.388425
v 2.807500 0.038955 0.567846
v 2.807500 0.000132 0.562735
v 2.807500 0.199999 0.348465
v 2.807500 0.130036 0.637735
v 2.807500 0.106198 0.606669
v 2.807500 0.075132 0.582831
v 2.807500 0.282842 0.284897
v 2.807500 0.150132 0.712735
v 2.807500 0.145021 0.673912
v 2.807500 0.784999 0.119458
v -2.582500 -1.262501 5.014554
v 2.582500 -1.262501 5.014554
v 2.582500 -1.262501 0.002054
v -2.582500 -1.262501 0.002054
v 2.212611 0.451322 5.014554
v 2.212611 0.451322 5.239554
v 2.207500 0.412499 5.014554
v 2.207500 0.412499 5.239554
v 2.212611 0.373677 5.014554
v 2.212611 0.373677 5.239554
v 2.227596 0.337499 5.014554
v 2.227596 0.337499 5.239554
v 2.251434 0.306433 5.014554
v 2.251434 0.306433 5.239554
v 2.282500 0.282596 5.014554
v 2.282500 0.282596 5.239554
v 2.318677 0.267611 5.014554
v 2.318677 0.267611 5.239554
v 2.357500 0.262499 5.014554
v 2.357500 0.262499 5.239554
v 2.396323 0.267611 5.014554
v 2.396323 0.267611 5.239554
v 2.432500 0.282596 5.014554
v 2.432500 0.282596 5.239554
v 2.463566 0.306433 5.014554
v 2.463566 0.306433 5.239554
v 2.487404 0.337499 5.014554
v 2.487404 0.337499 5.239554
v 2.502389 0.373677 5.014554
v 2.502389 0.373677 5.239554
v 2.507500 0.412499 5.014554
v 2.502389 0.451322 5.014554
v 2.502389 0.451322 5.239554
v 2.487404 0.487499 5.014554
v 2.487404 0.487499 5.239554
v 2.463566 0.518565 5.014554
v 2.463566 0.518565 5.239554
v 2.432500 0.542403 5.014554
v 2.432500 0.542403 5.239554
v 2.396323 0.557388 5.014554
v 2.396323 0.557388 5.239554
v 2.357500 0.562499 5.014554
v 2.357500 0.562499 5.239554
v 2.318677 0.557388 5.014554
v 2.318677 0.557388 5.239554
v 2.282500 0.542403 5.014554
v 2.282500 0.542403 5.239554
v 2.251434 0.518565 5.014554
v 2.251434 0.518565 5.239554
v 2.227596 0.487499 5.014554
v 2.227596 0.487499 5.239554
v -2.502389 -0.373678 5.014554
v -2.502389 -0.373678 5.239554
v -2.507500 -0.412501 5.014554
v -2.502389 -0.451323 5.014554
v -2.502389 -0.451323 5.239554
v -2.487404 -0.487501 5.014554
v -2.487404 -0.487501 5.239554
v -2.463566 -0.518567 5.014554
v -2.463566 -0.518567 5.239554
v -2.432500 -0.542404 5.014554
v -2.432500 -0.542404 5.239554
v -2.396323 -0.557389 5.014554
v -2.396323 -0.557389 5.239554
v -2.357500 -0.562501 5.014554
v -2.357500 -0.562501 5.239554
v -2.318677 -0.557389 5.014554
v -2.318677 -0.557389 5.239554
v -2.282500 -0.542404 5.014554
v -2.282500 -0.542404 5.239554
v -2.251434 -0.518567 5.014554
v -2.251434 -0.518567 5.239554
v -2.227596 -0.487501 5.014554
v -2.227596 -0.487501 5.239554
v -2.212611 -0.451323 5.014554
v -2.212611 -0.451323 5.239554
v -2.207500 -0.412501 5.014554
v -2.207500 -0.412501 5.239554
v -2.212611 -0.373678 5.014554
v -2.212611 -0.373678 5.239554
v -2.227596 -0.337501 5.014554
v -2.227596 -0.337501 5.239554
v -2.251434 -0.306435 5.014554
v -2.251434 -0.306435 5.239554
v -2.282500 -0.282597 5.014554
v -2.282500 -0.282597 5.239554
v -2.318677 -0.267612 5.014554
v -2.318677 -0.267612 5.239554
v -2.357500 -0.262501 5.014554
v -2.357500 -0.262501 5.239554
v -2.396323 -0.267612 5.014554
v -2.396323 -0.267612 5.239554
v -2.432500 -0.282597 5.014554
v -2.432500 -0.282597 5.239554
v -2.463566 -0.306435 5.014554
v -2.463566 -0.306435 5.239554
v -2.487404 -0.337501 5.014554
v -2.487404 -0.337501 5.239554
v 2.212611 -0.373678 5.014554
v 2.212611 -0.373678 5.239554
v 2.207500 -0.412501 5.014554
v 2.207500 -0.412501 5.239554
v 2.212611 -0.451323 5.014554
v 2.212611 -0.451323 5.239554
v 2.227596 -0.487501 5.014554
v 2.227596 -0.487501 5.239554
v 2.251434 -0.518567 5.014554
v 2.251434 -0.518567 5.239554
v 2.282500 -0.542404 5.014554
v 2.282500 -0.542404 5.239554
v 2.318677 -0.557389 5.014554
v 2.318677 -0.557389 5.239554
v 2.357500 -0.562501 5.014554
v 2.357500 -0.562501 5.239554
v 2.396323 -0.557389 5.014554
v 2.396323 -0.557389 5.239554
v 2.432500 -0.542404 5.014554
v 2.432500 -0.542404 5.239554
v 2.463566 -0.518567 5.014554
v 2.463566 -0.518567 5.239554
v 2.487404 -0.487501 5.014554
v 2.487404 -0.487501 5.239554
v 2.502389 -0.451323 5.014554
v 2.502389 -0.451323 5.239554
v 2.507500 -0.412501 5.014554
v 2.502389 -0.373678 5.014554
v 2.502389 -0.373678 5.239554
v 2.487404 -0.337501 5.014554
v 2.487404 -0.337501 5.239554
v 2.463566 -0.306435 5.014554
v 2.463566 -0.306435 5.239554
v 2.432500 -0.282597 5.014554
v 2.432500 -0.282597 5.239554
v 2.396323 -0.267612 5.014554
v 2.396323 -0.267612 5.239554
v 2.357500 -0.262501 5.014554
v 2.357500 -0.262501 5.239554
v 2.318677 -0.267612 5.014554
v 2.318677 -0.267612 5.239554
v 2.282500 -0.282597 5.014554
v 2.282500 -0.282597 5.239554
v 2.251434 -0.306435 5.014554
v 2.251434 -0.306435 5.239554
v 2.227596 -0.337501 5.014554
v 2.227596 -0.337501 5.239554
v -2.502389 0.451322 5.014554
v -2.502389 0.451322 5.239554
v -2.507500 0.412499 5.014554
v -2.502389 0.373677 5.014554
v -2.502389 0.373677 5.239554
v -2.487404 0.337499 5.014554
v -2.487404 0.337499 5.239554
v -2.463566 0.306433 5.014554
v -2.463566 0.306433 5.239554
v -2.432500 0.282596 5.014554
v -2.432500 0.282596 5.239554
v -2.396323 0.267611 5.014554
v -2.396323 0.267611 5.239554
v -2.357500 0.262499 5.014554
v -2.357500 0.262499 5.239554
v -2.318677 0.267611 5.014554
v -2.318677 0.267611 5.239554
v -2.282500 0.282596 5.014554
v -2.282500 0.282596 5.239554
v -2.251434 0.306433 5.014554
v -2.251434 0.306433 5.239554
v -2.227596 0.337499 5.014554
v -2.227596 0.337499 5.239554
v -2.212611 0.373677 5.014554
v -2.212611 0.373677 5.239554
v -2.207500 0.412499 5.014554
v -2.207500 0.412499 5.239554
v -2.212611 0.451322 5.014554
v -2.212611 0.451322 5.239554
v -2.227596 0.487499 5.014554
v -2.227596 0.487499 5.239554
v -2.251434 0.518565 5.014554
v -2.251434 0.518565 5.239554
v -2.282500 0.542403 5.014554
v -2.282500 0.542403 5.239554
v -2.318677 0.557388 5.014554
v -2.318677 0.557388 5.239554
v -2.357500 0.562499 5.014554
v -2.357500 0.562499 5.239554
v -2.396323 0.557388 5.014554
v -2.396323 0.557388 5.239554
v -2.432500 0.542403 5.014554
v -2.432500 0.542403 5.239554
v -2.463566 0.518565 5.014554
v -2.463566 0.518565 5.239554
v -2.487404 0.487499 5.014554
v -2.487404 0.487499 5.239554
v -2.000000 0.999999 5.239554
v -2.000000 -1.000001 5.239554
v -2.000000 0.999999 5.014554
v -2.000000 -1.000001 5.014554
v 2.000000 0.999999 5.239554
v 2.000000 0.999999 5.014554
v 2.000000 -1.000001 5.239554
v 2.000000 -1.000001 5.014554
v 2.582500 0.144838 3.602999
v 2.582500 0.149949 3.564177
v 2.582500 0.144838 3.525354
v 2.582500 0.129853 3.489177
v 2.582500 0.106015 3.458110
v 2.582500 0.074949 3.434273
v 2.582500 0.038772 3.419288
v 2.582500 -0.000051 3.414177
v 2.582500 -0.038874 3.419288
v 2.582500 -0.075051 3.434273
v 2.582500 -0.106117 3.458110
v 2.582500 -0.129955 3.489177
v 2.582500 -0.144940 3.525354
v 2.582500 -0.150051 3.564177
v 2.582500 -0.144940 3.602999
v 2.582500 -0.129955 3.639177
v 2.582500 -0.106117 3.670243
v 2.582500 -0.075051 3.694080
v 2.582500 -0.038874 3.709065
v 2.582500 -0.000051 3.714177
v 2.582500 0.038772 3.709065
v 2.582500 0.074949 3.694080
v 2.582500 0.106015 3.670243
v 2.582500 0.129853 3.639177
v -2.582500 0.144838 3.602999
v -2.582500 0.149949 3.564177
v -2.582500 0.144838 3.525354
v -2.582500 0.129853 3.489177
v -2.582500 0.106015 3.458110
v -2.582500 0.074949 3.434273
v -2.582500 0.038772 3.419288
v -2.582500 -0.000051 3.414177
v -2.582500 -0.038874 3.419288
v -2.582500 -0.075051 3.434273
v -2.582500 -0.106117 3.458110
v -2.582500 -0.129955 3.489177
v -2.582500 -0.144940 3.525354
v -2.582500 -0.150051 3.564177
v -2.582500 -0.144940 3.602999
v -2.582500 -0.129955 3.639177
v -2.582500 -0.106117 3.670243
v -2.582500 -0.075051 3.694080
v -2.582500 -0.038874 3.709065
v -2.582500 -0.000051 3.714177
v -2.582500 0.038772 3.709065
v -2.582500 0.074949 3.694080
v -2.582500 0.106015 3.670243
v -2.582500 0.129853 3.639177
v 2.582500 0.144958 1.903067
v 2.582500 0.150069 1.864244
v 2.582500 0.144958 1.825422
v 2.582500 0.129973 1.789244
v 2.582500 0.106135 1.758178
v 2.582500 0.075069 1.734341
v 2.582500 0.038892 1.719356
v 2.582500 0.000069 1.714244
v 2.582500 -0.038754 1.719356
v 2.582500 -0.074931 1.734341
v 2.582500 -0.105997 1.758178
v 2.582500 -0.129835 1.789244
v 2.582500 -0.144820 1.825422
v 2.582500 -0.149931 1.864244
v 2.582500 -0.144820 1.903067
v 2.582500 -0.129835 1.939244
v 2.582500 -0.105997 1.970310
v 2.582500 -0.074931 1.994148
v 2.582500 -0.038754 2.009133
v 2.582500 0.000069 2.014244
v 2.582500 0.038892 2.009133
v 2.582500 0.075069 1.994148
v 2.582500 0.106135 1.970310
v 2.582500 0.129973 1.939244
v -2.582500 0.144958 1.903067
v -2.582500 0.150069 1.864244
v -2.582500 0.144958 1.825422
v -2.582500 0.129973 1.789244
v -2.582500 0.106135 1.758178
v -2.582500 0.075069 1.734341
v -2.582500 0.038892 1.719356
v -2.582500 0.000069 1.714244
v -2.582500 -0.038754 1.719356
v -2.582500 -0.074931 1.734341
v -2.582500 -0.105997 1.758178
v -2.582500 -0.129835 1.789244
v -2.582500 -0.144820 1.825422
v -2.582500 -0.149931 1.864244
v -2.582500 -0.144820 1.903067
v -2.582500 -0.129835 1.939244
v -2.582500 -0.105997 1.970310
v -2.582500 -0.074931 1.994148
v -2.582500 -0.038754 2.009133
v -2.582500 0.000069 2.014244
v -2.582500 0.038892 2.009133
v -2.582500 0.075069 1.994148
v -2.582500 0.106135 1.970310
v -2.582500 0.129973 1.939244
v 2.582500 0.144918 -0.668886
v 2.582500 0.150029 -0.707709
v 2.582500 0.144918 -0.746532
v 2.582500 0.129933 -0.782709
v 2.582500 0.106095 -0.813775
v 2.582500 0.075029 -0.837613
v 2.582500 0.038852 -0.852598
v 2.582500 0.000029 -0.857709
v 2.582500 -0.038794 -0.852598
v 2.582500 -0.074971 -0.837613
v 2.582500 -0.106037 -0.813775
v 2.582500 -0.129875 -0.782709
v 2.582500 -0.144860 -0.746532
v 2.582500 -0.149971 -0.707709
v 2.582500 -0.144860 -0.668886
v 2.582500 -0.129875 -0.632709
v 2.582500 -0.106037 -0.601643
v 2.582500 -0.074971 -0.577805
v 2.582500 -0.038794 -0.562820
v 2.582500 0.000029 -0.557709
v 2.582500 0.038852 -0.562820
v 2.582500 0.075029 -0.577805
v 2.582500 0.106095 -0.601643
v 2.582500 0.129933 -0.632709
v -2.582500 0.144918 -0.668886
v -2.582500 0.150029 -0.707709
v -2.582500 0.144918 -0.746532
v -2.582500 0.129933 -0.782709
v -2.582500 0.106095 -0.813775
v -2.582500 0.075029 -0.837613
v -2.582500 0.038852 -0.852598
v -2.582500 0.000029 -0.857709
v -2.582500 -0.038794 -0.852598
v -2.582500 -0.074971 -0.837613
v -2.582500 -0.106037 -0.813775
v -2.582500 -0.129875 -0.782709
v -2.582500 -0.144860 -0.746532
v -2.582500 -0.149971 -0.707709
v -2.582500 -0.144860 -0.668886
v -2.582500 -0.129875 -0.632709
v -2.582500 -0.106037 -0.601643
v -2.582500 -0.074971 -0.577805
v -2.582500 -0.038794 -0.562820
v -2.582500 0.000029 -0.557709
v -2.582500 0.038852 -0.562820
v -2.582500 0.075029 -0.577805
v -2.582500 0.106095 -0.601643
v -2.582500 0.129933 -0.632709
v 2.582500 0.854888 0.028377
v 2.582500 0.859999 -0.010446
v 2.582500 0.854888 -0.049268
v 2.582500 0.839903 -0.085446
v 2.582500 0.816065 -0.116512
v 2.582500 0.784999 -0.140349
v 2.582500 0.748822 -0.155334
v 2.582500 0.709999 -0.160446
v 2.582500 0.671177 -0.155334
v 2.582500 0.634999 -0.140349
v 2.582500 0.603933 -0.116512
v 2.582500 0.580096 -0.085446
v 2.582500 0.565111 -0.049268
v 2.582500 0.559999 -0.010446
v 2.582500 0.565111 0.028377
v 2.582500 0.580096 0.064554
v 2.582500 0.603933 0.095621
v 2.582500 0.634999 0.119458
v 2.582500 0.671177 0.134443
v 2.582500 0.709999 0.139554
v 2.582500 0.748822 0.134443
v 2.582500 0.784999 0.119458
v 2.582500 0.816065 0.095621
v 2.582500 0.839903 0.064554
v -2.582500 0.854888 0.028377
v -2.582500 0.859999 -0.010446
v -2.582500 0.854888 -0.049268
v -2.582500 0.839903 -0.085446
v -2.582500 0.816065 -0.116512
v -2.582500 0.784999 -0.140349
v -2.582500 0.748822 -0.155334
v -2.582500 0.709999 -0.160446
v -2.582500 0.671177 -0.155334
v -2.582500 0.634999 -0.140349
v -2.582500 0.603933 -0.116512
v -2.582500 0.580096 -0.085446
v -2.582500 0.565111 -0.049268
v -2.582500 0.559999 -0.010446
v -2.582500 0.565111 0.028377
v -2.582500 0.580096 0.064554
v -2.582500 0.603933 0.095621
v -2.582500 0.634999 0.119458
v -2.582500 0.671177 0.134443
v -2.582500 0.709999 0.139554
v -2.582500 0.748822 0.134443
v -2.582500 0.784999 0.119458
v -2.582500 0.816065 0.095621
v -2.582500 0.839903 0.064554
v 2.582500 -0.565112 0.038377
v 2.582500 -0.560001 -0.000446
v 2.582500 -0.565112 -0.039268
v 2.582500 -0.580097 -0.075446
v 2.582500 -0.603935 -0.106512
v 2.582500 -0.635001 -0.130349
v 2.582500 -0.671178 -0.145334
v 2.582500 -0.710001 -0.150446
v 2.582500 -0.748823 -0.145334
v 2.582500 -0.785001 -0.130349
v 2.582500 -0.816067 -0.106512
v 2.582500 -0.839904 -0.075446
v 2.582500 -0.854889 -0.039268
v 2.582500 -0.860001 -0.000446
v 2.582500 -0.854889 0.038377
v 2.582500 -0.839904 0.074554
v 2.582500 -0.816067 0.105621
v 2.582500 -0.785001 0.129458
v 2.582500 -0.748823 0.144443
v 2.582500 -0.710001 0.149554
v 2.582500 -0.671178 0.144443
v 2.582500 -0.635001 0.129458
v 2.582500 -0.603935 0.105621
v 2.582500 -0.580097 0.074554
v -2.582500 -0.565112 0.038377
v -2.582500 -0.560001 -0.000446
v -2.582500 -0.565112 -0.039268
v -2.582500 -0.580097 -0.075446
v -2.582500 -0.603935 -0.106512
v -2.582500 -0.635001 -0.130349
v -2.582500 -0.671178 -0.145334
v -2.582500 -0.710001 -0.150446
v -2.582500 -0.748823 -0.145334
v -2.582500 -0.785001 -0.130349
v -2.582500 -0.816067 -0.106512
v -2.582500 -0.839904 -0.075446
v -2.582500 -0.854889 -0.039268
v -2.582500 -0.860001 -0.000446
v -2.582500 -0.854889 0.038377
v -2.582500 -0.839904 0.074554
v -2.582500 -0.816067 0.105621
v -2.582500 -0.785001 0.129458
v -2.582500 -0.748823 0.144443
v -2.582500 -0.710001 0.149554
v -2.582500 -0.671178 0.144443
v -2.582500 -0.635001 0.129458
v -2.582500 -0.603935 0.105621
v -2.582500 -0.580097 0.074554
v 2.582500 0.145021 0.751558
v 2.582500 0.150132 0.712735
v 2.582500 0.145021 0.673912
v 2.582500 0.130036 0.637735
v 2.582500 0.106198 0.606669
v 2.582500 0.075132 0.582831
v 2.582500 0.038955 0.567846
v 2.582500 0.000132 0.562735
v 2.582500 -0.038691 0.567846
v 2.582500 -0.074868 0.582831
v 2.582500 -0.105934 0.606669
v 2.582500 -0.129772 0.637735
v 2.582500 -0.144757 0.673912
v 2.582500 -0.149868 0.712735
v 2.582500 -0.144757 0.751558
v 2.582500 -0.129772 0.787735
v 2.582500 -0.105934 0.818801
v 2.582500 -0.074868 0.842639
v 2.582500 -0.038691 0.857624
v 2.582500 0.000132 0.862735
v 2.582500 0.038955 0.857624
v 2.582500 0.075132 0.842639
v 2.582500 0.106198 0.818801
v 2.582500 0.130036 0.787735
v -2.582500 0.145021 0.751558
v -2.582500 0.150132 0.712735
v -2.582500 0.145021 0.673912
v -2.582500 0.130036 0.637735
v -2.582500 0.106198 0.606669
v -2.582500 0.075132 0.582831
v -2.582500 0.038955 0.567846
v -2.582500 0.000132 0.562735
v -2.582500 -0.038691 0.567846
v -2.582500 -0.074868 0.582831
v -2.582500 -0.105934 0.606669
v -2.582500 -0.129772 0.637735
v -2.582500 -0.144757 0.673912
v -2.582500 -0.149868 0.712735
v -2.582500 -0.144757 0.751558
v -2.582500 -0.129772 0.787735
v -2.582500 -0.105934 0.818801
v -2.582500 -0.074868 0.842639
v -2.582500 -0.038691 0.857624
v -2.582500 0.000132 0.862735
v -2.582500 0.038955 0.857624
v -2.582500 0.075132 0.842639
v -2.582500 0.106198 0.818801
v -2.582500 0.130036 0.787735
v 2.582500 0.386370 0.105582
v 2.582500 0.399999 0.002054
v 2.582500 0.386370 -0.101473
v 2.582500 0.346410 -0.197946
v 2.582500 0.282842 -0.280788
v 2.582500 0.199999 -0.344356
v 2.582500 0.103527 -0.384316
v 2.582500 -0.000001 -0.397946
v 2.582500 -0.103528 -0.384316
v 2.582500 -0.200001 -0.344356
v 2.582500 -0.282843 -0.280788
v 2.582500 -0.346411 -0.197946
v 2.582500 -0.386371 -0.101473
v 2.582500 -0.400001 0.002054
v 2.582500 -0.386371 0.105582
v 2.582500 -0.346411 0.202054
v 2.582500 -0.282843 0.284897
v 2.582500 -0.200001 0.348465
v 2.582500 -0.103528 0.388425
v 2.582500 -0.000001 0.402054
v 2.582500 0.103527 0.388425
v 2.582500 0.199999 0.348465
v 2.582500 0.282842 0.284897
v 2.582500 0.346410 0.202054
v -2.582500 0.386370 0.105582
v -2.582500 0.399999 0.002054
v -2.582500 0.386370 -0.101473
v -2.582500 0.346410 -0.197946
v -2.582500 0.282842 -0.280788
v -2.582500 0.199999 -0.344356
v -2.582500 0.103527 -0.384316
v -2.582500 -0.000001 -0.397946
v -2.582500 -0.103528 -0.384316
v -2.582500 -0.200001 -0.344356
v -2.582500 -0.282843 -0.280788
v -2.582500 -0.346411 -0.197946
v -2.582500 -0.386371 -0.101473
v -2.582500 -0.400001 0.002054
v -2.582500 -0.386371 0.105582
v -2.582500 -0.346411 0.202054
v -2.582500 -0.282843 0.284897
v -2.582500 -0.200001 0.348465
v -2.582500 -0.103528 0.388425
v -2.582500 -0.000001 0.402054
v -2.582500 0.103527 0.388425
v -2.582500 0.199999 0.348465
v -2.582500 0.282842 0.284897
v -2.582500 0.346410 0.202054
v 2.582500 1.230846 -0.278878
v 2.582500 1.137473 -0.545724
v 2.582500 0.987062 -0.785102
v 2.582500 0.787155 -0.985008
v 2.582500 0.547778 -1.135419
v 2.582500 0.280932 -1.228792
v 2.582500 -0.000001 -1.260446
v 2.582500 -0.280933 -1.228792
v 2.582500 -0.547779 -1.135419
v 2.582500 -0.787156 -0.985008
v 2.582500 -0.987063 -0.785102
v 2.582500 -1.137474 -0.545724
v 2.582500 -1.230847 -0.278878
v -2.582500 -1.230847 -0.278878
v -2.582500 -1.137474 -0.545724
v -2.582500 -0.987063 -0.785102
v -2.582500 -0.787156 -0.985008
v -2.582500 -0.547779 -1.135419
v -2.582500 -0.280933 -1.228792
v -2.582500 -0.000001 -1.260446
v -2.582500 0.280932 -1.228792
v -2.582500 0.547778 -1.135419
v -2.582500 0.787155 -0.985008
v -2.582500 0.987062 -0.785102
v -2.582500 1.137473 -0.545724
v -2.582500 1.230846 -0.278878
usemtl Steel_-_Satin
f 1 2 3
f 3 2 4
f 3 4 5
f 5 4 6
f 5 6 7
f 7 6 8
f 7 8 9
f 9 8 10
f 9 10 11
f 11 10 12
f 11 12 13
f 13 12 14
f 13 15 11
f 11 15 16
f 11 16 9
f 9 16 17
f 9 17 7
f 7 17 18
f 7 18 5
f 5 18 19
f 5 19 3
f 3 19 20
f 3 20 1
f 15 21 16
f 22 23 1
f 1 23 24
f 1 24 25
f 25 26 1
f 1 26 27
f 1 27 28
f 28 29 1
f 1 29 2
f 2 29 30
f 2 30 31
f 31 32 2
f 2 32 33
f 2 33 34
f 34 35 2
f 2 35 36
f 2 36 37
f 37 36 38
f 37 38 39
f 39 38 40
f 39 40 41
f 41 40 42
f 41 42 43
f 43 42 44
f 43 44 45
f 45 44 46
f 45 46 47
f 47 46 48
f 47 48 49
f 49 48 50
f 49 50 51
f 51 50 52
f 51 52 53
f 53 52 54
f 53 54 55
f 55 54 22
f 55 22 56
f 56 22 1
f 56 1 57
f 57 1 58
f 57 58 59
f 37 60 2
f 2 60 61
f 2 61 62
f 62 61 63
f 62 63 64
f 65 66 60
f 60 66 67
f 60 67 68
f 69 70 65
f 65 70 71
f 65 71 66
f 70 69 72
f 72 69 73
f 72 73 74
f 74 73 75
f 74 75 76
f 76 75 77
f 76 77 78
f 78 77 79
f 78 79 80
f 80 79 81
f 80 81 82
f 82 81 83
f 82 83 84
f 84 83 85
f 84 85 86
f 86 85 87
f 86 87 88
f 88 87 89
f 88 89 90
f 90 89 91
f 90 91 92
f 92 91 93
f 92 93 94
f 91 89 95
f 95 89 57
f 95 57 96
f 96 57 97
f 97 57 59
f 1 98 58
f 58 98 99
f 99 98 100
f 100 98 101
f 101 98 102
f 101 102 103
f 101 103 104
f 104 103 105
f 104 105 106
f 106 105 107
f 107 105 108
f 108 105 109
f 108 109 110
f 110 109 111
f 111 109 112
f 112 109 113
f 112 113 114
f 114 113 115
f 115 113 116
f 115 116 117
f 117 116 118
f 117 118 119
f 119 118 120
f 119 120 121
f 121 120 122
f 122 120 123
f 122 123 94
f 94 123 92
f 116 113 124
f 124 113 125
f 124 125 126
f 126 125 127
f 127 125 128
f 128 125 129
f 129 125 130
f 129 130 131
f 131 130 132
f 132 130 133
f 133 130 134
f 134 130 135
f 135 130 136
f 136 130 137
f 136 137 138
f 138 137 139
f 139 137 140
f 140 137 141
f 140 141 142
f 137 143 141
f 141 143 144
f 144 143 145
f 144 145 146
f 147 148 143
f 143 148 149
f 143 149 145
f 150 151 147
f 147 151 152
f 147 152 153
f 154 155 150
f 150 155 156
f 150 156 157
f 155 154 158
f 158 154 159
f 158 159 62
f 90 92 160
f 160 92 161
f 160 161 162
f 163 164 162
f 162 164 165
f 162 165 160
f 166 167 163
f 163 167 168
f 163 168 169
f 170 171 166
f 166 171 172
f 166 172 167
f 173 174 170
f 170 174 175
f 170 175 176
f 177 178 173
f 173 178 179
f 173 179 174
f 177 180 178
f 178 180 70
f 70 180 71
f 181 182 180
f 180 182 183
f 180 183 71
f 182 181 184
f 184 181 185
f 184 185 186
f 186 185 187
f 187 185 188
f 187 188 146
f 146 188 144
f 189 190 142
f 142 190 191
f 142 191 140
f 192 193 189
f 189 193 194
f 189 194 195
f 196 197 192
f 192 197 198
f 192 198 193
f 199 200 196
f 196 200 201
f 196 201 202
f 124 126 199
f 199 126 203
f 199 203 200
f 176 171 170
f 169 164 163
f 68 204 60
f 60 204 61
f 64 158 62
f 157 151 150
f 153 148 147
f 202 197 196
f 195 190 189
f 20 205 1
f 1 205 206
f 1 206 98
f 20 19 205
f 205 19 18
f 205 18 17
f 17 16 205
f 205 16 21
f 205 21 207
f 205 207 208
f 208 207 209
f 208 209 210
f 210 211 208
f 208 211 212
f 208 212 213
f 213 214 208
f 208 214 215
f 215 214 216
f 217 214 218
f 218 214 213
f 218 213 219
f 219 213 212
f 219 212 220
f 220 212 211
f 220 211 221
f 221 211 210
f 221 210 222
f 222 210 209
f 222 209 223
f 223 209 207
f 223 224 222
f 222 224 225
f 222 225 221
f 221 225 226
f 221 226 220
f 220 226 227
f 220 227 219
f 219 227 228
f 219 228 218
f 218 228 229
f 218 229 217
f 224 230 225
f 231 232 214
f 214 232 233
f 214 233 234
f 234 233 235
f 235 233 236
f 235 236 237
f 237 236 238
f 237 238 239
f 239 238 240
f 239 240 241
f 241 240 242
f 241 242 243
f 243 242 244
f 243 244 245
f 245 244 246
f 245 246 247
f 247 246 248
f 247 248 249
f 249 248 250
f 249 250 251
f 251 250 252
f 251 252 253
f 253 252 254
f 253 254 217
f 217 254 255
f 217 255 256
f 256 257 217
f 217 257 258
f 217 258 259
f 259 260 217
f 217 260 261
f 217 261 214
f 214 261 262
f 214 262 263
f 263 264 214
f 214 264 265
f 214 265 231
f 266 267 268
f 268 267 269
f 268 269 270
f 271 272 266
f 266 272 273
f 266 273 274
f 274 273 275
f 274 275 276
f 276 275 277
f 277 275 278
f 277 278 279
f 279 278 280
f 279 280 281
f 281 280 282
f 282 280 283
f 282 283 284
f 284 283 285
f 284 285 286
f 286 285 287
f 286 287 288
f 288 287 289
f 289 287 290
f 289 290 291
f 291 290 292
f 292 290 293
f 293 290 294
f 293 294 295
f 295 294 296
f 296 294 297
f 297 294 298
f 297 298 299
f 299 298 300
f 299 300 216
f 272 271 301
f 301 271 302
f 301 302 303
f 303 302 304
f 303 304 305
f 305 304 306
f 305 306 307
f 307 306 308
f 307 308 309
f 309 308 310
f 309 310 311
f 311 310 312
f 311 312 313
f 313 312 314
f 313 314 315
f 315 314 316
f 315 316 317
f 317 316 318
f 317 318 319
f 319 318 320
f 320 318 321
f 320 321 322
f 322 321 323
f 323 321 324
f 324 321 325
f 325 321 217
f 325 217 326
f 321 253 217
f 234 268 214
f 214 268 327
f 214 327 216
f 216 327 328
f 216 328 329
f 330 331 326
f 326 331 332
f 326 332 333
f 330 334 331
f 331 334 335
f 335 334 336
f 335 336 337
f 337 336 338
f 338 336 339
f 339 336 340
f 339 340 341
f 341 340 342
f 342 340 343
f 343 340 344
f 343 344 345
f 345 344 346
f 346 344 347
f 346 347 348
f 348 347 349
f 348 349 350
f 350 349 351
f 350 351 352
f 352 351 353
f 353 351 354
f 353 354 355
f 355 354 356
f 355 356 357
f 357 356 319
f 319 356 317
f 347 344 358
f 358 344 359
f 358 359 360
f 360 359 361
f 361 359 362
f 362 359 363
f 363 359 364
f 363 364 365
f 365 364 366
f 366 364 367
f 367 364 368
f 368 364 369
f 369 364 370
f 370 364 371
f 370 371 372
f 372 371 373
f 373 371 374
f 374 371 375
f 374 375 376
f 371 287 375
f 375 287 285
f 377 378 376
f 376 378 379
f 376 379 374
f 380 381 377
f 377 381 382
f 377 382 383
f 384 385 380
f 380 385 386
f 380 386 381
f 387 388 384
f 384 388 389
f 384 389 390
f 358 360 387
f 387 360 391
f 387 391 388
f 317 356 392
f 392 356 393
f 392 393 394
f 395 396 394
f 394 396 397
f 394 397 392
f 398 399 395
f 395 399 400
f 395 400 401
f 402 403 398
f 398 403 404
f 398 404 399
f 405 406 402
f 402 406 407
f 402 407 408
f 409 410 405
f 405 410 411
f 405 411 406
f 409 275 410
f 410 275 273
f 408 403 402
f 401 396 395
f 333 325 326
f 274 267 266
f 270 412 268
f 268 412 327
f 329 299 216
f 390 385 384
f 383 378 377
f 12 413 14
f 14 413 414
f 14 414 230
f 230 414 225
f 225 414 226
f 226 414 227
f 227 414 228
f 228 414 229
f 229 414 217
f 217 414 415
f 217 415 326
f 12 10 413
f 413 10 8
f 413 8 6
f 6 4 413
f 413 4 2
f 413 2 416
f 416 2 62
f 417 418 419
f 419 418 420
f 419 420 421
f 421 420 422
f 421 422 423
f 423 422 424
f 423 424 425
f 425 424 426
f 425 426 427
f 427 426 428
f 427 428 429
f 429 428 430
f 429 430 431
f 431 430 432
f 431 432 433
f 433 432 434
f 433 434 435
f 435 434 436
f 435 436 437
f 437 436 438
f 437 438 439
f 439 438 440
f 439 440 441
f 441 440 442
f 441 442 443
f 443 442 223
f 443 223 444
f 444 223 445
f 444 445 446
f 446 445 447
f 446 447 448
f 448 447 449
f 448 449 450
f 450 449 451
f 450 451 452
f 452 451 453
f 452 453 454
f 454 453 455
f 454 455 456
f 456 455 457
f 456 457 458
f 458 457 459
f 458 459 460
f 460 459 461
f 460 461 462
f 462 461 463
f 462 463 417
f 417 463 418
f 464 465 466
f 466 465 13
f 466 13 467
f 467 13 468
f 467 468 469
f 469 468 470
f 469 470 471
f 471 470 472
f 471 472 473
f 473 472 474
f 473 474 475
f 475 474 476
f 475 476 477
f 477 476 478
f 477 478 479
f 479 478 480
f 479 480 481
f 481 480 482
f 481 482 483
f 483 482 484
f 483 484 485
f 485 484 486
f 485 486 487
f 487 486 488
f 487 488 489
f 489 488 490
f 489 490 491
f 491 490 492
f 491 492 493
f 493 492 494
f 493 494 495
f 495 494 496
f 495 496 497
f 497 496 498
f 497 498 499
f 499 498 500
f 499 500 501
f 501 500 502
f 501 502 503
f 503 502 504
f 503 504 505
f 505 504 506
f 505 506 507
f 507 506 508
f 507 508 509
f 509 508 510
f 509 510 464
f 464 510 465
f 511 512 513
f 513 512 514
f 513 514 515
f 515 514 516
f 515 516 517
f 517 516 518
f 517 518 519
f 519 518 520
f 519 520 521
f 521 520 522
f 521 522 523
f 523 522 524
f 523 524 525
f 525 524 526
f 525 526 527
f 527 526 528
f 527 528 529
f 529 528 530
f 529 530 531
f 531 530 532
f 531 532 533
f 533 532 534
f 533 534 535
f 535 534 536
f 535 536 537
f 537 536 224
f 537 224 538
f 538 224 539
f 538 539 540
f 540 539 541
f 540 541 542
f 542 541 543
f 542 543 544
f 544 543 545
f 544 545 546
f 546 545 547
f 546 547 548
f 548 547 549
f 548 549 550
f 550 549 551
f 550 551 552
f 552 551 553
f 552 553 554
f 554 553 555
f 554 555 556
f 556 555 557
f 556 557 511
f 511 557 512
f 558 559 560
f 560 559 15
f 560 15 561
f 561 15 562
f 561 562 563
f 563 562 564
f 563 564 565
f 565 564 566
f 565 566 567
f 567 566 568
f 567 568 569
f 569 568 570
f 569 570 571
f 571 570 572
f 571 572 573
f 573 572 574
f 573 574 575
f 575 574 576
f 575 576 577
f 577 576 578
f 577 578 579
f 579 578 580
f 579 580 581
f 581 580 582
f 581 582 583
f 583 582 584
f 583 584 585
f 585 584 586
f 585 586 587
f 587 586 588
f 587 588 589
f 589 588 590
f 589 590 591
f 591 590 592
f 591 592 593
f 593 592 594
f 593 594 595
f 595 594 596
f 595 596 597
f 597 596 598
f 597 598 599
f 599 598 600
f 599 600 601
f 601 600 602
f 601 602 603
f 603 602 604
f 603 604 558
f 558 604 559
f 605 606 607
f 607 606 608
f 609 605 610
f 610 605 607
f 611 609 612
f 612 609 610
f 606 611 608
f 608 611 612
f 13 14 468
f 468 14 470
f 470 14 472
f 472 14 474
f 474 14 476
f 476 14 606
f 476 606 478
f 478 606 480
f 480 606 482
f 482 606 484
f 484 606 486
f 486 606 488
f 488 606 490
f 490 606 492
f 492 606 605
f 492 605 582
f 582 605 584
f 584 605 586
f 586 605 588
f 588 605 590
f 590 605 592
f 592 605 594
f 594 605 596
f 596 605 598
f 598 605 21
f 598 21 600
f 600 21 602
f 602 21 604
f 604 21 559
f 559 21 15
f 14 230 606
f 606 230 611
f 611 230 528
f 611 528 526
f 224 536 230
f 230 536 534
f 230 534 532
f 532 530 230
f 230 530 528
f 526 524 611
f 611 524 522
f 611 522 520
f 520 518 611
f 611 518 516
f 611 516 514
f 514 512 611
f 611 512 609
f 609 512 422
f 609 422 420
f 512 557 422
f 422 557 424
f 424 557 555
f 424 555 426
f 426 555 553
f 426 553 428
f 428 553 551
f 428 551 430
f 430 551 549
f 430 549 432
f 432 549 434
f 434 549 547
f 434 547 436
f 436 547 545
f 436 545 438
f 438 545 543
f 438 543 440
f 440 543 541
f 440 541 442
f 442 541 539
f 442 539 223
f 223 539 224
f 420 418 609
f 609 418 463
f 609 463 461
f 461 459 609
f 609 459 457
f 609 457 455
f 455 453 609
f 609 453 207
f 609 207 21
f 453 451 207
f 207 451 449
f 207 449 447
f 447 445 207
f 207 445 223
f 492 582 494
f 494 582 580
f 494 580 496
f 496 580 578
f 496 578 498
f 498 578 576
f 498 576 500
f 500 576 574
f 500 574 502
f 502 574 572
f 502 572 570
f 502 570 504
f 504 570 568
f 504 568 506
f 506 568 566
f 506 566 508
f 508 566 564
f 508 564 510
f 510 564 562
f 510 562 465
f 465 562 15
f 465 15 13
f 605 609 21
f 413 612 414
f 414 612 527
f 414 527 529
f 205 466 413
f 413 466 467
f 413 467 469
f 208 607 205
f 205 607 597
f 205 597 599
f 414 537 208
f 208 537 443
f 208 443 444
f 610 511 612
f 612 511 513
f 612 513 515
f 607 208 610
f 610 208 452
f 610 452 454
f 608 491 607
f 607 491 581
f 607 581 583
f 612 413 608
f 608 413 475
f 608 475 477
f 561 464 560
f 560 464 466
f 560 466 205
f 464 561 509
f 509 561 563
f 509 563 507
f 507 563 565
f 507 565 505
f 505 565 567
f 505 567 503
f 503 567 569
f 503 569 501
f 501 569 571
f 501 571 573
f 501 573 499
f 499 573 575
f 499 575 497
f 497 575 577
f 497 577 495
f 495 577 579
f 495 579 493
f 493 579 581
f 493 581 491
f 583 585 607
f 607 585 587
f 607 587 589
f 589 591 607
f 607 591 593
f 607 593 595
f 595 597 607
f 599 601 205
f 205 601 603
f 205 603 558
f 558 560 205
f 515 517 612
f 612 517 519
f 612 519 521
f 521 523 612
f 612 523 525
f 612 525 527
f 529 531 414
f 414 531 533
f 414 533 535
f 535 537 414
f 537 538 443
f 443 538 441
f 441 538 540
f 441 540 439
f 439 540 542
f 439 542 437
f 437 542 544
f 437 544 435
f 435 544 546
f 435 546 433
f 433 546 548
f 433 548 431
f 431 548 429
f 429 548 550
f 429 550 427
f 427 550 552
f 427 552 425
f 425 552 554
f 425 554 423
f 423 554 556
f 423 556 421
f 421 556 511
f 421 511 610
f 469 471 413
f 413 471 473
f 413 473 475
f 477 479 608
f 608 479 481
f 608 481 483
f 483 485 608
f 608 485 487
f 608 487 489
f 489 491 608
f 417 419 610
f 610 419 421
f 444 446 208
f 208 446 448
f 208 448 450
f 450 452 208
f 454 456 610
f 610 456 458
f 610 458 460
f 460 462 610
f 610 462 417
f 231 613 232
f 232 613 614
f 232 614 233
f 233 614 615
f 233 615 236
f 236 615 616
f 236 616 238
f 238 616 617
f 238 617 240
f 240 617 618
f 240 618 242
f 242 618 619
f 242 619 244
f 244 619 620
f 244 620 246
f 246 620 621
f 246 621 248
f 248 621 622
f 248 622 250
f 250 622 623
f 250 623 252
f 252 623 624
f 252 624 254
f 254 624 625
f 254 625 255
f 255 625 626
f 255 626 256
f 256 626 627
f 256 627 257
f 257 627 628
f 257 628 258
f 258 628 629
f 258 629 259
f 259 629 630
f 259 630 260
f 260 630 631
f 260 631 261
f 261 631 632
f 261 632 262
f 262 632 633
f 262 633 263
f 263 633 634
f 263 634 264
f 264 634 635
f 264 635 265
f 265 635 636
f 265 636 231
f 231 636 613
f 637 24 638
f 638 24 23
f 638 23 639
f 639 23 22
f 639 22 640
f 640 22 54
f 640 54 641
f 641 54 52
f 641 52 642
f 642 52 50
f 642 50 643
f 643 50 48
f 643 48 644
f 644 48 46
f 644 46 645
f 645 46 44
f 645 44 646
f 646 44 42
f 646 42 647
f 647 42 40
f 647 40 648
f 648 40 38
f 648 38 649
f 649 38 36
f 649 36 650
f 650 36 35
f 650 35 651
f 651 35 34
f 651 34 652
f 652 34 33
f 652 33 653
f 653 33 32
f 653 32 654
f 654 32 31
f 654 31 655
f 655 31 30
f 655 30 656
f 656 30 29
f 656 29 657
f 657 29 28
f 657 28 658
f 658 28 27
f 658 27 659
f 659 27 26
f 659 26 660
f 660 26 25
f 660 25 637
f 637 25 24
f 234 661 268
f 268 661 662
f 268 662 266
f 266 662 663
f 266 663 271
f 271 663 664
f 271 664 302
f 302 664 665
f 302 665 304
f 304 665 666
f 304 666 306
f 306 666 667
f 306 667 308
f 308 667 668
f 308 668 310
f 310 668 669
f 310 669 312
f 312 669 670
f 312 670 314
f 314 670 671
f 314 671 316
f 316 671 672
f 316 672 318
f 318 672 673
f 318 673 321
f 321 673 674
f 321 674 253
f 253 674 675
f 253 675 251
f 251 675 676
f 251 676 249
f 249 676 677
f 249 677 247
f 247 677 678
f 247 678 245
f 245 678 679
f 245 679 243
f 243 679 680
f 243 680 241
f 241 680 681
f 241 681 239
f 239 681 682
f 239 682 237
f 237 682 683
f 237 683 235
f 235 683 684
f 235 684 234
f 234 684 661
f 685 56 686
f 686 56 57
f 686 57 687
f 687 57 89
f 687 89 688
f 688 89 87
f 688 87 689
f 689 87 85
f 689 85 690
f 690 85 83
f 690 83 691
f 691 83 81
f 691 81 692
f 692 81 79
f 692 79 693
f 693 79 77
f 693 77 694
f 694 77 75
f 694 75 695
f 695 75 73
f 695 73 696
f 696 73 69
f 696 69 697
f 697 69 65
f 697 65 698
f 698 65 60
f 698 60 699
f 699 60 37
f 699 37 700
f 700 37 39
f 700 39 701
f 701 39 41
f 701 41 702
f 702 41 43
f 702 43 703
f 703 43 45
f 703 45 704
f 704 45 47
f 704 47 705
f 705 47 49
f 705 49 706
f 706 49 51
f 706 51 707
f 707 51 53
f 707 53 708
f 708 53 55
f 708 55 685
f 685 55 56
f 379 709 374
f 374 709 710
f 374 710 373
f 373 710 711
f 373 711 372
f 372 711 712
f 372 712 370
f 370 712 713
f 370 713 369
f 369 713 714
f 369 714 368
f 368 714 715
f 368 715 367
f 367 715 716
f 367 716 366
f 366 716 717
f 366 717 365
f 365 717 718
f 365 718 363
f 363 718 719
f 363 719 362
f 362 719 720
f 362 720 361
f 361 720 721
f 361 721 360
f 360 721 722
f 360 722 391
f 391 722 723
f 391 723 388
f 388 723 724
f 388 724 389
f 389 724 725
f 389 725 390
f 390 725 726
f 390 726 385
f 385 726 727
f 385 727 386
f 386 727 728
f 386 728 381
f 381 728 729
f 381 729 382
f 382 729 730
f 382 730 383
f 383 730 731
f 383 731 378
f 378 731 732
f 378 732 379
f 379 732 709
f 733 203 734
f 734 203 126
f 734 126 735
f 735 126 127
f 735 127 736
f 736 127 128
f 736 128 737
f 737 128 129
f 737 129 738
f 738 129 131
f 738 131 739
f 739 131 132
f 739 132 740
f 740 132 133
f 740 133 741
f 741 133 134
f 741 134 742
f 742 134 135
f 742 135 743
f 743 135 136
f 743 136 744
f 744 136 138
f 744 138 745
f 745 138 139
f 745 139 746
f 746 139 140
f 746 140 747
f 747 140 191
f 747 191 748
f 748 191 190
f 748 190 749
f 749 190 195
f 749 195 750
f 750 195 194
f 750 194 751
f 751 194 193
f 751 193 752
f 752 193 198
f 752 198 753
f 753 198 197
f 753 197 754
f 754 197 202
f 754 202 755
f 755 202 201
f 755 201 756
f 756 201 200
f 756 200 733
f 733 200 203
f 329 757 299
f 299 757 758
f 299 758 297
f 297 758 759
f 297 759 296
f 296 759 760
f 296 760 295
f 295 760 761
f 295 761 293
f 293 761 762
f 293 762 292
f 292 762 763
f 292 763 291
f 291 763 764
f 291 764 289
f 289 764 765
f 289 765 288
f 288 765 766
f 288 766 286
f 286 766 767
f 286 767 284
f 284 767 768
f 284 768 282
f 282 768 769
f 282 769 281
f 281 769 770
f 281 770 279
f 279 770 771
f 279 771 277
f 277 771 772
f 277 772 276
f 276 772 773
f 276 773 274
f 274 773 774
f 274 774 267
f 267 774 775
f 267 775 269
f 269 775 776
f 269 776 270
f 270 776 777
f 270 777 412
f 412 777 778
f 412 778 327
f 327 778 779
f 327 779 328
f 328 779 780
f 328 780 329
f 329 780 757
f 781 100 782
f 782 100 101
f 782 101 783
f 783 101 104
f 783 104 784
f 784 104 106
f 784 106 785
f 785 106 107
f 785 107 786
f 786 107 108
f 786 108 787
f 787 108 110
f 787 110 788
f 788 110 111
f 788 111 789
f 789 111 112
f 789 112 790
f 790 112 114
f 790 114 791
f 791 114 115
f 791 115 792
f 792 115 117
f 792 117 793
f 793 117 119
f 793 119 794
f 794 119 121
f 794 121 795
f 795 121 122
f 795 122 796
f 796 122 94
f 796 94 797
f 797 94 93
f 797 93 798
f 798 93 91
f 798 91 799
f 799 91 95
f 799 95 800
f 800 95 96
f 800 96 801
f 801 96 97
f 801 97 802
f 802 97 59
f 802 59 803
f 803 59 58
f 803 58 804
f 804 58 99
f 804 99 781
f 781 99 100
f 353 805 352
f 352 805 806
f 352 806 350
f 350 806 807
f 350 807 348
f 348 807 808
f 348 808 346
f 346 808 809
f 346 809 345
f 345 809 810
f 345 810 343
f 343 810 811
f 343 811 342
f 342 811 812
f 342 812 341
f 341 812 813
f 341 813 339
f 339 813 814
f 339 814 338
f 338 814 815
f 338 815 337
f 337 815 816
f 337 816 335
f 335 816 817
f 335 817 331
f 331 817 818
f 331 818 332
f 332 818 819
f 332 819 333
f 333 819 820
f 333 820 325
f 325 820 821
f 325 821 324
f 324 821 822
f 324 822 323
f 323 822 823
f 323 823 322
f 322 823 824
f 322 824 320
f 320 824 825
f 320 825 319
f 319 825 826
f 319 826 357
f 357 826 827
f 357 827 355
f 355 827 828
f 355 828 353
f 353 828 805
f 829 184 830
f 830 184 186
f 830 186 831
f 831 186 187
f 831 187 832
f 832 187 146
f 832 146 833
f 833 146 145
f 833 145 834
f 834 145 149
f 834 149 835
f 835 149 148
f 835 148 836
f 836 148 153
f 836 153 837
f 837 153 152
f 837 152 838
f 838 152 151
f 838 151 839
f 839 151 157
f 839 157 840
f 840 157 156
f 840 156 841
f 841 156 155
f 841 155 842
f 842 155 158
f 842 158 843
f 843 158 64
f 843 64 844
f 844 64 63
f 844 63 845
f 845 63 61
f 845 61 846
f 846 61 204
f 846 204 847
f 847 204 68
f 847 68 848
f 848 68 67
f 848 67 849
f 849 67 66
f 849 66 850
f 850 66 71
f 850 71 851
f 851 71 183
f 851 183 852
f 852 183 182
f 852 182 829
f 829 182 184
f 273 853 410
f 410 853 854
f 410 854 411
f 411 854 855
f 411 855 406
f 406 855 856
f 406 856 407
f 407 856 857
f 407 857 408
f 408 857 858
f 408 858 403
f 403 858 859
f 403 859 404
f 404 859 860
f 404 860 399
f 399 860 861
f 399 861 400
f 400 861 862
f 400 862 401
f 401 862 863
f 401 863 396
f 396 863 864
f 396 864 397
f 397 864 865
f 397 865 392
f 392 865 866
f 392 866 317
f 317 866 867
f 317 867 315
f 315 867 868
f 315 868 313
f 313 868 869
f 313 869 311
f 311 869 870
f 311 870 309
f 309 870 871
f 309 871 307
f 307 871 872
f 307 872 305
f 305 872 873
f 305 873 303
f 303 873 874
f 303 874 301
f 301 874 875
f 301 875 272
f 272 875 876
f 272 876 273
f 273 876 853
f 877 90 878
f 878 90 160
f 878 160 879
f 879 160 165
f 879 165 880
f 880 165 164
f 880 164 881
f 881 164 169
f 881 169 882
f 882 169 168
f 882 168 883
f 883 168 167
f 883 167 884
f 884 167 172
f 884 172 885
f 885 172 171
f 885 171 886
f 886 171 176
f 886 176 887
f 887 176 175
f 887 175 888
f 888 175 174
f 888 174 889
f 889 174 179
f 889 179 890
f 890 179 178
f 890 178 891
f 891 178 70
f 891 70 892
f 892 70 72
f 892 72 893
f 893 72 74
f 893 74 894
f 894 74 76
f 894 76 895
f 895 76 78
f 895 78 896
f 896 78 80
f 896 80 897
f 897 80 82
f 897 82 898
f 898 82 84
f 898 84 899
f 899 84 86
f 899 86 900
f 900 86 88
f 900 88 877
f 877 88 90
f 278 901 280
f 280 901 902
f 280 902 283
f 283 902 903
f 283 903 285
f 285 903 904
f 285 904 375
f 375 904 905
f 375 905 376
f 376 905 906
f 376 906 377
f 377 906 907
f 377 907 380
f 380 907 908
f 380 908 384
f 384 908 909
f 384 909 387
f 387 909 910
f 387 910 358
f 358 910 911
f 358 911 347
f 347 911 912
f 347 912 349
f 349 912 913
f 349 913 351
f 351 913 914
f 351 914 354
f 354 914 915
f 354 915 356
f 356 915 916
f 356 916 393
f 393 916 917
f 393 917 394
f 394 917 918
f 394 918 395
f 395 918 919
f 395 919 398
f 398 919 920
f 398 920 402
f 402 920 921
f 402 921 405
f 405 921 922
f 405 922 409
f 409 922 923
f 409 923 275
f 275 923 924
f 275 924 278
f 278 924 901
f 925 123 926
f 926 123 120
f 926 120 927
f 927 120 118
f 927 118 928
f 928 118 116
f 928 116 929
f 929 116 124
f 929 124 930
f 930 124 199
f 930 199 931
f 931 199 196
f 931 196 932
f 932 196 192
f 932 192 933
f 933 192 189
f 933 189 934
f 934 189 142
f 934 142 935
f 935 142 141
f 935 141 936
f 936 141 144
f 936 144 937
f 937 144 188
f 937 188 938
f 938 188 185
f 938 185 939
f 939 185 181
f 939 181 940
f 940 181 180
f 940 180 941
f 941 180 177
f 941 177 942
f 942 177 173
f 942 173 943
f 943 173 170
f 943 170 944
f 944 170 166
f 944 166 945
f 945 166 163
f 945 163 946
f 946 163 162
f 946 162 947
f 947 162 161
f 947 161 948
f 948 161 92
f 948 92 925
f 925 92 123
f 215 216 949
f 949 216 300
f 949 300 950
f 950 300 298
f 950 298 951
f 951 298 294
f 951 294 952
f 952 294 290
f 952 290 953
f 953 290 287
f 953 287 954
f 954 287 371
f 954 371 955
f 955 371 364
f 955 364 956
f 956 364 359
f 956 359 957
f 957 359 344
f 957 344 958
f 958 344 340
f 958 340 959
f 959 340 336
f 959 336 960
f 960 336 334
f 960 334 961
f 961 334 330
f 961 330 415
f 415 330 326
f 416 62 962
f 962 62 159
f 962 159 963
f 963 159 154
f 963 154 964
f 964 154 150
f 964 150 965
f 965 150 147
f 965 147 966
f 966 147 143
f 966 143 967
f 967 143 137
f 967 137 968
f 968 137 130
f 968 130 969
f 969 130 125
f 969 125 970
f 970 125 113
f 970 113 971
f 971 113 109
f 971 109 972
f 972 109 105
f 972 105 973
f 973 105 103
f 973 103 974
f 974 103 102
f 974 102 206
f 206 102 98
f 735 969 734
f 734 969 929
f 734 929 930
f 735 736 969
f 969 736 737
f 969 737 968
f 968 737 738
f 968 738 739
f 739 740 968
f 968 740 741
f 968 741 742
f 742 743 968
f 968 743 967
f 967 743 744
f 967 744 745
f 745 746 967
f 967 746 935
f 967 935 966
f 966 935 936
f 966 936 833
f 833 936 832
f 832 936 937
f 832 937 831
f 831 937 938
f 831 938 830
f 830 938 829
f 829 938 939
f 829 939 852
f 852 939 940
f 852 940 851
f 851 940 850
f 850 940 891
f 850 891 697
f 697 891 696
f 696 891 892
f 696 892 695
f 695 892 893
f 695 893 694
f 694 893 894
f 694 894 693
f 693 894 895
f 693 895 692
f 692 895 896
f 692 896 691
f 691 896 897
f 691 897 690
f 690 897 898
f 690 898 689
f 689 898 899
f 689 899 688
f 688 899 900
f 688 900 687
f 687 900 877
f 687 877 798
f 798 877 948
f 798 948 797
f 797 948 796
f 796 948 925
f 796 925 795
f 795 925 926
f 795 926 794
f 794 926 793
f 793 926 927
f 793 927 792
f 792 927 928
f 792 928 791
f 791 928 970
f 791 970 790
f 790 970 789
f 789 970 971
f 789 971 788
f 788 971 787
f 787 971 786
f 786 971 972
f 786 972 785
f 785 972 784
f 784 972 783
f 783 972 973
f 783 973 782
f 782 973 974
f 782 974 206
f 935 746 934
f 934 746 747
f 934 747 748
f 934 748 933
f 933 748 749
f 933 749 750
f 750 751 933
f 933 751 932
f 932 751 752
f 932 752 753
f 932 753 931
f 931 753 754
f 931 754 755
f 755 756 931
f 931 756 930
f 930 756 733
f 930 733 734
f 798 799 687
f 687 799 686
f 686 799 800
f 686 800 801
f 801 802 686
f 686 802 803
f 686 803 205
f 205 803 206
f 206 803 804
f 206 804 781
f 781 782 206
f 833 834 966
f 966 834 835
f 966 835 965
f 965 835 836
f 965 836 837
f 837 838 965
f 965 838 964
f 964 838 839
f 964 839 840
f 840 841 964
f 964 841 963
f 963 841 842
f 963 842 962
f 962 842 416
f 416 842 843
f 416 843 844
f 844 845 416
f 416 845 413
f 413 845 698
f 413 698 699
f 845 846 698
f 698 846 847
f 698 847 848
f 848 849 698
f 698 849 697
f 697 849 850
f 879 946 878
f 878 946 947
f 878 947 948
f 879 880 946
f 946 880 945
f 945 880 881
f 945 881 882
f 882 883 945
f 945 883 944
f 944 883 884
f 944 884 885
f 944 885 943
f 943 885 886
f 943 886 887
f 887 888 943
f 943 888 942
f 942 888 889
f 942 889 890
f 891 940 890
f 890 940 941
f 890 941 942
f 877 878 948
f 928 929 970
f 970 929 969
f 413 656 205
f 205 656 657
f 205 657 658
f 700 648 699
f 699 648 649
f 699 649 413
f 413 649 650
f 413 650 651
f 648 700 647
f 647 700 701
f 647 701 646
f 646 701 702
f 646 702 645
f 645 702 703
f 645 703 644
f 644 703 704
f 644 704 643
f 643 704 705
f 643 705 642
f 642 705 706
f 642 706 641
f 641 706 707
f 641 707 640
f 640 707 708
f 640 708 639
f 639 708 685
f 639 685 205
f 205 685 686
f 637 638 205
f 205 638 639
f 651 652 413
f 413 652 653
f 413 653 654
f 654 655 413
f 413 655 656
f 658 659 205
f 205 659 660
f 205 660 637
f 709 906 710
f 710 906 905
f 710 905 954
f 954 905 953
f 953 905 904
f 953 904 767
f 767 904 768
f 768 904 903
f 768 903 769
f 769 903 902
f 769 902 770
f 770 902 771
f 771 902 901
f 771 901 772
f 772 901 924
f 772 924 773
f 773 924 774
f 774 924 853
f 774 853 663
f 663 853 876
f 663 876 664
f 664 876 875
f 664 875 665
f 665 875 874
f 665 874 666
f 666 874 873
f 666 873 667
f 667 873 872
f 667 872 668
f 668 872 871
f 668 871 669
f 669 871 870
f 669 870 670
f 670 870 869
f 670 869 671
f 671 869 868
f 671 868 672
f 672 868 867
f 672 867 673
f 673 867 826
f 673 826 825
f 709 732 906
f 906 732 907
f 907 732 731
f 907 731 730
f 730 729 907
f 907 729 908
f 908 729 728
f 908 728 727
f 908 727 909
f 909 727 726
f 909 726 725
f 725 724 909
f 909 724 910
f 910 724 723
f 910 723 722
f 721 956 722
f 722 956 911
f 722 911 910
f 721 720 956
f 956 720 719
f 956 719 955
f 955 719 718
f 955 718 717
f 717 716 955
f 955 716 715
f 955 715 714
f 714 713 955
f 955 713 954
f 954 713 712
f 954 712 711
f 711 710 954
f 757 215 758
f 758 215 949
f 758 949 950
f 757 780 215
f 215 780 779
f 215 779 208
f 208 779 662
f 208 662 661
f 779 778 662
f 662 778 777
f 662 777 776
f 776 775 662
f 662 775 663
f 663 775 774
f 767 766 953
f 953 766 765
f 953 765 952
f 952 765 764
f 952 764 763
f 763 762 952
f 952 762 951
f 951 762 761
f 951 761 760
f 760 759 951
f 951 759 950
f 950 759 758
f 807 806 914
f 914 806 805
f 914 805 915
f 915 805 828
f 915 828 916
f 916 828 827
f 916 827 826
f 673 825 674
f 674 825 824
f 674 824 823
f 823 822 674
f 674 822 821
f 674 821 414
f 414 821 415
f 415 821 820
f 415 820 819
f 819 818 415
f 415 818 961
f 961 818 960
f 960 818 817
f 960 817 959
f 959 817 816
f 959 816 815
f 815 814 959
f 959 814 958
f 958 814 813
f 958 813 812
f 812 811 958
f 958 811 957
f 957 811 810
f 957 810 809
f 957 809 912
f 912 809 808
f 912 808 913
f 913 808 807
f 913 807 914
f 853 924 854
f 854 924 923
f 854 923 922
f 826 867 916
f 916 867 866
f 916 866 917
f 917 866 918
f 918 866 865
f 918 865 864
f 918 864 919
f 919 864 863
f 919 863 862
f 862 861 919
f 919 861 920
f 920 861 860
f 920 860 859
f 920 859 921
f 921 859 858
f 921 858 857
f 857 856 921
f 921 856 922
f 922 856 855
f 922 855 854
f 912 911 957
f 957 911 956
f 208 632 414
f 414 632 631
f 414 631 630
f 208 661 615
f 615 661 684
f 615 684 616
f 616 684 683
f 616 683 617
f 617 683 682
f 617 682 618
f 618 682 681
f 618 681 619
f 619 681 680
f 619 680 620
f 620 680 679
f 620 679 621
f 621 679 678
f 621 678 622
f 622 678 677
f 622 677 623
f 623 677 676
f 623 676 624
f 624 676 675
f 624 675 625
f 625 675 414
f 625 414 626
f 626 414 627
f 627 414 628
f 628 414 629
f 629 414 630
f 675 674 414
f 615 614 208
f 208 614 613
f 208 613 636
f 636 635 208
f 208 635 634
f 208 634 633
f 633 632 208
g 1

v 2.557500 0.937499 4.989554
v 2.557500 0.937499 5.239554
v 2.583382 0.934092 4.989554
v 2.583382 0.934092 5.239554
v 2.607500 0.924102 4.989554
v 2.607500 0.924102 5.239554
v 2.628211 0.908210 4.989554
v 2.628211 0.908210 5.239554
v 2.644103 0.887499 4.989554
v 2.644103 0.887499 5.239554
v 2.654093 0.863381 4.989554
v 2.654093 0.863381 5.239554
v 2.657500 0.837499 4.989554
v 2.657500 0.837499 5.239554
v 2.657500 0.624999 4.989554
v 2.657500 0.624999 5.239554
v 2.522859 0.624999 5.239554
v 1.957500 0.937499 5.239554
v 2.298644 0.703643 5.239554
v 2.348646 0.712303 5.239554
v 2.399218 0.708100 5.239554
v 1.957500 -0.862501 5.239554
v 2.163938 0.462163 5.239554
v 2.157500 0.512499 5.239554
v 2.163938 0.562836 5.239554
v 2.557500 -0.862501 5.239554
v 2.298644 -0.628661 5.239554
v 2.252431 -0.607695 5.239554
v 2.212982 -0.575773 5.239554
v 2.583382 -0.859093 5.239554
v 2.522859 -0.550017 5.239554
v 2.489222 -0.588014 5.239554
v 2.447105 -0.616322 5.239554
v 2.607500 -0.849103 5.239554
v 2.657500 -0.762501 5.239554
v 2.657500 -0.550017 5.239554
v 2.628211 -0.833211 5.239554
v 2.644103 -0.812501 5.239554
v 2.654093 -0.788383 5.239554
v 2.399218 -0.633118 5.239554
v 2.348646 -0.637321 5.239554
v 2.182838 -0.534950 5.239554
v 2.163938 -0.487854 5.239554
v 2.157500 -0.437517 5.239554
v 2.163938 -0.387181 5.239554
v 2.182838 0.415067 5.239554
v 2.182838 -0.340085 5.239554
v 2.212982 0.374244 5.239554
v 2.212982 -0.299262 5.239554
v 2.252431 0.342322 5.239554
v 2.252431 -0.267340 5.239554
v 2.298644 0.321356 5.239554
v 2.298644 -0.246374 5.239554
v 2.348646 0.312695 5.239554
v 2.348646 -0.237713 5.239554
v 2.399218 0.316899 5.239554
v 2.399218 -0.241917 5.239554
v 2.447105 0.333695 5.239554
v 2.447105 -0.258713 5.239554
v 2.489222 0.362003 5.239554
v 2.489222 -0.287021 5.239554
v 2.522859 0.399999 5.239554
v 2.522859 -0.325017 5.239554
v 2.657500 0.399999 5.239554
v 2.657500 -0.325017 5.239554
v 2.182838 0.609932 5.239554
v 2.212982 0.650755 5.239554
v 2.252431 0.682677 5.239554
v 2.447105 0.691304 5.239554
v 2.489222 0.662996 5.239554
v 2.557500 -0.862501 4.989554
v 2.583382 -0.859093 4.989554
v 2.607500 -0.849103 4.989554
v 2.628211 -0.833211 4.989554
v 2.644103 -0.812501 4.989554
v 2.654093 -0.788383 4.989554
v 2.657500 -0.762501 4.989554
v 1.957500 -0.862501 4.989554
v 2.522859 0.624999 4.989554
v 2.522859 0.399999 4.989554
v 2.489222 0.362003 4.989554
v 2.447105 0.333695 4.989554
v 2.399218 0.316899 4.989554
v 2.348646 0.312695 4.989554
v 2.298644 0.321356 4.989554
v 2.252431 0.342322 4.989554
v 2.212982 0.374244 4.989554
v 2.182838 0.415067 4.989554
v 2.163938 0.462163 4.989554
v 2.157500 0.512499 4.989554
v 2.163938 0.562836 4.989554
v 2.182838 0.609932 4.989554
v 2.212982 0.650755 4.989554
v 2.252431 0.682677 4.989554
v 2.298644 0.703643 4.989554
v 2.348646 0.712303 4.989554
v 2.399218 0.708100 4.989554
v 2.447105 0.691304 4.989554
v 2.489222 0.662996 4.989554
v 2.657500 0.399999 4.989554
v 2.657500 -0.325017 4.989554
v 2.522859 -0.325017 4.989554
v 2.657500 -0.550017 4.989554
v 2.522859 -0.550017 4.989554
v 2.489222 -0.588014 4.989554
v 2.447105 -0.616322 4.989554
v 2.399218 -0.633118 4.989554
v 2.348646 -0.637321 4.989554
v 2.298644 -0.628661 4.989554
v 2.252431 -0.607695 4.989554
v 2.212982 -0.575773 4.989554
v 2.182838 -0.534950 4.989554
v 2.163938 -0.487854 4.989554
v 2.157500 -0.437517 4.989554
v 2.163938 -0.387181 4.989554
v 2.182838 -0.340085 4.989554
v 2.212982 -0.299262 4.989554
v 2.252431 -0.267340 4.989554
v 2.298644 -0.246374 4.989554
v 2.348646 -0.237713 4.989554
v 2.399218 -0.241917 4.989554
v 2.447105 -0.258713 4.989554
v 2.489222 -0.287021 4.989554
v 1.957500 0.937499 4.989554
v 1.957500 -0.862501 5.689554
v 1.957500 0.937499 5.689554
v 1.957500 0.937499 2.289554
v 1.957500 -0.862501 2.289554
v 0.082500 0.235931 6.039554
v 0.082500 0.235931 5.989554
v 0.030460 0.235663 6.039554
v 0.030460 0.235663 5.989554
v -0.019749 0.221979 6.039554
v -0.019749 0.221979 5.989554
v -0.064728 0.195804 6.039554
v -0.064728 0.195804 5.989554
v -0.101431 0.158911 6.039554
v -0.101431 0.158911 5.989554
v -0.127374 0.113798 6.039554
v -0.127374 0.113798 5.989554
v -0.140800 0.063520 6.039554
v -0.140800 0.063520 5.989554
v -0.140800 0.011479 6.039554
v -0.140800 0.011479 5.989554
v -0.127374 -0.038800 6.039554
v -0.127374 -0.038800 5.989554
v -0.101431 -0.083913 6.039554
v -0.101431 -0.083913 5.989554
v -0.064728 -0.120805 6.039554
v -0.064728 -0.120805 5.989554
v -0.019749 -0.146980 6.039554
v -0.019749 -0.146980 5.989554
v 0.030460 -0.160664 6.039554
v 0.030460 -0.160664 5.989554
v 0.082500 -0.160932 6.039554
v 0.082500 -0.160932 5.989554
v 0.082500 -0.862501 5.989554
v 0.082500 -0.862501 6.039554
v -0.479583 -0.287501 5.989554
v -0.414648 -0.130733 5.989554
v -0.392500 0.037499 5.989554
v -0.414648 0.205732 5.989554
v -0.479583 0.362499 5.989554
v 0.082500 0.937499 5.989554
v -0.582881 0.497119 5.989554
v -0.606610 0.937499 5.989554
v -0.717500 0.600416 5.989554
v -0.874268 0.665351 5.989554
v -0.818049 1.011985 5.989554
v -1.042500 0.687499 5.989554
v -1.040767 1.037498 5.989554
v -1.263573 1.012757 5.989554
v -1.210732 0.665351 5.989554
v -1.475268 0.939005 5.989554
v -1.367500 0.600416 5.989554
v -1.665215 0.819948 5.989554
v -1.502119 0.497119 5.989554
v -1.823868 0.661570 5.989554
v -1.605416 0.362499 5.989554
v -1.943254 0.471829 5.989554
v -1.670352 0.205732 5.989554
v -2.017373 0.260262 5.989554
v -1.692500 0.037499 5.989554
v -2.042500 0.037499 5.989554
v -2.017373 -0.185263 5.989554
v -1.670352 -0.130733 5.989554
v -1.943254 -0.396830 5.989554
v -1.605416 -0.287501 5.989554
v -1.823868 -0.586571 5.989554
v -1.502119 -0.422120 5.989554
v -1.665215 -0.744949 5.989554
v -1.367500 -0.525417 5.989554
v -1.475268 -0.864006 5.989554
v -1.210732 -0.590352 5.989554
v -1.263573 -0.937758 5.989554
v -1.042500 -0.612501 5.989554
v -1.040767 -0.962499 5.989554
v -0.818049 -0.936986 5.989554
v -0.874268 -0.590352 5.989554
v -0.606610 -0.862501 5.989554
v -0.717500 -0.525417 5.989554
v -0.582881 -0.422120 5.989554
v -0.897611 -0.731323 6.539554
v -0.897611 -0.731323 6.789554
v -0.892500 -0.692501 6.539554
v -0.892500 -0.692501 6.789554
v -0.897611 -0.653678 6.539554
v -0.897611 -0.653678 6.789554
v -0.912596 -0.617501 6.539554
v -0.912596 -0.617501 6.789554
v -0.936434 -0.586435 6.539554
v -0.936434 -0.586435 6.789554
v -0.967500 -0.562597 6.539554
v -0.967500 -0.562597 6.789554
v -1.003677 -0.547612 6.539554
v -1.003677 -0.547612 6.789554
v -1.042500 -0.542501 6.539554
v -1.042500 -0.542501 6.789554
v -1.081323 -0.547612 6.539554
v -1.081323 -0.547612 6.789554
v -1.117500 -0.562597 6.539554
v -1.117500 -0.562597 6.789554
v -1.148566 -0.586435 6.539554
v -1.148566 -0.586435 6.789554
v -1.172404 -0.617501 6.539554
v -1.172404 -0.617501 6.789554
v -1.187389 -0.653678 6.539554
v -1.187389 -0.653678 6.789554
v -1.192500 -0.692501 6.539554
v -1.192500 -0.692501 6.789554
v -1.187389 -0.731323 6.539554
v -1.187389 -0.731323 6.789554
v -1.172404 -0.767501 6.539554
v -1.172404 -0.767501 6.789554
v -1.148566 -0.798567 6.539554
v -1.148566 -0.798567 6.789554
v -1.117500 -0.822404 6.539554
v -1.117500 -0.822404 6.789554
v -1.081323 -0.837389 6.539554
v -1.081323 -0.837389 6.789554
v -1.042500 -0.842501 6.539554
v -1.042500 -0.842501 6.789554
v -1.003677 -0.837389 6.539554
v -1.003677 -0.837389 6.789554
v -0.967500 -0.822404 6.539554
v -0.967500 -0.822404 6.789554
v -0.936434 -0.798567 6.539554
v -0.936434 -0.798567 6.789554
v -0.912596 -0.767501 6.539554
v -0.912596 -0.767501 6.789554
v -0.897611 -0.001323 6.189554
v -0.897611 -0.001323 6.789554
v -0.892500 0.037499 6.189554
v -0.892500 0.037499 6.789554
v -0.897611 0.076322 6.189554
v -0.897611 0.076322 6.789554
v -0.912596 0.112499 6.189554
v -0.912596 0.112499 6.789554
v -0.936434 0.143565 6.189554
v -0.936434 0.143565 6.789554
v -0.967500 0.167403 6.189554
v -0.967500 0.167403 6.789554
v -1.003677 0.182388 6.189554
v -1.003677 0.182388 6.789554
v -1.042500 0.187499 6.189554
v -1.042500 0.187499 6.789554
v -1.081323 0.182388 6.189554
v -1.081323 0.182388 6.789554
v -1.117500 0.167403 6.189554
v -1.117500 0.167403 6.789554
v -1.148566 0.143565 6.189554
v -1.148566 0.143565 6.789554
v -1.172404 0.112499 6.189554
v -1.172404 0.112499 6.789554
v -1.187389 0.076322 6.189554
v -1.187389 0.076322 6.789554
v -1.192500 0.037499 6.189554
v -1.192500 0.037499 6.789554
v -1.187389 -0.001323 6.189554
v -1.187389 -0.001323 6.789554
v -1.172404 -0.037501 6.189554
v -1.172404 -0.037501 6.789554
v -1.148566 -0.068567 6.189554
v -1.148566 -0.068567 6.789554
v -1.117500 -0.092404 6.189554
v -1.117500 -0.092404 6.789554
v -1.081323 -0.107389 6.189554
v -1.081323 -0.107389 6.789554
v -1.042500 -0.112501 6.189554
v -1.042500 -0.112501 6.789554
v -1.003677 -0.107389 6.189554
v -1.003677 -0.107389 6.789554
v -0.967500 -0.092404 6.189554
v -0.967500 -0.092404 6.789554
v -0.936434 -0.068567 6.189554
v -0.936434 -0.068567 6.789554
v -0.912596 -0.037501 6.189554
v -0.912596 -0.037501 6.789554
v -1.627611 -0.001323 6.539554
v -1.627611 -0.001323 6.789554
v -1.622500 0.037499 6.539554
v -1.622500 0.037499 6.789554
v -1.627611 0.076322 6.539554
v -1.627611 0.076322 6.789554
v -1.642596 0.112499 6.539554
v -1.642596 0.112499 6.789554
v -1.666434 0.143565 6.539554
v -1.666434 0.143565 6.789554
v -1.697500 0.167403 6.539554
v -1.697500 0.167403 6.789554
v -1.733677 0.182388 6.539554
v -1.733677 0.182388 6.789554
v -1.772500 0.187499 6.539554
v -1.772500 0.187499 6.789554
v -1.811323 0.182388 6.539554
v -1.811323 0.182388 6.789554
v -1.847500 0.167403 6.539554
v -1.847500 0.167403 6.789554
v -1.878566 0.143565 6.539554
v -1.878566 0.143565 6.789554
v -1.902404 0.112499 6.539554
v -1.902404 0.112499 6.789554
v -1.917389 0.076322 6.539554
v -1.917389 0.076322 6.789554
v -1.922500 0.037499 6.539554
v -1.922500 0.037499 6.789554
v -1.917389 -0.001323 6.539554
v -1.917389 -0.001323 6.789554
v -1.902404 -0.037501 6.539554
v -1.902404 -0.037501 6.789554
v -1.878566 -0.068567 6.539554
v -1.878566 -0.068567 6.789554
v -1.847500 -0.092404 6.539554
v -1.847500 -0.092404 6.789554
v -1.811323 -0.107389 6.539554
v -1.811323 -0.107389 6.789554
v -1.772500 -0.112501 6.539554
v -1.772500 -0.112501 6.789554
v -1.733677 -0.107389 6.539554
v -1.733677 -0.107389 6.789554
v -1.697500 -0.092404 6.539554
v -1.697500 -0.092404 6.789554
v -1.666434 -0.068567 6.539554
v -1.666434 -0.068567 6.789554
v -1.642596 -0.037501 6.539554
v -1.642596 -0.037501 6.789554
v -0.167611 -0.001323 6.539554
v -0.167611 -0.001323 6.789554
v -0.162500 0.037499 6.539554
v -0.162500 0.037499 6.789554
v -0.167611 0.076322 6.539554
v -0.167611 0.076322 6.789554
v -0.182596 0.112499 6.539554
v -0.182596 0.112499 6.789554
v -0.206434 0.143565 6.539554
v -0.206434 0.143565 6.789554
v -0.237500 0.167403 6.539554
v -0.237500 0.167403 6.789554
v -0.273677 0.182388 6.539554
v -0.273677 0.182388 6.789554
v -0.312500 0.187499 6.539554
v -0.312500 0.187499 6.789554
v -0.351323 0.182388 6.539554
v -0.351323 0.182388 6.789554
v -0.387500 0.167403 6.539554
v -0.387500 0.167403 6.789554
v -0.418566 0.143565 6.539554
v -0.418566 0.143565 6.789554
v -0.442404 0.112499 6.539554
v -0.442404 0.112499 6.789554
v -0.457389 0.076322 6.539554
v -0.457389 0.076322 6.789554
v -0.462500 0.037499 6.539554
v -0.462500 0.037499 6.789554
v -0.457389 -0.001323 6.539554
v -0.457389 -0.001323 6.789554
v -0.442404 -0.037501 6.539554
v -0.442404 -0.037501 6.789554
v -0.418566 -0.068567 6.539554
v -0.418566 -0.068567 6.789554
v -0.387500 -0.092404 6.539554
v -0.387500 -0.092404 6.789554
v -0.351323 -0.107389 6.539554
v -0.351323 -0.107389 6.789554
v -0.312500 -0.112501 6.539554
v -0.312500 -0.112501 6.789554
v -0.273677 -0.107389 6.539554
v -0.273677 -0.107389 6.789554
v -0.237500 -0.092404 6.539554
v -0.237500 -0.092404 6.789554
v -0.206434 -0.068567 6.539554
v -0.206434 -0.068567 6.789554
v -0.182596 -0.037501 6.539554
v -0.182596 -0.037501 6.789554
v -0.897611 0.728677 6.539554
v -0.897611 0.728677 6.789554
v -0.892500 0.767499 6.539554
v -0.892500 0.767499 6.789554
v -0.897611 0.806322 6.539554
v -0.897611 0.806322 6.789554
v -0.912596 0.842499 6.539554
v -0.912596 0.842499 6.789554
v -0.936434 0.873565 6.539554
v -0.936434 0.873565 6.789554
v -0.967500 0.897403 6.539554
v -0.967500 0.897403 6.789554
v -1.003677 0.912388 6.539554
v -1.003677 0.912388 6.789554
v -1.042500 0.917499 6.539554
v -1.042500 0.917499 6.789554
v -1.081323 0.912388 6.539554
v -1.081323 0.912388 6.789554
v -1.117500 0.897403 6.539554
v -1.117500 0.897403 6.789554
v -1.148566 0.873565 6.539554
v -1.148566 0.873565 6.789554
v -1.172404 0.842499 6.539554
v -1.172404 0.842499 6.789554
v -1.187389 0.806322 6.539554
v -1.187389 0.806322 6.789554
v -1.192500 0.767499 6.539554
v -1.192500 0.767499 6.789554
v -1.187389 0.728677 6.539554
v -1.187389 0.728677 6.789554
v -1.172404 0.692499 6.539554
v -1.172404 0.692499 6.789554
v -1.148566 0.661433 6.539554
v -1.148566 0.661433 6.789554
v -1.117500 0.637596 6.539554
v -1.117500 0.637596 6.789554
v -1.081323 0.622611 6.539554
v -1.081323 0.622611 6.789554
v -1.042500 0.617499 6.539554
v -1.042500 0.617499 6.789554
v -1.003677 0.622611 6.539554
v -1.003677 0.622611 6.789554
v -0.967500 0.637596 6.539554
v -0.967500 0.637596 6.789554
v -0.936434 0.661433 6.539554
v -0.936434 0.661433 6.789554
v -0.912596 0.692499 6.539554
v -0.912596 0.692499 6.789554
v -0.607833 0.153968 6.539554
v -0.592500 0.037499 6.539554
v -0.652789 0.262499 6.539554
v -0.724302 0.355697 6.539554
v -0.276456 0.680287 6.539554
v -0.148867 0.486299 6.539554
v -0.069455 0.268115 6.539554
v -0.042500 0.037499 6.539554
v -0.069455 -0.193116 6.539554
v -0.148867 -0.411300 6.539554
v -0.652789 -0.187501 6.539554
v -0.607833 -0.078969 6.539554
v -0.445341 0.839623 6.539554
v -0.817500 0.427211 6.539554
v -0.926031 0.472166 6.539554
v -1.042500 0.487499 6.539554
v -1.158969 0.472166 6.539554
v -1.267500 0.427211 6.539554
v -1.542500 0.903525 6.539554
v -1.329303 0.995489 6.539554
v -1.100645 1.035808 6.539554
v -0.868852 1.022307 6.539554
v -0.646420 0.955716 6.539554
v -1.728742 0.764873 6.539554
v -1.360698 0.355697 6.539554
v -1.877988 0.587008 6.539554
v -1.432211 0.262499 6.539554
v -1.477167 0.153968 6.539554
v -1.492500 0.037499 6.539554
v -1.477167 -0.078969 6.539554
v -1.432211 -0.187501 6.539554
v -1.877988 -0.512010 6.539554
v -1.982193 -0.304521 6.539554
v -2.035738 -0.078594 6.539554
v -2.035738 0.153592 6.539554
v -1.982193 0.379520 6.539554
v -1.360698 -0.280699 6.539554
v -1.728742 -0.689874 6.539554
v -1.267500 -0.352212 6.539554
v -1.542500 -0.828526 6.539554
v -1.158969 -0.397167 6.539554
v -1.042500 -0.412501 6.539554
v -0.926031 -0.397167 6.539554
v -0.817500 -0.352212 6.539554
v -0.724302 -0.280699 6.539554
v -0.445341 -0.764624 6.539554
v -0.276456 -0.605288 6.539554
v -0.646420 -0.880717 6.539554
v -0.868852 -0.947308 6.539554
v -1.100645 -0.960809 6.539554
v -1.329303 -0.920490 6.539554
v -0.069455 -0.193116 6.789554
v -0.042500 0.037499 6.789554
v -0.069455 0.268115 6.789554
v -0.148867 0.486299 6.789554
v -0.276456 0.680287 6.789554
v -0.445341 0.839623 6.789554
v -0.646420 0.955716 6.789554
v -0.868852 1.022307 6.789554
v -1.100645 1.035808 6.789554
v -1.329303 0.995489 6.789554
v -1.542500 0.903525 6.789554
v -1.728742 0.764873 6.789554
v -1.877988 0.587008 6.789554
v -1.982193 0.379520 6.789554
v -2.035738 0.153592 6.789554
v -2.035738 -0.078594 6.789554
v -1.982193 -0.304521 6.789554
v -1.877988 -0.512010 6.789554
v -1.728742 -0.689874 6.789554
v -1.542500 -0.828526 6.789554
v -1.329303 -0.920490 6.789554
v -1.100645 -0.960809 6.789554
v -0.868852 -0.947308 6.789554
v -0.646420 -0.880717 6.789554
v -0.445341 -0.764624 6.789554
v -0.276456 -0.605288 6.789554
v -0.148867 -0.411300 6.789554
v -0.607833 -0.078969 6.389554
v -0.752722 -0.040146 6.389554
v -0.592500 0.037499 6.389554
v -0.742500 0.037499 6.389554
v -0.607833 0.153968 6.389554
v -0.752722 0.115145 6.389554
v -0.782692 0.187499 6.389554
v -0.782692 -0.112501 6.389554
v -0.652789 -0.187501 6.389554
v -0.830368 -0.174633 6.389554
v -0.724302 -0.280699 6.389554
v -0.892500 -0.222308 6.389554
v -0.817500 -0.352212 6.389554
v -0.964854 -0.252278 6.389554
v -0.926031 -0.397167 6.389554
v -1.042500 -0.262501 6.389554
v -1.042500 -0.412501 6.389554
v -1.158969 -0.397167 6.389554
v -1.120146 -0.252278 6.389554
v -1.267500 -0.352212 6.389554
v -1.192500 -0.222308 6.389554
v -1.360698 -0.280699 6.389554
v -1.254632 -0.174633 6.389554
v -1.432211 -0.187501 6.389554
v -1.302308 -0.112501 6.389554
v -1.477167 -0.078969 6.389554
v -1.332278 -0.040146 6.389554
v -1.492500 0.037499 6.389554
v -1.342500 0.037499 6.389554
v -1.332278 0.115145 6.389554
v -1.477167 0.153968 6.389554
v -1.302308 0.187499 6.389554
v -1.432211 0.262499 6.389554
v -1.254632 0.249631 6.389554
v -1.360698 0.355697 6.389554
v -1.192500 0.297307 6.389554
v -1.267500 0.427211 6.389554
v -1.120146 0.327277 6.389554
v -1.158969 0.472166 6.389554
v -1.042500 0.337499 6.389554
v -1.042500 0.487499 6.389554
v -0.926031 0.472166 6.389554
v -0.964854 0.327277 6.389554
v -0.817500 0.427211 6.389554
v -0.892500 0.297307 6.389554
v -0.724302 0.355697 6.389554
v -0.830368 0.249631 6.389554
v -0.652789 0.262499 6.389554
v -0.752722 -0.040146 6.189554
v -0.742500 0.037499 6.189554
v -0.752722 0.115145 6.189554
v -0.782692 0.187499 6.189554
v -0.830368 0.249631 6.189554
v -0.892500 0.297307 6.189554
v -0.964854 0.327277 6.189554
v -1.042500 0.337499 6.189554
v -1.120146 0.327277 6.189554
v -1.192500 0.297307 6.189554
v -1.254632 0.249631 6.189554
v -1.302308 0.187499 6.189554
v -1.332278 0.115145 6.189554
v -1.342500 0.037499 6.189554
v -1.332278 -0.040146 6.189554
v -1.302308 -0.112501 6.189554
v -1.254632 -0.174633 6.189554
v -1.192500 -0.222308 6.189554
v -1.120146 -0.252278 6.189554
v -1.042500 -0.262501 6.189554
v -0.964854 -0.252278 6.189554
v -0.892500 -0.222308 6.189554
v -0.830368 -0.174633 6.189554
v -0.782692 -0.112501 6.189554
v 0.082500 0.937499 6.039554
v 1.357500 0.937499 6.039554
v 1.357500 -0.862501 6.039554
v 1.357500 0.937499 5.989554
v -0.535389 -0.098381 6.189554
v -0.535389 -0.098381 6.139554
v -0.517500 0.037499 6.189554
v -0.517500 0.037499 6.139554
v -0.535389 0.173379 6.189554
v -0.535389 0.173379 6.139554
v -0.587837 0.299999 6.189554
v -0.587837 0.299999 6.139554
v -0.671269 0.408730 6.189554
v -0.671269 0.408730 6.139554
v -0.780000 0.492163 6.189554
v -0.780000 0.492163 6.139554
v -0.906620 0.544610 6.189554
v -0.906620 0.544610 6.139554
v -1.042500 0.562499 6.189554
v -1.042500 0.562499 6.139554
v -1.178380 0.544610 6.189554
v -1.178380 0.544610 6.139554
v -1.305000 0.492163 6.189554
v -1.305000 0.492163 6.139554
v -1.413731 0.408730 6.189554
v -1.413731 0.408730 6.139554
v -1.497163 0.299999 6.189554
v -1.497163 0.299999 6.139554
v -1.549611 0.173379 6.189554
v -1.549611 0.173379 6.139554
v -1.567500 0.037499 6.189554
v -1.567500 0.037499 6.139554
v -1.549611 -0.098381 6.189554
v -1.549611 -0.098381 6.139554
v -1.497163 -0.225001 6.189554
v -1.497163 -0.225001 6.139554
v -1.413731 -0.333732 6.189554
v -1.413731 -0.333732 6.139554
v -1.305000 -0.417164 6.189554
v -1.305000 -0.417164 6.139554
v -1.178380 -0.469612 6.189554
v -1.178380 -0.469612 6.139554
v -1.042500 -0.487501 6.189554
v -1.042500 -0.487501 6.139554
v -0.906620 -0.469612 6.189554
v -0.906620 -0.469612 6.139554
v -0.780000 -0.417164 6.189554
v -0.780000 -0.417164 6.139554
v -0.671269 -0.333732 6.189554
v -0.671269 -0.333732 6.139554
v -0.587837 -0.225001 6.189554
v -0.587837 -0.225001 6.139554
v -0.414648 -0.130733 6.139554
v -0.392500 0.037499 6.139554
v -0.414648 0.205732 6.139554
v -0.479583 0.362499 6.139554
v -0.582881 0.497119 6.139554
v -0.717500 0.600416 6.139554
v -0.874268 0.665351 6.139554
v -1.042500 0.687499 6.139554
v -1.210732 0.665351 6.139554
v -1.367500 0.600416 6.139554
v -1.502119 0.497119 6.139554
v -1.605416 0.362499 6.139554
v -1.670352 0.205732 6.139554
v -1.692500 0.037499 6.139554
v -1.670352 -0.130733 6.139554
v -1.605416 -0.287501 6.139554
v -1.502119 -0.422120 6.139554
v -1.367500 -0.525417 6.139554
v -1.210732 -0.590352 6.139554
v -1.042500 -0.612501 6.139554
v -0.874268 -0.590352 6.139554
v -0.717500 -0.525417 6.139554
v -0.582881 -0.422120 6.139554
v -0.479583 -0.287501 6.139554
v 1.357500 -0.862501 5.989554
v 1.357500 -0.409714 5.989554
v 1.452443 -0.301664 5.989554
v 1.357500 0.484713 5.989554
v 1.452443 0.376663 5.989554
v 1.518941 0.249121 5.989554
v 1.518941 -0.174122 5.989554
v 1.553174 0.109418 5.989554
v 1.553174 -0.034419 5.989554
v -0.606610 -0.862501 5.789554
v 1.357500 -0.862501 5.789554
v 1.357500 -0.409714 5.789554
v 1.357500 0.484713 5.789554
v 1.357500 0.937499 5.789554
v 1.452443 -0.301664 5.789554
v 1.518941 -0.174122 5.789554
v 1.553174 -0.034419 5.789554
v 1.553174 0.109418 5.789554
v 1.518941 0.249121 5.789554
v 1.452443 0.376663 5.789554
v -0.606610 0.937499 5.789554
v -0.821166 -0.937699 5.755473
v -1.042500 -0.962501 5.689554
v -1.263834 -0.937699 5.755473
v -1.374408 -0.905735 5.779788
v -1.478390 -0.862501 5.789554
v -1.666570 -0.743869 5.789554
v -1.823868 -0.586571 5.789554
v -1.942500 -0.398391 5.789554
v -1.985735 -0.294408 5.779788
v -2.017698 -0.183835 5.755473
v -2.042500 0.037499 5.689554
v -2.017698 0.258834 5.755473
v -1.985735 0.369407 5.779788
v -1.942500 0.473389 5.789554
v -1.823868 0.661570 5.789554
v -1.666570 0.818868 5.789554
v -1.478390 0.937499 5.789554
v -1.374408 0.980734 5.779788
v -1.263834 1.012697 5.755473
v -1.042500 1.037499 5.689554
v -0.821166 1.012697 5.755473
v -0.710592 0.980734 5.779788
v -0.710592 -0.905735 5.779788
v -1.942500 -0.962501 5.689554
v -1.492500 -0.959093 5.715436
v -1.492500 -0.949103 5.739554
v -1.492500 -0.933211 5.760265
v -1.942500 -0.933211 5.760265
v -1.942500 -0.912501 5.776157
v -1.492500 -0.912501 5.776157
v -1.942500 -0.888383 5.786147
v -1.492500 -0.888383 5.786147
v -1.942500 -0.862501 5.789554
v -1.942500 -0.949103 5.739554
v -1.942500 -0.959093 5.715436
v -0.559167 -0.888383 5.786147
v -0.075833 -0.888383 5.786147
v 0.407500 -0.888383 5.786147
v 0.407500 -0.912501 5.776157
v 0.890833 -0.912501 5.776157
v 0.890833 -0.933211 5.760265
v 1.374167 -0.933211 5.760265
v 1.374167 -0.949103 5.739554
v 1.857500 -0.949103 5.739554
v 1.857500 -0.959093 5.715436
v 1.374167 -0.959093 5.715436
v 1.857500 -0.962501 5.689554
v 0.890833 -0.959093 5.715436
v 0.407500 -0.959093 5.715436
v 0.407500 -0.949103 5.739554
v -0.075833 -0.949103 5.739554
v -0.075833 -0.933211 5.760265
v -0.559167 -0.933211 5.760265
v -0.559167 -0.912501 5.776157
v -0.559167 -0.949103 5.739554
v -0.559167 -0.959093 5.715436
v -0.075833 -0.959093 5.715436
v 1.857500 -0.933211 5.760265
v 1.374167 -0.912501 5.776157
v 0.890833 -0.888383 5.786147
v 1.857500 -0.912501 5.776157
v 1.374167 -0.888383 5.786147
v 1.857500 -0.888383 5.786147
v 1.857500 -0.862501 5.789554
v -0.075833 -0.912501 5.776157
v 0.407500 -0.933211 5.760265
v 0.890833 -0.949103 5.739554
v -2.042500 0.937499 5.689554
v -2.039093 0.487499 5.715436
v -2.029102 0.487499 5.739554
v -2.013211 0.487499 5.760265
v -2.013211 0.937499 5.760265
v -1.992500 0.937499 5.776157
v -1.992500 0.487499 5.776157
v -1.968382 0.937499 5.786147
v -1.968382 0.487499 5.786147
v -1.942500 0.937499 5.789554
v -2.029102 0.937499 5.739554
v -2.039093 0.937499 5.715436
v -1.968382 -0.412501 5.786147
v -1.992500 -0.412501 5.776157
v -2.013211 -0.412501 5.760265
v -2.029102 -0.412501 5.739554
v -2.029102 -0.862501 5.739554
v -2.039093 -0.862501 5.715436
v -2.039093 -0.412501 5.715436
v -2.042500 -0.862501 5.689554
v -2.013211 -0.862501 5.760265
v -1.992500 -0.862501 5.776157
v -1.968382 -0.862501 5.786147
v -1.492500 0.963381 5.786147
v -1.492500 0.987499 5.776157
v -1.492500 1.008210 5.760265
v -1.492500 1.024102 5.739554
v -1.942500 1.024102 5.739554
v -1.942500 1.034092 5.715436
v -1.492500 1.034092 5.715436
v -1.942500 1.037499 5.689554
v -1.942500 1.008210 5.760265
v -1.942500 0.987499 5.776157
v -1.942500 0.963381 5.786147
v 1.883382 -0.862501 5.786147
v 1.883382 -0.412501 5.786147
v 1.883382 0.037499 5.786147
v 1.857500 0.937499 5.789554
v 1.883382 0.487499 5.786147
v 1.883382 0.937499 5.786147
v 1.907500 0.937499 5.776157
v 1.907500 0.487499 5.776157
v 1.928211 0.937499 5.760265
v 1.928211 0.487499 5.760265
v 1.944103 0.937499 5.739554
v 1.944103 0.487499 5.739554
v 1.954093 0.937499 5.715436
v 1.954093 0.487499 5.715436
v 1.954093 0.037499 5.715436
v 1.954093 -0.412501 5.715436
v 1.954093 -0.862501 5.715436
v 1.944103 -0.862501 5.739554
v 1.944103 -0.412501 5.739554
v 1.928211 -0.862501 5.760265
v 1.928211 -0.412501 5.760265
v 1.907500 -0.862501 5.776157
v 1.907500 -0.412501 5.776157
v 1.907500 0.037499 5.776157
v 1.928211 0.037499 5.760265
v 1.944103 0.037499 5.739554
v 1.876074 -0.877892 5.786601
v 1.865953 -0.901365 5.781305
v 1.888541 -0.908405 5.772797
v 1.877612 -0.929157 5.761334
v 1.909388 -0.912041 5.759221
v 1.898246 -0.932756 5.747897
v 1.927167 -0.912041 5.741442
v 1.915843 -0.932756 5.730301
v 1.940742 -0.908405 5.720595
v 1.929280 -0.929157 5.709666
v 1.944103 -0.912501 5.689554
v 1.928211 -0.933211 5.689554
v 1.912926 -0.945367 5.697367
v 1.907500 -0.949103 5.689554
v 1.900544 -0.948684 5.716382
v 1.882311 -0.958738 5.700636
v 1.868581 -0.958738 5.714365
v 1.884328 -0.948684 5.732598
v 1.865313 -0.945367 5.744980
v 1.883382 -0.959093 5.689554
v 1.949250 -0.901365 5.698007
v 1.954093 -0.888383 5.689554
v 1.954547 -0.877892 5.708129
v 1.946532 -0.884524 5.729408
v 1.933742 -0.887949 5.749048
v 1.916994 -0.887949 5.765797
v 1.897354 -0.884524 5.778586
v -1.957891 -0.881075 5.786601
v -1.981364 -0.870954 5.781305
v -1.988404 -0.893541 5.772797
v -2.009157 -0.882613 5.761334
v -1.992040 -0.914389 5.759221
v -2.012755 -0.903247 5.747897
v -1.992040 -0.932167 5.741442
v -2.012755 -0.920844 5.730301
v -1.988404 -0.945743 5.720595
v -2.009157 -0.934281 5.709666
v -1.992500 -0.949103 5.689554
v -2.013211 -0.933211 5.689554
v -2.025367 -0.917927 5.697367
v -2.029102 -0.912501 5.689554
v -2.028683 -0.905544 5.716382
v -2.038737 -0.887311 5.700636
v -2.038737 -0.873582 5.714365
v -2.028683 -0.889329 5.732598
v -2.025367 -0.870314 5.744980
v -2.039093 -0.888383 5.689554
v -1.981364 -0.954251 5.698007
v -1.968382 -0.959093 5.689554
v -1.957891 -0.959547 5.708129
v -1.964523 -0.951532 5.729408
v -1.967949 -0.938743 5.749048
v -1.967949 -0.921994 5.765797
v -1.964523 -0.902354 5.778586
v -0.559167 1.034092 5.715436
v -0.075833 1.034092 5.715436
v 0.407500 1.034092 5.715436
v 0.407500 1.024102 5.739554
v 0.890833 1.024102 5.739554
v 0.890833 1.008210 5.760265
v 1.374167 1.008210 5.760265
v 1.374167 0.987499 5.776157
v 1.857500 0.987499 5.776157
v 1.857500 0.963381 5.786147
v 1.374167 0.963381 5.786147
v 0.890833 0.963381 5.786147
v 0.407500 0.963381 5.786147
v 0.407500 0.987499 5.776157
v -0.075833 0.987499 5.776157
v -0.075833 1.008210 5.760265
v -0.559167 1.008210 5.760265
v -0.559167 1.024102 5.739554
v -0.559167 0.987499 5.776157
v -0.559167 0.963381 5.786147
v -0.075833 0.963381 5.786147
v 1.857500 1.008210 5.760265
v 1.374167 1.024102 5.739554
v 0.890833 1.034092 5.715436
v 1.857500 1.037499 5.689554
v 1.857500 1.024102 5.739554
v 1.374167 1.034092 5.715436
v 1.857500 1.034092 5.715436
v -0.075833 1.024102 5.739554
v 0.407500 1.008210 5.760265
v 0.890833 0.987499 5.776157
v -1.961074 0.952891 5.786601
v -1.950953 0.976364 5.781305
v -1.973541 0.983404 5.772797
v -1.962612 1.004156 5.761334
v -1.994388 0.987039 5.759221
v -1.983246 1.007755 5.747897
v -2.012166 0.987039 5.741442
v -2.000843 1.007755 5.730301
v -2.025742 0.983404 5.720595
v -2.014280 1.004156 5.709666
v -2.029102 0.987499 5.689554
v -2.013211 1.008210 5.689554
v -1.997926 1.020366 5.697367
v -1.992500 1.024102 5.689554
v -1.985544 1.023682 5.716382
v -1.967311 1.033737 5.700636
v -1.953581 1.033737 5.714365
v -1.969328 1.023682 5.732598
v -1.950313 1.020366 5.744980
v -1.968382 1.034092 5.689554
v -2.034250 0.976364 5.698007
v -2.039093 0.963381 5.689554
v -2.039547 0.952891 5.708129
v -2.031532 0.959523 5.729408
v -2.018742 0.962948 5.749048
v -2.001994 0.962948 5.765797
v -1.982354 0.959523 5.778586
v 1.872891 0.956074 5.786601
v 1.896364 0.945952 5.781305
v 1.903404 0.968540 5.772797
v 1.924157 0.957612 5.761334
v 1.907040 0.989387 5.759221
v 1.927755 0.978246 5.747897
v 1.907040 1.007166 5.741442
v 1.927755 0.995842 5.730301
v 1.903404 1.020742 5.720595
v 1.924157 1.009279 5.709666
v 1.907500 1.024102 5.689554
v 1.928211 1.008210 5.689554
v 1.940367 0.992925 5.697367
v 1.944103 0.987499 5.689554
v 1.943683 0.980543 5.716382
v 1.953737 0.962310 5.700636
v 1.953737 0.948581 5.714365
v 1.943683 0.964327 5.732598
v 1.940367 0.945312 5.744980
v 1.954093 0.963381 5.689554
v 1.896364 1.029250 5.698007
v 1.883382 1.034092 5.689554
v 1.872891 1.034546 5.708129
v 1.879523 1.026531 5.729408
v 1.882949 1.013742 5.749048
v 1.882949 0.996993 5.765797
v 1.879523 0.977353 5.778586
v -1.968382 -0.959093 5.122888
v -1.968382 -0.959093 4.556221
v -1.968382 -0.959093 3.989554
v -1.992500 -0.949103 3.989554
v -1.992500 -0.949103 3.422888
v -2.013211 -0.933211 3.422888
v -2.013211 -0.933211 2.856221
v -2.029102 -0.912501 2.856221
v -2.029102 -0.912501 2.289554
v -2.039093 -0.888383 2.289554
v -2.039093 -0.888383 2.856221
v -2.042500 -0.862501 2.289554
v -2.039093 -0.888383 3.422888
v -2.039093 -0.888383 3.989554
v -2.029102 -0.912501 3.989554
v -2.029102 -0.912501 4.556221
v -2.013211 -0.933211 4.556221
v -2.013211 -0.933211 5.122888
v -1.992500 -0.949103 5.122888
v -2.029102 -0.912501 5.122888
v -2.039093 -0.888383 4.556221
v -2.039093 -0.888383 5.122888
v -2.013211 -0.933211 2.289554
v -1.992500 -0.949103 2.856221
v -1.968382 -0.959093 3.422888
v -1.942500 -0.962501 2.289554
v -1.992500 -0.949103 2.289554
v -1.968382 -0.959093 2.856221
v -1.968382 -0.959093 2.289554
v -1.992500 -0.949103 4.556221
v -2.013211 -0.933211 3.989554
v -2.029102 -0.912501 3.422888
v -2.042500 0.937499 2.289554
v -2.039093 0.963381 5.122888
v -2.039093 0.963381 4.556221
v -2.039093 0.963381 3.989554
v -2.029102 0.987499 3.989554
v -2.029102 0.987499 3.422888
v -2.013211 1.008210 3.422888
v -2.013211 1.008210 2.856221
v -1.992500 1.024102 2.856221
v -1.992500 1.024102 2.289554
v -1.968382 1.034092 2.289554
v -1.968382 1.034092 2.856221
v -1.942500 1.037499 2.289554
v -1.968382 1.034092 3.422888
v -1.968382 1.034092 3.989554
v -1.992500 1.024102 3.989554
v -1.992500 1.024102 4.556221
v -2.013211 1.008210 4.556221
v -2.013211 1.008210 5.122888
v -2.029102 0.987499 5.122888
v -1.992500 1.024102 5.122888
v -1.968382 1.034092 4.556221
v -1.968382 1.034092 5.122888
v -2.013211 1.008210 2.289554
v -2.029102 0.987499 2.856221
v -2.039093 0.963381 3.422888
v -2.029102 0.987499 2.289554
v -2.039093 0.963381 2.856221
v -2.039093 0.963381 2.289554
v -2.029102 0.987499 4.556221
v -2.013211 1.008210 3.989554
v -1.992500 1.024102 3.422888
v 1.857500 1.037499 2.289554
v 1.657500 -0.562501 2.089554
v 1.657500 -0.562501 2.189554
v 1.631618 -0.565908 2.089554
v 1.631618 -0.565908 2.189554
v 1.607500 -0.575898 2.089554
v 1.607500 -0.575898 2.189554
v 1.586789 -0.591790 2.089554
v 1.586789 -0.591790 2.189554
v 1.570898 -0.612501 2.089554
v 1.570898 -0.612501 2.189554
v 1.560907 -0.636619 2.089554
v 1.560907 -0.636619 2.189554
v 1.557500 -0.662501 2.089554
v 1.557500 -0.662501 2.189554
v 1.557500 -0.762501 2.089554
v 1.557500 -0.814264 2.096369
v 1.557500 -0.862501 2.116349
v 1.557500 -0.903922 2.148133
v 1.557500 -0.935706 2.189554
v 1.557500 0.737499 2.089554
v 1.557500 0.737499 2.189554
v 1.560907 0.711618 2.089554
v 1.560907 0.711618 2.189554
v 1.570898 0.687499 2.089554
v 1.570898 0.687499 2.189554
v 1.586789 0.666789 2.089554
v 1.586789 0.666789 2.189554
v 1.607500 0.650897 2.089554
v 1.607500 0.650897 2.189554
v 1.631618 0.640907 2.089554
v 1.631618 0.640907 2.189554
v 1.657500 0.637499 2.089554
v 1.657500 0.637499 2.189554
v 1.757500 0.637499 2.089554
v 1.809264 0.637499 2.096369
v 1.857500 0.637499 2.116349
v 1.898921 0.637499 2.148133
v 1.930705 0.637499 2.189554
v -1.642500 -0.662501 2.089554
v -1.642500 -0.662501 2.189554
v -1.645907 -0.636619 2.089554
v -1.645907 -0.636619 2.189554
v -1.655897 -0.612501 2.089554
v -1.655897 -0.612501 2.189554
v -1.671789 -0.591790 2.089554
v -1.671789 -0.591790 2.189554
v -1.692500 -0.575898 2.089554
v -1.692500 -0.575898 2.189554
v -1.716618 -0.565908 2.089554
v -1.716618 -0.565908 2.189554
v -1.742500 -0.562501 2.089554
v -1.742500 -0.562501 2.189554
v -1.842500 -0.562501 2.089554
v -1.894264 -0.562501 2.096369
v -1.942500 -0.562501 2.116349
v -1.983921 -0.562501 2.148133
v -2.015705 -0.562501 2.189554
v -1.742500 0.637499 2.089554
v -1.742500 0.637499 2.189554
v -1.716618 0.640907 2.089554
v -1.716618 0.640907 2.189554
v -1.692500 0.650897 2.089554
v -1.692500 0.650897 2.189554
v -1.671789 0.666789 2.089554
v -1.671789 0.666789 2.189554
v -1.655897 0.687499 2.089554
v -1.655897 0.687499 2.189554
v -1.645907 0.711618 2.089554
v -1.645907 0.711618 2.189554
v -1.642500 0.737499 2.089554
v -1.642500 0.737499 2.189554
v -1.642500 0.837499 2.089554
v -1.642500 0.889263 2.096369
v -1.642500 0.937499 2.116349
v -1.642500 0.978921 2.148133
v -1.642500 1.010704 2.189554
v -1.929102 1.010704 2.189554
v -1.946126 1.009164 2.189554
v -1.934888 1.022275 2.213018
v -1.955219 1.024375 2.223089
v -1.939093 1.030685 2.237791
v -1.958998 1.030499 2.244523
v -1.941644 1.035788 2.263449
v -1.961327 1.034259 2.266789
v -1.979967 1.028411 2.265443
v -1.991357 1.022708 2.264844
v -2.006635 1.011745 2.264390
v -2.002895 1.007796 2.240016
v -2.015648 0.994494 2.240132
v -2.009250 0.988648 2.217144
v -2.019320 0.974057 2.218612
v -2.001629 0.972658 2.189554
v -2.009471 0.957505 2.189554
v -1.962510 1.004469 2.189554
v -1.972236 1.017915 2.219660
v -1.977002 1.024394 2.241992
v -1.982708 1.012126 2.218139
v -1.977660 0.996628 2.189554
v -1.996911 1.001473 2.216986
v -1.990883 0.985888 2.189554
v -2.026786 0.958142 2.221357
v -2.014165 0.941124 2.189554
v -2.030593 0.945489 2.224230
v -2.027276 0.929887 2.213018
v -2.035685 0.934092 2.237791
v -2.015705 0.924102 2.189554
v -2.036560 0.948983 2.245364
v -2.040789 0.936644 2.263449
v -2.040213 0.951129 2.267236
v -2.029900 0.982396 2.265030
v -2.037023 0.965020 2.266110
v -2.019642 0.998148 2.264452
v -2.033116 0.962389 2.243245
v -2.025844 0.979193 2.241218
v -1.988033 1.018648 2.240868
v -2.035685 0.037499 2.237791
v -2.040789 -0.861645 2.263449
v -2.015705 0.637499 2.189554
v -1.983921 0.637499 2.148133
v -1.983921 0.037499 2.148133
v -2.027276 -0.854889 2.213018
v -2.035685 -0.859093 2.237791
v -1.942500 0.037499 2.116349
v -1.942500 0.637499 2.116349
v -1.894264 0.037499 2.096369
v -1.894264 0.637499 2.096369
v -1.842500 0.637499 2.089554
v -2.015705 -0.849103 2.189554
v -0.992500 1.030685 2.237791
v -0.992500 0.978921 2.148133
v -0.042500 1.030685 2.237791
v -0.042500 0.978921 2.148133
v 0.907500 1.030685 2.237791
v 0.907500 0.978921 2.148133
v 1.557500 1.010704 2.189554
v 1.557500 0.978921 2.148133
v 1.856645 1.035788 2.263449
v 1.854093 1.030685 2.237791
v 1.849888 1.022275 2.213018
v 1.844103 1.010704 2.189554
v 0.907500 0.937499 2.116349
v 1.557500 0.937499 2.116349
v 0.907500 0.889263 2.096369
v 1.557500 0.889263 2.096369
v 1.557500 0.837499 2.089554
v -0.042500 0.889263 2.096369
v -0.992500 0.889263 2.096369
v -0.992500 0.937499 2.116349
v -0.042500 0.937499 2.116349
v -2.014165 -0.866126 2.189554
v -2.029375 -0.875220 2.223089
v -2.035499 -0.878999 2.244523
v -2.039260 -0.881328 2.266789
v -2.033412 -0.899967 2.265443
v -2.027709 -0.911358 2.264844
v -2.016746 -0.926636 2.264390
v -2.012797 -0.922895 2.240016
v -1.999495 -0.935649 2.240132
v -1.993649 -0.929251 2.217144
v -1.979058 -0.939321 2.218612
v -1.977659 -0.921630 2.189554
v -1.962505 -0.929472 2.189554
v -2.009469 -0.882511 2.189554
v -2.022916 -0.892237 2.219660
v -2.029395 -0.897002 2.241992
v -2.017126 -0.902708 2.218139
v -2.001628 -0.897661 2.189554
v -2.006474 -0.916912 2.216986
v -1.990888 -0.910884 2.189554
v -1.963143 -0.946787 2.221357
v -1.946125 -0.934166 2.189554
v -1.950489 -0.950594 2.224230
v -1.934888 -0.947277 2.213018
v -1.939093 -0.955686 2.237791
v -1.929102 -0.935706 2.189554
v -1.953984 -0.956561 2.245364
v -1.941644 -0.960790 2.263449
v -1.956129 -0.960213 2.267236
v -1.987396 -0.949901 2.265030
v -1.970021 -0.957024 2.266110
v -2.003149 -0.939643 2.264452
v -1.967389 -0.953117 2.243245
v -1.984194 -0.945845 2.241218
v -2.023649 -0.908034 2.240868
v 1.857500 -0.962501 2.289554
v -0.992500 -0.955686 2.237791
v -0.042500 -0.955686 2.237791
v 1.856645 -0.960790 2.263449
v 0.907500 -0.955686 2.237791
v 1.854093 -0.955686 2.237791
v 1.849888 -0.947277 2.213018
v 1.844103 -0.935706 2.189554
v -1.642500 -0.935706 2.189554
v -0.992500 -0.903922 2.148133
v -1.642500 -0.903922 2.148133
v -0.992500 -0.862501 2.116349
v -1.642500 -0.862501 2.116349
v -0.992500 -0.814264 2.096369
v -1.642500 -0.814264 2.096369
v -1.642500 -0.762501 2.089554
v -0.042500 -0.814264 2.096369
v 0.907500 -0.814264 2.096369
v 0.907500 -0.862501 2.116349
v 0.907500 -0.903922 2.148133
v -0.042500 -0.903922 2.148133
v -0.042500 -0.862501 2.116349
v 1.930705 0.924102 2.189554
v 1.929165 0.941125 2.189554
v 1.942276 0.929887 2.213018
v 1.944376 0.950219 2.223089
v 1.950685 0.934092 2.237791
v 1.950499 0.953998 2.244523
v 1.955789 0.936644 2.263449
v 1.954260 0.956327 2.266789
v 1.954093 0.963381 2.289554
v 1.948412 0.974966 2.265443
v 1.944103 0.987499 2.289554
v 1.942709 0.986356 2.264844
v 1.931746 1.001634 2.264390
v 1.927797 0.997894 2.240016
v 1.914495 1.010648 2.240132
v 1.908649 1.004250 2.217144
v 1.894058 1.014320 2.218612
v 1.892659 0.996629 2.189554
v 1.877505 1.004471 2.189554
v 1.924469 0.957510 2.189554
v 1.937916 0.967235 2.219660
v 1.944395 0.972001 2.241992
v 1.932126 0.977707 2.218139
v 1.916629 0.972660 2.189554
v 1.921474 0.991910 2.216986
v 1.905888 0.985883 2.189554
v 1.878143 1.021786 2.221357
v 1.861125 1.009165 2.189554
v 1.865490 1.025592 2.224230
v 1.868984 1.031560 2.245364
v 1.871129 1.035212 2.267236
v 1.883382 1.034092 2.289554
v 1.907500 1.024102 2.289554
v 1.902397 1.024900 2.265030
v 1.885021 1.032023 2.266110
v 1.918149 1.014642 2.264452
v 1.928211 1.008210 2.289554
v 1.882390 1.028116 2.243245
v 1.899194 1.020844 2.241218
v 1.938649 0.983033 2.240868
v 1.883382 1.034092 5.122888
v 1.883382 1.034092 4.556221
v 1.883382 1.034092 3.989554
v 1.907500 1.024102 3.989554
v 1.907500 1.024102 3.422888
v 1.928211 1.008210 3.422888
v 1.928211 1.008210 2.856221
v 1.944103 0.987499 2.856221
v 1.954093 0.963381 2.856221
v 1.954093 0.963381 3.422888
v 1.954093 0.963381 3.989554
v 1.954093 0.963381 4.556221
v 1.944103 0.987499 4.556221
v 1.944103 0.987499 5.122888
v 1.928211 1.008210 5.122888
v 1.907500 1.024102 5.122888
v 1.954093 0.963381 5.122888
v 1.907500 1.024102 2.856221
v 1.883382 1.034092 3.422888
v 1.883382 1.034092 2.856221
v 1.907500 1.024102 4.556221
v 1.928211 1.008210 4.556221
v 1.928211 1.008210 3.989554
v 1.944103 0.987499 3.422888
v 1.944103 0.987499 3.989554
v 1.950685 0.037499 2.237791
v 1.930705 -0.562501 2.189554
v 1.942276 -0.854889 2.213018
v 1.930705 -0.849103 2.189554
v 1.955789 -0.861645 2.263449
v 1.950685 -0.859093 2.237791
v 1.898921 0.037499 2.148133
v 1.898921 -0.562501 2.148133
v 1.857500 0.037499 2.116349
v 1.857500 -0.562501 2.116349
v 1.809264 0.037499 2.096369
v 1.809264 -0.562501 2.096369
v 1.757500 -0.562501 2.089554
v 1.861126 -0.934166 2.189554
v 1.870220 -0.949376 2.223089
v 1.873998 -0.955500 2.244523
v 1.876327 -0.959260 2.266789
v 1.883382 -0.959093 2.289554
v 1.894967 -0.953413 2.265443
v 1.907500 -0.949103 2.289554
v 1.906357 -0.947710 2.264844
v 1.921635 -0.936747 2.264390
v 1.917895 -0.932797 2.240016
v 1.930648 -0.919496 2.240132
v 1.924250 -0.913650 2.217144
v 1.934321 -0.899058 2.218612
v 1.916629 -0.897660 2.189554
v 1.924472 -0.882506 2.189554
v 1.877511 -0.929470 2.189554
v 1.887236 -0.942917 2.219660
v 1.892002 -0.949396 2.241992
v 1.897708 -0.937127 2.218139
v 1.892660 -0.921629 2.189554
v 1.911911 -0.926474 2.216986
v 1.905883 -0.910889 2.189554
v 1.941786 -0.883143 2.221357
v 1.929165 -0.866125 2.189554
v 1.945593 -0.870490 2.224230
v 1.951561 -0.873984 2.245364
v 1.955213 -0.876130 2.267236
v 1.954093 -0.888383 2.289554
v 1.944103 -0.912501 2.289554
v 1.944901 -0.907397 2.265030
v 1.952023 -0.890021 2.266110
v 1.934642 -0.923149 2.264452
v 1.928211 -0.933211 2.289554
v 1.948116 -0.887390 2.243245
v 1.940845 -0.904194 2.241218
v 1.903033 -0.943649 2.240868
v 1.954093 -0.888383 5.122888
v 1.954093 -0.888383 4.556221
v 1.954093 -0.888383 3.989554
v 1.944103 -0.912501 3.989554
v 1.944103 -0.912501 3.422888
v 1.928211 -0.933211 3.422888
v 1.928211 -0.933211 2.856221
v 1.907500 -0.949103 2.856221
v 1.883382 -0.959093 2.856221
v 1.883382 -0.959093 3.422888
v 1.883382 -0.959093 3.989554
v 1.907500 -0.949103 3.989554
v 1.907500 -0.949103 4.556221
v 1.928211 -0.933211 4.556221
v 1.928211 -0.933211 5.122888
v 1.944103 -0.912501 5.122888
v 1.907500 -0.949103 5.122888
v 1.883382 -0.959093 4.556221
v 1.883382 -0.959093 5.122888
v 1.944103 -0.912501 2.856221
v 1.954093 -0.888383 3.422888
v 1.954093 -0.888383 2.856221
v 1.944103 -0.912501 4.556221
v 1.928211 -0.933211 3.989554
v 1.907500 -0.949103 3.422888
v -0.090796 0.024558 2.189554
v -0.090796 0.024558 2.089554
v -0.092500 0.037499 2.189554
v -0.092500 0.037499 2.089554
v -0.090796 0.050440 2.189554
v -0.090796 0.050440 2.089554
v -0.085801 0.062499 2.189554
v -0.085801 0.062499 2.089554
v -0.077855 0.072855 2.189554
v -0.077855 0.072855 2.089554
v -0.067500 0.080801 2.189554
v -0.067500 0.080801 2.089554
v -0.055441 0.085796 2.189554
v -0.055441 0.085796 2.089554
v -0.042500 0.087499 2.189554
v -0.042500 0.087499 2.089554
v -0.029559 0.085796 2.189554
v -0.029559 0.085796 2.089554
v -0.017500 0.080801 2.189554
v -0.017500 0.080801 2.089554
v -0.007145 0.072855 2.189554
v -0.007145 0.072855 2.089554
v 0.000801 0.062499 2.189554
v 0.000801 0.062499 2.089554
v 0.005796 0.050440 2.189554
v 0.005796 0.050440 2.089554
v 0.007500 0.037499 2.189554
v 0.007500 0.037499 2.089554
v 0.005796 0.024558 2.189554
v 0.005796 0.024558 2.089554
v 0.000801 0.012499 2.189554
v 0.000801 0.012499 2.089554
v -0.007145 0.002144 2.189554
v -0.007145 0.002144 2.089554
v -0.017500 -0.005802 2.189554
v -0.017500 -0.005802 2.089554
v -0.029559 -0.010797 2.189554
v -0.029559 -0.010797 2.089554
v -0.042500 -0.012501 2.189554
v -0.042500 -0.012501 2.089554
v -0.055441 -0.010797 2.189554
v -0.055441 -0.010797 2.089554
v -0.067500 -0.005802 2.189554
v -0.067500 -0.005802 2.089554
v -0.077855 0.002144 2.189554
v -0.077855 0.002144 2.089554
v -0.085801 0.012499 2.189554
v -0.085801 0.012499 2.089554
f 975 976 977
f 977 976 978
f 977 978 979
f 979 978 980
f 979 980 981
f 981 980 982
f 981 982 983
f 983 982 984
f 983 984 985
f 985 984 986
f 985 986 987
f 987 986 988
f 987 988 989
f 989 988 990
f 986 984 988
f 988 984 982
f 988 982 980
f 988 980 991
f 991 980 978
f 991 978 976
f 992 993 976
f 976 993 994
f 976 994 995
f 996 997 992
f 992 997 998
f 992 998 999
f 1000 1001 996
f 996 1001 1002
f 996 1002 1003
f 1004 1005 1000
f 1000 1005 1006
f 1000 1006 1007
f 1004 1008 1005
f 1005 1008 1009
f 1005 1009 1010
f 1008 1011 1009
f 1009 1011 1012
f 1009 1012 1013
f 1007 1014 1000
f 1000 1014 1015
f 1000 1015 1001
f 1003 1016 996
f 996 1016 1017
f 996 1017 1018
f 1018 1019 996
f 996 1019 997
f 997 1019 1020
f 1020 1019 1021
f 1020 1021 1022
f 1022 1021 1023
f 1022 1023 1024
f 1024 1023 1025
f 1024 1025 1026
f 1026 1025 1027
f 1026 1027 1028
f 1028 1027 1029
f 1028 1029 1030
f 1030 1029 1031
f 1030 1031 1032
f 1032 1031 1033
f 1032 1033 1034
f 1034 1033 1035
f 1034 1035 1036
f 1036 1035 1037
f 1036 1037 1038
f 1038 1037 1039
f 999 1040 992
f 992 1040 1041
f 992 1041 1042
f 1042 993 992
f 995 1043 976
f 976 1043 1044
f 976 1044 991
f 991 990 988
f 1000 1045 1004
f 1004 1045 1046
f 1004 1046 1008
f 1008 1046 1047
f 1008 1047 1011
f 1011 1047 1048
f 1011 1048 1012
f 1012 1048 1049
f 1012 1049 1013
f 1013 1049 1050
f 1013 1050 1009
f 1009 1050 1051
f 1045 1000 1052
f 1052 1000 996
f 990 991 989
f 989 991 1053
f 1036 1054 1034
f 1034 1054 1055
f 1034 1055 1032
f 1032 1055 1056
f 1032 1056 1030
f 1030 1056 1057
f 1030 1057 1028
f 1028 1057 1058
f 1028 1058 1026
f 1026 1058 1059
f 1026 1059 1024
f 1024 1059 1060
f 1024 1060 1022
f 1022 1060 1061
f 1022 1061 1020
f 1020 1061 1062
f 1020 1062 997
f 997 1062 1063
f 997 1063 998
f 998 1063 1064
f 998 1064 999
f 999 1064 1065
f 999 1065 1040
f 1040 1065 1066
f 1040 1066 1041
f 1041 1066 1067
f 1041 1067 1042
f 1042 1067 1068
f 1042 1068 993
f 993 1068 1069
f 993 1069 994
f 994 1069 1070
f 994 1070 995
f 995 1070 1071
f 995 1071 1043
f 1043 1071 1072
f 1043 1072 1044
f 1044 1072 1073
f 1044 1073 991
f 991 1073 1053
f 1074 1054 1038
f 1038 1054 1036
f 1039 1037 1075
f 1075 1037 1076
f 1077 1078 1010
f 1010 1078 1005
f 1005 1078 1006
f 1006 1078 1079
f 1006 1079 1007
f 1007 1079 1080
f 1007 1080 1014
f 1014 1080 1081
f 1014 1081 1015
f 1015 1081 1082
f 1015 1082 1001
f 1001 1082 1083
f 1001 1083 1002
f 1002 1083 1084
f 1002 1084 1003
f 1003 1084 1085
f 1003 1085 1016
f 1016 1085 1086
f 1016 1086 1017
f 1017 1086 1087
f 1017 1087 1018
f 1018 1087 1088
f 1018 1088 1019
f 1019 1088 1089
f 1019 1089 1021
f 1021 1089 1090
f 1021 1090 1023
f 1023 1090 1091
f 1023 1091 1025
f 1025 1091 1092
f 1025 1092 1027
f 1027 1092 1093
f 1027 1093 1029
f 1029 1093 1094
f 1029 1094 1031
f 1031 1094 1095
f 1031 1095 1033
f 1033 1095 1096
f 1033 1096 1035
f 1035 1096 1097
f 1035 1097 1037
f 1037 1097 1076
f 1009 1051 1010
f 1010 1051 1077
f 976 975 992
f 992 975 1098
f 977 1053 975
f 975 1053 1073
f 975 1073 1072
f 977 979 1053
f 1053 979 987
f 1053 987 989
f 979 981 987
f 987 981 983
f 987 983 985
f 1072 1071 975
f 975 1071 1070
f 975 1070 1069
f 975 1069 1098
f 1098 1069 1068
f 1098 1068 1067
f 1067 1066 1098
f 1098 1066 1065
f 1098 1065 1064
f 1064 1063 1098
f 1098 1063 1052
f 1052 1063 1089
f 1052 1089 1088
f 1089 1063 1090
f 1090 1063 1062
f 1090 1062 1091
f 1091 1062 1061
f 1091 1061 1092
f 1092 1061 1060
f 1092 1060 1093
f 1093 1060 1059
f 1093 1059 1094
f 1094 1059 1058
f 1094 1058 1095
f 1095 1058 1057
f 1095 1057 1096
f 1096 1057 1056
f 1096 1056 1097
f 1097 1056 1055
f 1097 1055 1076
f 1076 1055 1054
f 1076 1054 1075
f 1075 1054 1074
f 1088 1087 1052
f 1052 1087 1086
f 1052 1086 1085
f 1085 1084 1052
f 1052 1084 1083
f 1052 1083 1045
f 1045 1083 1082
f 1045 1082 1081
f 1081 1080 1045
f 1045 1080 1079
f 1045 1079 1078
f 1077 1051 1078
f 1078 1051 1047
f 1078 1047 1046
f 1050 1049 1051
f 1051 1049 1048
f 1051 1048 1047
f 1046 1045 1078
f 1074 1038 1075
f 1075 1038 1039
f 996 992 1099
f 1099 992 1100
f 1098 1052 1101
f 1101 1052 1102
f 1103 1104 1105
f 1105 1104 1106
f 1105 1106 1107
f 1107 1106 1108
f 1107 1108 1109
f 1109 1108 1110
f 1109 1110 1111
f 1111 1110 1112
f 1111 1112 1113
f 1113 1112 1114
f 1113 1114 1115
f 1115 1114 1116
f 1115 1116 1117
f 1117 1116 1118
f 1117 1118 1119
f 1119 1118 1120
f 1119 1120 1121
f 1121 1120 1122
f 1121 1122 1123
f 1123 1122 1124
f 1123 1124 1125
f 1125 1124 1126
f 1125 1126 1127
f 1127 1126 1128
f 1127 1128 1129
f 1129 1128 1130
f 1130 1131 1129
f 1129 1131 1132
f 1130 1128 1131
f 1131 1128 1126
f 1131 1126 1133
f 1133 1126 1124
f 1133 1124 1134
f 1134 1124 1122
f 1134 1122 1120
f 1134 1120 1135
f 1135 1120 1118
f 1135 1118 1116
f 1116 1114 1135
f 1135 1114 1136
f 1136 1114 1112
f 1136 1112 1110
f 1136 1110 1137
f 1137 1110 1108
f 1137 1108 1138
f 1138 1108 1106
f 1138 1106 1104
f 1137 1138 1139
f 1139 1138 1140
f 1139 1140 1141
f 1141 1140 1142
f 1142 1140 1143
f 1142 1143 1144
f 1144 1143 1145
f 1144 1145 1146
f 1144 1146 1147
f 1147 1146 1148
f 1147 1148 1149
f 1149 1148 1150
f 1149 1150 1151
f 1151 1150 1152
f 1151 1152 1153
f 1153 1152 1154
f 1153 1154 1155
f 1155 1154 1156
f 1155 1156 1157
f 1157 1156 1158
f 1157 1158 1159
f 1157 1159 1160
f 1160 1159 1161
f 1160 1161 1162
f 1162 1161 1163
f 1162 1163 1164
f 1164 1163 1165
f 1164 1165 1166
f 1166 1165 1167
f 1166 1167 1168
f 1168 1167 1169
f 1168 1169 1170
f 1170 1169 1171
f 1170 1171 1172
f 1170 1172 1173
f 1173 1172 1174
f 1173 1174 1175
f 1175 1174 1176
f 1176 1174 1131
f 1176 1131 1133
f 1177 1178 1179
f 1179 1178 1180
f 1179 1180 1181
f 1181 1180 1182
f 1181 1182 1183
f 1183 1182 1184
f 1183 1184 1185
f 1185 1184 1186
f 1185 1186 1187
f 1187 1186 1188
f 1187 1188 1189
f 1189 1188 1190
f 1189 1190 1191
f 1191 1190 1192
f 1191 1192 1193
f 1193 1192 1194
f 1193 1194 1195
f 1195 1194 1196
f 1195 1196 1197
f 1197 1196 1198
f 1197 1198 1199
f 1199 1198 1200
f 1199 1200 1201
f 1201 1200 1202
f 1201 1202 1203
f 1203 1202 1204
f 1203 1204 1205
f 1205 1204 1206
f 1205 1206 1207
f 1207 1206 1208
f 1207 1208 1209
f 1209 1208 1210
f 1209 1210 1211
f 1211 1210 1212
f 1211 1212 1213
f 1213 1212 1214
f 1213 1214 1215
f 1215 1214 1216
f 1215 1216 1217
f 1217 1216 1218
f 1217 1218 1219
f 1219 1218 1220
f 1219 1220 1221
f 1221 1220 1222
f 1221 1222 1223
f 1223 1222 1224
f 1223 1224 1177
f 1177 1224 1178
f 1225 1226 1227
f 1227 1226 1228
f 1227 1228 1229
f 1229 1228 1230
f 1229 1230 1231
f 1231 1230 1232
f 1231 1232 1233
f 1233 1232 1234
f 1233 1234 1235
f 1235 1234 1236
f 1235 1236 1237
f 1237 1236 1238
f 1237 1238 1239
f 1239 1238 1240
f 1239 1240 1241
f 1241 1240 1242
f 1241 1242 1243
f 1243 1242 1244
f 1243 1244 1245
f 1245 1244 1246
f 1245 1246 1247
f 1247 1246 1248
f 1247 1248 1249
f 1249 1248 1250
f 1249 1250 1251
f 1251 1250 1252
f 1251 1252 1253
f 1253 1252 1254
f 1253 1254 1255
f 1255 1254 1256
f 1255 1256 1257
f 1257 1256 1258
f 1257 1258 1259
f 1259 1258 1260
f 1259 1260 1261
f 1261 1260 1262
f 1261 1262 1263
f 1263 1262 1264
f 1263 1264 1265
f 1265 1264 1266
f 1265 1266 1267
f 1267 1266 1268
f 1267 1268 1269
f 1269 1268 1270
f 1269 1270 1271
f 1271 1270 1272
f 1271 1272 1225
f 1225 1272 1226
f 1229 1249 1227
f 1227 1249 1251
f 1227 1251 1225
f 1225 1251 1253
f 1225 1253 1271
f 1271 1253 1255
f 1271 1255 1269
f 1269 1255 1257
f 1269 1257 1267
f 1267 1257 1259
f 1267 1259 1265
f 1265 1259 1261
f 1265 1261 1263
f 1249 1229 1247
f 1247 1229 1231
f 1247 1231 1245
f 1245 1231 1233
f 1245 1233 1243
f 1243 1233 1235
f 1243 1235 1241
f 1241 1235 1237
f 1241 1237 1239
f 1273 1274 1275
f 1275 1274 1276
f 1275 1276 1277
f 1277 1276 1278
f 1277 1278 1279
f 1279 1278 1280
f 1279 1280 1281
f 1281 1280 1282
f 1281 1282 1283
f 1283 1282 1284
f 1283 1284 1285
f 1285 1284 1286
f 1285 1286 1287
f 1287 1286 1288
f 1287 1288 1289
f 1289 1288 1290
f 1289 1290 1291
f 1291 1290 1292
f 1291 1292 1293
f 1293 1292 1294
f 1293 1294 1295
f 1295 1294 1296
f 1295 1296 1297
f 1297 1296 1298
f 1297 1298 1299
f 1299 1298 1300
f 1299 1300 1301
f 1301 1300 1302
f 1301 1302 1303
f 1303 1302 1304
f 1303 1304 1305
f 1305 1304 1306
f 1305 1306 1307
f 1307 1306 1308
f 1307 1308 1309
f 1309 1308 1310
f 1309 1310 1311
f 1311 1310 1312
f 1311 1312 1313
f 1313 1312 1314
f 1313 1314 1315
f 1315 1314 1316
f 1315 1316 1317
f 1317 1316 1318
f 1317 1318 1319
f 1319 1318 1320
f 1319 1320 1273
f 1273 1320 1274
f 1321 1322 1323
f 1323 1322 1324
f 1323 1324 1325
f 1325 1324 1326
f 1325 1326 1327
f 1327 1326 1328
f 1327 1328 1329
f 1329 1328 1330
f 1329 1330 1331
f 1331 1330 1332
f 1331 1332 1333
f 1333 1332 1334
f 1333 1334 1335
f 1335 1334 1336
f 1335 1336 1337
f 1337 1336 1338
f 1337 1338 1339
f 1339 1338 1340
f 1339 1340 1341
f 1341 1340 1342
f 1341 1342 1343
f 1343 1342 1344
f 1343 1344 1345
f 1345 1344 1346
f 1345 1346 1347
f 1347 1346 1348
f 1347 1348 1349
f 1349 1348 1350
f 1349 1350 1351
f 1351 1350 1352
f 1351 1352 1353
f 1353 1352 1354
f 1353 1354 1355
f 1355 1354 1356
f 1355 1356 1357
f 1357 1356 1358
f 1357 1358 1359
f 1359 1358 1360
f 1359 1360 1361
f 1361 1360 1362
f 1361 1362 1363
f 1363 1362 1364
f 1363 1364 1365
f 1365 1364 1366
f 1365 1366 1367
f 1367 1366 1368
f 1367 1368 1321
f 1321 1368 1322
f 1369 1370 1371
f 1371 1370 1372
f 1371 1372 1373
f 1373 1372 1374
f 1373 1374 1375
f 1375 1374 1376
f 1375 1376 1377
f 1377 1376 1378
f 1377 1378 1379
f 1379 1378 1380
f 1379 1380 1381
f 1381 1380 1382
f 1381 1382 1383
f 1383 1382 1384
f 1383 1384 1385
f 1385 1384 1386
f 1385 1386 1387
f 1387 1386 1388
f 1387 1388 1389
f 1389 1388 1390
f 1389 1390 1391
f 1391 1390 1392
f 1391 1392 1393
f 1393 1392 1394
f 1393 1394 1395
f 1395 1394 1396
f 1395 1396 1397
f 1397 1396 1398
f 1397 1398 1399
f 1399 1398 1400
f 1399 1400 1401
f 1401 1400 1402
f 1401 1402 1403
f 1403 1402 1404
f 1403 1404 1405
f 1405 1404 1406
f 1405 1406 1407
f 1407 1406 1408
f 1407 1408 1409
f 1409 1408 1410
f 1409 1410 1411
f 1411 1410 1412
f 1411 1412 1413
f 1413 1412 1414
f 1413 1414 1415
f 1415 1414 1416
f 1415 1416 1369
f 1369 1416 1370
f 1417 1345 1418
f 1418 1345 1347
f 1418 1347 1349
f 1419 1341 1417
f 1417 1341 1343
f 1417 1343 1345
f 1420 1421 1419
f 1419 1421 1422
f 1419 1422 1337
f 1337 1422 1335
f 1335 1422 1333
f 1333 1422 1423
f 1333 1423 1331
f 1331 1423 1329
f 1329 1423 1327
f 1327 1423 1424
f 1327 1424 1325
f 1325 1424 1323
f 1323 1424 1321
f 1321 1424 1367
f 1367 1424 1425
f 1367 1425 1365
f 1365 1425 1363
f 1363 1425 1361
f 1361 1425 1426
f 1361 1426 1359
f 1359 1426 1357
f 1357 1426 1427
f 1357 1427 1355
f 1355 1427 1353
f 1353 1427 1428
f 1353 1428 1351
f 1351 1428 1349
f 1349 1428 1418
f 1421 1420 1429
f 1429 1420 1430
f 1429 1430 1369
f 1369 1430 1415
f 1415 1430 1413
f 1413 1430 1431
f 1413 1431 1411
f 1411 1431 1409
f 1409 1431 1432
f 1409 1432 1407
f 1407 1432 1405
f 1405 1432 1433
f 1405 1433 1403
f 1403 1433 1401
f 1401 1433 1434
f 1401 1434 1399
f 1399 1434 1397
f 1397 1434 1435
f 1397 1435 1395
f 1395 1435 1393
f 1393 1435 1436
f 1393 1436 1391
f 1391 1436 1389
f 1389 1436 1437
f 1389 1437 1387
f 1387 1437 1385
f 1385 1437 1383
f 1383 1437 1381
f 1381 1437 1438
f 1381 1438 1379
f 1379 1438 1377
f 1377 1438 1375
f 1375 1438 1439
f 1375 1439 1373
f 1373 1439 1371
f 1371 1439 1369
f 1369 1439 1429
f 1435 1434 1440
f 1440 1434 1441
f 1440 1441 1442
f 1442 1441 1443
f 1442 1443 1285
f 1285 1443 1283
f 1283 1443 1281
f 1281 1443 1444
f 1281 1444 1279
f 1279 1444 1277
f 1277 1444 1445
f 1277 1445 1275
f 1275 1445 1273
f 1273 1445 1446
f 1273 1446 1319
f 1319 1446 1317
f 1317 1446 1447
f 1317 1447 1315
f 1315 1447 1313
f 1313 1447 1448
f 1313 1448 1311
f 1311 1448 1449
f 1311 1449 1309
f 1309 1449 1307
f 1307 1449 1305
f 1305 1449 1450
f 1305 1450 1303
f 1303 1450 1301
f 1301 1450 1299
f 1299 1450 1451
f 1299 1451 1297
f 1297 1451 1295
f 1295 1451 1293
f 1293 1451 1452
f 1293 1452 1291
f 1291 1452 1289
f 1289 1452 1287
f 1287 1452 1442
f 1287 1442 1285
f 1447 1453 1448
f 1448 1453 1454
f 1454 1453 1455
f 1454 1455 1456
f 1456 1455 1201
f 1456 1201 1203
f 1457 1197 1455
f 1455 1197 1199
f 1455 1199 1201
f 1458 1193 1457
f 1457 1193 1195
f 1457 1195 1197
f 1459 1189 1458
f 1458 1189 1191
f 1458 1191 1193
f 1460 1185 1459
f 1459 1185 1187
f 1459 1187 1189
f 1461 1462 1460
f 1460 1462 1181
f 1460 1181 1183
f 1462 1461 1463
f 1463 1461 1427
f 1463 1427 1426
f 1462 1464 1181
f 1181 1464 1179
f 1179 1464 1177
f 1177 1464 1223
f 1223 1464 1465
f 1223 1465 1221
f 1221 1465 1219
f 1219 1465 1217
f 1217 1465 1466
f 1217 1466 1215
f 1215 1466 1213
f 1213 1466 1211
f 1211 1466 1209
f 1209 1466 1467
f 1209 1467 1207
f 1207 1467 1205
f 1205 1467 1456
f 1205 1456 1203
f 1337 1339 1419
f 1419 1339 1341
f 1183 1185 1460
f 1468 1425 1469
f 1469 1425 1424
f 1469 1424 1470
f 1470 1424 1423
f 1470 1423 1471
f 1471 1423 1422
f 1471 1422 1472
f 1472 1422 1421
f 1472 1421 1473
f 1473 1421 1429
f 1473 1429 1474
f 1474 1429 1439
f 1474 1439 1475
f 1475 1439 1438
f 1475 1438 1476
f 1476 1438 1437
f 1476 1437 1477
f 1477 1437 1436
f 1477 1436 1478
f 1478 1436 1435
f 1478 1435 1479
f 1479 1435 1440
f 1479 1440 1480
f 1480 1440 1442
f 1480 1442 1481
f 1481 1442 1452
f 1481 1452 1482
f 1482 1452 1451
f 1482 1451 1483
f 1483 1451 1450
f 1483 1450 1484
f 1484 1450 1449
f 1484 1449 1485
f 1485 1449 1448
f 1485 1448 1486
f 1486 1448 1454
f 1486 1454 1487
f 1487 1454 1456
f 1487 1456 1488
f 1488 1456 1467
f 1488 1467 1489
f 1489 1467 1466
f 1489 1466 1490
f 1490 1466 1465
f 1490 1465 1491
f 1491 1465 1464
f 1491 1464 1492
f 1492 1464 1462
f 1492 1462 1493
f 1493 1462 1463
f 1493 1463 1494
f 1494 1463 1426
f 1494 1426 1468
f 1468 1426 1425
f 1470 1328 1469
f 1469 1328 1326
f 1469 1326 1324
f 1471 1334 1470
f 1470 1334 1332
f 1470 1332 1330
f 1472 1338 1471
f 1471 1338 1336
f 1471 1336 1334
f 1473 1416 1472
f 1472 1416 1340
f 1472 1340 1338
f 1416 1473 1370
f 1370 1473 1474
f 1370 1474 1372
f 1372 1474 1374
f 1374 1474 1376
f 1376 1474 1475
f 1376 1475 1378
f 1378 1475 1380
f 1380 1475 1382
f 1382 1475 1476
f 1382 1476 1384
f 1384 1476 1386
f 1386 1476 1388
f 1388 1476 1390
f 1390 1476 1477
f 1390 1477 1392
f 1392 1477 1394
f 1394 1477 1478
f 1394 1478 1396
f 1396 1478 1398
f 1398 1478 1479
f 1398 1479 1400
f 1400 1479 1284
f 1400 1284 1282
f 1479 1480 1284
f 1284 1480 1286
f 1286 1480 1288
f 1288 1480 1481
f 1288 1481 1290
f 1290 1481 1292
f 1292 1481 1294
f 1294 1481 1482
f 1294 1482 1296
f 1296 1482 1298
f 1298 1482 1300
f 1300 1482 1483
f 1300 1483 1302
f 1302 1483 1304
f 1304 1483 1306
f 1306 1483 1484
f 1306 1484 1308
f 1308 1484 1310
f 1310 1484 1312
f 1312 1484 1485
f 1312 1485 1314
f 1314 1485 1316
f 1316 1485 1486
f 1316 1486 1200
f 1200 1486 1202
f 1202 1486 1487
f 1202 1487 1204
f 1204 1487 1206
f 1206 1487 1488
f 1206 1488 1208
f 1208 1488 1210
f 1210 1488 1489
f 1210 1489 1212
f 1212 1489 1214
f 1214 1489 1216
f 1216 1489 1218
f 1218 1489 1490
f 1218 1490 1220
f 1220 1490 1222
f 1222 1490 1224
f 1224 1490 1491
f 1224 1491 1178
f 1178 1491 1180
f 1180 1491 1182
f 1182 1491 1492
f 1182 1492 1184
f 1184 1492 1493
f 1184 1493 1356
f 1356 1493 1358
f 1358 1493 1494
f 1358 1494 1360
f 1360 1494 1362
f 1362 1494 1468
f 1362 1468 1364
f 1364 1468 1366
f 1366 1468 1368
f 1368 1468 1469
f 1368 1469 1322
f 1322 1469 1324
f 1340 1416 1342
f 1342 1416 1414
f 1342 1414 1234
f 1234 1414 1236
f 1236 1414 1412
f 1236 1412 1238
f 1238 1412 1410
f 1238 1410 1240
f 1240 1410 1408
f 1240 1408 1406
f 1240 1406 1242
f 1242 1406 1404
f 1242 1404 1244
f 1244 1404 1402
f 1244 1402 1246
f 1246 1402 1282
f 1246 1282 1248
f 1248 1282 1280
f 1248 1280 1250
f 1250 1280 1278
f 1250 1278 1252
f 1252 1278 1276
f 1252 1276 1254
f 1254 1276 1274
f 1254 1274 1256
f 1256 1274 1320
f 1256 1320 1258
f 1258 1320 1318
f 1258 1318 1198
f 1198 1318 1200
f 1200 1318 1316
f 1402 1400 1282
f 1356 1354 1184
f 1184 1354 1186
f 1186 1354 1270
f 1186 1270 1268
f 1270 1354 1272
f 1272 1354 1352
f 1272 1352 1226
f 1226 1352 1350
f 1226 1350 1228
f 1228 1350 1348
f 1228 1348 1230
f 1230 1348 1346
f 1230 1346 1232
f 1232 1346 1344
f 1232 1344 1234
f 1234 1344 1342
f 1330 1328 1470
f 1186 1268 1188
f 1188 1268 1266
f 1188 1266 1190
f 1190 1266 1264
f 1190 1264 1192
f 1192 1264 1262
f 1192 1262 1194
f 1194 1262 1260
f 1194 1260 1196
f 1196 1260 1258
f 1196 1258 1198
f 1495 1496 1497
f 1497 1496 1498
f 1497 1498 1499
f 1499 1498 1500
f 1499 1500 1501
f 1496 1495 1502
f 1502 1495 1503
f 1502 1503 1504
f 1504 1503 1505
f 1504 1505 1506
f 1506 1505 1507
f 1506 1507 1508
f 1508 1507 1509
f 1508 1509 1510
f 1510 1509 1511
f 1510 1511 1512
f 1510 1512 1513
f 1513 1512 1514
f 1513 1514 1515
f 1515 1514 1516
f 1515 1516 1517
f 1517 1516 1518
f 1517 1518 1519
f 1519 1518 1520
f 1519 1520 1521
f 1521 1520 1522
f 1521 1522 1523
f 1523 1522 1524
f 1524 1522 1525
f 1524 1525 1526
f 1526 1525 1527
f 1526 1527 1528
f 1528 1527 1529
f 1528 1529 1530
f 1530 1529 1531
f 1530 1531 1532
f 1532 1531 1533
f 1532 1533 1534
f 1534 1533 1535
f 1534 1535 1536
f 1534 1536 1537
f 1537 1536 1538
f 1537 1538 1539
f 1539 1538 1540
f 1539 1540 1541
f 1541 1540 1542
f 1541 1542 1501
f 1501 1542 1499
f 1428 1495 1418
f 1418 1495 1497
f 1418 1497 1417
f 1417 1497 1499
f 1417 1499 1419
f 1419 1499 1542
f 1419 1542 1420
f 1420 1542 1540
f 1420 1540 1430
f 1430 1540 1538
f 1430 1538 1431
f 1431 1538 1536
f 1431 1536 1432
f 1432 1536 1535
f 1432 1535 1433
f 1433 1535 1533
f 1433 1533 1434
f 1434 1533 1531
f 1434 1531 1441
f 1441 1531 1529
f 1441 1529 1443
f 1443 1529 1527
f 1443 1527 1444
f 1444 1527 1525
f 1444 1525 1445
f 1445 1525 1522
f 1445 1522 1446
f 1446 1522 1520
f 1446 1520 1447
f 1447 1520 1518
f 1447 1518 1453
f 1453 1518 1516
f 1453 1516 1455
f 1455 1516 1514
f 1455 1514 1457
f 1457 1514 1512
f 1457 1512 1458
f 1458 1512 1511
f 1458 1511 1459
f 1459 1511 1509
f 1459 1509 1460
f 1460 1509 1507
f 1460 1507 1461
f 1461 1507 1505
f 1461 1505 1427
f 1427 1505 1503
f 1427 1503 1428
f 1428 1503 1495
f 1496 1543 1498
f 1498 1543 1544
f 1498 1544 1500
f 1500 1544 1545
f 1500 1545 1501
f 1501 1545 1546
f 1501 1546 1541
f 1541 1546 1547
f 1541 1547 1539
f 1539 1547 1548
f 1539 1548 1537
f 1537 1548 1549
f 1537 1549 1534
f 1534 1549 1550
f 1534 1550 1532
f 1532 1550 1551
f 1532 1551 1530
f 1530 1551 1552
f 1530 1552 1528
f 1528 1552 1553
f 1528 1553 1526
f 1526 1553 1554
f 1526 1554 1524
f 1524 1554 1555
f 1524 1555 1523
f 1523 1555 1556
f 1523 1556 1521
f 1521 1556 1557
f 1521 1557 1519
f 1519 1557 1558
f 1519 1558 1517
f 1517 1558 1559
f 1517 1559 1515
f 1515 1559 1560
f 1515 1560 1513
f 1513 1560 1561
f 1513 1561 1510
f 1510 1561 1562
f 1510 1562 1508
f 1508 1562 1563
f 1508 1563 1506
f 1506 1563 1564
f 1506 1564 1504
f 1504 1564 1565
f 1504 1565 1502
f 1502 1565 1566
f 1502 1566 1496
f 1496 1566 1543
f 1567 1103 1568
f 1568 1103 1569
f 1569 1103 1129
f 1569 1129 1132
f 1103 1105 1129
f 1129 1105 1127
f 1127 1105 1125
f 1125 1105 1107
f 1125 1107 1123
f 1123 1107 1109
f 1123 1109 1121
f 1121 1109 1111
f 1121 1111 1119
f 1119 1111 1113
f 1119 1113 1117
f 1117 1113 1115
f 1103 1567 1104
f 1104 1567 1138
f 1567 1568 1138
f 1138 1568 1570
f 1571 1572 1573
f 1573 1572 1574
f 1573 1574 1575
f 1575 1574 1576
f 1575 1576 1577
f 1577 1576 1578
f 1577 1578 1579
f 1579 1578 1580
f 1579 1580 1581
f 1581 1580 1582
f 1581 1582 1583
f 1583 1582 1584
f 1583 1584 1585
f 1585 1584 1586
f 1585 1586 1587
f 1587 1586 1588
f 1587 1588 1589
f 1589 1588 1590
f 1589 1590 1591
f 1591 1590 1592
f 1591 1592 1593
f 1593 1592 1594
f 1593 1594 1595
f 1595 1594 1596
f 1595 1596 1597
f 1597 1596 1598
f 1597 1598 1599
f 1599 1598 1600
f 1599 1600 1601
f 1601 1600 1602
f 1601 1602 1603
f 1603 1602 1604
f 1603 1604 1605
f 1605 1604 1606
f 1605 1606 1607
f 1607 1606 1608
f 1607 1608 1609
f 1609 1608 1610
f 1609 1610 1611
f 1611 1610 1612
f 1611 1612 1613
f 1613 1612 1614
f 1613 1614 1615
f 1615 1614 1616
f 1615 1616 1617
f 1617 1616 1618
f 1617 1618 1571
f 1571 1618 1572
f 1545 1544 1573
f 1573 1544 1543
f 1573 1543 1571
f 1571 1543 1566
f 1571 1566 1617
f 1617 1566 1565
f 1617 1565 1615
f 1615 1565 1564
f 1615 1564 1613
f 1613 1564 1563
f 1613 1563 1611
f 1611 1563 1562
f 1611 1562 1609
f 1609 1562 1607
f 1607 1562 1561
f 1607 1561 1605
f 1605 1561 1560
f 1605 1560 1603
f 1603 1560 1559
f 1603 1559 1601
f 1601 1559 1558
f 1601 1558 1599
f 1599 1558 1557
f 1599 1557 1597
f 1597 1557 1556
f 1597 1556 1595
f 1595 1556 1555
f 1595 1555 1554
f 1595 1554 1593
f 1593 1554 1553
f 1593 1553 1591
f 1591 1553 1552
f 1591 1552 1589
f 1589 1552 1551
f 1589 1551 1587
f 1587 1551 1550
f 1587 1550 1585
f 1585 1550 1583
f 1583 1550 1549
f 1583 1549 1581
f 1581 1549 1548
f 1581 1548 1579
f 1579 1548 1547
f 1579 1547 1577
f 1577 1547 1546
f 1577 1546 1575
f 1575 1546 1545
f 1575 1545 1573
f 1619 1134 1620
f 1620 1134 1135
f 1620 1135 1621
f 1621 1135 1136
f 1621 1136 1622
f 1622 1136 1137
f 1622 1137 1623
f 1623 1137 1139
f 1623 1139 1624
f 1624 1139 1141
f 1624 1141 1625
f 1625 1141 1142
f 1625 1142 1626
f 1626 1142 1144
f 1626 1144 1627
f 1627 1144 1147
f 1627 1147 1628
f 1628 1147 1149
f 1628 1149 1629
f 1629 1149 1151
f 1629 1151 1630
f 1630 1151 1153
f 1630 1153 1631
f 1631 1153 1155
f 1631 1155 1632
f 1632 1155 1157
f 1632 1157 1633
f 1633 1157 1160
f 1633 1160 1634
f 1634 1160 1162
f 1634 1162 1635
f 1635 1162 1164
f 1635 1164 1636
f 1636 1164 1166
f 1636 1166 1637
f 1637 1166 1168
f 1637 1168 1638
f 1638 1168 1170
f 1638 1170 1639
f 1639 1170 1173
f 1639 1173 1640
f 1640 1173 1175
f 1640 1175 1641
f 1641 1175 1176
f 1641 1176 1642
f 1642 1176 1133
f 1642 1133 1619
f 1619 1133 1134
f 1576 1574 1620
f 1620 1574 1572
f 1620 1572 1619
f 1619 1572 1618
f 1619 1618 1642
f 1642 1618 1616
f 1642 1616 1641
f 1641 1616 1614
f 1641 1614 1640
f 1640 1614 1612
f 1640 1612 1639
f 1639 1612 1610
f 1639 1610 1638
f 1638 1610 1637
f 1637 1610 1608
f 1637 1608 1636
f 1636 1608 1606
f 1636 1606 1635
f 1635 1606 1604
f 1635 1604 1634
f 1634 1604 1602
f 1634 1602 1633
f 1633 1602 1600
f 1633 1600 1632
f 1632 1600 1598
f 1632 1598 1631
f 1631 1598 1596
f 1631 1596 1594
f 1631 1594 1630
f 1630 1594 1592
f 1630 1592 1629
f 1629 1592 1590
f 1629 1590 1628
f 1628 1590 1588
f 1628 1588 1627
f 1627 1588 1586
f 1627 1586 1626
f 1626 1586 1625
f 1625 1586 1584
f 1625 1584 1624
f 1624 1584 1582
f 1624 1582 1623
f 1623 1582 1580
f 1623 1580 1622
f 1622 1580 1578
f 1622 1578 1621
f 1621 1578 1576
f 1621 1576 1620
f 1569 1132 1643
f 1643 1132 1131
f 1644 1645 1646
f 1646 1645 1647
f 1647 1645 1648
f 1648 1645 1649
f 1648 1649 1650
f 1650 1649 1651
f 1174 1652 1131
f 1131 1652 1653
f 1131 1653 1643
f 1570 1568 1646
f 1646 1568 1569
f 1646 1569 1644
f 1644 1569 1643
f 1644 1643 1654
f 1654 1643 1653
f 1655 1656 1646
f 1646 1656 1570
f 1644 1654 1645
f 1645 1654 1657
f 1645 1657 1649
f 1649 1657 1658
f 1649 1658 1651
f 1651 1658 1659
f 1651 1659 1650
f 1650 1659 1660
f 1650 1660 1648
f 1648 1660 1661
f 1648 1661 1647
f 1647 1661 1662
f 1647 1662 1646
f 1646 1662 1655
f 1570 1656 1138
f 1138 1656 1663
f 1138 1663 1140
f 1664 1171 1665
f 1665 1171 1169
f 1665 1169 1666
f 1666 1169 1667
f 1667 1169 1167
f 1667 1167 1668
f 1668 1167 1165
f 1668 1165 1669
f 1669 1165 1163
f 1669 1163 1670
f 1670 1163 1671
f 1671 1163 1161
f 1671 1161 1672
f 1672 1161 1159
f 1672 1159 1673
f 1673 1159 1158
f 1673 1158 1674
f 1674 1158 1675
f 1675 1158 1156
f 1675 1156 1676
f 1676 1156 1154
f 1676 1154 1677
f 1677 1154 1152
f 1677 1152 1678
f 1678 1152 1679
f 1679 1152 1150
f 1679 1150 1680
f 1680 1150 1148
f 1680 1148 1681
f 1681 1148 1146
f 1681 1146 1682
f 1682 1146 1683
f 1683 1146 1145
f 1683 1145 1684
f 1684 1145 1143
f 1684 1143 1685
f 1685 1143 1140
f 1685 1140 1663
f 1171 1664 1172
f 1172 1664 1686
f 1172 1686 1174
f 1174 1686 1652
f 1687 1665 1688
f 1688 1665 1666
f 1688 1666 1689
f 1689 1666 1690
f 1689 1690 1691
f 1691 1690 1692
f 1692 1690 1693
f 1692 1693 1694
f 1694 1693 1695
f 1694 1695 1696
f 1696 1695 1668
f 1668 1695 1667
f 1667 1695 1693
f 1667 1693 1666
f 1666 1693 1690
f 1691 1697 1689
f 1689 1697 1688
f 1697 1698 1688
f 1688 1698 1687
f 1686 1699 1652
f 1652 1699 1700
f 1652 1700 1701
f 1701 1700 1702
f 1701 1702 1703
f 1703 1702 1704
f 1703 1704 1705
f 1705 1704 1706
f 1705 1706 1707
f 1707 1706 1708
f 1708 1706 1709
f 1708 1709 1710
f 1710 1709 1711
f 1710 1711 1712
f 1712 1711 1713
f 1712 1713 1714
f 1714 1713 1715
f 1714 1715 1716
f 1716 1715 1717
f 1716 1717 1664
f 1664 1717 1686
f 1686 1717 1699
f 1716 1664 1718
f 1718 1664 1665
f 1718 1665 1719
f 1719 1665 1720
f 1719 1720 1718
f 1718 1720 1714
f 1718 1714 1716
f 1720 1665 1712
f 1712 1665 1710
f 1707 1721 1705
f 1705 1721 1722
f 1705 1722 1703
f 1703 1722 1723
f 1703 1723 1701
f 1701 1723 1653
f 1701 1653 1652
f 1721 1724 1722
f 1722 1724 1725
f 1722 1725 1723
f 1723 1725 1653
f 1724 1726 1725
f 1725 1726 1727
f 1725 1727 1653
f 1700 1699 1728
f 1728 1699 1717
f 1728 1717 1715
f 1700 1728 1702
f 1702 1728 1729
f 1702 1729 1704
f 1704 1729 1730
f 1704 1730 1706
f 1706 1730 1709
f 1729 1728 1715
f 1729 1715 1713
f 1712 1714 1720
f 1729 1713 1730
f 1730 1713 1711
f 1730 1711 1709
f 1731 1674 1732
f 1732 1674 1675
f 1732 1675 1733
f 1733 1675 1734
f 1733 1734 1735
f 1735 1734 1736
f 1736 1734 1737
f 1736 1737 1738
f 1738 1737 1739
f 1738 1739 1740
f 1740 1739 1677
f 1677 1739 1676
f 1676 1739 1737
f 1676 1737 1675
f 1675 1737 1734
f 1735 1741 1733
f 1733 1741 1732
f 1741 1742 1732
f 1732 1742 1731
f 1696 1671 1743
f 1743 1671 1672
f 1743 1672 1744
f 1744 1672 1673
f 1744 1673 1745
f 1745 1673 1746
f 1745 1746 1747
f 1747 1746 1748
f 1748 1746 1749
f 1748 1749 1750
f 1750 1749 1674
f 1674 1749 1746
f 1674 1746 1673
f 1747 1751 1745
f 1745 1751 1744
f 1751 1752 1744
f 1744 1752 1743
f 1752 1753 1743
f 1743 1753 1696
f 1677 1678 1740
f 1740 1678 1679
f 1740 1679 1680
f 1668 1669 1696
f 1696 1669 1670
f 1696 1670 1671
f 1740 1680 1754
f 1754 1680 1681
f 1754 1681 1755
f 1755 1681 1682
f 1755 1682 1756
f 1756 1682 1757
f 1756 1757 1758
f 1758 1757 1759
f 1759 1757 1760
f 1759 1760 1761
f 1761 1760 1683
f 1683 1760 1757
f 1683 1757 1682
f 1758 1762 1756
f 1756 1762 1755
f 1762 1763 1755
f 1755 1763 1754
f 1763 1764 1754
f 1754 1764 1740
f 1765 1766 1727
f 1727 1766 1767
f 1727 1767 1768
f 1768 1767 1769
f 1768 1769 1770
f 1770 1769 1771
f 1771 1769 1772
f 1771 1772 1773
f 1773 1772 1774
f 1773 1774 1775
f 1775 1774 1776
f 1775 1776 1777
f 1777 1776 1778
f 1777 1778 1100
f 1100 1778 1779
f 1100 1779 1099
f 1099 1779 1780
f 1099 1780 1781
f 1781 1780 1782
f 1782 1780 1783
f 1782 1783 1784
f 1784 1783 1785
f 1784 1785 1786
f 1786 1785 1787
f 1786 1787 1765
f 1765 1787 1766
f 1772 1769 1767
f 1767 1766 1788
f 1788 1766 1787
f 1788 1787 1789
f 1789 1787 1785
f 1789 1785 1790
f 1790 1785 1783
f 1790 1783 1779
f 1779 1783 1780
f 1774 1772 1788
f 1788 1772 1767
f 1774 1788 1789
f 1776 1774 1789
f 1776 1789 1790
f 1778 1776 1790
f 1778 1790 1779
f 1765 1727 1791
f 1791 1727 1726
f 1791 1726 1792
f 1792 1726 1724
f 1792 1724 1793
f 1793 1724 1794
f 1793 1794 1795
f 1795 1794 1796
f 1795 1796 1797
f 1797 1796 1798
f 1797 1798 1799
f 1799 1798 1800
f 1799 1800 1801
f 1801 1800 1802
f 1802 1800 1803
f 1802 1803 1804
f 1804 1803 1805
f 1804 1805 1806
f 1806 1805 1807
f 1806 1807 1710
f 1710 1807 1708
f 1708 1807 1707
f 1707 1807 1808
f 1707 1808 1809
f 1809 1808 1796
f 1809 1796 1794
f 1724 1721 1794
f 1794 1721 1809
f 1721 1707 1809
f 1710 1810 1806
f 1806 1810 1804
f 1799 1801 1811
f 1811 1801 1812
f 1811 1812 1813
f 1813 1812 1099
f 1813 1099 1781
f 1813 1781 1814
f 1814 1781 1782
f 1814 1782 1815
f 1815 1782 1784
f 1815 1784 1816
f 1816 1784 1786
f 1816 1786 1817
f 1817 1786 1765
f 1817 1765 1791
f 1817 1791 1792
f 1816 1817 1793
f 1793 1817 1792
f 1816 1793 1795
f 1798 1796 1808
f 1798 1808 1805
f 1805 1808 1807
f 1815 1816 1795
f 1815 1795 1797
f 1800 1798 1805
f 1803 1800 1805
f 1814 1815 1797
f 1814 1797 1799
f 1813 1814 1799
f 1811 1813 1799
f 1694 1696 1818
f 1818 1696 1753
f 1818 1753 1819
f 1819 1753 1752
f 1819 1752 1820
f 1820 1752 1821
f 1820 1821 1822
f 1822 1821 1823
f 1822 1823 1824
f 1824 1823 1825
f 1824 1825 1826
f 1826 1825 1827
f 1826 1827 1828
f 1828 1827 1829
f 1829 1827 1830
f 1829 1830 1831
f 1831 1830 1832
f 1831 1832 1833
f 1833 1832 1834
f 1833 1834 1750
f 1750 1834 1748
f 1748 1834 1747
f 1747 1834 1835
f 1747 1835 1836
f 1836 1835 1823
f 1836 1823 1821
f 1752 1751 1821
f 1821 1751 1836
f 1751 1747 1836
f 1750 1837 1833
f 1833 1837 1831
f 1826 1828 1838
f 1838 1828 1839
f 1838 1839 1840
f 1840 1839 1687
f 1840 1687 1698
f 1840 1698 1841
f 1841 1698 1697
f 1841 1697 1842
f 1842 1697 1691
f 1842 1691 1843
f 1843 1691 1692
f 1843 1692 1844
f 1844 1692 1694
f 1844 1694 1818
f 1844 1818 1819
f 1843 1844 1820
f 1820 1844 1819
f 1843 1820 1822
f 1825 1823 1835
f 1825 1835 1832
f 1832 1835 1834
f 1842 1843 1822
f 1842 1822 1824
f 1827 1825 1832
f 1830 1827 1832
f 1841 1842 1824
f 1841 1824 1826
f 1840 1841 1826
f 1838 1840 1826
f 1684 1845 1683
f 1683 1845 1846
f 1683 1846 1847
f 1847 1846 1848
f 1847 1848 1849
f 1849 1848 1850
f 1849 1850 1851
f 1851 1850 1852
f 1851 1852 1853
f 1853 1852 1854
f 1854 1852 1855
f 1854 1855 1768
f 1768 1855 1656
f 1656 1855 1856
f 1656 1856 1857
f 1857 1856 1858
f 1857 1858 1859
f 1859 1858 1860
f 1859 1860 1861
f 1861 1860 1862
f 1861 1862 1684
f 1684 1862 1845
f 1861 1684 1863
f 1863 1684 1685
f 1863 1685 1864
f 1864 1685 1663
f 1864 1663 1865
f 1865 1663 1857
f 1865 1857 1859
f 1663 1656 1857
f 1853 1866 1851
f 1851 1866 1867
f 1851 1867 1849
f 1849 1867 1868
f 1849 1868 1847
f 1847 1868 1869
f 1847 1869 1683
f 1866 1870 1867
f 1867 1870 1871
f 1867 1871 1868
f 1868 1871 1869
f 1870 1872 1871
f 1871 1872 1869
f 1846 1845 1873
f 1873 1845 1862
f 1873 1862 1860
f 1848 1873 1874
f 1874 1873 1860
f 1874 1860 1858
f 1873 1848 1846
f 1848 1874 1850
f 1850 1874 1875
f 1850 1875 1852
f 1852 1875 1855
f 1875 1874 1858
f 1856 1855 1875
f 1875 1858 1856
f 1864 1865 1863
f 1863 1865 1859
f 1863 1859 1861
f 1738 1740 1876
f 1876 1740 1764
f 1876 1764 1877
f 1877 1764 1763
f 1877 1763 1878
f 1878 1763 1879
f 1878 1879 1880
f 1880 1879 1881
f 1880 1881 1882
f 1882 1881 1883
f 1882 1883 1884
f 1884 1883 1885
f 1884 1885 1886
f 1886 1885 1887
f 1887 1885 1888
f 1887 1888 1889
f 1889 1888 1890
f 1889 1890 1891
f 1891 1890 1892
f 1891 1892 1761
f 1761 1892 1759
f 1759 1892 1758
f 1758 1892 1893
f 1758 1893 1894
f 1894 1893 1881
f 1894 1881 1879
f 1763 1762 1879
f 1879 1762 1894
f 1762 1758 1894
f 1761 1895 1891
f 1891 1895 1889
f 1884 1886 1896
f 1896 1886 1897
f 1896 1897 1898
f 1898 1897 1731
f 1898 1731 1742
f 1898 1742 1899
f 1899 1742 1741
f 1899 1741 1900
f 1900 1741 1735
f 1900 1735 1901
f 1901 1735 1736
f 1901 1736 1902
f 1902 1736 1738
f 1902 1738 1876
f 1902 1876 1877
f 1901 1902 1878
f 1878 1902 1877
f 1901 1878 1880
f 1883 1881 1893
f 1883 1893 1890
f 1890 1893 1892
f 1900 1901 1880
f 1900 1880 1882
f 1885 1883 1890
f 1888 1885 1890
f 1899 1900 1882
f 1899 1882 1884
f 1898 1899 1884
f 1896 1898 1884
f 1854 1768 1903
f 1903 1768 1770
f 1903 1770 1904
f 1904 1770 1771
f 1904 1771 1905
f 1905 1771 1906
f 1905 1906 1907
f 1907 1906 1908
f 1907 1908 1909
f 1909 1908 1910
f 1909 1910 1911
f 1911 1910 1912
f 1911 1912 1913
f 1913 1912 1914
f 1914 1912 1915
f 1914 1915 1916
f 1916 1915 1917
f 1916 1917 1918
f 1918 1917 1919
f 1918 1919 1100
f 1100 1919 1777
f 1777 1919 1775
f 1775 1919 1920
f 1775 1920 1921
f 1921 1920 1908
f 1921 1908 1906
f 1771 1773 1906
f 1906 1773 1921
f 1773 1775 1921
f 1100 1922 1918
f 1918 1922 1916
f 1911 1913 1923
f 1923 1913 1924
f 1923 1924 1925
f 1925 1924 1869
f 1925 1869 1872
f 1925 1872 1926
f 1926 1872 1870
f 1926 1870 1927
f 1927 1870 1866
f 1927 1866 1928
f 1928 1866 1853
f 1928 1853 1929
f 1929 1853 1854
f 1929 1854 1903
f 1929 1903 1904
f 1928 1929 1905
f 1905 1929 1904
f 1928 1905 1907
f 1910 1908 1920
f 1910 1920 1917
f 1917 1920 1919
f 1927 1928 1907
f 1927 1907 1909
f 1912 1910 1917
f 1915 1912 1917
f 1926 1927 1909
f 1926 1909 1911
f 1925 1926 1911
f 1923 1925 1911
f 1839 1930 1687
f 1687 1930 1931
f 1687 1931 1932
f 1932 1931 1933
f 1932 1933 1934
f 1934 1933 1935
f 1934 1935 1936
f 1936 1935 1937
f 1936 1937 1938
f 1938 1937 1939
f 1939 1937 1940
f 1939 1940 1941
f 1941 1940 1942
f 1941 1942 1943
f 1943 1942 1944
f 1943 1944 1945
f 1945 1944 1946
f 1945 1946 1947
f 1947 1946 1948
f 1947 1948 1828
f 1828 1948 1839
f 1839 1948 1930
f 1828 1829 1947
f 1947 1829 1949
f 1947 1949 1945
f 1945 1949 1950
f 1945 1950 1943
f 1943 1950 1750
f 1943 1750 1941
f 1829 1831 1949
f 1949 1831 1951
f 1949 1951 1950
f 1950 1951 1750
f 1831 1837 1951
f 1951 1837 1750
f 1938 1952 1936
f 1936 1952 1953
f 1936 1953 1934
f 1934 1953 1954
f 1934 1954 1932
f 1932 1954 1955
f 1932 1955 1687
f 1952 1956 1953
f 1953 1956 1957
f 1953 1957 1954
f 1954 1957 1955
f 1956 1958 1957
f 1957 1958 1955
f 1931 1930 1959
f 1959 1930 1948
f 1959 1948 1946
f 1931 1959 1933
f 1933 1959 1960
f 1933 1960 1935
f 1935 1960 1961
f 1935 1961 1937
f 1937 1961 1940
f 1960 1959 1946
f 1961 1960 1944
f 1944 1960 1946
f 1940 1961 1942
f 1942 1961 1944
f 1731 1962 1674
f 1674 1962 1941
f 1674 1941 1750
f 1897 1963 1731
f 1731 1963 1964
f 1731 1964 1965
f 1965 1964 1966
f 1965 1966 1967
f 1967 1966 1968
f 1967 1968 1969
f 1969 1968 1970
f 1969 1970 1971
f 1971 1970 1972
f 1972 1970 1973
f 1972 1973 1974
f 1974 1973 1975
f 1974 1975 1976
f 1976 1975 1977
f 1976 1977 1978
f 1978 1977 1979
f 1978 1979 1980
f 1980 1979 1981
f 1980 1981 1886
f 1886 1981 1897
f 1897 1981 1963
f 1886 1887 1980
f 1980 1887 1982
f 1980 1982 1978
f 1978 1982 1983
f 1978 1983 1976
f 1976 1983 1761
f 1976 1761 1974
f 1887 1889 1982
f 1982 1889 1984
f 1982 1984 1983
f 1983 1984 1761
f 1889 1895 1984
f 1984 1895 1761
f 1971 1985 1969
f 1969 1985 1986
f 1969 1986 1967
f 1967 1986 1987
f 1967 1987 1965
f 1965 1987 1962
f 1965 1962 1731
f 1985 1988 1986
f 1986 1988 1989
f 1986 1989 1987
f 1987 1989 1962
f 1988 1990 1989
f 1989 1990 1962
f 1964 1963 1991
f 1991 1963 1981
f 1991 1981 1979
f 1964 1991 1966
f 1966 1991 1992
f 1966 1992 1968
f 1968 1992 1993
f 1968 1993 1970
f 1970 1993 1973
f 1992 1991 1979
f 1993 1992 1977
f 1977 1992 1979
f 1973 1993 1975
f 1975 1993 1977
f 1869 1994 1683
f 1683 1994 1974
f 1683 1974 1761
f 1654 1653 1657
f 1657 1653 1727
f 1657 1727 1658
f 1658 1727 1659
f 1659 1727 1660
f 1660 1727 1768
f 1660 1768 1661
f 1661 1768 1662
f 1662 1768 1656
f 1662 1656 1655
f 1995 1996 1997
f 1997 1996 1998
f 1997 1998 1999
f 1999 1998 2000
f 1999 2000 2001
f 2001 2000 2002
f 2001 2002 2003
f 2003 2002 2004
f 2003 2004 2005
f 2005 2004 2006
f 2005 2006 2007
f 2007 2006 2008
f 2007 2008 2009
f 2009 2008 2010
f 2010 2008 2011
f 2011 2008 2012
f 2012 2008 2013
f 2014 2015 2016
f 2016 2015 2017
f 2016 2017 2018
f 2018 2017 2019
f 2018 2019 2020
f 2020 2019 2021
f 2020 2021 2022
f 2022 2021 2023
f 2022 2023 2024
f 2024 2023 2025
f 2024 2025 2026
f 2026 2025 2027
f 2026 2027 2028
f 2028 2027 2029
f 2029 2027 2030
f 2030 2027 2031
f 2031 2027 2032
f 2033 2034 2035
f 2035 2034 2036
f 2035 2036 2037
f 2037 2036 2038
f 2037 2038 2039
f 2039 2038 2040
f 2039 2040 2041
f 2041 2040 2042
f 2041 2042 2043
f 2043 2042 2044
f 2043 2044 2045
f 2045 2044 2046
f 2045 2046 2047
f 2047 2046 2048
f 2048 2046 2049
f 2049 2046 2050
f 2050 2046 2051
f 2052 2053 2054
f 2054 2053 2055
f 2054 2055 2056
f 2056 2055 2057
f 2056 2057 2058
f 2058 2057 2059
f 2058 2059 2060
f 2060 2059 2061
f 2060 2061 2062
f 2062 2061 2063
f 2062 2063 2064
f 2064 2063 2065
f 2064 2065 2066
f 2066 2065 2067
f 2067 2065 2068
f 2068 2065 2069
f 2069 2065 2070
f 2071 2072 2073
f 2073 2072 2074
f 2073 2074 2075
f 2075 2074 2076
f 2075 2076 2077
f 2077 2076 2078
f 2077 2078 1974
f 1974 2078 1972
f 1972 2078 2079
f 1972 2079 1971
f 1971 2079 2080
f 1971 2080 2081
f 2081 2080 2082
f 2081 2082 2083
f 2083 2082 2084
f 2083 2084 2085
f 2085 2084 2086
f 2085 2086 2087
f 2072 2088 2074
f 2074 2088 2089
f 2074 2089 2076
f 2076 2089 2090
f 2076 2090 2078
f 2078 2090 2079
f 2089 2088 2091
f 2091 2088 2092
f 2091 2092 2093
f 2093 2092 2094
f 2093 2094 2084
f 2084 2094 2086
f 2085 2087 2095
f 2095 2087 2096
f 2095 2096 2097
f 2097 2096 2098
f 2097 2098 2099
f 2096 2100 2098
f 2097 2099 2101
f 2101 2099 2102
f 2101 2102 2103
f 2103 2102 1962
f 2103 1962 1990
f 1988 2104 1990
f 1990 2104 2105
f 1990 2105 2103
f 2103 2105 2101
f 2104 1988 2106
f 2106 1988 1985
f 2106 1985 2081
f 2081 1985 1971
f 2095 2097 2107
f 2107 2097 2101
f 2107 2101 2105
f 2085 2095 2108
f 2108 2095 2107
f 2108 2107 2104
f 2104 2107 2105
f 2084 2082 2093
f 2093 2082 2109
f 2093 2109 2091
f 2091 2109 2090
f 2091 2090 2089
f 2085 2108 2083
f 2083 2108 2106
f 2083 2106 2081
f 2106 2108 2104
f 2079 2090 2109
f 2079 2109 2080
f 2080 2109 2082
f 2102 2110 1962
f 1962 2110 2111
f 1962 2111 1941
f 2102 2099 2110
f 2110 2099 2098
f 2110 2098 2112
f 2112 2098 2100
f 2113 2114 2112
f 2112 2114 2051
f 2112 2051 2110
f 2110 2051 2115
f 2110 2115 2116
f 2114 2113 2117
f 2117 2113 2118
f 2117 2118 2119
f 2119 2118 2120
f 2119 2120 2121
f 2121 2047 2119
f 2119 2047 2048
f 2119 2048 2117
f 2117 2048 2049
f 2117 2049 2114
f 2114 2049 2050
f 2114 2050 2051
f 2051 2122 2115
f 2116 2111 2110
f 2063 2061 2065
f 2065 2061 2059
f 2065 2059 2057
f 2057 2055 2065
f 2065 2055 2053
f 2065 2053 2071
f 2071 2053 2100
f 2071 2100 2096
f 2053 2112 2100
f 2071 2096 2072
f 2072 2096 2087
f 2072 2087 2088
f 2088 2087 2092
f 2092 2087 2086
f 2092 2086 2094
f 2071 2070 2065
f 2071 2073 2070
f 2070 2073 2123
f 2070 2123 2124
f 2124 2123 2125
f 2124 2125 2126
f 2126 2125 2127
f 2126 2127 2128
f 2128 2127 2129
f 2128 2129 2130
f 2073 2075 2123
f 2123 2075 2077
f 2123 2077 2125
f 2125 2077 1994
f 2125 1994 2127
f 2127 1994 2131
f 2127 2131 2132
f 2077 1974 1994
f 2132 2133 2127
f 2127 2133 2129
f 2133 2134 2129
f 2128 2130 2135
f 2135 2130 2136
f 2135 2136 2137
f 2137 2136 2138
f 2137 2138 2139
f 2137 2139 2140
f 2140 2139 2066
f 2140 2066 2141
f 2141 2066 2067
f 2141 2067 2142
f 2142 2067 2068
f 2142 2068 2124
f 2124 2068 2069
f 2124 2069 2070
f 2142 2124 2126
f 2126 2128 2143
f 2143 2128 2135
f 2143 2135 2140
f 2140 2135 2137
f 2141 2142 2143
f 2143 2142 2126
f 2141 2143 2140
f 2122 2144 2115
f 2115 2144 2145
f 2115 2145 2116
f 2116 2145 2146
f 2116 2146 2111
f 2111 2146 2147
f 2111 2147 1941
f 1941 2147 1939
f 1939 2147 2148
f 1939 2148 1938
f 1938 2148 2149
f 1938 2149 2150
f 2150 2149 2151
f 2150 2151 2152
f 2152 2151 2153
f 2152 2153 2154
f 2154 2153 2155
f 2154 2155 2156
f 2144 2157 2145
f 2145 2157 2158
f 2145 2158 2146
f 2146 2158 2159
f 2146 2159 2147
f 2147 2159 2148
f 2158 2157 2160
f 2160 2157 2161
f 2160 2161 2162
f 2162 2161 2163
f 2162 2163 2153
f 2153 2163 2155
f 2154 2156 2164
f 2164 2156 2165
f 2164 2165 2166
f 2166 2165 2167
f 2166 2167 2168
f 2165 2169 2167
f 2166 2168 2170
f 2170 2168 2171
f 2170 2171 2172
f 2172 2171 1955
f 2172 1955 1958
f 1956 2173 1958
f 1958 2173 2174
f 1958 2174 2172
f 2172 2174 2170
f 2173 1956 2175
f 2175 1956 1952
f 2175 1952 2150
f 2150 1952 1938
f 2164 2166 2176
f 2176 2166 2170
f 2176 2170 2174
f 2154 2164 2177
f 2177 2164 2176
f 2177 2176 2173
f 2173 2176 2174
f 2153 2151 2162
f 2162 2151 2178
f 2162 2178 2160
f 2160 2178 2159
f 2160 2159 2158
f 2154 2177 2152
f 2152 2177 2175
f 2152 2175 2150
f 2175 2177 2173
f 2148 2159 2178
f 2148 2178 2149
f 2149 2178 2151
f 1687 1955 1665
f 1665 1955 2179
f 1665 2179 1710
f 2171 2180 1955
f 1955 2180 2181
f 1955 2181 2182
f 2182 2181 2183
f 2182 2183 2184
f 2184 2183 2185
f 2185 2183 2013
f 2185 2013 2186
f 2171 2168 2180
f 2180 2168 2167
f 2180 2167 2187
f 2187 2167 2169
f 2180 2187 2188
f 2188 2187 2189
f 2188 2189 2190
f 2190 2189 2191
f 2190 2191 2192
f 2192 2191 2193
f 2192 2193 2194
f 2192 2194 2195
f 2195 2194 2009
f 2195 2009 2196
f 2196 2009 2010
f 2196 2010 2197
f 2197 2010 2011
f 2197 2011 2198
f 2198 2011 2012
f 2198 2012 2013
f 2182 2179 1955
f 2181 2180 2199
f 2199 2180 2188
f 2199 2188 2200
f 2200 2188 2190
f 2200 2190 2195
f 2195 2190 2192
f 2183 2181 2198
f 2198 2181 2199
f 2198 2199 2197
f 2197 2199 2200
f 2197 2200 2196
f 2196 2200 2195
f 2013 2183 2198
f 2044 2034 2046
f 2046 2034 2169
f 2046 2169 2122
f 2122 2169 2165
f 2122 2165 2144
f 2144 2165 2156
f 2144 2156 2157
f 2157 2156 2161
f 2161 2156 2155
f 2161 2155 2163
f 2044 2042 2034
f 2034 2042 2040
f 2034 2040 2038
f 2038 2036 2034
f 2034 2187 2169
f 2122 2051 2046
f 2201 2202 2203
f 2203 2202 2204
f 2203 2204 2205
f 2205 2204 2206
f 2205 2206 2207
f 2207 2206 2208
f 2207 2208 1101
f 1101 2208 2209
f 2209 2208 2210
f 2209 2210 2211
f 2211 2210 2212
f 2211 2212 2213
f 2213 2212 2214
f 2213 2214 2215
f 2215 2214 2216
f 2215 2216 2217
f 2217 2216 2218
f 2217 2218 2219
f 2202 2220 2204
f 2204 2220 2221
f 2204 2221 2206
f 2206 2221 2222
f 2206 2222 2208
f 2208 2222 2210
f 2221 2220 2223
f 2223 2220 2224
f 2223 2224 2225
f 2225 2224 2226
f 2225 2226 2216
f 2216 2226 2218
f 2217 2219 2227
f 2227 2219 2228
f 2227 2228 2229
f 2229 2228 2133
f 2229 2133 2132
f 2228 2134 2133
f 2229 2132 2230
f 2230 2132 2131
f 2230 2131 2231
f 2231 2131 1994
f 2231 1994 2232
f 2233 2234 2232
f 2232 2234 2235
f 2232 2235 2231
f 2231 2235 2230
f 2234 2233 2236
f 2236 2233 2237
f 2236 2237 2213
f 2213 2237 2211
f 2227 2229 2238
f 2238 2229 2230
f 2238 2230 2235
f 2217 2227 2239
f 2239 2227 2238
f 2239 2238 2234
f 2234 2238 2235
f 2216 2214 2225
f 2225 2214 2240
f 2225 2240 2223
f 2223 2240 2222
f 2223 2222 2221
f 2217 2239 2215
f 2215 2239 2236
f 2215 2236 2213
f 2236 2239 2234
f 2210 2222 2240
f 2210 2240 2212
f 2212 2240 2214
f 1924 2241 1869
f 1869 2241 2242
f 1869 2242 2243
f 2243 2242 2244
f 2243 2244 2245
f 2245 2244 2246
f 2245 2246 2247
f 2247 2246 2248
f 2247 2248 2211
f 2211 2248 2209
f 2209 2248 2249
f 2209 2249 1101
f 1101 2249 2250
f 1101 2250 1098
f 1098 2250 2251
f 1098 2251 2252
f 2252 2251 2253
f 2252 2253 2254
f 2254 2253 2255
f 2254 2255 1914
f 1914 2255 1913
f 1913 2255 2256
f 1913 2256 1924
f 1924 2256 2241
f 1914 1916 2254
f 2254 1916 2257
f 2254 2257 2252
f 2252 2257 1098
f 1916 1922 2257
f 2257 1922 992
f 2257 992 1098
f 1922 1100 992
f 2211 2237 2247
f 2247 2237 2258
f 2247 2258 2245
f 2245 2258 2259
f 2245 2259 2243
f 2243 2259 1994
f 2243 1994 1869
f 2237 2233 2258
f 2258 2233 2260
f 2258 2260 2259
f 2259 2260 1994
f 2233 2232 2260
f 2260 2232 1994
f 2242 2241 2261
f 2261 2241 2256
f 2261 2256 2262
f 2262 2256 2255
f 2262 2255 2253
f 2242 2261 2244
f 2244 2261 2263
f 2244 2263 2246
f 2246 2263 2264
f 2246 2264 2248
f 2248 2264 2249
f 2263 2261 2262
f 2263 2262 2265
f 2265 2262 2253
f 2265 2253 2251
f 2263 2265 2264
f 2264 2265 2250
f 2264 2250 2249
f 2250 2265 2251
f 2025 2015 2027
f 2027 2015 2134
f 2027 2134 2201
f 2201 2134 2228
f 2201 2228 2202
f 2202 2228 2219
f 2202 2219 2220
f 2220 2219 2224
f 2224 2219 2218
f 2224 2218 2226
f 2025 2023 2015
f 2015 2023 2021
f 2015 2021 2019
f 2019 2017 2015
f 2015 2129 2134
f 2201 2032 2027
f 2201 2203 2032
f 2032 2203 2266
f 2032 2266 2267
f 2267 2266 2268
f 2267 2268 2269
f 2203 2205 2266
f 2266 2205 2207
f 2266 2207 1102
f 1102 2207 1101
f 1102 2270 2266
f 2266 2270 2271
f 2266 2271 2268
f 2032 2267 2272
f 2272 2267 2273
f 2272 2273 2274
f 2274 2273 2275
f 2274 2275 2276
f 2276 2275 2277
f 2276 2277 2278
f 2278 2028 2276
f 2276 2028 2029
f 2276 2029 2274
f 2274 2029 2030
f 2274 2030 2272
f 2272 2030 2031
f 2272 2031 2032
f 2186 2279 2185
f 2185 2279 2280
f 2185 2280 2184
f 2184 2280 2281
f 2184 2281 2182
f 2182 2281 2282
f 2182 2282 2179
f 2179 2282 2283
f 2283 2282 2284
f 2283 2284 2285
f 2285 2284 2286
f 2285 2286 2287
f 2287 2286 2288
f 2287 2288 2289
f 2289 2288 2290
f 2289 2290 2291
f 2291 2290 2292
f 2291 2292 2293
f 2279 2294 2280
f 2280 2294 2295
f 2280 2295 2281
f 2281 2295 2296
f 2281 2296 2282
f 2282 2296 2284
f 2295 2294 2297
f 2297 2294 2298
f 2297 2298 2299
f 2299 2298 2300
f 2299 2300 2290
f 2290 2300 2292
f 2291 2293 2301
f 2301 2293 2302
f 2301 2302 2303
f 2303 2302 2268
f 2303 2268 2271
f 2302 2269 2268
f 2303 2271 2304
f 2304 2271 2270
f 2304 2270 2305
f 2305 2270 1102
f 2305 1102 2306
f 2307 2308 2306
f 2306 2308 2309
f 2306 2309 2305
f 2305 2309 2304
f 2308 2307 2310
f 2310 2307 2311
f 2310 2311 2287
f 2287 2311 2285
f 2301 2303 2312
f 2312 2303 2304
f 2312 2304 2309
f 2291 2301 2313
f 2313 2301 2312
f 2313 2312 2308
f 2308 2312 2309
f 2290 2288 2299
f 2299 2288 2314
f 2299 2314 2297
f 2297 2314 2296
f 2297 2296 2295
f 2291 2313 2289
f 2289 2313 2310
f 2289 2310 2287
f 2310 2313 2308
f 2284 2296 2314
f 2284 2314 2286
f 2286 2314 2288
f 1099 1812 996
f 996 1812 2315
f 996 2315 1052
f 1052 2315 2316
f 1052 2316 2317
f 2317 2316 2318
f 2317 2318 2319
f 2319 2318 2320
f 2319 2320 2321
f 2321 2320 2322
f 2321 2322 2285
f 2285 2322 2283
f 2283 2322 2323
f 2283 2323 2179
f 2179 2323 2324
f 2179 2324 2325
f 2325 2324 2326
f 2325 2326 2327
f 2327 2326 2328
f 2327 2328 2329
f 2329 2328 2330
f 2329 2330 1801
f 1801 2330 1812
f 1812 2330 2315
f 1801 1802 2329
f 2329 1802 2331
f 2329 2331 2327
f 2327 2331 2332
f 2327 2332 2325
f 2325 2332 1710
f 2325 1710 2179
f 1802 1804 2331
f 2331 1804 2333
f 2331 2333 2332
f 2332 2333 1710
f 1804 1810 2333
f 2333 1810 1710
f 2285 2311 2321
f 2321 2311 2334
f 2321 2334 2319
f 2319 2334 2335
f 2319 2335 2317
f 2317 2335 1052
f 2311 2307 2334
f 2334 2307 2336
f 2334 2336 2335
f 2335 2336 1102
f 2335 1102 1052
f 2307 2306 2336
f 2336 2306 1102
f 2316 2315 2337
f 2337 2315 2330
f 2337 2330 2328
f 2316 2337 2318
f 2318 2337 2338
f 2318 2338 2320
f 2320 2338 2339
f 2320 2339 2322
f 2322 2339 2323
f 2338 2337 2328
f 2339 2338 2326
f 2326 2338 2328
f 2323 2339 2324
f 2324 2339 2326
f 2006 2004 2008
f 2008 2004 2002
f 2008 2002 2000
f 2000 1998 2008
f 2008 1998 1996
f 2008 1996 2186
f 2186 1996 2269
f 2186 2269 2302
f 1996 2267 2269
f 2186 2302 2279
f 2279 2302 2293
f 2279 2293 2294
f 2294 2293 2298
f 2298 2293 2292
f 2298 2292 2300
f 2186 2013 2008
f 2340 2341 2342
f 2342 2341 2343
f 2342 2343 2344
f 2344 2343 2345
f 2344 2345 2346
f 2346 2345 2347
f 2346 2347 2348
f 2348 2347 2349
f 2348 2349 2350
f 2350 2349 2351
f 2350 2351 2352
f 2352 2351 2353
f 2352 2353 2354
f 2354 2353 2355
f 2354 2355 2356
f 2356 2355 2357
f 2356 2357 2358
f 2358 2357 2359
f 2358 2359 2360
f 2360 2359 2361
f 2360 2361 2362
f 2362 2361 2363
f 2362 2363 2364
f 2364 2363 2365
f 2364 2365 2366
f 2366 2365 2367
f 2366 2367 2368
f 2368 2367 2369
f 2368 2369 2370
f 2370 2369 2371
f 2370 2371 2372
f 2372 2371 2373
f 2372 2373 2374
f 2374 2373 2375
f 2374 2375 2376
f 2376 2375 2377
f 2376 2377 2378
f 2378 2377 2379
f 2378 2379 2380
f 2380 2379 2381
f 2380 2381 2382
f 2382 2381 2383
f 2382 2383 2384
f 2384 2383 2385
f 2384 2385 2386
f 2386 2385 2387
f 2386 2387 2340
f 2340 2387 2341
f 2344 2364 2342
f 2342 2364 2366
f 2342 2366 2340
f 2340 2366 2368
f 2340 2368 2386
f 2386 2368 2370
f 2386 2370 2384
f 2384 2370 2372
f 2384 2372 2382
f 2382 2372 2374
f 2382 2374 2380
f 2380 2374 2376
f 2380 2376 2378
f 2364 2344 2362
f 2362 2344 2346
f 2362 2346 2360
f 2360 2346 2348
f 2360 2348 2358
f 2358 2348 2350
f 2358 2350 2356
f 2356 2350 2352
f 2356 2352 2354
f 2052 2121 2053
f 2053 2121 2120
f 2053 2120 2118
f 2118 2113 2053
f 2053 2113 2112
f 2014 2139 2015
f 2015 2139 2138
f 2015 2138 2136
f 2136 2130 2015
f 2015 2130 2129
f 2033 2194 2034
f 2034 2194 2193
f 2034 2193 2191
f 2191 2189 2034
f 2034 2189 2187
f 1995 2278 1996
f 1996 2278 2277
f 1996 2277 2275
f 2275 2273 1996
f 1996 2273 2267
f 2341 2045 2343
f 2343 2045 2052
f 2343 2052 2345
f 2345 2052 2054
f 2345 2054 2347
f 2347 2054 2349
f 2349 2054 2056
f 2349 2056 2351
f 2351 2056 2353
f 2353 2056 2058
f 2353 2058 2060
f 2045 2341 2043
f 2043 2341 2387
f 2043 2387 2385
f 2043 2385 2041
f 2041 2385 2383
f 2041 2383 2381
f 2379 2035 2381
f 2381 2035 2037
f 2381 2037 2039
f 2377 2005 2379
f 2379 2005 2007
f 2379 2007 2009
f 2375 1999 2377
f 2377 1999 2001
f 2377 2001 2003
f 2375 2373 1999
f 1999 2373 1997
f 1997 2373 2371
f 1997 2371 2369
f 1997 2369 1995
f 1995 2369 2367
f 1995 2367 2026
f 2026 2367 2365
f 2026 2365 2024
f 2024 2365 2363
f 2024 2363 2361
f 2024 2361 2022
f 2022 2361 2359
f 2022 2359 2357
f 2355 2016 2357
f 2357 2016 2018
f 2357 2018 2020
f 2353 2062 2355
f 2355 2062 2064
f 2355 2064 2066
f 2121 2052 2047
f 2047 2052 2045
f 2060 2062 2353
f 2066 2139 2355
f 2355 2139 2014
f 2355 2014 2016
f 2020 2022 2357
f 2026 2028 1995
f 1995 2028 2278
f 2003 2005 2377
f 2009 2194 2379
f 2379 2194 2033
f 2379 2033 2035
f 2039 2041 2381
g Body2

v -2.000489 0.844327 2.122554
v -1.999378 0.844159 2.114013
v -2.002500 0.817499 2.122554
v -2.001375 0.817499 2.114013
v -2.000489 0.790672 2.122554
v -1.999378 0.790839 2.114013
v -1.994503 0.764443 2.122554
v -1.993429 0.764775 2.114013
v -1.984674 0.739400 2.122554
v -1.983661 0.739888 2.114013
v -1.971223 0.716102 2.122554
v -1.970294 0.716735 2.114013
v -1.954449 0.695068 2.122554
v -1.953625 0.695833 2.114013
v -1.934728 0.676770 2.122554
v -1.934027 0.677649 2.114013
v -1.912500 0.661615 2.122554
v -1.911938 0.662589 2.114013
v -1.888261 0.649942 2.122554
v -1.887850 0.650989 2.114013
v -1.862554 0.642012 2.122554
v -1.862303 0.643109 2.114013
v -1.835951 0.638003 2.122554
v -1.835867 0.639124 2.114013
v -1.809048 0.638003 2.122554
v -1.809133 0.639124 2.114013
v -1.782446 0.642012 2.122554
v -1.782696 0.643109 2.114013
v -1.756739 0.649942 2.122554
v -1.757149 0.650989 2.114013
v -1.732500 0.661615 2.122554
v -1.733062 0.662589 2.114013
v -1.710272 0.676770 2.122554
v -1.710973 0.677649 2.114013
v -1.690551 0.695068 2.122554
v -1.691375 0.695833 2.114013
v -1.673777 0.716102 2.122554
v -1.674706 0.716735 2.114013
v -1.660326 0.739400 2.122554
v -1.661339 0.739888 2.114013
v -1.650497 0.764443 2.122554
v -1.651571 0.764775 2.114013
v -1.644510 0.790672 2.122554
v -1.645622 0.790839 2.114013
v -1.642500 0.817499 2.122554
v -1.643624 0.817499 2.114013
v -1.644510 0.844327 2.122554
v -1.645622 0.844159 2.114013
v -1.650497 0.870555 2.122554
v -1.651571 0.870224 2.114013
v -1.660326 0.895598 2.122554
v -1.661339 0.895111 2.114013
v -1.673777 0.918897 2.122554
v -1.674706 0.918264 2.114013
v -1.690551 0.939930 2.122554
v -1.691375 0.939166 2.114013
v -1.710272 0.958229 2.122554
v -1.710973 0.957350 2.114013
v -1.732500 0.973384 2.122554
v -1.733062 0.972410 2.114013
v -1.756739 0.985057 2.122554
v -1.757149 0.984010 2.114013
v -1.782446 0.992986 2.122554
v -1.782696 0.991890 2.114013
v -1.809048 0.996996 2.122554
v -1.809133 0.995875 2.114013
v -1.835951 0.996996 2.122554
v -1.835867 0.995875 2.114013
v -1.862554 0.992986 2.122554
v -1.862303 0.991890 2.114013
v -1.888261 0.985057 2.122554
v -1.887850 0.984010 2.114013
v -1.912500 0.973384 2.122554
v -1.911938 0.972410 2.114013
v -1.934728 0.958229 2.122554
v -1.934027 0.957350 2.114013
v -1.954449 0.939930 2.122554
v -1.953625 0.939166 2.114013
v -1.971223 0.918897 2.122554
v -1.970294 0.918264 2.114013
v -1.984674 0.895598 2.122554
v -1.983661 0.895111 2.114013
v -1.994503 0.870555 2.122554
v -1.993429 0.870224 2.114013
v -1.967495 0.793304 2.089554
v -1.976304 0.794317 2.090679
v -1.969500 0.817499 2.089554
v -1.978041 0.817499 2.090679
v -1.976304 0.840682 2.090679
v -1.986000 0.817499 2.093975
v -1.984174 0.841868 2.093975
v -1.992834 0.817499 2.099220
v -1.990932 0.842886 2.099220
v -1.998079 0.817499 2.106054
v -1.996118 0.843668 2.106054
v -1.971131 0.771653 2.090679
v -1.961535 0.769769 2.089554
v -1.962638 0.750013 2.090679
v -1.951783 0.747535 2.089554
v -1.951014 0.729880 2.090679
v -1.938504 0.727210 2.089554
v -1.936520 0.711705 2.090679
v -1.922060 0.709348 2.089554
v -1.919478 0.695893 2.090679
v -1.902901 0.694436 2.089554
v -1.900270 0.682797 2.090679
v -1.881549 0.682881 2.089554
v -1.879325 0.672710 2.090679
v -1.858586 0.674998 2.089554
v -1.857111 0.665858 2.090679
v -1.834639 0.671001 2.089554
v -1.834124 0.662393 2.090679
v -1.810361 0.671001 2.089554
v -1.810876 0.662393 2.090679
v -1.787889 0.665858 2.090679
v -1.786118 0.658099 2.093975
v -1.762767 0.665302 2.093975
v -1.760270 0.658939 2.099220
v -1.737333 0.669985 2.099220
v -1.734710 0.665444 2.106054
v -1.713028 0.680226 2.106054
v -1.786414 0.674998 2.089554
v -1.765674 0.672710 2.090679
v -1.740750 0.675904 2.093975
v -1.716298 0.684326 2.099220
v -1.693792 0.698075 2.106054
v -1.763451 0.682881 2.089554
v -1.744729 0.682797 2.090679
v -1.720559 0.689670 2.093975
v -1.697636 0.701642 2.099220
v -1.677430 0.718592 2.106054
v -1.742099 0.694436 2.089554
v -1.725522 0.695893 2.090679
v -1.702646 0.706291 2.093975
v -1.681763 0.721547 2.099220
v -1.664309 0.741319 2.106054
v -1.722940 0.709348 2.089554
v -1.708480 0.711705 2.090679
v -1.687410 0.725397 2.093975
v -1.669034 0.743594 2.099220
v -1.654722 0.765747 2.106054
v -1.706496 0.727210 2.089554
v -1.693986 0.729880 2.090679
v -1.675191 0.746559 2.093975
v -1.659733 0.767292 2.099220
v -1.648882 0.791331 2.106054
v -1.693217 0.747535 2.089554
v -1.682362 0.750013 2.090679
v -1.666264 0.769307 2.093975
v -1.654068 0.792112 2.099220
v -1.646921 0.817499 2.106054
v -1.683465 0.769769 2.089554
v -1.673869 0.771653 2.090679
v -1.660826 0.793131 2.093975
v -1.652165 0.817499 2.099220
v -1.648882 0.843668 2.106054
v -1.677505 0.793304 2.089554
v -1.668696 0.794317 2.090679
v -1.659000 0.817499 2.093975
v -1.654068 0.842886 2.099220
v -1.654722 0.869252 2.106054
v -1.675500 0.817499 2.089554
v -1.666959 0.817499 2.090679
v -1.660826 0.841868 2.093975
v -1.659733 0.867706 2.099220
v -1.664309 0.893680 2.106054
v -1.668696 0.840682 2.090679
v -1.677505 0.841695 2.089554
v -1.673869 0.863346 2.090679
v -1.683465 0.865230 2.089554
v -1.682362 0.884986 2.090679
v -1.693217 0.887464 2.089554
v -1.693986 0.905119 2.090679
v -1.706496 0.907789 2.089554
v -1.708480 0.923294 2.090679
v -1.722940 0.925651 2.089554
v -1.725522 0.939106 2.090679
v -1.742099 0.940563 2.089554
v -1.744729 0.952202 2.090679
v -1.763451 0.952118 2.089554
v -1.765674 0.962288 2.090679
v -1.786414 0.960001 2.089554
v -1.787889 0.969141 2.090679
v -1.810361 0.963997 2.089554
v -1.810876 0.972605 2.090679
v -1.834639 0.963997 2.089554
v -1.834124 0.972605 2.090679
v -1.857111 0.969141 2.090679
v -1.858882 0.976900 2.093975
v -1.882233 0.969697 2.093975
v -1.884730 0.976059 2.099220
v -1.907667 0.965013 2.099220
v -1.910289 0.969555 2.106054
v -1.931972 0.954772 2.106054
v -1.858586 0.960001 2.089554
v -1.879325 0.962288 2.090679
v -1.904250 0.959095 2.093975
v -1.928702 0.950672 2.099220
v -1.951208 0.936923 2.106054
v -1.881549 0.952118 2.089554
v -1.900270 0.952202 2.090679
v -1.924440 0.945329 2.093975
v -1.947364 0.933356 2.099220
v -1.967570 0.916406 2.106054
v -1.902901 0.940563 2.089554
v -1.919478 0.939106 2.090679
v -1.942354 0.928708 2.093975
v -1.963237 0.913452 2.099220
v -1.980691 0.893680 2.106054
v -1.922060 0.925651 2.089554
v -1.936520 0.923294 2.090679
v -1.957590 0.909602 2.093975
v -1.975966 0.891405 2.099220
v -1.990278 0.869252 2.106054
v -1.938504 0.907789 2.089554
v -1.951014 0.905119 2.090679
v -1.969808 0.888439 2.093975
v -1.985267 0.867706 2.099220
v -1.951783 0.887464 2.089554
v -1.962638 0.884986 2.090679
v -1.978736 0.865692 2.093975
v -1.961535 0.865230 2.089554
v -1.971131 0.863346 2.090679
v -1.967495 0.841695 2.089554
v -1.984174 0.793131 2.093975
v -1.978736 0.769307 2.093975
v -1.969808 0.746559 2.093975
v -1.957590 0.725397 2.093975
v -1.942354 0.706291 2.093975
v -1.924440 0.689670 2.093975
v -1.904250 0.675904 2.093975
v -1.882233 0.665302 2.093975
v -1.858882 0.658099 2.093975
v -1.834718 0.654457 2.093975
v -1.810282 0.654457 2.093975
v -1.990932 0.792112 2.099220
v -1.985267 0.767292 2.099220
v -1.975966 0.743594 2.099220
v -1.963237 0.721547 2.099220
v -1.947364 0.701642 2.099220
v -1.928702 0.684326 2.099220
v -1.907667 0.669985 2.099220
v -1.884730 0.658939 2.099220
v -1.860403 0.651436 2.099220
v -1.835229 0.647641 2.099220
v -1.809771 0.647641 2.099220
v -1.784597 0.651436 2.099220
v -1.996118 0.791331 2.106054
v -1.990278 0.765747 2.106054
v -1.980691 0.741319 2.106054
v -1.967570 0.718592 2.106054
v -1.951208 0.698075 2.106054
v -1.931972 0.680226 2.106054
v -1.910289 0.665444 2.106054
v -1.886646 0.654058 2.106054
v -1.861570 0.646323 2.106054
v -1.835621 0.642412 2.106054
v -1.809379 0.642412 2.106054
v -1.783430 0.646323 2.106054
v -1.758354 0.654058 2.106054
v -1.886646 0.980941 2.106054
v -1.861570 0.988676 2.106054
v -1.835621 0.992587 2.106054
v -1.809379 0.992587 2.106054
v -1.783430 0.988676 2.106054
v -1.758354 0.980941 2.106054
v -1.734710 0.969555 2.106054
v -1.713028 0.954772 2.106054
v -1.693792 0.936923 2.106054
v -1.677430 0.916406 2.106054
v -1.860403 0.983563 2.099220
v -1.834718 0.980542 2.093975
v -1.835229 0.987358 2.099220
v -1.809771 0.987358 2.099220
v -1.784597 0.983563 2.099220
v -1.760270 0.976059 2.099220
v -1.737333 0.965013 2.099220
v -1.716298 0.950672 2.099220
v -1.697636 0.933356 2.099220
v -1.681763 0.913452 2.099220
v -1.669034 0.891405 2.099220
v -1.810282 0.980542 2.093975
v -1.786118 0.976900 2.093975
v -1.762767 0.969697 2.093975
v -1.740750 0.959095 2.093975
v -1.720559 0.945329 2.093975
v -1.702646 0.928708 2.093975
v -1.687410 0.909602 2.093975
v -1.675191 0.888439 2.093975
v -1.666264 0.865692 2.093975
v -2.000489 0.844327 2.189554
v -2.002500 0.817499 2.189554
v -2.000489 0.790672 2.189554
v -1.994503 0.764443 2.189554
v -1.984674 0.739400 2.189554
v -1.971223 0.716102 2.189554
v -1.954449 0.695068 2.189554
v -1.934728 0.676770 2.189554
v -1.912500 0.661615 2.189554
v -1.888261 0.649942 2.189554
v -1.862554 0.642012 2.189554
v -1.835951 0.638003 2.189554
v -1.809048 0.638003 2.189554
v -1.782446 0.642012 2.189554
v -1.756739 0.649942 2.189554
v -1.732500 0.661615 2.189554
v -1.710272 0.676770 2.189554
v -1.690551 0.695068 2.189554
v -1.673777 0.716102 2.189554
v -1.660326 0.739400 2.189554
v -1.650497 0.764443 2.189554
v -1.644510 0.790672 2.189554
v -1.642500 0.817499 2.189554
v -1.644510 0.844327 2.189554
v -1.650497 0.870555 2.189554
v -1.660326 0.895598 2.189554
v -1.673777 0.918897 2.189554
v -1.690551 0.939930 2.189554
v -1.710272 0.958229 2.189554
v -1.732500 0.973384 2.189554
v -1.756739 0.985057 2.189554
v -1.782446 0.992986 2.189554
v -1.809048 0.996996 2.189554
v -1.835951 0.996996 2.189554
v -1.862554 0.992986 2.189554
v -1.888261 0.985057 2.189554
v -1.912500 0.973384 2.189554
v -1.934728 0.958229 2.189554
v -1.954449 0.939930 2.189554
v -1.971223 0.918897 2.189554
v -1.984674 0.895598 2.189554
v -1.994503 0.870555 2.189554
f 2388 2389 2390
f 2390 2389 2391
f 2390 2391 2392
f 2392 2391 2393
f 2392 2393 2394
f 2394 2393 2395
f 2394 2395 2396
f 2396 2395 2397
f 2396 2397 2398
f 2398 2397 2399
f 2398 2399 2400
f 2400 2399 2401
f 2400 2401 2402
f 2402 2401 2403
f 2402 2403 2404
f 2404 2403 2405
f 2404 2405 2406
f 2406 2405 2407
f 2406 2407 2408
f 2408 2407 2409
f 2408 2409 2410
f 2410 2409 2411
f 2410 2411 2412
f 2412 2411 2413
f 2412 2413 2414
f 2414 2413 2415
f 2414 2415 2416
f 2416 2415 2417
f 2416 2417 2418
f 2418 2417 2419
f 2418 2419 2420
f 2420 2419 2421
f 2420 2421 2422
f 2422 2421 2423
f 2422 2423 2424
f 2424 2423 2425
f 2424 2425 2426
f 2426 2425 2427
f 2426 2427 2428
f 2428 2427 2429
f 2428 2429 2430
f 2430 2429 2431
f 2430 2431 2432
f 2432 2431 2433
f 2432 2433 2434
f 2434 2433 2435
f 2434 2435 2436
f 2436 2435 2437
f 2436 2437 2438
f 2438 2437 2439
f 2438 2439 2440
f 2440 2439 2441
f 2440 2441 2442
f 2442 2441 2443
f 2442 2443 2444
f 2444 2443 2445
f 2444 2445 2446
f 2446 2445 2447
f 2446 2447 2448
f 2448 2447 2449
f 2448 2449 2450
f 2450 2449 2451
f 2450 2451 2452
f 2452 2451 2453
f 2452 2453 2454
f 2454 2453 2455
f 2454 2455 2456
f 2456 2455 2457
f 2456 2457 2458
f 2458 2457 2459
f 2458 2459 2460
f 2460 2459 2461
f 2460 2461 2462
f 2462 2461 2463
f 2462 2463 2464
f 2464 2463 2465
f 2464 2465 2466
f 2466 2465 2467
f 2466 2467 2468
f 2468 2467 2469
f 2468 2469 2470
f 2470 2469 2471
f 2470 2471 2388
f 2388 2471 2389
f 2472 2473 2474
f 2474 2473 2475
f 2474 2475 2476
f 2476 2475 2477
f 2476 2477 2478
f 2478 2477 2479
f 2478 2479 2480
f 2480 2479 2481
f 2480 2481 2482
f 2482 2481 2391
f 2482 2391 2389
f 2473 2472 2483
f 2483 2472 2484
f 2483 2484 2485
f 2485 2484 2486
f 2485 2486 2487
f 2487 2486 2488
f 2487 2488 2489
f 2489 2488 2490
f 2489 2490 2491
f 2491 2490 2492
f 2491 2492 2493
f 2493 2492 2494
f 2493 2494 2495
f 2495 2494 2496
f 2495 2496 2497
f 2497 2496 2498
f 2497 2498 2499
f 2499 2498 2500
f 2499 2500 2501
f 2501 2500 2502
f 2501 2502 2503
f 2503 2502 2504
f 2503 2504 2505
f 2505 2504 2506
f 2505 2506 2507
f 2507 2506 2508
f 2507 2508 2421
f 2421 2508 2423
f 2500 2509 2502
f 2502 2509 2510
f 2502 2510 2504
f 2504 2510 2511
f 2504 2511 2506
f 2506 2511 2512
f 2506 2512 2508
f 2508 2512 2513
f 2508 2513 2423
f 2423 2513 2425
f 2509 2514 2510
f 2510 2514 2515
f 2510 2515 2511
f 2511 2515 2516
f 2511 2516 2512
f 2512 2516 2517
f 2512 2517 2513
f 2513 2517 2518
f 2513 2518 2425
f 2425 2518 2427
f 2514 2519 2515
f 2515 2519 2520
f 2515 2520 2516
f 2516 2520 2521
f 2516 2521 2517
f 2517 2521 2522
f 2517 2522 2518
f 2518 2522 2523
f 2518 2523 2427
f 2427 2523 2429
f 2519 2524 2520
f 2520 2524 2525
f 2520 2525 2521
f 2521 2525 2526
f 2521 2526 2522
f 2522 2526 2527
f 2522 2527 2523
f 2523 2527 2528
f 2523 2528 2429
f 2429 2528 2431
f 2524 2529 2525
f 2525 2529 2530
f 2525 2530 2526
f 2526 2530 2531
f 2526 2531 2527
f 2527 2531 2532
f 2527 2532 2528
f 2528 2532 2533
f 2528 2533 2431
f 2431 2533 2433
f 2529 2534 2530
f 2530 2534 2535
f 2530 2535 2531
f 2531 2535 2536
f 2531 2536 2532
f 2532 2536 2537
f 2532 2537 2533
f 2533 2537 2538
f 2533 2538 2433
f 2433 2538 2435
f 2534 2539 2535
f 2535 2539 2540
f 2535 2540 2536
f 2536 2540 2541
f 2536 2541 2537
f 2537 2541 2542
f 2537 2542 2538
f 2538 2542 2543
f 2538 2543 2435
f 2435 2543 2437
f 2539 2544 2540
f 2540 2544 2545
f 2540 2545 2541
f 2541 2545 2546
f 2541 2546 2542
f 2542 2546 2547
f 2542 2547 2543
f 2543 2547 2548
f 2543 2548 2437
f 2437 2548 2439
f 2544 2549 2545
f 2545 2549 2550
f 2545 2550 2546
f 2546 2550 2551
f 2546 2551 2547
f 2547 2551 2552
f 2547 2552 2548
f 2548 2552 2553
f 2548 2553 2439
f 2439 2553 2441
f 2550 2549 2554
f 2554 2549 2555
f 2554 2555 2556
f 2556 2555 2557
f 2556 2557 2558
f 2558 2557 2559
f 2558 2559 2560
f 2560 2559 2561
f 2560 2561 2562
f 2562 2561 2563
f 2562 2563 2564
f 2564 2563 2565
f 2564 2565 2566
f 2566 2565 2567
f 2566 2567 2568
f 2568 2567 2569
f 2568 2569 2570
f 2570 2569 2571
f 2570 2571 2572
f 2572 2571 2573
f 2572 2573 2574
f 2574 2573 2575
f 2574 2575 2576
f 2576 2575 2577
f 2576 2577 2578
f 2578 2577 2579
f 2578 2579 2580
f 2580 2579 2581
f 2580 2581 2463
f 2463 2581 2465
f 2573 2582 2575
f 2575 2582 2583
f 2575 2583 2577
f 2577 2583 2584
f 2577 2584 2579
f 2579 2584 2585
f 2579 2585 2581
f 2581 2585 2586
f 2581 2586 2465
f 2465 2586 2467
f 2582 2587 2583
f 2583 2587 2588
f 2583 2588 2584
f 2584 2588 2589
f 2584 2589 2585
f 2585 2589 2590
f 2585 2590 2586
f 2586 2590 2591
f 2586 2591 2467
f 2467 2591 2469
f 2587 2592 2588
f 2588 2592 2593
f 2588 2593 2589
f 2589 2593 2594
f 2589 2594 2590
f 2590 2594 2595
f 2590 2595 2591
f 2591 2595 2596
f 2591 2596 2469
f 2469 2596 2471
f 2592 2597 2593
f 2593 2597 2598
f 2593 2598 2594
f 2594 2598 2599
f 2594 2599 2595
f 2595 2599 2600
f 2595 2600 2596
f 2596 2600 2601
f 2596 2601 2471
f 2471 2601 2389
f 2597 2602 2598
f 2598 2602 2603
f 2598 2603 2599
f 2599 2603 2604
f 2599 2604 2600
f 2600 2604 2605
f 2600 2605 2601
f 2601 2605 2482
f 2601 2482 2389
f 2602 2606 2603
f 2603 2606 2607
f 2603 2607 2604
f 2604 2607 2608
f 2604 2608 2605
f 2605 2608 2480
f 2605 2480 2482
f 2606 2609 2607
f 2607 2609 2610
f 2607 2610 2608
f 2608 2610 2478
f 2608 2478 2480
f 2609 2611 2610
f 2610 2611 2476
f 2610 2476 2478
f 2611 2474 2476
f 2551 2550 2554
f 2477 2475 2612
f 2612 2475 2473
f 2612 2473 2613
f 2613 2473 2483
f 2613 2483 2614
f 2614 2483 2485
f 2614 2485 2615
f 2615 2485 2487
f 2615 2487 2616
f 2616 2487 2489
f 2616 2489 2617
f 2617 2489 2491
f 2617 2491 2618
f 2618 2491 2493
f 2618 2493 2619
f 2619 2493 2495
f 2619 2495 2620
f 2620 2495 2497
f 2620 2497 2621
f 2621 2497 2499
f 2621 2499 2622
f 2622 2499 2501
f 2622 2501 2503
f 2479 2477 2623
f 2623 2477 2612
f 2623 2612 2624
f 2624 2612 2613
f 2624 2613 2625
f 2625 2613 2614
f 2625 2614 2626
f 2626 2614 2615
f 2626 2615 2627
f 2627 2615 2616
f 2627 2616 2628
f 2628 2616 2617
f 2628 2617 2629
f 2629 2617 2618
f 2629 2618 2630
f 2630 2618 2619
f 2630 2619 2631
f 2631 2619 2620
f 2631 2620 2632
f 2632 2620 2621
f 2632 2621 2633
f 2633 2621 2622
f 2633 2622 2634
f 2634 2622 2503
f 2634 2503 2505
f 2393 2391 2481
f 2481 2479 2635
f 2635 2479 2623
f 2635 2623 2636
f 2636 2623 2624
f 2636 2624 2637
f 2637 2624 2625
f 2637 2625 2638
f 2638 2625 2626
f 2638 2626 2639
f 2639 2626 2627
f 2639 2627 2640
f 2640 2627 2628
f 2640 2628 2641
f 2641 2628 2629
f 2641 2629 2642
f 2642 2629 2630
f 2642 2630 2643
f 2643 2630 2631
f 2643 2631 2644
f 2644 2631 2632
f 2644 2632 2645
f 2645 2632 2633
f 2645 2633 2646
f 2646 2633 2634
f 2646 2634 2647
f 2647 2634 2505
f 2647 2505 2507
f 2580 2463 2461
f 2580 2461 2648
f 2648 2461 2459
f 2648 2459 2649
f 2649 2459 2457
f 2649 2457 2650
f 2650 2457 2455
f 2650 2455 2651
f 2651 2455 2453
f 2651 2453 2652
f 2652 2453 2451
f 2652 2451 2653
f 2653 2451 2449
f 2653 2449 2654
f 2654 2449 2447
f 2654 2447 2655
f 2655 2447 2445
f 2655 2445 2656
f 2656 2445 2443
f 2656 2443 2657
f 2657 2443 2441
f 2657 2441 2553
f 2580 2648 2578
f 2578 2648 2658
f 2578 2658 2576
f 2576 2658 2659
f 2576 2659 2574
f 2574 2659 2572
f 2658 2648 2649
f 2658 2649 2660
f 2660 2649 2650
f 2660 2650 2661
f 2661 2650 2651
f 2661 2651 2662
f 2662 2651 2652
f 2662 2652 2663
f 2663 2652 2653
f 2663 2653 2664
f 2664 2653 2654
f 2664 2654 2665
f 2665 2654 2655
f 2665 2655 2666
f 2666 2655 2656
f 2666 2656 2667
f 2667 2656 2657
f 2667 2657 2668
f 2668 2657 2553
f 2668 2553 2552
f 2658 2660 2659
f 2659 2660 2669
f 2659 2669 2572
f 2572 2669 2570
f 2669 2660 2661
f 2669 2661 2670
f 2670 2661 2662
f 2670 2662 2671
f 2671 2662 2663
f 2671 2663 2672
f 2672 2663 2664
f 2672 2664 2673
f 2673 2664 2665
f 2673 2665 2674
f 2674 2665 2666
f 2674 2666 2675
f 2675 2666 2667
f 2675 2667 2676
f 2676 2667 2668
f 2676 2668 2677
f 2677 2668 2552
f 2677 2552 2551
f 2568 2570 2670
f 2670 2570 2669
f 2568 2670 2671
f 2566 2568 2671
f 2566 2671 2672
f 2564 2566 2672
f 2564 2672 2673
f 2562 2564 2673
f 2562 2673 2674
f 2560 2562 2674
f 2560 2674 2675
f 2558 2560 2675
f 2558 2675 2676
f 2556 2558 2676
f 2556 2676 2677
f 2554 2556 2677
f 2554 2677 2551
f 2507 2421 2419
f 2647 2507 2419
f 2647 2419 2417
f 2646 2647 2417
f 2646 2417 2415
f 2645 2646 2415
f 2645 2415 2413
f 2644 2645 2413
f 2644 2413 2411
f 2643 2644 2411
f 2643 2411 2409
f 2642 2643 2409
f 2642 2409 2407
f 2641 2642 2407
f 2641 2407 2405
f 2640 2641 2405
f 2640 2405 2403
f 2639 2640 2403
f 2639 2403 2401
f 2638 2639 2401
f 2638 2401 2399
f 2637 2638 2399
f 2637 2399 2397
f 2636 2637 2397
f 2636 2397 2395
f 2635 2636 2395
f 2635 2395 2393
f 2481 2635 2393
f 2678 2388 2679
f 2679 2388 2390
f 2679 2390 2680
f 2680 2390 2392
f 2680 2392 2681
f 2681 2392 2394
f 2681 2394 2682
f 2682 2394 2396
f 2682 2396 2683
f 2683 2396 2398
f 2683 2398 2684
f 2684 2398 2400
f 2684 2400 2685
f 2685 2400 2402
f 2685 2402 2686
f 2686 2402 2404
f 2686 2404 2687
f 2687 2404 2406
f 2687 2406 2688
f 2688 2406 2408
f 2688 2408 2689
f 2689 2408 2410
f 2689 2410 2690
f 2690 2410 2412
f 2690 2412 2691
f 2691 2412 2414
f 2691 2414 2692
f 2692 2414 2416
f 2692 2416 2693
f 2693 2416 2418
f 2693 2418 2694
f 2694 2418 2420
f 2694 2420 2695
f 2695 2420 2422
f 2695 2422 2696
f 2696 2422 2424
f 2696 2424 2697
f 2697 2424 2426
f 2697 2426 2698
f 2698 2426 2428
f 2698 2428 2699
f 2699 2428 2430
f 2699 2430 2700
f 2700 2430 2432
f 2700 2432 2701
f 2701 2432 2434
f 2701 2434 2702
f 2702 2434 2436
f 2702 2436 2703
f 2703 2436 2438
f 2703 2438 2704
f 2704 2438 2440
f 2704 2440 2705
f 2705 2440 2442
f 2705 2442 2706
f 2706 2442 2444
f 2706 2444 2707
f 2707 2444 2446
f 2707 2446 2708
f 2708 2446 2448
f 2708 2448 2709
f 2709 2448 2450
f 2709 2450 2710
f 2710 2450 2452
f 2710 2452 2711
f 2711 2452 2454
f 2711 2454 2712
f 2712 2454 2456
f 2712 2456 2713
f 2713 2456 2458
f 2713 2458 2714
f 2714 2458 2460
f 2714 2460 2715
f 2715 2460 2462
f 2715 2462 2716
f 2716 2462 2464
f 2716 2464 2717
f 2717 2464 2466
f 2717 2466 2718
f 2718 2466 2468
f 2718 2468 2719
f 2719 2468 2470
f 2719 2470 2678
f 2678 2470 2388
f 2611 2555 2474
f 2474 2555 2549
f 2474 2549 2472
f 2472 2549 2544
f 2472 2544 2484
f 2484 2544 2539
f 2484 2539 2486
f 2486 2539 2534
f 2486 2534 2488
f 2488 2534 2529
f 2488 2529 2490
f 2490 2529 2524
f 2490 2524 2492
f 2492 2524 2519
f 2492 2519 2494
f 2494 2519 2514
f 2494 2514 2496
f 2496 2514 2509
f 2496 2509 2498
f 2498 2509 2500
f 2555 2611 2557
f 2557 2611 2609
f 2557 2609 2559
f 2559 2609 2606
f 2559 2606 2561
f 2561 2606 2602
f 2561 2602 2563
f 2563 2602 2597
f 2563 2597 2565
f 2565 2597 2592
f 2565 2592 2567
f 2567 2592 2587
f 2567 2587 2569
f 2569 2587 2582
f 2569 2582 2571
f 2571 2582 2573
f 2680 2699 2679
f 2679 2699 2700
f 2679 2700 2678
f 2678 2700 2701
f 2678 2701 2719
f 2719 2701 2702
f 2719 2702 2718
f 2718 2702 2703
f 2718 2703 2717
f 2717 2703 2704
f 2717 2704 2716
f 2716 2704 2705
f 2716 2705 2715
f 2715 2705 2706
f 2715 2706 2714
f 2714 2706 2707
f 2714 2707 2713
f 2713 2707 2708
f 2713 2708 2712
f 2712 2708 2709
f 2712 2709 2711
f 2711 2709 2710
f 2699 2680 2698
f 2698 2680 2681
f 2698 2681 2697
f 2697 2681 2682
f 2697 2682 2696
f 2696 2682 2683
f 2696 2683 2695
f 2695 2683 2684
f 2695 2684 2694
f 2694 2684 2685
f 2694 2685 2693
f 2693 2685 2686
f 2693 2686 2692
f 2692 2686 2687
f 2692 2687 2691
f 2691 2687 2688
f 2691 2688 2690
f 2690 2688 2689
g Body3

v -2.000489 -0.715673 2.122554
v -1.999378 -0.715841 2.114013
v -2.002500 -0.742501 2.122554
v -2.001375 -0.742501 2.114013
v -2.000489 -0.769328 2.122554
v -1.999378 -0.769161 2.114013
v -1.994503 -0.795557 2.122554
v -1.993429 -0.795225 2.114013
v -1.984674 -0.820600 2.122554
v -1.983661 -0.820112 2.114013
v -1.971223 -0.843898 2.122554
v -1.970294 -0.843265 2.114013
v -1.954449 -0.864932 2.122554
v -1.953625 -0.864167 2.114013
v -1.934728 -0.883230 2.122554
v -1.934027 -0.882351 2.114013
v -1.912500 -0.898385 2.122554
v -1.911938 -0.897411 2.114013
v -1.888261 -0.910058 2.122554
v -1.887850 -0.909011 2.114013
v -1.862554 -0.917988 2.122554
v -1.862303 -0.916891 2.114013
v -1.835951 -0.921997 2.122554
v -1.835867 -0.920876 2.114013
v -1.809048 -0.921997 2.122554
v -1.809133 -0.920876 2.114013
v -1.782446 -0.917988 2.122554
v -1.782696 -0.916891 2.114013
v -1.756739 -0.910058 2.122554
v -1.757149 -0.909011 2.114013
v -1.732500 -0.898385 2.122554
v -1.733062 -0.897411 2.114013
v -1.710272 -0.883230 2.122554
v -1.710973 -0.882351 2.114013
v -1.690551 -0.864932 2.122554
v -1.691375 -0.864167 2.114013
v -1.673777 -0.843898 2.122554
v -1.674706 -0.843265 2.114013
v -1.660326 -0.820600 2.122554
v -1.661339 -0.820112 2.114013
v -1.650497 -0.795557 2.122554
v -1.651571 -0.795225 2.114013
v -1.644510 -0.769328 2.122554
v -1.645622 -0.769161 2.114013
v -1.642500 -0.742501 2.122554
v -1.643624 -0.742501 2.114013
v -1.644510 -0.715673 2.122554
v -1.645622 -0.715841 2.114013
v -1.650497 -0.689445 2.122554
v -1.651571 -0.689776 2.114013
v -1.660326 -0.664402 2.122554
v -1.661339 -0.664889 2.114013
v -1.673777 -0.641103 2.122554
v -1.674706 -0.641736 2.114013
v -1.690551 -0.620069 2.122554
v -1.691375 -0.620834 2.114013
v -1.710272 -0.601771 2.122554
v -1.710973 -0.602650 2.114013
v -1.732500 -0.586616 2.122554
v -1.733062 -0.587590 2.114013
v -1.756739 -0.574943 2.122554
v -1.757149 -0.575990 2.114013
v -1.782446 -0.567014 2.122554
v -1.782696 -0.568110 2.114013
v -1.809048 -0.563004 2.122554
v -1.809133 -0.564125 2.114013
v -1.835951 -0.563004 2.122554
v -1.835867 -0.564125 2.114013
v -1.862554 -0.567014 2.122554
v -1.862303 -0.568110 2.114013
v -1.888261 -0.574943 2.122554
v -1.887850 -0.575990 2.114013
v -1.912500 -0.586616 2.122554
v -1.911938 -0.587590 2.114013
v -1.934728 -0.601771 2.122554
v -1.934027 -0.602650 2.114013
v -1.954449 -0.620069 2.122554
v -1.953625 -0.620834 2.114013
v -1.971223 -0.641103 2.122554
v -1.970294 -0.641736 2.114013
v -1.984674 -0.664402 2.122554
v -1.983661 -0.664889 2.114013
v -1.994503 -0.689445 2.122554
v -1.993429 -0.689776 2.114013
v -1.967495 -0.766696 2.089554
v -1.976304 -0.765683 2.090679
v -1.969500 -0.742501 2.089554
v -1.978041 -0.742501 2.090679
v -1.976304 -0.719318 2.090679
v -1.986000 -0.742501 2.093975
v -1.984174 -0.718132 2.093975
v -1.992834 -0.742501 2.099220
v -1.990932 -0.717114 2.099220
v -1.998079 -0.742501 2.106054
v -1.996118 -0.716332 2.106054
v -1.971131 -0.788347 2.090679
v -1.961535 -0.790231 2.089554
v -1.962638 -0.809987 2.090679
v -1.951783 -0.812465 2.089554
v -1.951014 -0.830120 2.090679
v -1.938504 -0.832790 2.089554
v -1.936520 -0.848295 2.090679
v -1.922060 -0.850652 2.089554
v -1.919478 -0.864107 2.090679
v -1.902901 -0.865564 2.089554
v -1.900270 -0.877203 2.090679
v -1.881549 -0.877119 2.089554
v -1.879325 -0.887290 2.090679
v -1.858586 -0.885002 2.089554
v -1.857111 -0.894142 2.090679
v -1.834639 -0.888999 2.089554
v -1.834124 -0.897607 2.090679
v -1.810361 -0.888999 2.089554
v -1.810876 -0.897607 2.090679
v -1.787889 -0.894142 2.090679
v -1.786118 -0.901901 2.093975
v -1.762767 -0.894698 2.093975
v -1.760270 -0.901061 2.099220
v -1.737333 -0.890015 2.099220
v -1.734710 -0.894556 2.106054
v -1.713028 -0.879774 2.106054
v -1.786414 -0.885002 2.089554
v -1.765674 -0.887290 2.090679
v -1.740750 -0.884096 2.093975
v -1.716298 -0.875673 2.099220
v -1.693792 -0.861925 2.106054
v -1.763451 -0.877119 2.089554
v -1.744729 -0.877203 2.090679
v -1.720559 -0.870330 2.093975
v -1.697636 -0.858357 2.099220
v -1.677430 -0.841408 2.106054
v -1.742099 -0.865564 2.089554
v -1.725522 -0.864107 2.090679
v -1.702646 -0.853709 2.093975
v -1.681763 -0.838453 2.099220
v -1.664309 -0.818681 2.106054
v -1.722940 -0.850652 2.089554
v -1.708480 -0.848295 2.090679
v -1.687410 -0.834603 2.093975
v -1.669034 -0.816406 2.099220
v -1.654722 -0.794253 2.106054
v -1.706496 -0.832790 2.089554
v -1.693986 -0.830120 2.090679
v -1.675191 -0.813441 2.093975
v -1.659733 -0.792708 2.099220
v -1.648882 -0.768669 2.106054
v -1.693217 -0.812465 2.089554
v -1.682362 -0.809987 2.090679
v -1.666264 -0.790693 2.093975
v -1.654068 -0.767888 2.099220
v -1.646921 -0.742501 2.106054
v -1.683465 -0.790231 2.089554
v -1.673869 -0.788347 2.090679
v -1.660826 -0.766869 2.093975
v -1.652165 -0.742501 2.099220
v -1.648882 -0.716332 2.106054
v -1.677505 -0.766696 2.089554
v -1.668696 -0.765683 2.090679
v -1.659000 -0.742501 2.093975
v -1.654068 -0.717114 2.099220
v -1.654722 -0.690748 2.106054
v -1.675500 -0.742501 2.089554
v -1.666959 -0.742501 2.090679
v -1.660826 -0.718132 2.093975
v -1.659733 -0.692294 2.099220
v -1.664309 -0.666320 2.106054
v -1.668696 -0.719318 2.090679
v -1.677505 -0.718305 2.089554
v -1.673869 -0.696654 2.090679
v -1.683465 -0.694770 2.089554
v -1.682362 -0.675014 2.090679
v -1.693217 -0.672536 2.089554
v -1.693986 -0.654881 2.090679
v -1.706496 -0.652211 2.089554
v -1.708480 -0.636706 2.090679
v -1.722940 -0.634349 2.089554
v -1.725522 -0.620894 2.090679
v -1.742099 -0.619437 2.089554
v -1.744729 -0.607798 2.090679
v -1.763451 -0.607882 2.089554
v -1.765674 -0.597712 2.090679
v -1.786414 -0.599999 2.089554
v -1.787889 -0.590859 2.090679
v -1.810361 -0.596003 2.089554
v -1.810876 -0.587394 2.090679
v -1.834639 -0.596003 2.089554
v -1.834124 -0.587394 2.090679
v -1.857111 -0.590859 2.090679
v -1.858882 -0.583100 2.093975
v -1.882233 -0.590303 2.093975
v -1.884730 -0.583941 2.099220
v -1.907667 -0.594987 2.099220
v -1.910289 -0.590445 2.106054
v -1.931972 -0.605228 2.106054
v -1.858586 -0.599999 2.089554
v -1.879325 -0.597712 2.090679
v -1.904250 -0.600905 2.093975
v -1.928702 -0.609328 2.099220
v -1.951208 -0.623077 2.106054
v -1.881549 -0.607882 2.089554
v -1.900270 -0.607798 2.090679
v -1.924440 -0.614671 2.093975
v -1.947364 -0.626644 2.099220
v -1.967570 -0.643593 2.106054
v -1.902901 -0.619437 2.089554
v -1.919478 -0.620894 2.090679
v -1.942354 -0.631292 2.093975
v -1.963237 -0.646548 2.099220
v -1.980691 -0.666320 2.106054
v -1.922060 -0.634349 2.089554
v -1.936520 -0.636706 2.090679
v -1.957590 -0.650398 2.093975
v -1.975966 -0.668595 2.099220
v -1.990278 -0.690748 2.106054
v -1.938504 -0.652211 2.089554
v -1.951014 -0.654881 2.090679
v -1.969808 -0.671561 2.093975
v -1.985267 -0.692294 2.099220
v -1.951783 -0.672536 2.089554
v -1.962638 -0.675014 2.090679
v -1.978736 -0.694308 2.093975
v -1.961535 -0.694770 2.089554
v -1.971131 -0.696654 2.090679
v -1.967495 -0.718305 2.089554
v -1.984174 -0.766869 2.093975
v -1.978736 -0.790693 2.093975
v -1.969808 -0.813441 2.093975
v -1.957590 -0.834603 2.093975
v -1.942354 -0.853709 2.093975
v -1.924440 -0.870330 2.093975
v -1.904250 -0.884096 2.093975
v -1.882233 -0.894698 2.093975
v -1.858882 -0.901901 2.093975
v -1.834718 -0.905543 2.093975
v -1.810282 -0.905543 2.093975
v -1.990932 -0.767888 2.099220
v -1.985267 -0.792708 2.099220
v -1.975966 -0.816406 2.099220
v -1.963237 -0.838453 2.099220
v -1.947364 -0.858357 2.099220
v -1.928702 -0.875673 2.099220
v -1.907667 -0.890015 2.099220
v -1.884730 -0.901061 2.099220
v -1.860403 -0.908564 2.099220
v -1.835229 -0.912359 2.099220
v -1.809771 -0.912359 2.099220
v -1.784597 -0.908564 2.099220
v -1.996118 -0.768669 2.106054
v -1.990278 -0.794253 2.106054
v -1.980691 -0.818681 2.106054
v -1.967570 -0.841408 2.106054
v -1.951208 -0.861925 2.106054
v -1.931972 -0.879774 2.106054
v -1.910289 -0.894556 2.106054
v -1.886646 -0.905942 2.106054
v -1.861570 -0.913677 2.106054
v -1.835621 -0.917588 2.106054
v -1.809379 -0.917588 2.106054
v -1.783430 -0.913677 2.106054
v -1.758354 -0.905942 2.106054
v -1.886646 -0.579059 2.106054
v -1.861570 -0.571324 2.106054
v -1.835621 -0.567413 2.106054
v -1.809379 -0.567413 2.106054
v -1.783430 -0.571324 2.106054
v -1.758354 -0.579059 2.106054
v -1.734710 -0.590445 2.106054
v -1.713028 -0.605228 2.106054
v -1.693792 -0.623077 2.106054
v -1.677430 -0.643593 2.106054
v -1.860403 -0.576437 2.099220
v -1.834718 -0.579458 2.093975
v -1.835229 -0.572642 2.099220
v -1.809771 -0.572642 2.099220
v -1.784597 -0.576437 2.099220
v -1.760270 -0.583941 2.099220
v -1.737333 -0.594987 2.099220
v -1.716298 -0.609328 2.099220
v -1.697636 -0.626644 2.099220
v -1.681763 -0.646548 2.099220
v -1.669034 -0.668595 2.099220
v -1.810282 -0.579458 2.093975
v -1.786118 -0.583100 2.093975
v -1.762767 -0.590303 2.093975
v -1.740750 -0.600905 2.093975
v -1.720559 -0.614671 2.093975
v -1.702646 -0.631292 2.093975
v -1.687410 -0.650398 2.093975
v -1.675191 -0.671561 2.093975
v -1.666264 -0.694308 2.093975
v -2.000489 -0.715673 2.189554
v -2.002500 -0.742501 2.189554
v -2.000489 -0.769328 2.189554
v -1.994503 -0.795557 2.189554
v -1.984674 -0.820600 2.189554
v -1.971223 -0.843898 2.189554
v -1.954449 -0.864932 2.189554
v -1.934728 -0.883230 2.189554
v -1.912500 -0.898385 2.189554
v -1.888261 -0.910058 2.189554
v -1.862554 -0.917988 2.189554
v -1.835951 -0.921997 2.189554
v -1.809048 -0.921997 2.189554
v -1.782446 -0.917988 2.189554
v -1.756739 -0.910058 2.189554
v -1.732500 -0.898385 2.189554
v -1.710272 -0.883230 2.189554
v -1.690551 -0.864932 2.189554
v -1.673777 -0.843898 2.189554
v -1.660326 -0.820600 2.189554
v -1.650497 -0.795557 2.189554
v -1.644510 -0.769328 2.189554
v -1.642500 -0.742501 2.189554
v -1.644510 -0.715673 2.189554
v -1.650497 -0.689445 2.189554
v -1.660326 -0.664402 2.189554
v -1.673777 -0.641103 2.189554
v -1.690551 -0.620069 2.189554
v -1.710272 -0.601771 2.189554
v -1.732500 -0.586616 2.189554
v -1.756739 -0.574943 2.189554
v -1.782446 -0.567014 2.189554
v -1.809048 -0.563004 2.189554
v -1.835951 -0.563004 2.189554
v -1.862554 -0.567014 2.189554
v -1.888261 -0.574943 2.189554
v -1.912500 -0.586616 2.189554
v -1.934728 -0.601771 2.189554
v -1.954449 -0.620069 2.189554
v -1.971223 -0.641103 2.189554
v -1.984674 -0.664402 2.189554
v -1.994503 -0.689445 2.189554
f 2720 2721 2722
f 2722 2721 2723
f 2722 2723 2724
f 2724 2723 2725
f 2724 2725 2726
f 2726 2725 2727
f 2726 2727 2728
f 2728 2727 2729
f 2728 2729 2730
f 2730 2729 2731
f 2730 2731 2732
f 2732 2731 2733
f 2732 2733 2734
f 2734 2733 2735
f 2734 2735 2736
f 2736 2735 2737
f 2736 2737 2738
f 2738 2737 2739
f 2738 2739 2740
f 2740 2739 2741
f 2740 2741 2742
f 2742 2741 2743
f 2742 2743 2744
f 2744 2743 2745
f 2744 2745 2746
f 2746 2745 2747
f 2746 2747 2748
f 2748 2747 2749
f 2748 2749 2750
f 2750 2749 2751
f 2750 2751 2752
f 2752 2751 2753
f 2752 2753 2754
f 2754 2753 2755
f 2754 2755 2756
f 2756 2755 2757
f 2756 2757 2758
f 2758 2757 2759
f 2758 2759 2760
f 2760 2759 2761
f 2760 2761 2762
f 2762 2761 2763
f 2762 2763 2764
f 2764 2763 2765
f 2764 2765 2766
f 2766 2765 2767
f 2766 2767 2768
f 2768 2767 2769
f 2768 2769 2770
f 2770 2769 2771
f 2770 2771 2772
f 2772 2771 2773
f 2772 2773 2774
f 2774 2773 2775
f 2774 2775 2776
f 2776 2775 2777
f 2776 2777 2778
f 2778 2777 2779
f 2778 2779 2780
f 2780 2779 2781
f 2780 2781 2782
f 2782 2781 2783
f 2782 2783 2784
f 2784 2783 2785
f 2784 2785 2786
f 2786 2785 2787
f 2786 2787 2788
f 2788 2787 2789
f 2788 2789 2790
f 2790 2789 2791
f 2790 2791 2792
f 2792 2791 2793
f 2792 2793 2794
f 2794 2793 2795
f 2794 2795 2796
f 2796 2795 2797
f 2796 2797 2798
f 2798 2797 2799
f 2798 2799 2800
f 2800 2799 2801
f 2800 2801 2802
f 2802 2801 2803
f 2802 2803 2720
f 2720 2803 2721
f 2804 2805 2806
f 2806 2805 2807
f 2806 2807 2808
f 2808 2807 2809
f 2808 2809 2810
f 2810 2809 2811
f 2810 2811 2812
f 2812 2811 2813
f 2812 2813 2814
f 2814 2813 2723
f 2814 2723 2721
f 2805 2804 2815
f 2815 2804 2816
f 2815 2816 2817
f 2817 2816 2818
f 2817 2818 2819
f 2819 2818 2820
f 2819 2820 2821
f 2821 2820 2822
f 2821 2822 2823
f 2823 2822 2824
f 2823 2824 2825
f 2825 2824 2826
f 2825 2826 2827
f 2827 2826 2828
f 2827 2828 2829
f 2829 2828 2830
f 2829 2830 2831
f 2831 2830 2832
f 2831 2832 2833
f 2833 2832 2834
f 2833 2834 2835
f 2835 2834 2836
f 2835 2836 2837
f 2837 2836 2838
f 2837 2838 2839
f 2839 2838 2840
f 2839 2840 2753
f 2753 2840 2755
f 2832 2841 2834
f 2834 2841 2842
f 2834 2842 2836
f 2836 2842 2843
f 2836 2843 2838
f 2838 2843 2844
f 2838 2844 2840
f 2840 2844 2845
f 2840 2845 2755
f 2755 2845 2757
f 2841 2846 2842
f 2842 2846 2847
f 2842 2847 2843
f 2843 2847 2848
f 2843 2848 2844
f 2844 2848 2849
f 2844 2849 2845
f 2845 2849 2850
f 2845 2850 2757
f 2757 2850 2759
f 2846 2851 2847
f 2847 2851 2852
f 2847 2852 2848
f 2848 2852 2853
f 2848 2853 2849
f 2849 2853 2854
f 2849 2854 2850
f 2850 2854 2855
f 2850 2855 2759
f 2759 2855 2761
f 2851 2856 2852
f 2852 2856 2857
f 2852 2857 2853
f 2853 2857 2858
f 2853 2858 2854
f 2854 2858 2859
f 2854 2859 2855
f 2855 2859 2860
f 2855 2860 2761
f 2761 2860 2763
f 2856 2861 2857
f 2857 2861 2862
f 2857 2862 2858
f 2858 2862 2863
f 2858 2863 2859
f 2859 2863 2864
f 2859 2864 2860
f 2860 2864 2865
f 2860 2865 2763
f 2763 2865 2765
f 2861 2866 2862
f 2862 2866 2867
f 2862 2867 2863
f 2863 2867 2868
f 2863 2868 2864
f 2864 2868 2869
f 2864 2869 2865
f 2865 2869 2870
f 2865 2870 2765
f 2765 2870 2767
f 2866 2871 2867
f 2867 2871 2872
f 2867 2872 2868
f 2868 2872 2873
f 2868 2873 2869
f 2869 2873 2874
f 2869 2874 2870
f 2870 2874 2875
f 2870 2875 2767
f 2767 2875 2769
f 2871 2876 2872
f 2872 2876 2877
f 2872 2877 2873
f 2873 2877 2878
f 2873 2878 2874
f 2874 2878 2879
f 2874 2879 2875
f 2875 2879 2880
f 2875 2880 2769
f 2769 2880 2771
f 2876 2881 2877
f 2877 2881 2882
f 2877 2882 2878
f 2878 2882 2883
f 2878 2883 2879
f 2879 2883 2884
f 2879 2884 2880
f 2880 2884 2885
f 2880 2885 2771
f 2771 2885 2773
f 2882 2881 2886
f 2886 2881 2887
f 2886 2887 2888
f 2888 2887 2889
f 2888 2889 2890
f 2890 2889 2891
f 2890 2891 2892
f 2892 2891 2893
f 2892 2893 2894
f 2894 2893 2895
f 2894 2895 2896
f 2896 2895 2897
f 2896 2897 2898
f 2898 2897 2899
f 2898 2899 2900
f 2900 2899 2901
f 2900 2901 2902
f 2902 2901 2903
f 2902 2903 2904
f 2904 2903 2905
f 2904 2905 2906
f 2906 2905 2907
f 2906 2907 2908
f 2908 2907 2909
f 2908 2909 2910
f 2910 2909 2911
f 2910 2911 2912
f 2912 2911 2913
f 2912 2913 2795
f 2795 2913 2797
f 2905 2914 2907
f 2907 2914 2915
f 2907 2915 2909
f 2909 2915 2916
f 2909 2916 2911
f 2911 2916 2917
f 2911 2917 2913
f 2913 2917 2918
f 2913 2918 2797
f 2797 2918 2799
f 2914 2919 2915
f 2915 2919 2920
f 2915 2920 2916
f 2916 2920 2921
f 2916 2921 2917
f 2917 2921 2922
f 2917 2922 2918
f 2918 2922 2923
f 2918 2923 2799
f 2799 2923 2801
f 2919 2924 2920
f 2920 2924 2925
f 2920 2925 2921
f 2921 2925 2926
f 2921 2926 2922
f 2922 2926 2927
f 2922 2927 2923
f 2923 2927 2928
f 2923 2928 2801
f 2801 2928 2803
f 2924 2929 2925
f 2925 2929 2930
f 2925 2930 2926
f 2926 2930 2931
f 2926 2931 2927
f 2927 2931 2932
f 2927 2932 2928
f 2928 2932 2933
f 2928 2933 2803
f 2803 2933 2721
f 2929 2934 2930
f 2930 2934 2935
f 2930 2935 2931
f 2931 2935 2936
f 2931 2936 2932
f 2932 2936 2937
f 2932 2937 2933
f 2933 2937 2814
f 2933 2814 2721
f 2934 2938 2935
f 2935 2938 2939
f 2935 2939 2936
f 2936 2939 2940
f 2936 2940 2937
f 2937 2940 2812
f 2937 2812 2814
f 2938 2941 2939
f 2939 2941 2942
f 2939 2942 2940
f 2940 2942 2810
f 2940 2810 2812
f 2941 2943 2942
f 2942 2943 2808
f 2942 2808 2810
f 2943 2806 2808
f 2883 2882 2886
f 2809 2807 2944
f 2944 2807 2805
f 2944 2805 2945
f 2945 2805 2815
f 2945 2815 2946
f 2946 2815 2817
f 2946 2817 2947
f 2947 2817 2819
f 2947 2819 2948
f 2948 2819 2821
f 2948 2821 2949
f 2949 2821 2823
f 2949 2823 2950
f 2950 2823 2825
f 2950 2825 2951
f 2951 2825 2827
f 2951 2827 2952
f 2952 2827 2829
f 2952 2829 2953
f 2953 2829 2831
f 2953 2831 2954
f 2954 2831 2833
f 2954 2833 2835
f 2811 2809 2955
f 2955 2809 2944
f 2955 2944 2956
f 2956 2944 2945
f 2956 2945 2957
f 2957 2945 2946
f 2957 2946 2958
f 2958 2946 2947
f 2958 2947 2959
f 2959 2947 2948
f 2959 2948 2960
f 2960 2948 2949
f 2960 2949 2961
f 2961 2949 2950
f 2961 2950 2962
f 2962 2950 2951
f 2962 2951 2963
f 2963 2951 2952
f 2963 2952 2964
f 2964 2952 2953
f 2964 2953 2965
f 2965 2953 2954
f 2965 2954 2966
f 2966 2954 2835
f 2966 2835 2837
f 2725 2723 2813
f 2813 2811 2967
f 2967 2811 2955
f 2967 2955 2968
f 2968 2955 2956
f 2968 2956 2969
f 2969 2956 2957
f 2969 2957 2970
f 2970 2957 2958
f 2970 2958 2971
f 2971 2958 2959
f 2971 2959 2972
f 2972 2959 2960
f 2972 2960 2973
f 2973 2960 2961
f 2973 2961 2974
f 2974 2961 2962
f 2974 2962 2975
f 2975 2962 2963
f 2975 2963 2976
f 2976 2963 2964
f 2976 2964 2977
f 2977 2964 2965
f 2977 2965 2978
f 2978 2965 2966
f 2978 2966 2979
f 2979 2966 2837
f 2979 2837 2839
f 2912 2795 2793
f 2912 2793 2980
f 2980 2793 2791
f 2980 2791 2981
f 2981 2791 2789
f 2981 2789 2982
f 2982 2789 2787
f 2982 2787 2983
f 2983 2787 2785
f 2983 2785 2984
f 2984 2785 2783
f 2984 2783 2985
f 2985 2783 2781
f 2985 2781 2986
f 2986 2781 2779
f 2986 2779 2987
f 2987 2779 2777
f 2987 2777 2988
f 2988 2777 2775
f 2988 2775 2989
f 2989 2775 2773
f 2989 2773 2885
f 2912 2980 2910
f 2910 2980 2990
f 2910 2990 2908
f 2908 2990 2991
f 2908 2991 2906
f 2906 2991 2904
f 2990 2980 2981
f 2990 2981 2992
f 2992 2981 2982
f 2992 2982 2993
f 2993 2982 2983
f 2993 2983 2994
f 2994 2983 2984
f 2994 2984 2995
f 2995 2984 2985
f 2995 2985 2996
f 2996 2985 2986
f 2996 2986 2997
f 2997 2986 2987
f 2997 2987 2998
f 2998 2987 2988
f 2998 2988 2999
f 2999 2988 2989
f 2999 2989 3000
f 3000 2989 2885
f 3000 2885 2884
f 2990 2992 2991
f 2991 2992 3001
f 2991 3001 2904
f 2904 3001 2902
f 3001 2992 2993
f 3001 2993 3002
f 3002 2993 2994
f 3002 2994 3003
f 3003 2994 2995
f 3003 2995 3004
f 3004 2995 2996
f 3004 2996 3005
f 3005 2996 2997
f 3005 2997 3006
f 3006 2997 2998
f 3006 2998 3007
f 3007 2998 2999
f 3007 2999 3008
f 3008 2999 3000
f 3008 3000 3009
f 3009 3000 2884
f 3009 2884 2883
f 2900 2902 3002
f 3002 2902 3001
f 2900 3002 3003
f 2898 2900 3003
f 2898 3003 3004
f 2896 2898 3004
f 2896 3004 3005
f 2894 2896 3005
f 2894 3005 3006
f 2892 2894 3006
f 2892 3006 3007
f 2890 2892 3007
f 2890 3007 3008
f 2888 2890 3008
f 2888 3008 3009
f 2886 2888 3009
f 2886 3009 2883
f 2839 2753 2751
f 2979 2839 2751
f 2979 2751 2749
f 2978 2979 2749
f 2978 2749 2747
f 2977 2978 2747
f 2977 2747 2745
f 2976 2977 2745
f 2976 2745 2743
f 2975 2976 2743
f 2975 2743 2741
f 2974 2975 2741
f 2974 2741 2739
f 2973 2974 2739
f 2973 2739 2737
f 2972 2973 2737
f 2972 2737 2735
f 2971 2972 2735
f 2971 2735 2733
f 2970 2971 2733
f 2970 2733 2731
f 2969 2970 2731
f 2969 2731 2729
f 2968 2969 2729
f 2968 2729 2727
f 2967 2968 2727
f 2967 2727 2725
f 2813 2967 2725
f 3010 2720 3011
f 3011 2720 2722
f 3011 2722 3012
f 3012 2722 2724
f 3012 2724 3013
f 3013 2724 2726
f 3013 2726 3014
f 3014 2726 2728
f 3014 2728 3015
f 3015 2728 2730
f 3015 2730 3016
f 3016 2730 2732
f 3016 2732 3017
f 3017 2732 2734
f 3017 2734 3018
f 3018 2734 2736
f 3018 2736 3019
f 3019 2736 2738
f 3019 2738 3020
f 3020 2738 2740
f 3020 2740 3021
f 3021 2740 2742
f 3021 2742 3022
f 3022 2742 2744
f 3022 2744 3023
f 3023 2744 2746
f 3023 2746 3024
f 3024 2746 2748
f 3024 2748 3025
f 3025 2748 2750
f 3025 2750 3026
f 3026 2750 2752
f 3026 2752 3027
f 3027 2752 2754
f 3027 2754 3028
f 3028 2754 2756
f 3028 2756 3029
f 3029 2756 2758
f 3029 2758 3030
f 3030 2758 2760
f 3030 2760 3031
f 3031 2760 2762
f 3031 2762 3032
f 3032 2762 2764
f 3032 2764 3033
f 3033 2764 2766
f 3033 2766 3034
f 3034 2766 2768
f 3034 2768 3035
f 3035 2768 2770
f 3035 2770 3036
f 3036 2770 2772
f 3036 2772 3037
f 3037 2772 2774
f 3037 2774 3038
f 3038 2774 2776
f 3038 2776 3039
f 3039 2776 2778
f 3039 2778 3040
f 3040 2778 2780
f 3040 2780 3041
f 3041 2780 2782
f 3041 2782 3042
f 3042 2782 2784
f 3042 2784 3043
f 3043 2784 2786
f 3043 2786 3044
f 3044 2786 2788
f 3044 2788 3045
f 3045 2788 2790
f 3045 2790 3046
f 3046 2790 2792
f 3046 2792 3047
f 3047 2792 2794
f 3047 2794 3048
f 3048 2794 2796
f 3048 2796 3049
f 3049 2796 2798
f 3049 2798 3050
f 3050 2798 2800
f 3050 2800 3051
f 3051 2800 2802
f 3051 2802 3010
f 3010 2802 2720
f 2943 2887 2806
f 2806 2887 2881
f 2806 2881 2804
f 2804 2881 2876
f 2804 2876 2816
f 2816 2876 2871
f 2816 2871 2818
f 2818 2871 2866
f 2818 2866 2820
f 2820 2866 2861
f 2820 2861 2822
f 2822 2861 2856
f 2822 2856 2824
f 2824 2856 2851
f 2824 2851 2826
f 2826 2851 2846
f 2826 2846 2828
f 2828 2846 2841
f 2828 2841 2830
f 2830 2841 2832
f 2887 2943 2889
f 2889 2943 2941
f 2889 2941 2891
f 2891 2941 2938
f 2891 2938 2893
f 2893 2938 2934
f 2893 2934 2895
f 2895 2934 2929
f 2895 2929 2897
f 2897 2929 2924
f 2897 2924 2899
f 2899 2924 2919
f 2899 2919 2901
f 2901 2919 2914
f 2901 2914 2903
f 2903 2914 2905
f 3012 3031 3011
f 3011 3031 3032
f 3011 3032 3010
f 3010 3032 3033
f 3010 3033 3051
f 3051 3033 3034
f 3051 3034 3050
f 3050 3034 3035
f 3050 3035 3049
f 3049 3035 3036
f 3049 3036 3048
f 3048 3036 3037
f 3048 3037 3047
f 3047 3037 3038
f 3047 3038 3046
f 3046 3038 3039
f 3046 3039 3045
f 3045 3039 3040
f 3045 3040 3044
f 3044 3040 3041
f 3044 3041 3043
f 3043 3041 3042
f 3031 3012 3030
f 3030 3012 3013
f 3030 3013 3029
f 3029 3013 3014
f 3029 3014 3028
f 3028 3014 3015
f 3028 3015 3027
f 3027 3015 3016
f 3027 3016 3026
f 3026 3016 3017
f 3026 3017 3025
f 3025 3017 3018
f 3025 3018 3024
f 3024 3018 3019
f 3024 3019 3023
f 3023 3019 3020
f 3023 3020 3022
f 3022 3020 3021
g Body4

v 1.569510 0.854327 2.122554
v 1.570622 0.854159 2.114013
v 1.567500 0.827499 2.122554
v 1.568624 0.827499 2.114013
v 1.569510 0.800672 2.122554
v 1.570622 0.800839 2.114013
v 1.575497 0.774443 2.122554
v 1.576571 0.774775 2.114013
v 1.585326 0.749400 2.122554
v 1.586339 0.749888 2.114013
v 1.598777 0.726102 2.122554
v 1.599706 0.726735 2.114013
v 1.615551 0.705068 2.122554
v 1.616375 0.705833 2.114013
v 1.635272 0.686770 2.122554
v 1.635973 0.687649 2.114013
v 1.657500 0.671615 2.122554
v 1.658062 0.672589 2.114013
v 1.681739 0.659942 2.122554
v 1.682149 0.660989 2.114013
v 1.707446 0.652012 2.122554
v 1.707696 0.653109 2.114013
v 1.734049 0.648003 2.122554
v 1.734133 0.649124 2.114013
v 1.760951 0.648003 2.122554
v 1.760867 0.649124 2.114013
v 1.787554 0.652012 2.122554
v 1.787304 0.653109 2.114013
v 1.813261 0.659942 2.122554
v 1.812851 0.660989 2.114013
v 1.837500 0.671615 2.122554
v 1.836938 0.672589 2.114013
v 1.859728 0.686770 2.122554
v 1.859027 0.687649 2.114013
v 1.879449 0.705068 2.122554
v 1.878625 0.705833 2.114013
v 1.896223 0.726102 2.122554
v 1.895294 0.726735 2.114013
v 1.909674 0.749400 2.122554
v 1.908661 0.749888 2.114013
v 1.919503 0.774443 2.122554
v 1.918429 0.774775 2.114013
v 1.925490 0.800672 2.122554
v 1.924378 0.800839 2.114013
v 1.927500 0.827499 2.122554
v 1.926376 0.827499 2.114013
v 1.925490 0.854327 2.122554
v 1.924378 0.854159 2.114013
v 1.919503 0.880555 2.122554
v 1.918429 0.880224 2.114013
v 1.909674 0.905598 2.122554
v 1.908661 0.905111 2.114013
v 1.896223 0.928897 2.122554
v 1.895294 0.928264 2.114013
v 1.879449 0.949930 2.122554
v 1.878625 0.949166 2.114013
v 1.859728 0.968229 2.122554
v 1.859027 0.967350 2.114013
v 1.837500 0.983384 2.122554
v 1.836938 0.982410 2.114013
v 1.813261 0.995057 2.122554
v 1.812851 0.994010 2.114013
v 1.787554 1.002986 2.122554
v 1.787304 1.001890 2.114013
v 1.760951 1.006996 2.122554
v 1.760867 1.005875 2.114013
v 1.734049 1.006996 2.122554
v 1.734133 1.005875 2.114013
v 1.707446 1.002986 2.122554
v 1.707696 1.001890 2.114013
v 1.681739 0.995057 2.122554
v 1.682149 0.994010 2.114013
v 1.657500 0.983384 2.122554
v 1.658062 0.982410 2.114013
v 1.635272 0.968229 2.122554
v 1.635973 0.967350 2.114013
v 1.615551 0.949930 2.122554
v 1.616375 0.949166 2.114013
v 1.598777 0.928897 2.122554
v 1.599706 0.928264 2.114013
v 1.585326 0.905598 2.122554
v 1.586339 0.905111 2.114013
v 1.575497 0.880555 2.122554
v 1.576571 0.880224 2.114013
v 1.602505 0.803304 2.089554
v 1.593696 0.804317 2.090679
v 1.600500 0.827499 2.089554
v 1.591959 0.827499 2.090679
v 1.593696 0.850682 2.090679
v 1.584000 0.827499 2.093975
v 1.585826 0.851868 2.093975
v 1.577165 0.827499 2.099220
v 1.579068 0.852886 2.099220
v 1.571921 0.827499 2.106054
v 1.573882 0.853668 2.106054
v 1.598869 0.781653 2.090679
v 1.608465 0.779769 2.089554
v 1.607362 0.760013 2.090679
v 1.618217 0.757535 2.089554
v 1.618986 0.739880 2.090679
v 1.631496 0.737210 2.089554
v 1.633480 0.721705 2.090679
v 1.647940 0.719348 2.089554
v 1.650522 0.705893 2.090679
v 1.667099 0.704436 2.089554
v 1.669729 0.692797 2.090679
v 1.688451 0.692881 2.089554
v 1.690674 0.682710 2.090679
v 1.711414 0.684998 2.089554
v 1.712889 0.675858 2.090679
v 1.735361 0.681001 2.089554
v 1.735876 0.672393 2.090679
v 1.759639 0.681001 2.089554
v 1.759124 0.672393 2.090679
v 1.782111 0.675858 2.090679
v 1.783882 0.668099 2.093975
v 1.807233 0.675302 2.093975
v 1.809730 0.668939 2.099220
v 1.832667 0.679985 2.099220
v 1.835289 0.675444 2.106054
v 1.856972 0.690226 2.106054
v 1.783586 0.684998 2.089554
v 1.804326 0.682710 2.090679
v 1.829250 0.685904 2.093975
v 1.853702 0.694326 2.099220
v 1.876208 0.708075 2.106054
v 1.806549 0.692881 2.089554
v 1.825271 0.692797 2.090679
v 1.849441 0.699670 2.093975
v 1.872364 0.711642 2.099220
v 1.892570 0.728592 2.106054
v 1.827901 0.704436 2.089554
v 1.844478 0.705893 2.090679
v 1.867354 0.716291 2.093975
v 1.888237 0.731547 2.099220
v 1.905691 0.751319 2.106054
v 1.847060 0.719348 2.089554
v 1.861520 0.721705 2.090679
v 1.882590 0.735397 2.093975
v 1.900966 0.753594 2.099220
v 1.915278 0.775747 2.106054
v 1.863504 0.737210 2.089554
v 1.876014 0.739880 2.090679
v 1.894808 0.756559 2.093975
v 1.910267 0.777292 2.099220
v 1.921118 0.801331 2.106054
v 1.876783 0.757535 2.089554
v 1.887638 0.760013 2.090679
v 1.903736 0.779307 2.093975
v 1.915932 0.802112 2.099220
v 1.923079 0.827499 2.106054
v 1.886535 0.779769 2.089554
v 1.896131 0.781653 2.090679
v 1.909174 0.803131 2.093975
v 1.917835 0.827499 2.099220
v 1.921118 0.853668 2.106054
v 1.892495 0.803304 2.089554
v 1.901304 0.804317 2.090679
v 1.911000 0.827499 2.093975
v 1.915932 0.852886 2.099220
v 1.915278 0.879252 2.106054
v 1.894500 0.827499 2.089554
v 1.903041 0.827499 2.090679
v 1.909174 0.851868 2.093975
v 1.910267 0.877706 2.099220
v 1.905691 0.903680 2.106054
v 1.901304 0.850682 2.090679
v 1.892495 0.851695 2.089554
v 1.896131 0.873346 2.090679
v 1.886535 0.875230 2.089554
v 1.887638 0.894986 2.090679
v 1.876783 0.897464 2.089554
v 1.876014 0.915119 2.090679
v 1.863504 0.917789 2.089554
v 1.861520 0.933294 2.090679
v 1.847060 0.935651 2.089554
v 1.844478 0.949106 2.090679
v 1.827901 0.950563 2.089554
v 1.825271 0.962202 2.090679
v 1.806549 0.962118 2.089554
v 1.804326 0.972288 2.090679
v 1.783586 0.970001 2.089554
v 1.782111 0.979141 2.090679
v 1.759639 0.973997 2.089554
v 1.759124 0.982605 2.090679
v 1.735361 0.973997 2.089554
v 1.735876 0.982605 2.090679
v 1.712889 0.979141 2.090679
v 1.711118 0.986900 2.093975
v 1.687767 0.979697 2.093975
v 1.685270 0.986059 2.099220
v 1.662333 0.975013 2.099220
v 1.659711 0.979555 2.106054
v 1.638028 0.964772 2.106054
v 1.711414 0.970001 2.089554
v 1.690674 0.972288 2.090679
v 1.665750 0.969095 2.093975
v 1.641298 0.960672 2.099220
v 1.618792 0.946923 2.106054
v 1.688451 0.962118 2.089554
v 1.669729 0.962202 2.090679
v 1.645559 0.955329 2.093975
v 1.622636 0.943356 2.099220
v 1.602430 0.926406 2.106054
v 1.667099 0.950563 2.089554
v 1.650522 0.949106 2.090679
v 1.627646 0.938708 2.093975
v 1.606763 0.923452 2.099220
v 1.589309 0.903680 2.106054
v 1.647940 0.935651 2.089554
v 1.633480 0.933294 2.090679
v 1.612410 0.919602 2.093975
v 1.594034 0.901405 2.099220
v 1.579722 0.879252 2.106054
v 1.631496 0.917789 2.089554
v 1.618986 0.915119 2.090679
v 1.600192 0.898439 2.093975
v 1.584733 0.877706 2.099220
v 1.618217 0.897464 2.089554
v 1.607362 0.894986 2.090679
v 1.591264 0.875692 2.093975
v 1.608465 0.875230 2.089554
v 1.598869 0.873346 2.090679
v 1.602505 0.851695 2.089554
v 1.585826 0.803131 2.093975
v 1.591264 0.779307 2.093975
v 1.600192 0.756559 2.093975
v 1.612410 0.735397 2.093975
v 1.627646 0.716291 2.093975
v 1.645559 0.699670 2.093975
v 1.665750 0.685904 2.093975
v 1.687767 0.675302 2.093975
v 1.711118 0.668099 2.093975
v 1.735282 0.664457 2.093975
v 1.759718 0.664457 2.093975
v 1.579068 0.802112 2.099220
v 1.584733 0.777292 2.099220
v 1.594034 0.753594 2.099220
v 1.606763 0.731547 2.099220
v 1.622636 0.711642 2.099220
v 1.641298 0.694326 2.099220
v 1.662333 0.679985 2.099220
v 1.685270 0.668939 2.099220
v 1.709597 0.661436 2.099220
v 1.734771 0.657641 2.099220
v 1.760229 0.657641 2.099220
v 1.785403 0.661436 2.099220
v 1.573882 0.801331 2.106054
v 1.579722 0.775747 2.106054
v 1.589309 0.751319 2.106054
v 1.602430 0.728592 2.106054
v 1.618792 0.708075 2.106054
v 1.638028 0.690226 2.106054
v 1.659711 0.675444 2.106054
v 1.683354 0.664058 2.106054
v 1.708430 0.656323 2.106054
v 1.734379 0.652412 2.106054
v 1.760621 0.652412 2.106054
v 1.786570 0.656323 2.106054
v 1.811646 0.664058 2.106054
v 1.683354 0.990941 2.106054
v 1.708430 0.998676 2.106054
v 1.734379 1.002587 2.106054
v 1.760621 1.002587 2.106054
v 1.786570 0.998676 2.106054
v 1.811646 0.990941 2.106054
v 1.835289 0.979555 2.106054
v 1.856972 0.964772 2.106054
v 1.876208 0.946923 2.106054
v 1.892570 0.926406 2.106054
v 1.709597 0.993563 2.099220
v 1.735282 0.990542 2.093975
v 1.734771 0.997358 2.099220
v 1.760229 0.997358 2.099220
v 1.785403 0.993563 2.099220
v 1.809730 0.986059 2.099220
v 1.832667 0.975013 2.099220
v 1.853702 0.960672 2.099220
v 1.872364 0.943356 2.099220
v 1.888237 0.923452 2.099220
v 1.900966 0.901405 2.099220
v 1.759718 0.990542 2.093975
v 1.783882 0.986900 2.093975
v 1.807233 0.979697 2.093975
v 1.829250 0.969095 2.093975
v 1.849441 0.955329 2.093975
v 1.867354 0.938708 2.093975
v 1.882590 0.919602 2.093975
v 1.894808 0.898439 2.093975
v 1.903736 0.875692 2.093975
v 1.569510 0.854327 2.189554
v 1.567500 0.827499 2.189554
v 1.569510 0.800672 2.189554
v 1.575497 0.774443 2.189554
v 1.585326 0.749400 2.189554
v 1.598777 0.726102 2.189554
v 1.615551 0.705068 2.189554
v 1.635272 0.686770 2.189554
v 1.657500 0.671615 2.189554
v 1.681739 0.659942 2.189554
v 1.707446 0.652012 2.189554
v 1.734049 0.648003 2.189554
v 1.760951 0.648003 2.189554
v 1.787554 0.652012 2.189554
v 1.813261 0.659942 2.189554
v 1.837500 0.671615 2.189554
v 1.859728 0.686770 2.189554
v 1.879449 0.705068 2.189554
v 1.896223 0.726102 2.189554
v 1.909674 0.749400 2.189554
v 1.919503 0.774443 2.189554
v 1.925490 0.800672 2.189554
v 1.927500 0.827499 2.189554
v 1.925490 0.854327 2.189554
v 1.919503 0.880555 2.189554
v 1.909674 0.905598 2.189554
v 1.896223 0.928897 2.189554
v 1.879449 0.949930 2.189554
v 1.859728 0.968229 2.189554
v 1.837500 0.983384 2.189554
v 1.813261 0.995057 2.189554
v 1.787554 1.002986 2.189554
v 1.760951 1.006996 2.189554
v 1.734049 1.006996 2.189554
v 1.707446 1.002986 2.189554
v 1.681739 0.995057 2.189554
v 1.657500 0.983384 2.189554
v 1.635272 0.968229 2.189554
v 1.615551 0.949930 2.189554
v 1.598777 0.928897 2.189554
v 1.585326 0.905598 2.189554
v 1.575497 0.880555 2.189554
f 3052 3053 3054
f 3054 3053 3055
f 3054 3055 3056
f 3056 3055 3057
f 3056 3057 3058
f 3058 3057 3059
f 3058 3059 3060
f 3060 3059 3061
f 3060 3061 3062
f 3062 3061 3063
f 3062 3063 3064
f 3064 3063 3065
f 3064 3065 3066
f 3066 3065 3067
f 3066 3067 3068
f 3068 3067 3069
f 3068 3069 3070
f 3070 3069 3071
f 3070 3071 3072
f 3072 3071 3073
f 3072 3073 3074
f 3074 3073 3075
f 3074 3075 3076
f 3076 3075 3077
f 3076 3077 3078
f 3078 3077 3079
f 3078 3079 3080
f 3080 3079 3081
f 3080 3081 3082
f 3082 3081 3083
f 3082 3083 3084
f 3084 3083 3085
f 3084 3085 3086
f 3086 3085 3087
f 3086 3087 3088
f 3088 3087 3089
f 3088 3089 3090
f 3090 3089 3091
f 3090 3091 3092
f 3092 3091 3093
f 3092 3093 3094
f 3094 3093 3095
f 3094 3095 3096
f 3096 3095 3097
f 3096 3097 3098
f 3098 3097 3099
f 3098 3099 3100
f 3100 3099 3101
f 3100 3101 3102
f 3102 3101 3103
f 3102 3103 3104
f 3104 3103 3105
f 3104 3105 3106
f 3106 3105 3107
f 3106 3107 3108
f 3108 3107 3109
f 3108 3109 3110
f 3110 3109 3111
f 3110 3111 3112
f 3112 3111 3113
f 3112 3113 3114
f 3114 3113 3115
f 3114 3115 3116
f 3116 3115 3117
f 3116 3117 3118
f 3118 3117 3119
f 3118 3119 3120
f 3120 3119 3121
f 3120 3121 3122
f 3122 3121 3123
f 3122 3123 3124
f 3124 3123 3125
f 3124 3125 3126
f 3126 3125 3127
f 3126 3127 3128
f 3128 3127 3129
f 3128 3129 3130
f 3130 3129 3131
f 3130 3131 3132
f 3132 3131 3133
f 3132 3133 3134
f 3134 3133 3135
f 3134 3135 3052
f 3052 3135 3053
f 3136 3137 3138
f 3138 3137 3139
f 3138 3139 3140
f 3140 3139 3141
f 3140 3141 3142
f 3142 3141 3143
f 3142 3143 3144
f 3144 3143 3145
f 3144 3145 3146
f 3146 3145 3055
f 3146 3055 3053
f 3137 3136 3147
f 3147 3136 3148
f 3147 3148 3149
f 3149 3148 3150
f 3149 3150 3151
f 3151 3150 3152
f 3151 3152 3153
f 3153 3152 3154
f 3153 3154 3155
f 3155 3154 3156
f 3155 3156 3157
f 3157 3156 3158
f 3157 3158 3159
f 3159 3158 3160
f 3159 3160 3161
f 3161 3160 3162
f 3161 3162 3163
f 3163 3162 3164
f 3163 3164 3165
f 3165 3164 3166
f 3165 3166 3167
f 3167 3166 3168
f 3167 3168 3169
f 3169 3168 3170
f 3169 3170 3171
f 3171 3170 3172
f 3171 3172 3085
f 3085 3172 3087
f 3164 3173 3166
f 3166 3173 3174
f 3166 3174 3168
f 3168 3174 3175
f 3168 3175 3170
f 3170 3175 3176
f 3170 3176 3172
f 3172 3176 3177
f 3172 3177 3087
f 3087 3177 3089
f 3173 3178 3174
f 3174 3178 3179
f 3174 3179 3175
f 3175 3179 3180
f 3175 3180 3176
f 3176 3180 3181
f 3176 3181 3177
f 3177 3181 3182
f 3177 3182 3089
f 3089 3182 3091
f 3178 3183 3179
f 3179 3183 3184
f 3179 3184 3180
f 3180 3184 3185
f 3180 3185 3181
f 3181 3185 3186
f 3181 3186 3182
f 3182 3186 3187
f 3182 3187 3091
f 3091 3187 3093
f 3183 3188 3184
f 3184 3188 3189
f 3184 3189 3185
f 3185 3189 3190
f 3185 3190 3186
f 3186 3190 3191
f 3186 3191 3187
f 3187 3191 3192
f 3187 3192 3093
f 3093 3192 3095
f 3188 3193 3189
f 3189 3193 3194
f 3189 3194 3190
f 3190 3194 3195
f 3190 3195 3191
f 3191 3195 3196
f 3191 3196 3192
f 3192 3196 3197
f 3192 3197 3095
f 3095 3197 3097
f 3193 3198 3194
f 3194 3198 3199
f 3194 3199 3195
f 3195 3199 3200
f 3195 3200 3196
f 3196 3200 3201
f 3196 3201 3197
f 3197 3201 3202
f 3197 3202 3097
f 3097 3202 3099
f 3198 3203 3199
f 3199 3203 3204
f 3199 3204 3200
f 3200 3204 3205
f 3200 3205 3201
f 3201 3205 3206
f 3201 3206 3202
f 3202 3206 3207
f 3202 3207 3099
f 3099 3207 3101
f 3203 3208 3204
f 3204 3208 3209
f 3204 3209 3205
f 3205 3209 3210
f 3205 3210 3206
f 3206 3210 3211
f 3206 3211 3207
f 3207 3211 3212
f 3207 3212 3101
f 3101 3212 3103
f 3208 3213 3209
f 3209 3213 3214
f 3209 3214 3210
f 3210 3214 3215
f 3210 3215 3211
f 3211 3215 3216
f 3211 3216 3212
f 3212 3216 3217
f 3212 3217 3103
f 3103 3217 3105
f 3214 3213 3218
f 3218 3213 3219
f 3218 3219 3220
f 3220 3219 3221
f 3220 3221 3222
f 3222 3221 3223
f 3222 3223 3224
f 3224 3223 3225
f 3224 3225 3226
f 3226 3225 3227
f 3226 3227 3228
f 3228 3227 3229
f 3228 3229 3230
f 3230 3229 3231
f 3230 3231 3232
f 3232 3231 3233
f 3232 3233 3234
f 3234 3233 3235
f 3234 3235 3236
f 3236 3235 3237
f 3236 3237 3238
f 3238 3237 3239
f 3238 3239 3240
f 3240 3239 3241
f 3240 3241 3242
f 3242 3241 3243
f 3242 3243 3244
f 3244 3243 3245
f 3244 3245 3127
f 3127 3245 3129
f 3237 3246 3239
f 3239 3246 3247
f 3239 3247 3241
f 3241 3247 3248
f 3241 3248 3243
f 3243 3248 3249
f 3243 3249 3245
f 3245 3249 3250
f 3245 3250 3129
f 3129 3250 3131
f 3246 3251 3247
f 3247 3251 3252
f 3247 3252 3248
f 3248 3252 3253
f 3248 3253 3249
f 3249 3253 3254
f 3249 3254 3250
f 3250 3254 3255
f 3250 3255 3131
f 3131 3255 3133
f 3251 3256 3252
f 3252 3256 3257
f 3252 3257 3253
f 3253 3257 3258
f 3253 3258 3254
f 3254 3258 3259
f 3254 3259 3255
f 3255 3259 3260
f 3255 3260 3133
f 3133 3260 3135
f 3256 3261 3257
f 3257 3261 3262
f 3257 3262 3258
f 3258 3262 3263
f 3258 3263 3259
f 3259 3263 3264
f 3259 3264 3260
f 3260 3264 3265
f 3260 3265 3135
f 3135 3265 3053
f 3261 3266 3262
f 3262 3266 3267
f 3262 3267 3263
f 3263 3267 3268
f 3263 3268 3264
f 3264 3268 3269
f 3264 3269 3265
f 3265 3269 3146
f 3265 3146 3053
f 3266 3270 3267
f 3267 3270 3271
f 3267 3271 3268
f 3268 3271 3272
f 3268 3272 3269
f 3269 3272 3144
f 3269 3144 3146
f 3270 3273 3271
f 3271 3273 3274
f 3271 3274 3272
f 3272 3274 3142
f 3272 3142 3144
f 3273 3275 3274
f 3274 3275 3140
f 3274 3140 3142
f 3275 3138 3140
f 3215 3214 3218
f 3141 3139 3276
f 3276 3139 3137
f 3276 3137 3277
f 3277 3137 3147
f 3277 3147 3278
f 3278 3147 3149
f 3278 3149 3279
f 3279 3149 3151
f 3279 3151 3280
f 3280 3151 3153
f 3280 3153 3281
f 3281 3153 3155
f 3281 3155 3282
f 3282 3155 3157
f 3282 3157 3283
f 3283 3157 3159
f 3283 3159 3284
f 3284 3159 3161
f 3284 3161 3285
f 3285 3161 3163
f 3285 3163 3286
f 3286 3163 3165
f 3286 3165 3167
f 3143 3141 3287
f 3287 3141 3276
f 3287 3276 3288
f 3288 3276 3277
f 3288 3277 3289
f 3289 3277 3278
f 3289 3278 3290
f 3290 3278 3279
f 3290 3279 3291
f 3291 3279 3280
f 3291 3280 3292
f 3292 3280 3281
f 3292 3281 3293
f 3293 3281 3282
f 3293 3282 3294
f 3294 3282 3283
f 3294 3283 3295
f 3295 3283 3284
f 3295 3284 3296
f 3296 3284 3285
f 3296 3285 3297
f 3297 3285 3286
f 3297 3286 3298
f 3298 3286 3167
f 3298 3167 3169
f 3057 3055 3145
f 3145 3143 3299
f 3299 3143 3287
f 3299 3287 3300
f 3300 3287 3288
f 3300 3288 3301
f 3301 3288 3289
f 3301 3289 3302
f 3302 3289 3290
f 3302 3290 3303
f 3303 3290 3291
f 3303 3291 3304
f 3304 3291 3292
f 3304 3292 3305
f 3305 3292 3293
f 3305 3293 3306
f 3306 3293 3294
f 3306 3294 3307
f 3307 3294 3295
f 3307 3295 3308
f 3308 3295 3296
f 3308 3296 3309
f 3309 3296 3297
f 3309 3297 3310
f 3310 3297 3298
f 3310 3298 3311
f 3311 3298 3169
f 3311 3169 3171
f 3244 3127 3125
f 3244 3125 3312
f 3312 3125 3123
f 3312 3123 3313
f 3313 3123 3121
f 3313 3121 3314
f 3314 3121 3119
f 3314 3119 3315
f 3315 3119 3117
f 3315 3117 3316
f 3316 3117 3115
f 3316 3115 3317
f 3317 3115 3113
f 3317 3113 3318
f 3318 3113 3111
f 3318 3111 3319
f 3319 3111 3109
f 3319 3109 3320
f 3320 3109 3107
f 3320 3107 3321
f 3321 3107 3105
f 3321 3105 3217
f 3244 3312 3242
f 3242 3312 3322
f 3242 3322 3240
f 3240 3322 3323
f 3240 3323 3238
f 3238 3323 3236
f 3322 3312 3313
f 3322 3313 3324
f 3324 3313 3314
f 3324 3314 3325
f 3325 3314 3315
f 3325 3315 3326
f 3326 3315 3316
f 3326 3316 3327
f 3327 3316 3317
f 3327 3317 3328
f 3328 3317 3318
f 3328 3318 3329
f 3329 3318 3319
f 3329 3319 3330
f 3330 3319 3320
f 3330 3320 3331
f 3331 3320 3321
f 3331 3321 3332
f 3332 3321 3217
f 3332 3217 3216
f 3322 3324 3323
f 3323 3324 3333
f 3323 3333 3236
f 3236 3333 3234
f 3333 3324 3325
f 3333 3325 3334
f 3334 3325 3326
f 3334 3326 3335
f 3335 3326 3327
f 3335 3327 3336
f 3336 3327 3328
f 3336 3328 3337
f 3337 3328 3329
f 3337 3329 3338
f 3338 3329 3330
f 3338 3330 3339
f 3339 3330 3331
f 3339 3331 3340
f 3340 3331 3332
f 3340 3332 3341
f 3341 3332 3216
f 3341 3216 3215
f 3232 3234 3334
f 3334 3234 3333
f 3232 3334 3335
f 3230 3232 3335
f 3230 3335 3336
f 3228 3230 3336
f 3228 3336 3337
f 3226 3228 3337
f 3226 3337 3338
f 3224 3226 3338
f 3224 3338 3339
f 3222 3224 3339
f 3222 3339 3340
f 3220 3222 3340
f 3220 3340 3341
f 3218 3220 3341
f 3218 3341 3215
f 3171 3085 3083
f 3311 3171 3083
f 3311 3083 3081
f 3310 3311 3081
f 3310 3081 3079
f 3309 3310 3079
f 3309 3079 3077
f 3308 3309 3077
f 3308 3077 3075
f 3307 3308 3075
f 3307 3075 3073
f 3306 3307 3073
f 3306 3073 3071
f 3305 3306 3071
f 3305 3071 3069
f 3304 3305 3069
f 3304 3069 3067
f 3303 3304 3067
f 3303 3067 3065
f 3302 3303 3065
f 3302 3065 3063
f 3301 3302 3063
f 3301 3063 3061
f 3300 3301 3061
f 3300 3061 3059
f 3299 3300 3059
f 3299 3059 3057
f 3145 3299 3057
f 3342 3052 3343
f 3343 3052 3054
f 3343 3054 3344
f 3344 3054 3056
f 3344 3056 3345
f 3345 3056 3058
f 3345 3058 3346
f 3346 3058 3060
f 3346 3060 3347
f 3347 3060 3062
f 3347 3062 3348
f 3348 3062 3064
f 3348 3064 3349
f 3349 3064 3066
f 3349 3066 3350
f 3350 3066 3068
f 3350 3068 3351
f 3351 3068 3070
f 3351 3070 3352
f 3352 3070 3072
f 3352 3072 3353
f 3353 3072 3074
f 3353 3074 3354
f 3354 3074 3076
f 3354 3076 3355
f 3355 3076 3078
f 3355 3078 3356
f 3356 3078 3080
f 3356 3080 3357
f 3357 3080 3082
f 3357 3082 3358
f 3358 3082 3084
f 3358 3084 3359
f 3359 3084 3086
f 3359 3086 3360
f 3360 3086 3088
f 3360 3088 3361
f 3361 3088 3090
f 3361 3090 3362
f 3362 3090 3092
f 3362 3092 3363
f 3363 3092 3094
f 3363 3094 3364
f 3364 3094 3096
f 3364 3096 3365
f 3365 3096 3098
f 3365 3098 3366
f 3366 3098 3100
f 3366 3100 3367
f 3367 3100 3102
f 3367 3102 3368
f 3368 3102 3104
f 3368 3104 3369
f 3369 3104 3106
f 3369 3106 3370
f 3370 3106 3108
f 3370 3108 3371
f 3371 3108 3110
f 3371 3110 3372
f 3372 3110 3112
f 3372 3112 3373
f 3373 3112 3114
f 3373 3114 3374
f 3374 3114 3116
f 3374 3116 3375
f 3375 3116 3118
f 3375 3118 3376
f 3376 3118 3120
f 3376 3120 3377
f 3377 3120 3122
f 3377 3122 3378
f 3378 3122 3124
f 3378 3124 3379
f 3379 3124 3126
f 3379 3126 3380
f 3380 3126 3128
f 3380 3128 3381
f 3381 3128 3130
f 3381 3130 3382
f 3382 3130 3132
f 3382 3132 3383
f 3383 3132 3134
f 3383 3134 3342
f 3342 3134 3052
f 3275 3219 3138
f 3138 3219 3213
f 3138 3213 3136
f 3136 3213 3208
f 3136 3208 3148
f 3148 3208 3203
f 3148 3203 3150
f 3150 3203 3198
f 3150 3198 3152
f 3152 3198 3193
f 3152 3193 3154
f 3154 3193 3188
f 3154 3188 3156
f 3156 3188 3183
f 3156 3183 3158
f 3158 3183 3178
f 3158 3178 3160
f 3160 3178 3173
f 3160 3173 3162
f 3162 3173 3164
f 3219 3275 3221
f 3221 3275 3273
f 3221 3273 3223
f 3223 3273 3270
f 3223 3270 3225
f 3225 3270 3266
f 3225 3266 3227
f 3227 3266 3261
f 3227 3261 3229
f 3229 3261 3256
f 3229 3256 3231
f 3231 3256 3251
f 3231 3251 3233
f 3233 3251 3246
f 3233 3246 3235
f 3235 3246 3237
f 3344 3363 3343
f 3343 3363 3364
f 3343 3364 3342
f 3342 3364 3365
f 3342 3365 3383
f 3383 3365 3366
f 3383 3366 3382
f 3382 3366 3367
f 3382 3367 3381
f 3381 3367 3368
f 3381 3368 3380
f 3380 3368 3369
f 3380 3369 3379
f 3379 3369 3370
f 3379 3370 3378
f 3378 3370 3371
f 3378 3371 3377
f 3377 3371 3372
f 3377 3372 3376
f 3376 3372 3373
f 3376 3373 3375
f 3375 3373 3374
f 3363 3344 3362
f 3362 3344 3345
f 3362 3345 3361
f 3361 3345 3346
f 3361 3346 3360
f 3360 3346 3347
f 3360 3347 3359
f 3359 3347 3348
f 3359 3348 3358
f 3358 3348 3349
f 3358 3349 3357
f 3357 3349 3350
f 3357 3350 3356
f 3356 3350 3351
f 3356 3351 3355
f 3355 3351 3352
f 3355 3352 3354
f 3354 3352 3353
g Body5

v 1.559510 -0.715673 2.122554
v 1.560622 -0.715841 2.114013
v 1.557500 -0.742501 2.122554
v 1.558624 -0.742501 2.114013
v 1.559510 -0.769328 2.122554
v 1.560622 -0.769161 2.114013
v 1.565497 -0.795557 2.122554
v 1.566571 -0.795225 2.114013
v 1.575326 -0.820600 2.122554
v 1.576339 -0.820112 2.114013
v 1.588777 -0.843898 2.122554
v 1.589706 -0.843265 2.114013
v 1.605551 -0.864932 2.122554
v 1.606375 -0.864167 2.114013
v 1.625272 -0.883230 2.122554
v 1.625973 -0.882351 2.114013
v 1.647500 -0.898385 2.122554
v 1.648062 -0.897411 2.114013
v 1.671739 -0.910058 2.122554
v 1.672149 -0.909011 2.114013
v 1.697446 -0.917988 2.122554
v 1.697696 -0.916891 2.114013
v 1.724049 -0.921997 2.122554
v 1.724133 -0.920876 2.114013
v 1.750951 -0.921997 2.122554
v 1.750867 -0.920876 2.114013
v 1.777554 -0.917988 2.122554
v 1.777304 -0.916891 2.114013
v 1.803261 -0.910058 2.122554
v 1.802851 -0.909011 2.114013
v 1.827500 -0.898385 2.122554
v 1.826938 -0.897411 2.114013
v 1.849728 -0.883230 2.122554
v 1.849027 -0.882351 2.114013
v 1.869449 -0.864932 2.122554
v 1.868625 -0.864167 2.114013
v 1.886223 -0.843898 2.122554
v 1.885294 -0.843265 2.114013
v 1.899674 -0.820600 2.122554
v 1.898661 -0.820112 2.114013
v 1.909503 -0.795557 2.122554
v 1.908429 -0.795225 2.114013
v 1.915490 -0.769328 2.122554
v 1.914378 -0.769161 2.114013
v 1.917500 -0.742501 2.122554
v 1.916376 -0.742501 2.114013
v 1.915490 -0.715673 2.122554
v 1.914378 -0.715841 2.114013
v 1.909503 -0.689445 2.122554
v 1.908429 -0.689776 2.114013
v 1.899674 -0.664402 2.122554
v 1.898661 -0.664889 2.114013
v 1.886223 -0.641103 2.122554
v 1.885294 -0.641736 2.114013
v 1.869449 -0.620069 2.122554
v 1.868625 -0.620834 2.114013
v 1.849728 -0.601771 2.122554
v 1.849027 -0.602650 2.114013
v 1.827500 -0.586616 2.122554
v 1.826938 -0.587590 2.114013
v 1.803261 -0.574943 2.122554
v 1.802851 -0.575990 2.114013
v 1.777554 -0.567014 2.122554
v 1.777304 -0.568110 2.114013
v 1.750951 -0.563004 2.122554
v 1.750867 -0.564125 2.114013
v 1.724049 -0.563004 2.122554
v 1.724133 -0.564125 2.114013
v 1.697446 -0.567014 2.122554
v 1.697696 -0.568110 2.114013
v 1.671739 -0.574943 2.122554
v 1.672149 -0.575990 2.114013
v 1.647500 -0.586616 2.122554
v 1.648062 -0.587590 2.114013
v 1.625272 -0.601771 2.122554
v 1.625973 -0.602650 2.114013
v 1.605551 -0.620069 2.122554
v 1.606375 -0.620834 2.114013
v 1.588777 -0.641103 2.122554
v 1.589706 -0.641736 2.114013
v 1.575326 -0.664402 2.122554
v 1.576339 -0.664889 2.114013
v 1.565497 -0.689445 2.122554
v 1.566571 -0.689776 2.114013
v 1.592505 -0.766696 2.089554
v 1.583696 -0.765683 2.090679
v 1.590500 -0.742501 2.089554
v 1.581959 -0.742501 2.090679
v 1.583696 -0.719318 2.090679
v 1.574000 -0.742501 2.093975
v 1.575826 -0.718132 2.093975
v 1.567165 -0.742501 2.099220
v 1.569068 -0.717114 2.099220
v 1.561921 -0.742501 2.106054
v 1.563882 -0.716332 2.106054
v 1.588869 -0.788347 2.090679
v 1.598465 -0.790231 2.089554
v 1.597362 -0.809987 2.090679
v 1.608217 -0.812465 2.089554
v 1.608986 -0.830120 2.090679
v 1.621496 -0.832790 2.089554
v 1.623480 -0.848295 2.090679
v 1.637940 -0.850652 2.089554
v 1.640522 -0.864107 2.090679
v 1.657099 -0.865564 2.089554
v 1.659729 -0.877203 2.090679
v 1.678451 -0.877119 2.089554
v 1.680674 -0.887290 2.090679
v 1.701414 -0.885002 2.089554
v 1.702889 -0.894142 2.090679
v 1.725361 -0.888999 2.089554
v 1.725876 -0.897607 2.090679
v 1.749639 -0.888999 2.089554
v 1.749124 -0.897607 2.090679
v 1.772111 -0.894142 2.090679
v 1.773882 -0.901901 2.093975
v 1.797233 -0.894698 2.093975
v 1.799730 -0.901061 2.099220
v 1.822667 -0.890015 2.099220
v 1.825289 -0.894556 2.106054
v 1.846972 -0.879774 2.106054
v 1.773586 -0.885002 2.089554
v 1.794326 -0.887290 2.090679
v 1.819250 -0.884096 2.093975
v 1.843702 -0.875673 2.099220
v 1.866208 -0.861925 2.106054
v 1.796549 -0.877119 2.089554
v 1.815271 -0.877203 2.090679
v 1.839441 -0.870330 2.093975
v 1.862364 -0.858357 2.099220
v 1.882570 -0.841408 2.106054
v 1.817901 -0.865564 2.089554
v 1.834478 -0.864107 2.090679
v 1.857354 -0.853709 2.093975
v 1.878237 -0.838453 2.099220
v 1.895691 -0.818681 2.106054
v 1.837060 -0.850652 2.089554
v 1.851520 -0.848295 2.090679
v 1.872590 -0.834603 2.093975
v 1.890966 -0.816406 2.099220
v 1.905278 -0.794253 2.106054
v 1.853504 -0.832790 2.089554
v 1.866014 -0.830120 2.090679
v 1.884808 -0.813441 2.093975
v 1.900267 -0.792708 2.099220
v 1.911118 -0.768669 2.106054
v 1.866783 -0.812465 2.089554
v 1.877638 -0.809987 2.090679
v 1.893736 -0.790693 2.093975
v 1.905932 -0.767888 2.099220
v 1.913079 -0.742501 2.106054
v 1.876535 -0.790231 2.089554
v 1.886131 -0.788347 2.090679
v 1.899174 -0.766869 2.093975
v 1.907835 -0.742501 2.099220
v 1.911118 -0.716332 2.106054
v 1.882495 -0.766696 2.089554
v 1.891304 -0.765683 2.090679
v 1.901000 -0.742501 2.093975
v 1.905932 -0.717114 2.099220
v 1.905278 -0.690748 2.106054
v 1.884500 -0.742501 2.089554
v 1.893041 -0.742501 2.090679
v 1.899174 -0.718132 2.093975
v 1.900267 -0.692294 2.099220
v 1.895691 -0.666320 2.106054
v 1.891304 -0.719318 2.090679
v 1.882495 -0.718305 2.089554
v 1.886131 -0.696654 2.090679
v 1.876535 -0.694770 2.089554
v 1.877638 -0.675014 2.090679
v 1.866783 -0.672536 2.089554
v 1.866014 -0.654881 2.090679
v 1.853504 -0.652211 2.089554
v 1.851520 -0.636706 2.090679
v 1.837060 -0.634349 2.089554
v 1.834478 -0.620894 2.090679
v 1.817901 -0.619437 2.089554
v 1.815271 -0.607798 2.090679
v 1.796549 -0.607882 2.089554
v 1.794326 -0.597712 2.090679
v 1.773586 -0.599999 2.089554
v 1.772111 -0.590859 2.090679
v 1.749639 -0.596003 2.089554
v 1.749124 -0.587394 2.090679
v 1.725361 -0.596003 2.089554
v 1.725876 -0.587394 2.090679
v 1.702889 -0.590859 2.090679
v 1.701118 -0.583100 2.093975
v 1.677767 -0.590303 2.093975
v 1.675270 -0.583941 2.099220
v 1.652333 -0.594987 2.099220
v 1.649711 -0.590445 2.106054
v 1.628028 -0.605228 2.106054
v 1.701414 -0.599999 2.089554
v 1.680674 -0.597712 2.090679
v 1.655750 -0.600905 2.093975
v 1.631298 -0.609328 2.099220
v 1.608792 -0.623077 2.106054
v 1.678451 -0.607882 2.089554
v 1.659729 -0.607798 2.090679
v 1.635559 -0.614671 2.093975
v 1.612636 -0.626644 2.099220
v 1.592430 -0.643593 2.106054
v 1.657099 -0.619437 2.089554
v 1.640522 -0.620894 2.090679
v 1.617646 -0.631292 2.093975
v 1.596763 -0.646548 2.099220
v 1.579309 -0.666320 2.106054
v 1.637940 -0.634349 2.089554
v 1.623480 -0.636706 2.090679
v 1.602410 -0.650398 2.093975
v 1.584034 -0.668595 2.099220
v 1.569722 -0.690748 2.106054
v 1.621496 -0.652211 2.089554
v 1.608986 -0.654881 2.090679
v 1.590192 -0.671561 2.093975
v 1.574733 -0.692294 2.099220
v 1.608217 -0.672536 2.089554
v 1.597362 -0.675014 2.090679
v 1.581264 -0.694308 2.093975
v 1.598465 -0.694770 2.089554
v 1.588869 -0.696654 2.090679
v 1.592505 -0.718305 2.089554
v 1.575826 -0.766869 2.093975
v 1.581264 -0.790693 2.093975
v 1.590192 -0.813441 2.093975
v 1.602410 -0.834603 2.093975
v 1.617646 -0.853709 2.093975
v 1.635559 -0.870330 2.093975
v 1.655750 -0.884096 2.093975
v 1.677767 -0.894698 2.093975
v 1.701118 -0.901901 2.093975
v 1.725282 -0.905543 2.093975
v 1.749718 -0.905543 2.093975
v 1.569068 -0.767888 2.099220
v 1.574733 -0.792708 2.099220
v 1.584034 -0.816406 2.099220
v 1.596763 -0.838453 2.099220
v 1.612636 -0.858357 2.099220
v 1.631298 -0.875673 2.099220
v 1.652333 -0.890015 2.099220
v 1.675270 -0.901061 2.099220
v 1.699597 -0.908564 2.099220
v 1.724771 -0.912359 2.099220
v 1.750229 -0.912359 2.099220
v 1.775403 -0.908564 2.099220
v 1.563882 -0.768669 2.106054
v 1.569722 -0.794253 2.106054
v 1.579309 -0.818681 2.106054
v 1.592430 -0.841408 2.106054
v 1.608792 -0.861925 2.106054
v 1.628028 -0.879774 2.106054
v 1.649711 -0.894556 2.106054
v 1.673354 -0.905942 2.106054
v 1.698430 -0.913677 2.106054
v 1.724379 -0.917588 2.106054
v 1.750621 -0.917588 2.106054
v 1.776570 -0.913677 2.106054
v 1.801646 -0.905942 2.106054
v 1.673354 -0.579059 2.106054
v 1.698430 -0.571324 2.106054
v 1.724379 -0.567413 2.106054
v 1.750621 -0.567413 2.106054
v 1.776570 -0.571324 2.106054
v 1.801646 -0.579059 2.106054
v 1.825289 -0.590445 2.106054
v 1.846972 -0.605228 2.106054
v 1.866208 -0.623077 2.106054
v 1.882570 -0.643593 2.106054
v 1.699597 -0.576437 2.099220
v 1.725282 -0.579458 2.093975
v 1.724771 -0.572642 2.099220
v 1.750229 -0.572642 2.099220
v 1.775403 -0.576437 2.099220
v 1.799730 -0.583941 2.099220
v 1.822667 -0.594987 2.099220
v 1.843702 -0.609328 2.099220
v 1.862364 -0.626644 2.099220
v 1.878237 -0.646548 2.099220
v 1.890966 -0.668595 2.099220
v 1.749718 -0.579458 2.093975
v 1.773882 -0.583100 2.093975
v 1.797233 -0.590303 2.093975
v 1.819250 -0.600905 2.093975
v 1.839441 -0.614671 2.093975
v 1.857354 -0.631292 2.093975
v 1.872590 -0.650398 2.093975
v 1.884808 -0.671561 2.093975
v 1.893736 -0.694308 2.093975
v 1.559510 -0.715673 2.189554
v 1.557500 -0.742501 2.189554
v 1.559510 -0.769328 2.189554
v 1.565497 -0.795557 2.189554
v 1.575326 -0.820600 2.189554
v 1.588777 -0.843898 2.189554
v 1.605551 -0.864932 2.189554
v 1.625272 -0.883230 2.189554
v 1.647500 -0.898385 2.189554
v 1.671739 -0.910058 2.189554
v 1.697446 -0.917988 2.189554
v 1.724049 -0.921997 2.189554
v 1.750951 -0.921997 2.189554
v 1.777554 -0.917988 2.189554
v 1.803261 -0.910058 2.189554
v 1.827500 -0.898385 2.189554
v 1.849728 -0.883230 2.189554
v 1.869449 -0.864932 2.189554
v 1.886223 -0.843898 2.189554
v 1.899674 -0.820600 2.189554
v 1.909503 -0.795557 2.189554
v 1.915490 -0.769328 2.189554
v 1.917500 -0.742501 2.189554
v 1.915490 -0.715673 2.189554
v 1.909503 -0.689445 2.189554
v 1.899674 -0.664402 2.189554
v 1.886223 -0.641103 2.189554
v 1.869449 -0.620069 2.189554
v 1.849728 -0.601771 2.189554
v 1.827500 -0.586616 2.189554
v 1.803261 -0.574943 2.189554
v 1.777554 -0.567014 2.189554
v 1.750951 -0.563004 2.189554
v 1.724049 -0.563004 2.189554
v 1.697446 -0.567014 2.189554
v 1.671739 -0.574943 2.189554
v 1.647500 -0.586616 2.189554
v 1.625272 -0.601771 2.189554
v 1.605551 -0.620069 2.189554
v 1.588777 -0.641103 2.189554
v 1.575326 -0.664402 2.189554
v 1.565497 -0.689445 2.189554
f 3384 3385 3386
f 3386 3385 3387
f 3386 3387 3388
f 3388 3387 3389
f 3388 3389 3390
f 3390 3389 3391
f 3390 3391 3392
f 3392 3391 3393
f 3392 3393 3394
f 3394 3393 3395
f 3394 3395 3396
f 3396 3395 3397
f 3396 3397 3398
f 3398 3397 3399
f 3398 3399 3400
f 3400 3399 3401
f 3400 3401 3402
f 3402 3401 3403
f 3402 3403 3404
f 3404 3403 3405
f 3404 3405 3406
f 3406 3405 3407
f 3406 3407 3408
f 3408 3407 3409
f 3408 3409 3410
f 3410 3409 3411
f 3410 3411 3412
f 3412 3411 3413
f 3412 3413 3414
f 3414 3413 3415
f 3414 3415 3416
f 3416 3415 3417
f 3416 3417 3418
f 3418 3417 3419
f 3418 3419 3420
f 3420 3419 3421
f 3420 3421 3422
f 3422 3421 3423
f 3422 3423 3424
f 3424 3423 3425
f 3424 3425 3426
f 3426 3425 3427
f 3426 3427 3428
f 3428 3427 3429
f 3428 3429 3430
f 3430 3429 3431
f 3430 3431 3432
f 3432 3431 3433
f 3432 3433 3434
f 3434 3433 3435
f 3434 3435 3436
f 3436 3435 3437
f 3436 3437 3438
f 3438 3437 3439
f 3438 3439 3440
f 3440 3439 3441
f 3440 3441 3442
f 3442 3441 3443
f 3442 3443 3444
f 3444 3443 3445
f 3444 3445 3446
f 3446 3445 3447
f 3446 3447 3448
f 3448 3447 3449
f 3448 3449 3450
f 3450 3449 3451
f 3450 3451 3452
f 3452 3451 3453
f 3452 3453 3454
f 3454 3453 3455
f 3454 3455 3456
f 3456 3455 3457
f 3456 3457 3458
f 3458 3457 3459
f 3458 3459 3460
f 3460 3459 3461
f 3460 3461 3462
f 3462 3461 3463
f 3462 3463 3464
f 3464 3463 3465
f 3464 3465 3466
f 3466 3465 3467
f 3466 3467 3384
f 3384 3467 3385
f 3468 3469 3470
f 3470 3469 3471
f 3470 3471 3472
f 3472 3471 3473
f 3472 3473 3474
f 3474 3473 3475
f 3474 3475 3476
f 3476 3475 3477
f 3476 3477 3478
f 3478 3477 3387
f 3478 3387 3385
f 3469 3468 3479
f 3479 3468 3480
f 3479 3480 3481
f 3481 3480 3482
f 3481 3482 3483
f 3483 3482 3484
f 3483 3484 3485
f 3485 3484 3486
f 3485 3486 3487
f 3487 3486 3488
f 3487 3488 3489
f 3489 3488 3490
f 3489 3490 3491
f 3491 3490 3492
f 3491 3492 3493
f 3493 3492 3494
f 3493 3494 3495
f 3495 3494 3496
f 3495 3496 3497
f 3497 3496 3498
f 3497 3498 3499
f 3499 3498 3500
f 3499 3500 3501
f 3501 3500 3502
f 3501 3502 3503
f 3503 3502 3504
f 3503 3504 3417
f 3417 3504 3419
f 3496 3505 3498
f 3498 3505 3506
f 3498 3506 3500
f 3500 3506 3507
f 3500 3507 3502
f 3502 3507 3508
f 3502 3508 3504
f 3504 3508 3509
f 3504 3509 3419
f 3419 3509 3421
f 3505 3510 3506
f 3506 3510 3511
f 3506 3511 3507
f 3507 3511 3512
f 3507 3512 3508
f 3508 3512 3513
f 3508 3513 3509
f 3509 3513 3514
f 3509 3514 3421
f 3421 3514 3423
f 3510 3515 3511
f 3511 3515 3516
f 3511 3516 3512
f 3512 3516 3517
f 3512 3517 3513
f 3513 3517 3518
f 3513 3518 3514
f 3514 3518 3519
f 3514 3519 3423
f 3423 3519 3425
f 3515 3520 3516
f 3516 3520 3521
f 3516 3521 3517
f 3517 3521 3522
f 3517 3522 3518
f 3518 3522 3523
f 3518 3523 3519
f 3519 3523 3524
f 3519 3524 3425
f 3425 3524 3427
f 3520 3525 3521
f 3521 3525 3526
f 3521 3526 3522
f 3522 3526 3527
f 3522 3527 3523
f 3523 3527 3528
f 3523 3528 3524
f 3524 3528 3529
f 3524 3529 3427
f 3427 3529 3429
f 3525 3530 3526
f 3526 3530 3531
f 3526 3531 3527
f 3527 3531 3532
f 3527 3532 3528
f 3528 3532 3533
f 3528 3533 3529
f 3529 3533 3534
f 3529 3534 3429
f 3429 3534 3431
f 3530 3535 3531
f 3531 3535 3536
f 3531 3536 3532
f 3532 3536 3537
f 3532 3537 3533
f 3533 3537 3538
f 3533 3538 3534
f 3534 3538 3539
f 3534 3539 3431
f 3431 3539 3433
f 3535 3540 3536
f 3536 3540 3541
f 3536 3541 3537
f 3537 3541 3542
f 3537 3542 3538
f 3538 3542 3543
f 3538 3543 3539
f 3539 3543 3544
f 3539 3544 3433
f 3433 3544 3435
f 3540 3545 3541
f 3541 3545 3546
f 3541 3546 3542
f 3542 3546 3547
f 3542 3547 3543
f 3543 3547 3548
f 3543 3548 3544
f 3544 3548 3549
f 3544 3549 3435
f 3435 3549 3437
f 3546 3545 3550
f 3550 3545 3551
f 3550 3551 3552
f 3552 3551 3553
f 3552 3553 3554
f 3554 3553 3555
f 3554 3555 3556
f 3556 3555 3557
f 3556 3557 3558
f 3558 3557 3559
f 3558 3559 3560
f 3560 3559 3561
f 3560 3561 3562
f 3562 3561 3563
f 3562 3563 3564
f 3564 3563 3565
f 3564 3565 3566
f 3566 3565 3567
f 3566 3567 3568
f 3568 3567 3569
f 3568 3569 3570
f 3570 3569 3571
f 3570 3571 3572
f 3572 3571 3573
f 3572 3573 3574
f 3574 3573 3575
f 3574 3575 3576
f 3576 3575 3577
f 3576 3577 3459
f 3459 3577 3461
f 3569 3578 3571
f 3571 3578 3579
f 3571 3579 3573
f 3573 3579 3580
f 3573 3580 3575
f 3575 3580 3581
f 3575 3581 3577
f 3577 3581 3582
f 3577 3582 3461
f 3461 3582 3463
f 3578 3583 3579
f 3579 3583 3584
f 3579 3584 3580
f 3580 3584 3585
f 3580 3585 3581
f 3581 3585 3586
f 3581 3586 3582
f 3582 3586 3587
f 3582 3587 3463
f 3463 3587 3465
f 3583 3588 3584
f 3584 3588 3589
f 3584 3589 3585
f 3585 3589 3590
f 3585 3590 3586
f 3586 3590 3591
f 3586 3591 3587
f 3587 3591 3592
f 3587 3592 3465
f 3465 3592 3467
f 3588 3593 3589
f 3589 3593 3594
f 3589 3594 3590
f 3590 3594 3595
f 3590 3595 3591
f 3591 3595 3596
f 3591 3596 3592
f 3592 3596 3597
f 3592 3597 3467
f 3467 3597 3385
f 3593 3598 3594
f 3594 3598 3599
f 3594 3599 3595
f 3595 3599 3600
f 3595 3600 3596
f 3596 3600 3601
f 3596 3601 3597
f 3597 3601 3478
f 3597 3478 3385
f 3598 3602 3599
f 3599 3602 3603
f 3599 3603 3600
f 3600 3603 3604
f 3600 3604 3601
f 3601 3604 3476
f 3601 3476 3478
f 3602 3605 3603
f 3603 3605 3606
f 3603 3606 3604
f 3604 3606 3474
f 3604 3474 3476
f 3605 3607 3606
f 3606 3607 3472
f 3606 3472 3474
f 3607 3470 3472
f 3547 3546 3550
f 3473 3471 3608
f 3608 3471 3469
f 3608 3469 3609
f 3609 3469 3479
f 3609 3479 3610
f 3610 3479 3481
f 3610 3481 3611
f 3611 3481 3483
f 3611 3483 3612
f 3612 3483 3485
f 3612 3485 3613
f 3613 3485 3487
f 3613 3487 3614
f 3614 3487 3489
f 3614 3489 3615
f 3615 3489 3491
f 3615 3491 3616
f 3616 3491 3493
f 3616 3493 3617
f 3617 3493 3495
f 3617 3495 3618
f 3618 3495 3497
f 3618 3497 3499
f 3475 3473 3619
f 3619 3473 3608
f 3619 3608 3620
f 3620 3608 3609
f 3620 3609 3621
f 3621 3609 3610
f 3621 3610 3622
f 3622 3610 3611
f 3622 3611 3623
f 3623 3611 3612
f 3623 3612 3624
f 3624 3612 3613
f 3624 3613 3625
f 3625 3613 3614
f 3625 3614 3626
f 3626 3614 3615
f 3626 3615 3627
f 3627 3615 3616
f 3627 3616 3628
f 3628 3616 3617
f 3628 3617 3629
f 3629 3617 3618
f 3629 3618 3630
f 3630 3618 3499
f 3630 3499 3501
f 3389 3387 3477
f 3477 3475 3631
f 3631 3475 3619
f 3631 3619 3632
f 3632 3619 3620
f 3632 3620 3633
f 3633 3620 3621
f 3633 3621 3634
f 3634 3621 3622
f 3634 3622 3635
f 3635 3622 3623
f 3635 3623 3636
f 3636 3623 3624
f 3636 3624 3637
f 3637 3624 3625
f 3637 3625 3638
f 3638 3625 3626
f 3638 3626 3639
f 3639 3626 3627
f 3639 3627 3640
f 3640 3627 3628
f 3640 3628 3641
f 3641 3628 3629
f 3641 3629 3642
f 3642 3629 3630
f 3642 3630 3643
f 3643 3630 3501
f 3643 3501 3503
f 3576 3459 3457
f 3576 3457 3644
f 3644 3457 3455
f 3644 3455 3645
f 3645 3455 3453
f 3645 3453 3646
f 3646 3453 3451
f 3646 3451 3647
f 3647 3451 3449
f 3647 3449 3648
f 3648 3449 3447
f 3648 3447 3649
f 3649 3447 3445
f 3649 3445 3650
f 3650 3445 3443
f 3650 3443 3651
f 3651 3443 3441
f 3651 3441 3652
f 3652 3441 3439
f 3652 3439 3653
f 3653 3439 3437
f 3653 3437 3549
f 3576 3644 3574
f 3574 3644 3654
f 3574 3654 3572
f 3572 3654 3655
f 3572 3655 3570
f 3570 3655 3568
f 3654 3644 3645
f 3654 3645 3656
f 3656 3645 3646
f 3656 3646 3657
f 3657 3646 3647
f 3657 3647 3658
f 3658 3647 3648
f 3658 3648 3659
f 3659 3648 3649
f 3659 3649 3660
f 3660 3649 3650
f 3660 3650 3661
f 3661 3650 3651
f 3661 3651 3662
f 3662 3651 3652
f 3662 3652 3663
f 3663 3652 3653
f 3663 3653 3664
f 3664 3653 3549
f 3664 3549 3548
f 3654 3656 3655
f 3655 3656 3665
f 3655 3665 3568
f 3568 3665 3566
f 3665 3656 3657
f 3665 3657 3666
f 3666 3657 3658
f 3666 3658 3667
f 3667 3658 3659
f 3667 3659 3668
f 3668 3659 3660
f 3668 3660 3669
f 3669 3660 3661
f 3669 3661 3670
f 3670 3661 3662
f 3670 3662 3671
f 3671 3662 3663
f 3671 3663 3672
f 3672 3663 3664
f 3672 3664 3673
f 3673 3664 3548
f 3673 3548 3547
f 3564 3566 3666
f 3666 3566 3665
f 3564 3666 3667
f 3562 3564 3667
f 3562 3667 3668
f 3560 3562 3668
f 3560 3668 3669
f 3558 3560 3669
f 3558 3669 3670
f 3556 3558 3670
f 3556 3670 3671
f 3554 3556 3671
f 3554 3671 3672
f 3552 3554 3672
f 3552 3672 3673
f 3550 3552 3673
f 3550 3673 3547
f 3503 3417 3415
f 3643 3503 3415
f 3643 3415 3413
f 3642 3643 3413
f 3642 3413 3411
f 3641 3642 3411
f 3641 3411 3409
f 3640 3641 3409
f 3640 3409 3407
f 3639 3640 3407
f 3639 3407 3405
f 3638 3639 3405
f 3638 3405 3403
f 3637 3638 3403
f 3637 3403 3401
f 3636 3637 3401
f 3636 3401 3399
f 3635 3636 3399
f 3635 3399 3397
f 3634 3635 3397
f 3634 3397 3395
f 3633 3634 3395
f 3633 3395 3393
f 3632 3633 3393
f 3632 3393 3391
f 3631 3632 3391
f 3631 3391 3389
f 3477 3631 3389
f 3674 3384 3675
f 3675 3384 3386
f 3675 3386 3676
f 3676 3386 3388
f 3676 3388 3677
f 3677 3388 3390
f 3677 3390 3678
f 3678 3390 3392
f 3678 3392 3679
f 3679 3392 3394
f 3679 3394 3680
f 3680 3394 3396
f 3680 3396 3681
f 3681 3396 3398
f 3681 3398 3682
f 3682 3398 3400
f 3682 3400 3683
f 3683 3400 3402
f 3683 3402 3684
f 3684 3402 3404
f 3684 3404 3685
f 3685 3404 3406
f 3685 3406 3686
f 3686 3406 3408
f 3686 3408 3687
f 3687 3408 3410
f 3687 3410 3688
f 3688 3410 3412
f 3688 3412 3689
f 3689 3412 3414
f 3689 3414 3690
f 3690 3414 3416
f 3690 3416 3691
f 3691 3416 3418
f 3691 3418 3692
f 3692 3418 3420
f 3692 3420 3693
f 3693 3420 3422
f 3693 3422 3694
f 3694 3422 3424
f 3694 3424 3695
f 3695 3424 3426
f 3695 3426 3696
f 3696 3426 3428
f 3696 3428 3697
f 3697 3428 3430
f 3697 3430 3698
f 3698 3430 3432
f 3698 3432 3699
f 3699 3432 3434
f 3699 3434 3700
f 3700 3434 3436
f 3700 3436 3701
f 3701 3436 3438
f 3701 3438 3702
f 3702 3438 3440
f 3702 3440 3703
f 3703 3440 3442
f 3703 3442 3704
f 3704 3442 3444
f 3704 3444 3705
f 3705 3444 3446
f 3705 3446 3706
f 3706 3446 3448
f 3706 3448 3707
f 3707 3448 3450
f 3707 3450 3708
f 3708 3450 3452
f 3708 3452 3709
f 3709 3452 3454
f 3709 3454 3710
f 3710 3454 3456
f 3710 3456 3711
f 3711 3456 3458
f 3711 3458 3712
f 3712 3458 3460
f 3712 3460 3713
f 3713 3460 3462
f 3713 3462 3714
f 3714 3462 3464
f 3714 3464 3715
f 3715 3464 3466
f 3715 3466 3674
f 3674 3466 3384
f 3607 3551 3470
f 3470 3551 3545
f 3470 3545 3468
f 3468 3545 3540
f 3468 3540 3480
f 3480 3540 3535
f 3480 3535 3482
f 3482 3535 3530
f 3482 3530 3484
f 3484 3530 3525
f 3484 3525 3486
f 3486 3525 3520
f 3486 3520 3488
f 3488 3520 3515
f 3488 3515 3490
f 3490 3515 3510
f 3490 3510 3492
f 3492 3510 3505
f 3492 3505 3494
f 3494 3505 3496
f 3551 3607 3553
f 3553 3607 3605
f 3553 3605 3555
f 3555 3605 3602
f 3555 3602 3557
f 3557 3602 3598
f 3557 3598 3559
f 3559 3598 3593
f 3559 3593 3561
f 3561 3593 3588
f 3561 3588 3563
f 3563 3588 3583
f 3563 3583 3565
f 3565 3583 3578
f 3565 3578 3567
f 3567 3578 3569
f 3676 3695 3675
f 3675 3695 3696
f 3675 3696 3674
f 3674 3696 3697
f 3674 3697 3715
f 3715 3697 3698
f 3715 3698 3714
f 3714 3698 3699
f 3714 3699 3713
f 3713 3699 3700
f 3713 3700 3712
f 3712 3700 3701
f 3712 3701 3711
f 3711 3701 3702
f 3711 3702 3710
f 3710 3702 3703
f 3710 3703 3709
f 3709 3703 3704
f 3709 3704 3708
f 3708 3704 3705
f 3708 3705 3707
f 3707 3705 3706
f 3695 3676 3694
f 3694 3676 3677
f 3694 3677 3693
f 3693 3677 3678
f 3693 3678 3692
f 3692 3678 3679
f 3692 3679 3691
f 3691 3679 3680
f 3691 3680 3690
f 3690 3680 3681
f 3690 3681 3689
f 3689 3681 3682
f 3689 3682 3688
f 3688 3682 3683
f 3688 3683 3687
f 3687 3683 3684
f 3687 3684 3686
f 3686 3684 3685
# 3715 vertices
# 0 texture params
# 0 normals
# 7498 facets

# 6 groups
